30,0
43,1
30,2
119,3
57,4
54,5
57,6
57,7
57,8
43,9
43,10
43,11
43,12
57,13
57,14
57,15
57,16
45,17
45,18
45,19
119,20
119,21
119,22
100,23
57,24
100,25
57,26
43,27
43,28
57,29
57,30
119,31
119,32
43,33
100,34
54,35
45,36
43,37
45,38
119,39
45,40
54,41
57,42
43,43
53,44
57,45
43,46
57,47
119,48
57,49
57,50
57,51
57,52
57,53
57,54
57,55
45,56
55,57
54,58
57,59
43,0
45,1
45,2
119,3
30,4
57,5
57,6
57,7
57,8
43,9
57,10
57,11
57,12
119,13
57,14
119,15
57,16
43,17
45,18
43,19
45,20
57,21
43,22
100,23
57,24
100,25
57,26
43,27
43,28
57,29
45,30
104,31
45,32
53,33
57,34
55,35
45,36
45,37
109,38
45,39
104,40
57,41
57,42
57,43
57,44
57,45
119,46
119,47
119,48
57,49
57,50
57,51
57,52
57,53
57,54
57,55
57,56
57,57
57,58
57,59
45,0
43,1
30,2
104,3
57,4
57,5
57,6
55,7
57,8
57,9
43,10
45,11
45,12
119,13
57,14
119,15
57,16
45,17
45,18
45,19
119,20
119,21
119,22
57,23
57,24
57,25
57,26
43,27
43,28
57,29
55,30
57,31
57,32
57,33
100,34
55,35
43,36
43,37
45,38
119,39
45,40
55,41
57,42
93,43
53,44
55,45
43,46
57,47
57,48
57,49
57,50
57,51
57,52
55,53
57,54
57,55
57,56
55,57
57,58
57,59
43,0
45,1
43,2
103,3
30,4
57,5
119,6
57,7
57,8
57,9
53,10
45,11
40,12
119,13
57,14
57,15
57,16
45,17
45,18
43,19
45,20
119,21
43,22
54,23
57,24
100,25
57,26
43,27
43,28
53,29
45,30
43,31
43,32
40,33
57,34
55,35
45,36
119,37
43,38
119,39
43,40
57,41
57,42
45,43
30,44
57,45
43,46
57,47
119,48
119,49
57,50
57,51
57,52
57,53
57,54
57,55
57,56
57,57
57,58
57,59
43,0
43,1
43,2
119,3
57,4
54,5
119,6
57,7
57,8
43,9
43,10
45,11
43,12
119,13
57,14
57,15
57,16
45,17
43,18
43,19
119,20
119,21
119,22
57,23
57,24
57,25
57,26
43,27
43,28
53,29
119,30
104,31
57,32
43,33
100,34
55,35
45,36
119,37
43,38
119,39
45,40
57,41
57,42
119,43
57,44
57,45
57,46
57,47
119,48
57,49
57,50
57,51
57,52
57,53
57,54
57,55
57,56
57,57
57,58
54,59
57,0
57,1
57,2
119,3
57,4
57,5
57,6
55,7
119,8
57,9
45,10
24,11
57,12
119,13
119,14
57,15
57,16
57,17
43,18
57,19
57,20
119,21
57,22
57,23
43,24
119,25
57,26
43,27
57,28
57,29
57,30
55,31
57,32
119,33
57,34
31,35
57,36
43,37
57,38
119,39
102,40
57,41
57,42
45,43
57,44
53,45
43,46
119,47
119,48
57,49
57,50
57,51
53,52
57,53
57,54
57,55
57,56
57,57
57,58
57,59
43,0
43,1
43,2
119,3
55,4
57,5
57,6
57,7
119,8
43,9
43,10
43,11
43,12
119,13
57,14
57,15
55,16
45,17
43,18
45,19
119,20
119,21
119,22
57,23
57,24
100,25
57,26
43,27
43,28
43,29
119,30
104,31
57,32
43,33
54,34
57,35
43,36
43,37
45,38
57,39
57,40
54,41
57,42
43,43
31,44
57,45
43,46
57,47
119,48
57,49
57,50
57,51
57,52
57,53
57,54
57,55
57,56
57,57
57,58
54,59
45,0
45,1
43,2
43,3
55,4
57,5
119,6
57,7
119,8
45,9
57,10
43,11
43,12
57,13
57,14
57,15
53,16
45,17
45,18
45,19
45,20
119,21
119,22
57,23
53,24
54,25
57,26
104,27
43,28
43,29
43,30
55,31
45,32
57,33
54,34
55,35
104,36
104,37
45,38
119,39
57,40
57,41
57,42
104,43
102,44
57,45
119,46
57,47
119,48
57,49
55,50
57,51
57,52
57,53
57,54
57,55
57,56
57,57
119,58
57,59
93,0
43,1
43,2
57,3
54,4
57,5
57,6
57,7
119,8
57,9
43,10
45,11
57,12
119,13
119,14
57,15
57,16
45,17
43,18
57,19
57,20
119,21
119,22
57,23
31,24
54,25
57,26
43,27
43,28
53,29
57,30
57,31
30,32
45,33
54,34
53,35
57,36
30,37
45,38
45,39
93,40
54,41
57,42
93,43
30,44
31,45
93,46
57,47
43,48
57,49
55,50
43,51
57,52
57,53
57,54
57,55
57,56
57,57
57,58
57,59
45,0
45,1
43,2
43,3
55,4
57,5
119,6
57,7
119,8
45,9
43,10
43,11
43,12
119,13
57,14
57,15
53,16
45,17
45,18
45,19
43,20
119,21
45,22
57,23
43,24
57,25
57,26
43,27
43,28
43,29
45,30
43,31
45,32
45,33
100,34
55,35
119,36
119,37
45,38
119,39
57,40
57,41
57,42
43,43
93,44
57,45
53,46
119,47
119,48
57,49
57,50
57,51
57,52
57,53
119,54
57,55
57,56
57,57
57,58
57,59
57,0
57,1
43,2
119,3
55,4
57,5
57,6
57,7
119,8
43,9
43,10
45,11
43,12
119,13
57,14
57,15
57,16
43,17
43,18
119,19
119,20
119,21
119,22
57,23
57,24
100,25
57,26
43,27
43,28
43,29
119,30
104,31
57,32
43,33
54,34
55,35
43,36
119,37
45,38
57,39
57,40
57,41
119,42
119,43
43,44
55,45
119,46
57,47
119,48
57,49
57,50
57,51
55,52
57,53
57,54
57,55
57,56
57,57
57,58
57,59
43,0
24,1
45,2
45,3
55,4
57,5
119,6
119,7
57,8
45,9
104,10
57,11
57,12
57,13
57,14
57,15
57,16
45,17
45,18
57,19
43,20
119,21
119,22
119,23
24,24
57,25
57,26
93,27
104,28
24,29
57,30
24,31
57,32
40,33
119,34
103,35
119,36
119,37
45,38
119,39
57,40
102,41
119,42
104,43
30,44
103,45
43,46
119,47
119,48
57,49
54,50
57,51
57,52
57,53
57,54
57,55
57,56
57,57
57,58
57,59
45,0
43,1
43,2
43,3
55,4
57,5
119,6
57,7
57,8
43,9
43,10
43,11
43,12
119,13
57,14
57,15
57,16
45,17
45,18
43,19
45,20
119,21
57,22
57,23
43,24
57,25
57,26
43,27
43,28
57,29
57,30
24,31
45,32
43,33
55,34
53,35
53,36
53,37
53,38
119,39
57,40
57,41
57,42
53,43
53,44
53,45
53,46
57,47
57,48
57,49
57,50
57,51
57,52
57,53
119,54
57,55
57,56
57,57
55,58
57,59
104,0
43,1
119,2
43,3
55,4
57,5
119,6
119,7
119,8
57,9
43,10
43,11
45,12
119,13
57,14
57,15
57,16
45,17
45,18
119,19
119,20
119,21
119,22
119,23
57,24
57,25
57,26
43,27
43,28
104,29
119,30
43,31
119,32
57,33
57,34
55,35
45,36
119,37
119,38
119,39
119,40
57,41
57,42
104,43
102,44
55,45
104,46
119,47
119,48
57,49
57,50
57,51
57,52
57,53
57,54
57,55
57,56
57,57
58,58
57,59
53,0
119,1
45,2
45,3
55,4
119,5
57,6
57,7
57,8
45,9
57,10
119,11
119,13
57,14
57,15
57,16
45,17
43,18
45,19
57,20
119,21
57,22
57,23
57,24
57,25
57,26
43,27
43,28
57,29
57,30
57,31
57,32
45,33
57,34
31,35
43,36
43,37
45,38
119,39
45,40
55,41
57,42
43,43
30,44
53,45
35,46
57,47
57,48
57,49
57,50
57,51
57,52
57,53
57,54
57,55
57,56
57,57
58,58
57,59
43,0
43,1
53,2
119,3
55,4
57,5
119,6
57,7
57,8
45,9
43,10
43,11
45,12
119,13
119,14
57,15
57,16
43,17
45,18
119,19
119,20
119,21
119,22
119,23
119,24
57,25
57,26
43,27
45,28
43,29
57,30
43,31
104,32
57,33
100,34
55,35
45,36
119,37
57,38
119,39
57,40
57,41
57,42
104,43
102,44
55,45
104,46
57,47
119,48
57,49
57,50
57,51
31,52
57,53
119,54
57,55
57,56
57,57
57,58
57,59
43,0
43,1
43,2
43,3
55,4
57,5
119,6
57,7
57,8
45,9
45,10
45,11
43,12
119,13
57,14
57,15
53,16
45,17
45,18
45,19
43,20
106,21
57,22
119,23
119,24
57,25
119,26
43,27
43,28
57,29
45,30
43,31
43,32
45,33
54,34
57,35
119,36
119,37
43,38
119,39
43,40
57,41
57,42
43,43
57,44
55,45
119,46
57,47
119,48
57,49
57,50
57,51
57,52
57,53
119,54
57,55
57,56
57,57
57,58
57,59
104,0
57,1
104,2
119,3
57,4
119,5
57,6
119,7
119,8
104,9
104,10
104,11
45,12
119,13
57,14
57,15
57,16
57,17
43,18
57,19
119,20
119,21
119,22
55,23
43,24
57,25
57,26
43,27
104,28
104,29
57,30
57,31
43,32
57,33
57,34
102,35
45,36
57,37
57,38
119,39
119,40
57,41
119,42
102,43
102,44
57,45
102,46
57,47
119,48
57,49
57,50
57,51
31,52
57,53
57,54
57,55
57,56
57,57
57,58
57,59
57,0
93,1
57,2
119,3
57,4
57,5
57,6
44,7
57,8
57,9
43,10
43,11
57,12
119,13
57,14
100,15
100,16
45,17
45,18
119,19
57,20
119,21
57,22
57,23
100,24
45,25
44,26
57,27
43,28
43,29
57,30
57,31
57,32
57,33
44,34
100,35
45,36
57,37
57,38
57,39
57,40
45,41
57,42
45,43
57,44
54,45
57,46
57,47
57,48
57,49
57,50
57,51
57,52
57,53
57,54
57,55
57,56
45,57
57,58
100,59
30,0
43,1
119,2
119,3
69,4
100,5
57,6
57,7
57,8
57,9
43,10
45,11
57,12
119,13
57,14
100,15
57,16
45,17
57,18
57,19
57,20
119,21
57,22
54,23
100,24
44,25
57,26
57,27
43,28
43,29
57,30
57,31
57,32
57,33
45,34
54,35
43,36
57,37
57,38
57,39
57,40
54,41
57,42
43,43
57,44
57,45
43,46
57,47
57,48
57,49
57,50
57,51
57,52
57,53
57,54
57,55
44,56
57,57
57,58
45,59
45,0
57,1
57,2
57,3
57,4
57,5
57,6
100,7
57,8
57,9
24,10
45,11
57,12
119,13
57,14
57,15
54,16
45,17
45,18
57,19
57,20
119,21
57,22
57,23
54,24
44,25
57,26
57,27
43,28
43,29
57,30
57,31
57,32
57,33
44,34
57,35
45,36
43,37
45,38
57,39
57,40
57,41
57,42
45,43
30,44
30,45
30,46
57,47
57,48
57,49
54,50
57,51
45,52
54,53
57,54
57,55
57,56
57,57
54,58
57,59
30,0
30,1
57,2
57,3
57,4
100,5
57,6
57,7
57,8
24,9
43,10
43,11
57,12
119,13
57,14
100,15
100,16
45,17
43,18
119,19
57,20
104,21
119,22
57,23
100,24
44,25
57,26
30,27
43,28
43,29
57,30
43,31
57,32
57,33
44,34
100,35
43,36
57,37
30,38
119,39
57,40
57,41
57,42
30,43
30,44
14,45
103,46
57,47
57,48
57,49
57,50
57,51
57,52
57,53
14,54
57,55
54,56
57,57
57,58
57,59
103,0
43,1
30,2
119,3
57,4
100,5
57,6
100,7
30,8
43,9
43,10
43,11
45,12
119,13
57,14
100,15
14,16
43,17
43,18
119,19
57,20
119,21
119,22
57,23
57,24
44,25
44,26
57,27
43,28
45,29
57,30
57,31
57,32
30,33
100,34
100,35
57,36
57,37
30,38
57,39
119,40
100,41
119,42
45,43
30,44
100,45
57,46
57,47
57,48
57,49
57,50
57,51
57,52
57,53
57,54
100,55
57,56
57,57
57,58
45,59
43,0
43,1
43,2
119,3
57,4
100,5
57,6
57,7
57,8
57,9
43,10
43,11
57,12
119,13
57,14
53,15
31,16
45,17
45,18
57,19
57,20
119,21
57,22
54,23
57,24
57,25
57,26
57,27
45,28
43,29
57,30
57,31
57,32
45,33
57,34
31,35
43,36
43,37
57,38
57,39
119,40
57,41
57,42
45,43
45,44
57,45
43,46
57,47
57,48
57,49
57,50
57,51
57,52
57,53
57,54
57,55
57,56
57,57
57,58
45,59
57,0
102,1
43,2
119,3
55,4
57,5
119,6
57,7
57,8
102,9
57,10
30,11
24,12
57,13
57,14
45,15
45,16
57,17
57,18
57,19
57,20
119,21
119,22
57,23
54,24
57,25
57,26
57,27
53,28
43,29
57,30
119,31
57,32
57,33
54,34
54,35
57,36
57,37
45,38
102,39
57,40
57,41
54,42
57,43
30,44
100,45
57,46
57,47
57,48
57,49
54,50
57,51
57,52
57,53
119,54
57,55
57,56
57,57
57,58
57,59
43,0
43,1
43,2
43,3
57,4
54,5
58,6
57,7
119,8
43,9
43,10
43,11
43,12
119,13
57,14
57,15
57,16
45,17
43,18
43,19
43,20
119,21
88,22
57,23
57,24
57,25
57,26
58,27
57,28
57,29
58,30
58,31
57,32
57,33
57,34
57,35
43,36
119,37
57,38
57,39
57,40
57,41
57,42
57,43
57,44
57,45
119,46
57,47
119,48
57,49
57,50
57,51
57,52
57,53
57,54
57,55
57,56
57,57
57,58
57,59
43,0
43,1
53,2
43,3
57,4
57,5
119,6
57,8
57,9
57,10
57,11
57,12
55,13
57,14
57,15
54,16
57,17
57,18
57,19
119,20
119,21
119,22
104,23
55,24
57,25
55,26
53,27
53,28
30,29
57,30
57,31
57,32
57,33
57,34
54,35
45,36
53,37
57,38
57,39
57,40
57,41
57,42
43,43
57,44
57,45
119,46
57,47
43,48
57,49
57,50
57,51
57,52
57,53
57,54
57,55
57,56
57,57
57,58
57,59
43,0
43,1
43,2
45,3
55,4
57,5
58,6
119,7
119,8
43,9
45,10
43,11
53,12
57,13
57,14
57,15
57,16
43,17
43,18
45,19
45,20
119,21
104,22
54,23
55,24
57,25
57,26
57,27
57,28
43,29
57,30
119,31
57,32
102,33
44,34
54,35
57,36
119,37
57,38
57,39
57,40
57,41
57,42
57,43
57,44
100,45
119,46
44,47
119,48
57,49
57,50
57,51
57,52
109,53
57,54
57,55
57,56
57,57
57,58
57,59
43,0
104,1
119,2
119,3
55,4
54,5
119,6
57,7
89,8
104,9
104,10
43,11
104,12
119,13
57,14
45,15
45,16
119,17
57,18
57,19
55,20
119,21
119,22
100,23
55,24
55,25
57,26
119,27
43,28
43,29
57,30
119,31
57,32
102,33
57,34
54,35
57,36
57,37
43,38
57,39
57,40
57,41
57,42
119,43
57,44
57,45
119,46
57,47
119,48
57,49
57,50
57,51
57,52
57,53
57,54
57,55
57,56
57,57
57,58
57,59
45,0
57,1
45,2
57,3
54,4
57,5
58,6
119,8
57,9
43,10
57,11
57,12
119,13
119,14
57,15
57,16
57,17
57,18
57,19
57,20
119,21
119,22
57,23
55,24
57,25
57,26
57,27
57,28
57,29
57,30
57,31
57,32
57,33
54,34
54,35
57,36
119,37
57,38
57,39
57,40
57,41
57,42
57,43
57,44
102,45
119,46
57,47
57,48
57,49
57,50
57,51
57,52
57,53
57,54
57,55
57,56
57,57
57,58
57,59
43,60
43,61
119,62
57,63
57,64
57,65
57,66
53,67
57,68
57,69
57,70
57,71
104,72
102,73
53,74
57,75
57,76
104,77
57,78
57,79
57,80
104,81
104,82
53,83
57,84
104,85
57,86
57,87
57,88
57,89
104,90
57,91
119,92
119,93
119,94
57,95
55,96
57,97
57,98
55,99
57,100
57,101
57,102
119,103
43,104
119,105
57,106
119,107
57,108
55,109
57,110
119,111
57,112
57,113
57,114
57,115
57,116
57,117
57,118
57,119
43,60
119,61
119,62
119,63
57,64
57,65
104,66
119,67
55,68
57,69
57,70
57,71
104,72
104,73
43,74
104,75
57,76
104,77
102,78
57,79
57,80
104,81
104,82
104,83
57,84
104,85
57,86
119,87
119,88
119,89
104,90
57,91
55,92
57,93
119,94
119,95
114,96
55,97
57,98
57,99
57,100
57,101
58,102
113,103
106,104
58,105
58,106
57,107
57,108
55,109
55,110
57,111
57,112
57,113
57,114
57,115
57,116
57,117
57,118
57,119
104,60
104,61
58,62
57,63
55,64
57,65
43,66
43,67
57,68
57,69
55,70
55,71
57,72
57,73
57,74
57,75
57,76
57,77
109,78
58,79
57,80
57,81
57,82
57,83
57,84
57,85
58,86
57,87
55,88
55,89
57,90
57,91
119,92
119,93
58,94
55,95
57,96
43,97
119,98
58,99
106,100
57,101
53,102
119,103
43,104
58,105
57,106
53,107
57,108
57,109
57,110
119,111
57,112
57,113
57,114
57,115
55,116
57,117
57,118
102,119
119,60
119,61
119,62
119,63
46,64
119,65
104,66
119,67
55,68
55,69
57,70
57,71
43,72
104,73
43,74
43,75
57,76
43,77
104,78
55,79
119,80
104,81
104,82
43,83
57,84
104,85
119,86
119,87
119,88
119,89
43,90
57,91
55,92
119,93
119,94
119,95
119,96
55,97
57,98
55,99
57,100
57,101
57,102
119,103
57,104
58,105
58,106
88,107
57,108
58,109
57,110
57,111
57,112
57,113
102,114
57,115
109,116
57,117
119,118
57,119
119,60
119,61
119,62
57,63
55,64
57,65
57,66
53,67
55,68
58,69
55,70
55,71
104,72
57,73
43,74
104,75
119,76
104,77
57,78
55,79
119,80
104,81
104,82
43,83
57,84
43,85
57,86
57,87
119,88
119,89
43,90
57,91
57,92
58,93
119,94
119,95
55,96
114,97
57,98
57,99
45,100
57,101
53,102
119,103
104,104
119,105
57,106
93,107
57,108
57,109
57,110
119,111
57,112
57,113
57,114
57,115
57,116
57,117
55,118
57,119
57,60
55,61
119,62
57,63
57,64
57,65
57,66
57,67
57,68
57,69
57,70
57,71
57,72
104,73
109,74
104,75
55,76
57,77
104,78
57,79
57,80
57,81
57,82
57,83
55,84
57,85
58,86
58,87
109,88
57,89
57,90
58,91
109,92
57,93
106,94
57,95
114,96
55,97
106,98
57,99
57,100
57,101
109,102
113,103
58,104
57,105
57,106
57,107
57,108
57,109
57,110
57,111
57,112
57,113
57,114
57,115
57,116
57,117
57,118
57,119
103,60
57,61
57,62
54,63
44,64
57,65
57,66
57,67
54,68
54,69
54,70
54,71
57,72
30,73
57,74
57,75
54,76
57,77
57,78
54,79
57,80
57,81
57,82
30,83
57,84
57,85
57,86
57,87
57,88
57,89
57,90
45,91
57,92
57,93
57,94
57,95
57,96
104,97
104,98
57,99
44,100
57,101
57,102
119,103
57,104
54,105
45,106
100,107
57,108
54,109
54,110
44,111
57,112
45,113
57,114
57,115
14,116
57,117
45,118
57,119
119,60
119,61
119,62
57,63
57,64
55,65
57,66
119,67
55,68
57,69
57,70
57,71
30,72
30,73
30,74
30,75
57,76
57,77
57,78
100,79
57,80
57,81
57,82
43,83
57,84
57,85
57,86
57,87
57,88
57,89
57,90
44,91
57,92
119,93
119,94
57,95
55,96
57,97
57,98
57,99
57,100
57,101
57,102
119,103
57,104
54,105
57,106
57,107
45,108
57,109
54,110
57,111
57,112
14,113
57,114
57,115
14,116
57,117
57,118
57,119
57,60
43,61
119,62
57,63
45,64
54,65
45,66
43,67
57,68
57,69
54,70
57,71
57,72
57,73
30,74
57,75
57,76
57,77
57,78
44,79
57,80
57,81
57,82
57,83
57,84
57,85
44,86
57,87
44,88
45,89
57,90
57,91
44,92
57,93
57,94
57,95
57,96
57,97
57,98
54,99
57,100
54,101
57,102
119,103
45,104
57,105
100,106
57,107
45,108
57,109
100,110
57,111
57,112
57,113
57,114
57,115
57,116
57,117
57,118
57,119
119,60
119,61
119,62
57,63
57,64
55,65
57,66
57,67
55,68
55,69
57,70
57,71
53,72
30,73
30,74
30,75
55,76
57,77
57,78
57,79
57,80
57,81
57,82
30,83
57,84
57,85
100,86
57,87
57,88
57,89
57,90
100,91
100,92
57,93
57,94
57,95
57,96
119,97
54,98
57,99
116,100
45,101
57,102
119,103
57,104
57,105
57,106
57,107
57,108
57,109
45,110
57,111
57,112
45,113
57,114
57,115
57,116
57,117
100,118
57,119
119,60
119,61
119,62
45,63
57,64
57,65
57,66
57,67
100,68
54,69
57,70
100,71
57,72
30,73
30,74
53,75
57,76
57,77
57,78
45,79
57,80
43,81
57,82
30,83
57,84
57,85
57,86
57,87
57,88
57,89
57,90
45,91
57,92
100,93
88,94
57,95
57,96
88,97
57,98
45,99
57,100
57,101
57,102
119,103
57,104
57,105
57,106
57,107
57,108
57,109
57,110
57,111
57,112
57,113
57,114
57,115
57,116
45,117
57,118
45,119
57,60
57,61
119,62
57,63
57,64
57,65
57,66
43,67
57,68
57,69
57,70
57,71
57,72
119,73
57,74
57,75
54,76
57,77
43,78
54,79
57,80
57,81
57,82
57,83
57,84
57,85
57,86
57,87
57,88
54,89
57,90
44,91
57,92
119,93
57,94
57,95
57,96
57,97
57,98
54,99
57,100
57,101
57,102
119,103
57,104
100,105
54,106
57,107
57,108
57,109
57,110
57,111
57,112
119,113
57,114
57,115
57,116
44,117
45,118
100,119
119,60
119,61
119,62
57,63
55,64
57,65
57,66
55,67
55,68
57,69
57,70
57,71
57,72
102,73
43,74
57,75
57,76
57,77
43,78
55,79
57,80
104,81
57,82
102,83
57,84
57,85
57,86
57,87
55,88
55,89
57,90
57,91
57,92
58,93
119,94
57,95
55,96
55,97
109,98
54,99
45,100
57,101
53,102
119,103
57,104
57,105
57,106
57,107
57,108
57,109
57,110
57,111
57,112
57,113
57,114
57,115
57,116
57,117
57,118
57,119
109,60
119,61
119,62
57,63
55,64
57,65
109,66
53,67
57,68
57,69
57,70
57,71
57,72
109,73
109,74
57,75
57,76
102,77
57,78
109,79
119,80
109,81
104,82
104,83
43,84
104,85
119,86
119,87
57,88
119,89
104,90
57,91
55,92
119,93
119,94
57,95
55,96
43,97
57,98
55,99
57,100
57,101
104,102
119,103
104,104
57,105
57,106
57,107
57,108
55,109
55,110
57,111
57,112
54,113
57,114
57,115
57,116
57,117
57,118
57,119
57,60
119,61
119,62
119,63
57,64
57,65
57,66
58,67
57,68
57,69
102,70
57,71
57,72
57,73
58,74
57,75
57,76
57,77
57,78
55,79
57,80
57,81
57,82
57,83
57,84
57,85
57,86
57,87
54,88
57,89
57,90
57,91
57,92
119,93
119,94
57,95
119,96
57,97
44,98
44,99
106,100
57,101
102,102
119,103
93,104
57,105
57,106
57,107
57,108
57,109
109,110
57,111
57,112
57,113
57,114
57,115
57,116
57,117
57,118
119,119
43,60
119,61
119,62
57,63
57,64
119,65
57,66
57,67
57,68
55,69
57,70
57,71
104,72
104,73
43,74
57,75
57,76
104,77
57,78
57,79
119,80
57,81
43,82
43,83
43,84
43,85
57,86
57,87
55,88
57,89
104,90
57,91
57,92
119,93
119,94
119,95
57,96
58,97
57,98
57,99
57,100
57,101
53,102
119,103
57,104
57,105
57,106
57,107
57,108
55,109
57,110
57,111
57,112
57,113
57,114
57,115
102,116
57,117
57,118
57,119
119,60
119,61
119,62
57,63
55,64
57,65
57,66
57,67
55,68
55,69
57,70
57,71
57,72
43,73
57,74
57,75
57,76
104,77
57,78
55,79
119,80
104,81
104,82
104,83
43,84
104,85
57,86
57,87
57,88
57,89
104,90
102,91
57,92
119,93
119,94
57,95
119,96
58,97
57,98
57,99
57,100
57,101
57,102
119,103
119,104
57,105
57,106
57,107
57,108
57,109
57,110
57,111
57,112
57,113
57,114
57,115
57,116
57,117
57,118
57,119
104,60
43,61
119,62
58,63
57,64
57,65
57,66
55,67
57,68
55,69
57,70
55,71
57,72
109,73
57,74
57,75
55,76
57,77
57,78
58,79
57,80
57,81
57,82
58,83
55,84
57,85
58,86
57,87
57,88
55,89
57,90
57,91
57,92
57,93
57,94
43,95
114,96
55,97
55,98
57,99
57,100
57,101
57,102
119,103
106,104
57,105
57,106
57,107
57,108
57,109
57,110
57,111
57,112
119,113
57,114
57,115
119,116
57,117
57,118
57,119
119,0
43,1
43,2
57,3
55,4
57,5
57,6
57,7
57,8
43,9
57,10
53,11
43,12
57,13
57,14
119,15
57,16
57,17
53,18
57,19
57,20
119,21
57,22
100,23
57,24
55,25
119,26
43,27
43,28
30,29
57,30
45,31
57,32
57,33
57,34
57,35
45,36
53,37
57,38
57,39
57,40
54,41
57,42
57,43
53,44
57,45
57,46
57,47
57,48
57,49
57,50
57,51
57,52
57,53
57,54
57,55
57,56
57,57
57,58
57,59
45,0
57,1
57,2
104,3
57,4
57,5
43,6
57,7
119,8
43,9
43,10
104,11
43,12
57,13
57,14
57,15
57,16
43,17
43,18
57,19
45,20
119,21
43,22
57,23
55,24
57,25
119,26
119,27
43,28
43,29
119,30
119,31
57,32
57,33
57,34
57,35
43,36
119,37
57,38
119,39
119,40
57,41
119,42
43,43
53,44
54,45
43,46
119,47
119,48
57,49
57,50
57,51
57,52
57,53
57,54
57,55
57,56
55,57
57,58
57,59
57,0
45,1
57,2
45,3
57,4
57,5
57,6
119,7
57,8
45,9
24,10
24,11
57,12
119,13
57,14
119,15
100,16
57,17
45,18
57,19
57,20
119,21
57,22
57,23
53,24
109,25
119,26
93,27
53,28
57,29
57,30
57,31
57,32
24,33
57,34
53,35
45,36
43,37
45,38
57,39
45,40
57,41
54,42
30,43
31,44
109,45
43,46
117,47
45,48
57,49
57,50
57,51
57,52
55,53
119,54
57,55
57,56
57,57
57,58
57,59
45,0
54,1
57,2
104,3
30,4
57,5
43,6
57,7
119,8
45,9
43,10
43,11
43,12
57,13
57,14
57,15
57,16
43,17
43,18
45,19
45,20
119,21
104,22
57,23
57,24
57,25
119,26
57,27
43,28
43,29
57,30
104,31
104,32
104,33
57,34
54,35
45,36
119,37
57,38
119,39
57,40
119,41
57,42
43,43
57,44
57,45
45,46
119,47
119,48
45,49
57,50
57,51
57,52
57,53
57,54
57,55
57,56
57,57
57,58
57,59
53,0
43,1
43,2
43,3
55,4
57,5
57,6
44,7
88,8
45,9
43,10
43,11
57,12
57,13
44,14
119,15
119,16
43,17
43,18
43,19
43,20
119,21
104,22
100,23
57,24
57,25
119,26
43,27
43,28
53,29
43,30
43,31
43,32
43,33
54,34
54,35
45,36
119,37
57,38
119,39
57,40
45,41
55,42
57,43
57,44
57,45
119,46
57,47
119,48
57,49
57,50
57,51
57,52
57,53
57,54
57,55
57,56
55,57
54,58
54,59
45,0
119,1
57,2
43,3
57,4
57,5
57,6
119,7
57,8
45,9
104,10
104,11
104,12
57,13
57,14
57,15
57,16
119,17
57,18
43,19
45,20
119,21
119,22
57,23
57,24
54,25
57,26
102,27
57,28
57,29
57,30
57,31
57,32
57,33
57,34
55,35
57,36
104,37
45,38
57,39
102,40
57,41
57,42
43,43
57,44
53,45
57,46
119,47
119,48
57,49
57,50
57,51
57,52
57,53
57,54
57,55
57,56
55,57
54,58
57,59
57,0
43,1
43,2
119,3
24,4
57,5
119,6
57,7
55,8
57,9
43,10
57,11
43,12
57,13
57,14
100,15
54,16
119,17
57,18
57,19
57,20
119,21
119,22
57,23
57,24
54,25
57,26
43,27
43,28
43,29
57,30
57,31
102,32
57,33
54,34
54,35
45,36
53,37
45,38
57,39
30,40
57,41
57,42
57,43
30,44
57,45
43,46
57,47
57,48
57,49
57,50
57,51
57,52
57,53
57,54
57,55
57,56
57,57
57,58
57,59
43,0
43,1
119,2
119,3
57,4
57,5
119,6
57,7
119,8
45,9
45,10
43,11
43,12
46,13
45,14
57,15
57,16
45,17
43,18
43,19
57,20
119,21
119,22
57,23
57,24
57,25
57,26
43,27
104,28
104,29
58,30
119,31
57,32
104,33
54,34
57,35
43,36
119,37
102,38
57,39
43,40
57,41
57,42
57,43
57,44
57,45
119,46
57,47
43,48
57,49
57,50
57,51
57,52
57,53
57,54
57,55
57,56
57,57
57,58
57,59
45,0
43,1
45,2
119,3
57,4
119,5
119,6
57,7
57,8
57,9
43,10
45,11
43,12
119,13
119,14
57,15
57,16
57,17
53,18
57,19
119,20
119,21
57,22
57,23
55,24
55,25
57,26
57,27
57,28
57,29
119,30
119,31
102,32
57,33
57,34
109,35
43,36
43,37
45,38
57,39
45,40
57,41
57,42
102,43
53,44
102,45
102,46
57,47
57,48
57,49
57,50
57,51
57,52
57,53
119,54
57,55
57,56
57,57
57,58
57,59
43,0
104,1
119,2
119,3
57,4
57,5
119,6
57,7
119,8
104,9
43,10
57,11
43,12
45,13
45,14
57,15
57,16
45,17
45,18
43,19
43,20
119,21
119,22
57,23
57,24
57,25
57,26
43,27
43,28
43,29
57,30
119,31
57,32
43,33
54,34
54,35
43,36
119,37
57,38
119,39
45,40
57,41
57,42
57,43
57,44
57,45
119,46
57,47
119,48
57,49
55,50
57,51
57,52
57,53
57,54
57,55
57,56
57,57
57,58
57,59
119,0
43,1
43,2
119,3
57,4
57,5
119,6
44,7
57,8
45,9
43,10
57,11
45,12
43,13
119,14
100,15
54,16
119,17
57,18
119,19
57,20
119,21
104,22
57,23
57,24
100,25
57,26
43,27
43,28
43,29
119,30
119,31
43,32
57,33
45,34
54,35
45,36
119,37
45,38
119,39
57,40
57,41
57,42
119,43
57,44
57,45
57,46
57,47
119,48
57,49
57,50
57,51
57,52
57,53
119,54
57,55
57,56
57,57
57,58
57,59
43,0
57,1
104,2
45,3
57,4
57,5
119,6
119,7
119,8
45,9
57,10
43,11
43,12
57,13
57,14
57,15
119,16
57,17
57,18
57,19
57,20
119,21
57,22
57,23
55,24
57,25
57,26
57,27
57,28
57,29
104,30
57,31
109,32
57,33
57,34
31,35
43,36
106,37
57,38
57,39
119,40
57,41
119,42
57,43
57,44
57,45
57,46
57,47
45,48
57,49
57,50
57,51
57,52
55,53
57,54
55,55
57,56
57,57
57,58
57,59
43,0
57,1
53,2
57,3
57,4
57,5
57,6
57,7
119,8
104,9
104,10
43,11
57,12
57,13
119,14
57,15
57,16
57,17
57,18
119,19
119,20
119,21
119,22
55,23
55,24
55,25
55,26
53,27
104,28
57,29
57,30
104,31
57,32
57,33
57,34
55,35
53,36
57,37
45,38
57,39
43,40
57,41
57,42
45,43
31,44
55,45
53,46
57,47
119,48
119,49
57,50
57,51
57,52
57,53
57,54
57,55
57,56
57,57
57,58
57,59
43,0
119,1
93,2
119,3
57,4
57,5
57,6
57,7
57,8
57,9
119,10
57,11
45,12
119,13
119,14
57,15
119,16
104,17
35,18
43,19
57,20
119,21
104,22
57,23
57,24
55,25
55,26
43,27
104,28
43,29
43,30
45,31
45,32
45,33
57,34
88,35
43,36
119,37
45,38
57,39
104,40
57,41
57,42
43,43
57,44
57,45
119,46
57,47
119,48
57,49
57,50
104,51
43,52
57,53
119,54
57,55
55,56
57,57
57,58
57,59
57,0
57,1
43,2
57,3
57,4
57,5
57,6
57,7
119,8
57,9
102,10
43,11
57,12
119,13
119,14
57,15
57,16
43,17
43,18
45,19
57,20
119,21
119,22
57,23
109,24
57,25
109,26
57,27
119,28
57,29
57,30
55,31
57,32
57,33
57,34
102,35
57,36
57,37
57,38
57,39
93,40
57,41
57,42
45,43
53,44
109,45
43,46
119,47
57,48
57,49
57,50
57,51
57,52
57,53
119,54
57,55
57,56
57,57
57,58
57,59
43,0
104,1
43,2
43,3
57,4
57,5
119,6
57,7
57,8
45,9
43,10
102,11
43,12
57,13
119,14
57,15
119,16
104,17
43,18
104,19
43,20
119,21
104,22
57,23
100,24
57,25
55,26
43,27
43,28
43,29
104,30
43,31
43,32
45,33
45,34
88,35
45,36
57,37
43,38
119,39
43,40
57,41
119,42
43,43
30,44
57,45
119,46
57,47
106,48
57,49
55,50
119,51
109,52
57,53
119,54
57,55
54,56
57,57
57,58
57,59
119,0
57,1
119,2
119,3
55,4
57,5
119,6
57,7
104,8
104,9
104,10
43,11
104,12
119,13
119,14
57,15
54,16
119,17
57,18
119,19
57,20
119,21
119,22
55,23
57,24
57,25
57,26
57,27
43,28
53,29
104,30
43,31
43,32
43,33
57,34
57,35
57,36
57,37
43,38
57,39
57,40
57,41
57,42
43,43
57,44
57,45
119,46
57,47
119,48
57,49
57,50
57,51
109,52
57,53
57,54
57,55
57,56
57,57
57,58
57,59
55,0
57,1
57,2
57,3
57,4
119,5
45,6
119,7
119,8
119,9
119,10
57,11
57,12
119,13
119,14
57,15
58,16
119,17
119,18
57,19
57,20
119,21
119,22
57,23
57,24
55,25
53,26
119,27
57,28
119,29
43,30
57,31
57,32
43,33
57,34
57,35
43,36
119,37
43,38
45,39
119,40
119,41
119,42
57,43
57,44
53,45
43,46
119,47
119,48
57,49
55,50
57,51
57,52
57,53
57,54
57,55
57,56
57,57
57,58
57,59
43,0
104,1
43,2
43,3
57,4
57,5
119,6
57,7
55,8
57,9
57,10
119,11
43,12
57,13
57,14
57,15
57,16
45,17
45,18
57,19
119,20
119,21
45,22
55,23
55,24
54,25
55,26
104,27
102,28
57,29
43,30
104,31
43,32
57,33
57,34
88,35
43,36
57,37
45,38
57,39
57,40
57,41
57,42
53,43
31,44
55,45
119,46
57,47
119,48
57,49
57,50
57,51
57,52
106,53
57,54
57,55
57,56
57,57
57,58
57,59
43,0
45,1
43,2
119,3
57,4
57,5
119,6
57,7
119,8
43,9
43,10
57,11
43,12
57,13
57,14
57,15
57,16
45,17
45,18
57,19
119,20
106,21
43,22
57,23
57,24
57,25
57,26
119,27
43,28
57,29
43,30
45,31
104,32
43,33
54,34
57,35
43,36
57,37
45,38
57,39
104,40
57,41
57,42
43,43
57,44
57,45
119,46
57,47
57,48
57,49
57,50
57,51
57,52
57,53
119,54
57,55
57,56
55,57
57,58
57,59
45,0
104,1
57,2
57,3
58,4
57,5
106,6
57,7
57,8
57,9
57,10
55,11
53,12
119,13
119,14
57,15
55,16
45,17
45,18
57,19
57,20
119,21
15,22
57,23
58,24
55,25
57,26
102,27
119,28
57,29
57,30
119,31
57,32
57,33
57,34
55,35
57,36
119,37
43,38
57,39
119,40
57,41
57,42
53,43
53,44
58,45
119,46
57,47
119,48
53,49
58,50
57,51
57,52
55,53
119,54
57,55
57,56
57,57
57,58
57,59
43,0
45,1
43,2
119,3
55,4
57,5
119,6
57,7
119,8
104,9
43,10
43,11
45,12
57,13
57,14
57,15
57,16
45,17
45,18
57,19
45,20
109,21
43,22
57,23
54,24
57,25
55,26
57,27
104,28
45,29
104,30
104,31
43,32
43,33
57,34
43,35
45,36
119,37
43,38
119,39
104,40
57,41
57,42
43,43
43,44
54,45
119,46
57,47
57,48
57,49
57,50
119,51
57,52
57,53
119,54
57,55
57,56
57,57
57,58
57,59
119,0
119,1
43,2
119,3
57,4
57,5
119,6
57,7
57,8
43,9
43,10
43,11
45,12
57,13
45,14
57,15
57,16
45,17
45,18
43,19
104,20
119,21
104,22
55,23
57,24
57,25
57,26
43,27
43,28
53,29
104,30
104,31
43,32
45,33
100,34
53,35
43,36
55,37
104,38
119,39
43,40
57,41
57,42
43,43
57,44
54,45
57,46
57,47
119,48
57,49
57,50
57,51
57,52
57,53
57,54
57,55
109,56
55,57
57,58
57,59
119,0
119,1
43,2
119,3
57,4
119,5
57,6
116,7
55,8
45,9
43,10
45,11
57,12
57,13
57,14
57,15
55,16
119,17
57,18
45,19
45,20
119,21
119,22
57,23
109,24
55,25
55,26
109,27
57,28
119,29
119,30
119,31
57,32
119,33
57,34
57,35
119,36
57,37
102,38
57,39
104,40
57,41
119,42
43,43
104,44
119,45
104,46
119,47
57,48
57,49
57,50
57,51
57,52
57,53
57,54
57,55
57,56
57,57
57,58
57,59
45,0
104,1
43,2
119,3
55,4
57,5
57,6
119,7
57,8
45,9
43,10
57,11
43,12
119,13
55,14
119,15
57,16
53,17
57,18
104,19
119,20
119,21
119,22
57,23
57,24
57,25
57,26
43,27
43,28
57,29
119,30
104,31
102,32
104,33
57,34
57,35
57,36
55,37
57,38
119,39
45,40
57,41
57,42
53,43
31,44
55,45
57,46
57,47
119,48
57,49
57,50
57,51
57,52
57,53
57,54
57,55
57,56
106,57
57,58
57,59
45,0
57,1
119,2
119,3
57,4
119,5
119,6
119,7
119,8
45,9
45,10
43,11
43,12
119,13
57,14
119,15
57,16
102,17
119,18
57,19
57,20
119,21
119,22
57,23
57,24
57,25
57,26
58,27
57,28
57,29
104,30
119,31
57,32
57,33
57,34
57,35
119,36
119,37
57,38
57,39
57,40
57,41
119,42
43,43
102,44
55,45
119,46
57,47
57,48
57,49
57,50
57,51
109,52
57,53
119,54
57,55
58,56
57,57
57,58
57,59
45,0
119,1
30,2
119,3
119,6
57,7
58,8
57,9
104,10
40,11
57,12
119,13
119,14
57,15
119,16
45,17
102,18
57,19
119,20
119,21
119,22
58,23
57,24
109,25
119,26
45,27
104,28
57,29
119,30
119,31
109,32
43,33
119,34
49,35
57,36
119,37
57,38
57,39
57,40
57,41
119,42
43,43
88,44
102,45
45,46
57,47
119,48
119,49
57,50
57,51
57,52
57,53
119,54
57,55
57,56
119,57
55,58
119,59
45,0
57,1
104,2
119,3
57,4
119,5
119,6
119,7
119,8
104,9
43,10
43,11
45,12
58,13
119,14
57,15
45,16
104,17
104,18
58,19
58,20
119,21
119,22
55,23
57,24
57,25
57,26
102,27
102,28
45,29
104,30
119,31
102,32
43,33
57,34
55,35
119,36
119,37
43,38
119,39
104,40
55,41
57,42
43,43
102,44
55,45
119,46
57,47
58,48
57,49
57,50
57,51
58,52
57,53
119,54
57,55
58,56
58,57
119,58
57,59
45,0
104,1
43,2
104,3
57,4
57,5
58,6
119,7
57,8
104,9
45,10
57,11
43,12
58,13
57,14
119,15
57,16
104,17
57,18
119,19
55,20
119,21
119,22
57,23
57,24
55,25
57,26
43,27
43,28
57,29
119,30
46,31
102,32
43,33
57,34
55,35
119,36
57,37
57,38
119,39
45,40
57,41
119,42
119,43
43,44
57,45
57,46
57,47
119,48
57,49
57,50
57,51
106,52
57,53
119,54
57,55
58,56
57,57
57,58
55,59
57,0
106,1
119,2
119,3
102,4
109,5
57,6
119,7
45,10
119,11
45,12
108,13
119,14
119,15
119,16
57,17
57,18
119,19
57,20
119,21
119,22
119,23
57,25
58,26
119,27
57,28
45,29
104,30
104,31
57,32
57,33
57,34
109,35
119,36
119,37
102,38
57,39
109,40
119,41
119,42
57,43
102,44
109,45
119,46
119,47
57,48
57,49
57,50
57,51
57,52
57,53
57,54
57,55
57,56
57,57
57,58
57,59
119,0
57,1
119,2
119,3
57,4
57,5
119,6
119,7
119,8
45,9
43,10
43,11
45,12
119,13
119,14
57,15
57,16
43,17
43,18
45,19
57,20
119,21
119,22
57,23
58,24
58,25
58,26
119,27
43,28
45,29
119,30
104,31
104,32
88,33
119,34
58,35
119,36
58,37
102,38
119,39
57,40
57,41
57,42
104,43
57,44
57,45
45,46
57,47
45,48
57,49
57,50
57,51
57,52
57,53
57,54
57,55
57,56
57,57
58,58
58,59
53,0
45,1
43,2
119,3
104,4
119,5
119,6
119,7
119,8
104,9
57,10
45,11
45,12
119,13
119,14
57,15
57,16
104,17
45,18
45,19
43,20
119,21
43,22
58,23
102,24
58,25
119,26
119,27
57,28
57,29
89,30
105,31
43,32
43,33
119,34
58,35
119,36
119,37
104,38
119,39
45,40
57,41
119,42
45,43
102,44
58,45
57,46
57,47
119,48
57,49
58,50
57,51
57,52
57,53
119,54
57,55
57,56
57,57
57,58
57,59
57,0
57,1
57,2
119,3
57,4
119,5
119,6
57,7
119,8
57,9
57,10
43,11
57,12
57,13
119,14
57,15
88,16
57,17
57,18
45,19
57,20
119,21
119,22
57,23
104,24
109,25
58,26
53,27
104,28
119,29
119,30
119,31
119,32
57,33
57,34
57,35
119,36
119,37
49,38
119,39
119,40
119,41
57,42
45,43
89,44
57,45
57,46
57,47
57,48
119,49
58,50
57,51
57,52
57,53
119,54
57,55
57,56
57,57
57,58
57,59
57,0
43,1
43,2
53,3
88,4
119,5
119,6
119,7
119,8
104,9
45,10
45,11
45,12
57,13
57,14
57,15
45,16
104,17
104,18
45,19
43,20
106,21
104,22
57,23
57,24
57,25
119,26
43,27
43,28
43,29
89,30
105,31
45,32
104,33
57,34
58,35
53,36
104,37
104,38
119,39
45,40
58,41
119,42
45,43
53,44
57,45
43,46
119,47
119,48
57,49
57,50
57,51
57,52
57,53
119,54
57,55
58,56
57,57
57,58
57,59
43,0
43,2
57,4
57,5
119,6
119,7
119,8
109,9
57,10
43,11
57,12
119,13
119,14
57,15
57,16
53,17
53,18
45,19
119,20
119,21
104,22
57,23
57,24
55,25
55,26
43,27
43,28
43,29
104,30
104,31
43,32
45,33
57,34
88,35
45,36
57,37
104,38
119,39
45,40
55,41
57,42
104,43
43,44
102,45
45,46
57,47
119,48
119,49
57,50
57,51
57,52
57,53
119,54
57,55
58,56
58,57
57,58
57,59
119,0
119,1
119,2
119,3
57,4
119,5
119,6
119,7
119,8
104,9
24,10
88,11
45,12
119,13
119,14
119,15
57,16
57,17
45,18
57,19
43,20
119,21
57,22
57,23
102,24
57,25
119,26
104,27
57,28
30,29
24,30
119,31
57,32
32,33
119,34
93,35
119,36
119,37
102,38
57,39
43,40
119,41
102,42
45,43
57,44
109,45
43,46
57,47
57,48
55,49
58,50
57,51
57,52
57,53
119,54
57,55
114,56
55,57
58,58
57,59
43,0
43,1
57,2
119,3
57,4
119,5
119,6
119,7
119,8
45,9
43,10
43,11
45,12
119,13
57,14
45,15
57,16
45,17
119,18
119,19
57,20
105,21
119,22
104,23
89,24
30,25
30,26
13,27
48,28
110,29
119,30
104,31
43,32
43,33
119,34
53,35
45,36
119,37
45,38
119,39
57,40
57,41
57,42
43,43
88,44
119,45
43,46
57,47
119,48
57,49
57,50
57,51
57,52
57,53
57,54
57,55
57,56
57,57
55,58
57,59
43,0
57,1
43,2
89,3
57,4
119,5
57,6
119,7
119,8
43,9
43,10
43,11
45,12
57,13
57,14
57,15
57,16
43,17
57,18
45,19
45,20
119,21
45,22
57,23
57,24
55,25
57,26
88,27
57,28
53,29
43,30
53,31
45,32
43,33
57,34
57,35
46,36
119,37
45,38
119,39
45,40
119,41
57,42
45,43
57,44
30,45
45,46
57,47
43,48
106,49
109,50
57,51
106,52
106,53
119,54
57,55
109,56
57,57
58,58
57,59
57,0
57,1
45,2
57,3
57,4
57,5
119,6
57,7
119,8
57,9
89,10
102,11
57,12
119,13
119,14
57,15
57,16
57,17
57,18
57,19
119,20
109,21
104,22
102,23
119,24
58,25
58,26
57,27
57,28
57,29
57,30
119,31
45,32
57,33
119,34
57,35
43,36
43,37
45,38
57,39
57,40
57,41
119,42
45,43
30,44
30,45
43,46
57,47
57,48
57,49
57,50
57,51
57,52
57,53
119,54
55,55
57,56
57,57
57,58
57,59
43,0
43,1
43,2
119,3
57,4
119,5
119,6
119,7
119,8
105,9
105,10
57,11
119,12
57,13
57,14
119,15
57,16
43,17
45,18
45,19
57,20
119,21
104,22
57,23
57,24
57,25
57,26
45,27
45,28
57,29
45,30
104,31
57,32
112,33
57,34
57,35
43,36
119,37
43,38
112,39
57,40
119,41
57,42
43,43
57,44
53,45
43,46
105,47
43,48
58,49
119,50
55,51
58,52
57,53
119,54
57,55
109,56
102,57
57,58
57,59
109,0
104,1
45,2
105,3
119,4
119,5
119,6
57,7
119,9
45,10
43,11
104,12
119,13
119,14
119,23
119,26
105,29
105,30
103,31
45,32
89,33
119,34
50,35
36,36
119,37
57,38
45,39
45,40
119,41
119,42
119,43
43,44
57,45
45,46
119,47
119,48
57,49
57,50
57,51
58,52
57,53
119,54
57,55
57,56
57,57
57,58
57,59
57,0
119,1
119,3
109,4
119,5
57,6
119,7
119,8
45,9
53,10
57,11
45,12
57,13
57,14
57,15
57,16
57,17
53,18
45,19
57,20
119,21
53,22
102,23
45,24
43,25
43,26
43,27
43,28
57,29
45,30
57,31
57,32
45,33
119,34
53,35
43,36
93,37
109,38
45,39
53,40
119,41
57,42
53,43
57,44
45,45
57,46
57,47
45,48
57,49
57,50
57,51
46,52
57,53
119,54
55,55
119,56
55,57
57,58
57,59
45,0
43,1
57,2
119,3
57,4
57,5
119,6
57,7
119,8
57,9
43,10
57,11
119,12
119,13
119,14
57,15
45,16
43,17
43,18
45,19
45,20
119,21
119,22
57,23
57,24
119,25
55,26
104,27
119,28
57,29
119,30
104,31
57,32
57,33
54,34
57,35
45,36
58,37
43,38
119,39
102,40
57,41
119,42
43,43
57,44
119,45
45,46
119,47
57,48
55,49
57,50
57,51
57,52
57,53
57,54
57,55
57,56
55,57
57,58
57,59
45,0
43,1
43,2
119,3
55,4
57,5
57,6
57,7
119,8
104,9
104,10
43,11
45,12
119,13
119,14
57,15
43,16
43,17
43,18
57,19
43,20
109,21
119,22
57,23
57,24
57,25
55,26
119,27
104,28
104,29
106,30
119,31
57,32
57,33
54,34
57,35
119,36
58,37
57,38
119,39
119,40
57,41
119,42
43,43
57,44
55,45
119,46
57,47
119,48
57,49
57,50
57,51
57,52
57,53
119,54
57,55
58,56
55,57
57,58
57,59
53,1
119,3
58,4
57,5
119,6
57,7
55,8
57,9
24,10
57,11
57,12
119,14
57,15
57,16
57,17
45,18
45,19
57,20
119,21
57,22
57,23
109,24
58,25
58,26
57,27
119,28
119,29
119,30
104,31
57,32
57,33
119,34
57,35
57,36
119,37
57,38
57,39
102,40
57,41
119,42
57,43
57,44
57,45
45,46
119,47
55,48
57,49
57,50
57,51
57,52
57,53
57,54
119,55
57,56
57,57
57,58
57,59
43,0
43,1
43,2
119,3
57,4
57,5
45,6
57,7
119,8
104,9
45,10
43,11
45,12
57,13
57,14
45,15
45,16
43,17
43,18
45,19
45,20
109,21
119,22
57,23
57,24
57,25
57,26
57,27
43,28
53,29
58,30
119,31
102,32
43,33
57,34
55,35
119,36
119,37
43,38
119,39
119,40
57,41
55,42
43,43
102,44
57,45
119,46
57,47
119,48
57,49
57,50
57,51
57,52
57,53
57,54
57,55
55,56
57,57
57,58
119,59
45,0
43,1
104,2
119,3
57,4
57,5
119,6
57,7
119,8
45,9
45,10
45,11
45,12
57,13
57,14
45,15
45,16
45,17
45,18
45,19
45,20
119,21
104,22
57,23
119,24
119,25
57,26
53,27
57,28
43,29
104,30
43,31
43,32
45,33
57,34
57,35
43,36
119,37
45,38
119,39
104,40
119,41
119,42
45,43
57,44
119,45
45,46
57,47
45,48
55,49
57,50
57,51
57,52
57,53
57,54
57,55
57,56
57,57
57,58
57,59
45,0
57,1
45,2
119,3
102,4
119,5
45,6
119,7
119,8
57,9
104,10
57,11
57,12
57,13
57,14
57,15
57,16
57,17
45,18
57,19
57,20
113,21
119,22
58,23
57,24
58,25
119,26
57,27
57,28
102,29
119,30
57,31
109,32
57,33
119,34
109,35
57,36
57,37
57,38
43,39
119,40
119,41
119,42
45,43
119,44
58,45
53,46
57,47
57,48
57,49
58,50
57,51
109,52
57,53
57,54
57,55
55,56
57,57
58,58
57,59
57,0
57,1
57,2
104,3
54,4
100,5
119,6
57,7
54,8
43,9
43,10
57,11
45,12
119,13
57,14
57,15
57,16
45,17
43,18
57,19
57,20
104,21
57,22
45,23
57,24
57,25
54,26
43,27
119,28
57,29
119,30
104,31
43,32
43,33
57,34
54,35
43,36
57,37
43,38
45,39
57,40
57,41
44,42
45,43
57,44
54,45
45,46
111,47
57,48
57,49
54,50
57,51
57,52
54,53
57,54
57,55
57,56
57,57
57,58
57,59
43,0
57,1
45,2
88,3
57,4
57,5
57,6
119,7
55,8
45,9
43,10
43,11
119,12
119,13
57,14
57,15
57,16
43,17
43,18
43,20
105,21
119,22
55,23
53,24
57,25
57,26
43,27
43,28
43,29
104,30
104,31
45,32
43,33
57,34
57,35
57,36
57,37
45,38
43,39
57,40
57,41
57,42
57,43
43,44
57,45
57,46
57,47
57,48
57,49
57,50
57,51
102,52
69,53
57,54
57,55
57,56
55,57
57,58
57,59
57,0
57,1
57,2
43,3
54,4
54,5
119,6
57,7
57,8
43,9
57,10
57,11
45,12
119,13
57,14
57,15
57,16
45,17
45,18
57,19
57,20
45,21
119,22
45,23
57,24
57,25
57,26
45,27
57,28
24,29
104,30
119,31
32,32
43,33
57,34
53,35
45,36
43,37
45,38
45,39
119,40
57,41
57,42
45,43
57,44
119,45
45,46
111,47
45,48
57,49
57,50
57,51
57,52
57,53
119,54
57,55
57,56
57,57
57,58
57,59
43,0
43,1
43,2
104,3
119,4
119,5
119,6
119,7
57,8
104,9
43,10
105,11
106,12
93,13
57,14
53,15
53,16
43,17
43,18
45,19
45,20
106,21
109,22
57,23
45,24
57,25
57,26
43,27
43,28
43,29
104,30
57,31
43,32
45,33
57,34
54,35
57,36
119,37
45,38
57,39
57,40
57,41
57,42
119,43
43,44
57,45
45,46
57,47
119,48
57,49
57,50
57,51
57,52
57,53
57,54
57,55
57,56
57,57
56,58
57,59
104,0
43,1
57,2
43,3
54,4
57,5
57,6
57,7
57,8
45,9
43,10
43,11
45,12
57,13
57,14
43,15
57,16
45,17
43,18
43,19
43,20
43,21
43,22
45,23
57,24
57,25
57,26
43,27
57,28
53,29
104,30
104,31
43,32
43,33
57,34
54,35
57,36
119,37
45,38
57,39
57,40
57,41
57,42
43,43
57,44
100,45
45,46
57,47
119,48
57,49
57,50
57,51
57,52
57,53
57,54
57,55
57,56
57,57
57,58
57,59
57,0
57,1
104,2
57,3
119,4
119,5
119,6
55,7
57,8
57,9
45,10
104,11
119,12
119,13
119,14
57,15
57,16
119,17
119,18
119,19
119,20
119,21
119,22
57,23
119,24
119,25
119,26
45,27
45,28
45,29
57,30
43,31
45,32
52,33
57,34
54,35
53,36
57,37
57,38
57,39
43,40
119,41
43,43
93,44
57,45
45,46
57,47
104,48
56,49
54,50
59,51
119,52
57,53
58,54
57,55
57,56
57,57
57,58
57,59
24,0
57,1
43,2
45,3
54,4
45,5
119,6
57,7
55,8
45,9
57,10
57,11
45,12
119,13
57,14
57,15
57,16
57,17
45,18
57,19
57,20
119,21
43,22
57,23
57,24
57,25
54,26
43,27
43,28
57,29
119,30
104,31
43,32
43,33
57,34
54,35
45,36
57,37
43,38
57,39
119,40
45,41
57,42
55,43
57,44
57,45
43,46
57,47
24,48
57,49
57,50
57,51
57,52
57,53
57,54
57,55
93,56
57,57
57,58
116,59
45,0
43,1
57,2
104,3
57,4
57,5
57,6
55,7
57,8
45,9
104,10
104,11
43,12
57,13
119,14
57,15
57,16
43,17
43,18
119,19
119,20
58,21
119,22
55,23
119,24
57,25
57,26
57,27
104,28
104,29
119,30
104,31
57,32
104,33
45,34
57,35
45,36
119,37
45,38
119,39
119,40
57,41
57,42
57,43
57,44
54,45
57,46
57,47
119,48
57,49
57,50
57,51
57,52
57,53
57,54
57,55
54,56
57,57
57,58
57,59
43,0
24,1
24,2
104,3
57,4
57,5
119,6
57,7
55,8
45,9
24,10
24,11
55,12
119,13
57,14
57,15
55,16
45,17
45,18
45,19
55,20
119,21
57,22
57,23
57,24
102,25
57,26
45,27
24,28
24,29
89,30
45,31
24,32
24,33
57,34
15,35
45,36
43,37
43,38
57,39
119,40
57,41
57,42
45,43
57,44
57,45
43,46
119,47
57,48
57,49
57,50
57,51
57,52
57,53
119,54
57,55
57,56
57,57
57,58
57,59
119,0
43,1
119,2
104,3
57,4
119,5
119,6
57,7
57,8
45,9
43,10
43,11
43,12
119,13
119,14
57,15
100,16
119,17
119,18
119,19
119,20
88,21
119,22
57,23
57,24
57,25
57,26
119,27
43,28
43,29
57,30
104,31
119,32
43,33
57,34
57,35
45,36
119,37
45,38
119,39
57,40
57,41
44,42
119,43
57,44
54,45
45,46
57,47
119,48
57,49
57,50
57,51
57,52
57,53
57,54
57,55
57,56
57,57
57,58
57,59
43,0
53,1
43,2
43,3
57,4
57,5
57,6
57,7
57,8
57,9
57,10
57,11
45,12
119,13
57,14
53,15
53,16
43,17
45,18
45,19
43,20
119,21
43,22
57,23
57,24
57,25
100,26
43,27
43,28
53,29
88,30
104,31
43,32
45,33
57,34
57,35
57,36
119,37
43,38
119,39
57,40
45,41
57,42
43,43
57,44
57,45
43,46
45,47
43,48
57,49
54,50
57,51
57,52
57,53
57,54
57,55
57,56
55,57
57,58
57,59
57,0
43,1
43,2
119,3
57,4
57,5
57,6
57,7
57,8
45,9
104,10
57,11
45,12
46,13
119,14
57,15
57,16
57,17
57,18
57,19
119,20
119,21
119,22
57,23
43,24
54,25
57,26
43,27
57,28
57,29
104,30
57,31
119,32
106,33
57,34
53,35
119,36
119,37
45,38
57,39
57,40
57,41
119,42
45,43
119,44
57,45
43,46
24,47
119,48
57,49
57,50
57,51
57,52
54,53
119,54
57,55
57,56
57,57
57,58
57,59
24,0
40,1
43,2
104,3
54,4
57,5
57,6
57,7
55,8
57,9
43,10
43,11
43,12
119,13
57,14
57,15
57,16
43,17
43,18
45,19
119,20
119,21
104,22
54,23
57,24
57,25
54,26
57,27
43,28
43,29
58,30
58,31
104,32
104,33
45,34
54,35
45,36
57,37
43,38
119,39
119,40
45,41
57,42
57,43
57,44
54,45
45,46
57,47
119,48
57,49
57,50
57,51
57,52
57,53
57,54
57,55
57,56
57,57
57,58
57,59
104,0
57,1
119,2
119,3
55,4
57,5
119,6
57,7
57,8
57,9
57,10
43,11
45,12
57,13
119,14
57,15
57,16
45,17
45,18
45,19
119,20
58,21
104,22
119,23
45,24
54,25
54,26
43,27
57,28
57,29
43,30
119,31
57,32
43,33
57,34
55,35
45,36
106,37
45,38
43,39
57,40
45,41
57,42
119,43
57,44
57,45
57,46
57,47
57,48
57,49
57,50
57,51
57,52
109,53
57,54
55,55
57,56
57,57
100,58
57,59
45,0
45,1
43,2
119,3
55,4
57,5
57,6
57,7
57,8
45,9
57,10
57,11
32,12
119,13
57,14
57,15
57,16
45,17
45,18
57,19
119,20
119,21
43,22
57,23
57,24
57,25
119,26
45,27
57,28
57,29
57,30
119,31
104,32
57,33
14,34
70,35
43,36
45,37
45,38
57,39
43,40
45,41
57,42
30,43
119,44
119,45
45,46
105,47
119,48
57,49
55,50
57,51
57,52
57,53
119,54
57,55
57,56
57,57
57,58
57,59
104,0
57,1
119,2
102,3
54,4
100,5
119,6
57,7
57,8
119,9
45,10
43,11
57,12
57,13
119,14
57,15
57,16
43,17
45,18
104,19
119,20
119,21
104,22
57,23
57,24
100,25
57,26
43,27
57,28
57,29
57,30
104,31
43,32
43,33
45,34
54,35
57,36
119,37
43,38
43,39
119,40
57,41
57,42
57,43
119,44
57,45
43,46
57,47
43,48
57,49
57,50
57,51
57,52
100,53
57,54
57,55
57,56
57,57
57,58
57,59
57,0
53,1
43,2
104,3
100,4
57,5
57,6
57,7
57,8
43,9
57,10
53,11
46,12
57,13
57,14
57,15
43,16
43,17
43,18
43,19
43,20
109,21
43,22
57,23
43,24
57,25
100,26
119,27
43,28
43,29
104,30
104,31
119,32
43,33
117,34
57,35
57,36
119,37
43,38
119,39
119,40
57,41
57,42
119,43
43,44
57,45
45,46
57,47
119,48
57,49
57,50
57,51
57,52
57,53
57,54
57,55
57,56
57,57
57,58
57,59
104,0
57,1
53,2
57,3
55,4
119,5
57,6
57,7
119,8
45,9
57,10
57,11
45,12
45,13
119,14
119,15
57,16
57,17
45,18
45,19
45,20
119,21
119,22
57,23
57,24
57,25
102,26
45,27
57,28
57,29
45,30
43,31
24,32
32,33
57,34
31,35
57,36
119,37
43,38
45,39
57,40
57,41
57,42
57,43
57,44
57,45
57,46
110,47
57,48
57,49
57,50
57,51
45,52
57,53
57,54
57,55
57,56
57,57
57,58
57,59
57,0
57,1
57,2
119,3
57,4
57,5
57,6
57,7
57,8
57,9
57,10
57,11
43,12
119,13
57,14
57,15
57,16
45,17
45,18
45,19
119,20
119,21
119,22
54,23
57,24
57,25
54,26
57,27
57,28
89,29
57,30
43,31
104,32
57,33
57,34
57,35
43,36
119,37
45,38
119,39
119,40
57,41
100,42
45,43
57,44
57,45
45,46
57,47
57,48
57,49
55,50
57,51
57,52
57,53
57,54
57,55
57,56
57,57
57,58
57,59
43,0
104,1
43,2
119,3
57,4
57,5
119,6
57,7
57,8
45,9
43,10
43,11
119,12
119,13
119,14
57,15
119,16
45,17
45,18
45,19
43,20
119,21
104,22
57,23
57,24
57,25
57,26
43,27
45,28
30,29
43,30
119,31
57,32
45,33
54,34
57,35
45,36
119,37
45,38
43,39
43,40
57,41
57,42
119,43
43,44
57,45
43,46
57,47
57,48
57,49
57,50
57,51
55,52
57,53
57,54
57,55
55,56
57,57
119,58
57,59
45,0
57,1
45,2
119,3
119,4
57,5
57,6
57,7
57,8
57,9
57,10
24,11
24,12
119,13
57,14
57,15
57,16
45,17
45,18
45,19
57,20
119,21
57,22
57,23
57,24
55,25
54,26
57,27
57,28
57,29
55,30
57,31
57,32
57,33
57,34
57,35
57,36
119,37
57,38
57,39
57,40
57,41
57,42
57,43
57,44
54,45
57,46
57,47
57,48
57,49
57,50
57,51
57,52
57,53
119,54
57,55
57,56
57,57
54,58
57,59
43,0
57,1
43,2
119,3
24,4
119,5
119,6
57,7
57,8
45,9
43,10
43,11
57,12
119,13
119,14
57,15
57,16
43,17
45,18
45,19
43,20
119,21
104,22
57,23
57,24
57,25
57,26
43,27
40,28
53,29
45,30
104,31
43,32
46,33
54,34
57,35
43,36
119,37
45,38
45,39
43,40
57,41
100,42
43,43
53,44
57,45
43,46
57,47
104,48
57,49
57,50
57,51
57,52
57,53
57,54
57,55
57,56
57,57
119,58
119,59
43,0
43,1
43,2
119,3
57,4
119,5
57,6
57,7
119,8
45,9
43,10
43,11
43,12
119,13
57,14
119,15
57,16
43,17
43,18
45,19
119,20
119,21
104,22
100,23
100,24
57,25
57,26
43,27
43,28
88,29
43,30
104,31
43,32
45,33
57,34
89,35
43,36
119,37
45,38
45,39
104,40
57,41
57,42
43,43
57,44
57,45
45,46
57,47
43,48
57,49
57,50
57,51
57,52
57,53
57,54
57,55
57,56
57,57
57,58
57,59
45,0
57,1
43,2
57,3
57,4
119,5
119,6
119,7
57,8
45,9
55,10
57,11
57,12
57,13
119,14
57,15
57,16
57,17
57,18
57,19
57,20
119,21
119,22
57,23
55,24
57,25
119,26
43,27
57,28
57,29
57,30
119,31
57,32
57,33
57,34
15,35
57,36
57,37
57,38
57,39
57,40
57,41
57,42
43,43
57,44
57,45
57,46
111,47
57,48
57,49
57,50
57,51
45,52
57,53
119,54
57,55
54,56
57,57
58,58
57,59
45,0
57,1
57,2
119,3
100,4
45,5
57,6
54,7
57,8
45,9
57,10
43,11
57,12
119,13
45,14
100,15
100,16
43,17
45,18
119,19
100,20
119,21
57,22
116,23
100,24
57,25
57,26
57,27
43,28
43,29
57,30
57,31
93,32
57,33
57,34
54,35
43,36
57,37
45,38
57,39
119,40
45,41
100,42
57,43
57,44
57,45
57,46
57,47
57,48
54,49
54,50
57,51
57,52
57,53
57,54
57,55
54,56
57,57
45,58
57,59
104,0
102,1
119,2
119,3
54,4
100,5
57,6
44,7
57,8
57,9
45,10
43,11
43,12
119,13
57,14
57,15
57,16
45,17
57,18
119,19
119,20
119,21
58,22
57,23
57,24
57,25
57,26
119,27
57,28
43,29
57,30
119,31
57,32
57,33
45,34
57,35
45,36
119,37
43,38
57,39
43,40
54,41
57,42
43,43
100,44
57,45
45,46
57,47
119,48
57,49
57,50
57,51
100,52
57,53
57,54
57,55
69,56
57,57
54,58
57,59
45,0
57,1
45,2
119,3
57,4
57,5
57,6
57,7
57,8
57,9
57,10
57,11
57,12
119,13
119,14
119,15
119,16
57,17
57,18
57,19
119,20
119,21
119,22
57,23
57,24
119,25
119,26
57,27
57,28
43,29
57,30
119,31
43,32
57,33
57,34
102,35
45,36
57,37
45,38
57,39
119,40
100,41
57,42
45,43
104,44
119,45
57,46
57,47
119,48
57,49
57,50
57,51
106,52
57,53
57,54
57,55
57,56
57,57
57,58
57,59
57,0
57,1
57,2
119,3
54,4
57,5
119,6
57,7
57,8
43,9
43,10
43,11
43,12
119,13
57,14
119,15
57,16
43,17
119,18
57,19
119,20
119,21
119,22
57,23
100,24
57,25
57,26
57,27
43,28
57,29
57,30
119,31
57,32
43,33
57,34
55,35
43,36
119,37
57,38
57,39
57,40
45,41
57,42
57,43
57,44
57,45
45,46
57,47
119,48
100,49
57,50
57,51
45,52
100,53
57,54
57,55
57,56
57,57
57,58
57,59
57,0
100,1
57,2
119,3
100,4
45,5
119,6
44,7
54,8
57,9
57,10
57,11
57,12
119,13
45,14
45,15
45,16
43,17
43,18
119,19
57,20
119,21
57,22
116,23
100,24
57,25
57,26
57,27
43,28
57,29
54,30
119,31
57,32
43,33
116,34
57,35
45,36
57,37
43,38
57,39
57,40
45,41
100,42
57,43
57,44
54,45
57,46
57,47
119,48
57,49
57,50
57,51
57,52
57,53
57,54
57,55
45,56
57,57
45,58
57,59
104,0
104,1
43,2
57,3
54,4
57,5
57,6
57,7
57,8
57,9
45,10
57,11
45,12
57,13
57,14
57,15
57,16
43,17
43,18
43,19
43,20
57,21
119,22
57,23
30,24
57,25
57,26
104,27
57,28
57,29
119,30
119,31
57,32
57,33
57,34
31,35
43,36
57,37
43,38
57,39
45,40
57,41
57,42
57,43
119,44
57,45
43,46
57,47
119,48
57,49
57,50
57,51
57,52
57,53
119,54
57,55
45,56
57,57
57,59
45,0
43,1
45,2
119,3
57,4
44,5
119,6
45,7
57,8
57,9
57,10
57,11
57,12
57,13
57,14
57,15
57,16
45,17
45,18
57,19
57,20
119,21
57,22
100,23
57,24
45,25
45,26
57,27
104,28
43,29
57,30
104,31
57,32
57,33
57,34
54,35
57,36
57,37
57,38
57,39
57,40
45,41
54,42
57,43
57,44
57,45
57,46
57,47
57,48
57,49
57,50
57,51
100,52
57,53
57,54
57,55
45,56
57,57
57,58
57,59
119,0
43,1
43,2
119,3
54,4
57,5
57,6
57,7
57,8
45,9
57,10
43,11
45,12
57,13
119,14
119,15
57,16
43,17
45,18
45,19
45,20
104,21
43,22
111,23
57,24
100,25
54,26
57,27
57,28
57,29
104,30
104,31
57,32
43,33
57,34
54,35
53,36
105,37
45,38
43,39
57,40
45,41
54,42
43,43
57,44
57,45
45,46
57,47
43,48
57,49
57,50
57,51
57,52
57,53
57,54
57,55
57,56
57,57
54,58
45,59
45,0
57,1
45,2
119,3
57,4
119,5
119,6
57,7
57,8
55,9
57,10
24,11
57,12
119,13
57,14
57,15
57,16
57,17
57,18
45,19
119,20
119,21
57,22
54,23
57,24
57,25
119,26
43,27
57,28
43,29
57,30
57,31
102,32
57,33
57,34
53,35
57,36
119,37
45,38
45,39
57,40
119,41
119,42
57,43
57,44
57,45
45,46
55,47
57,48
57,49
57,50
57,51
57,52
57,53
57,54
57,55
57,56
57,57
57,59
57,0
57,1
43,2
119,3
100,4
100,5
119,6
44,7
54,8
57,9
43,10
43,11
57,12
119,13
57,14
57,15
57,16
43,17
43,18
43,19
45,20
104,21
43,22
54,23
57,24
100,25
57,26
57,27
43,28
57,29
88,30
104,31
43,32
45,33
57,34
57,35
43,36
119,37
45,38
104,39
57,40
57,41
100,42
43,43
57,44
57,45
43,46
57,47
43,48
57,49
57,50
57,51
57,52
57,53
57,54
57,55
57,56
57,57
57,58
57,59
57,0
43,1
43,2
119,3
100,4
100,5
119,6
45,7
57,8
104,9
119,10
88,11
45,12
57,13
57,14
57,15
57,16
43,17
43,18
57,19
119,20
119,21
45,22
57,23
57,24
45,25
100,26
57,27
43,28
43,29
57,30
119,31
57,32
57,33
57,34
100,35
43,36
119,37
43,38
104,39
43,40
45,41
100,42
43,43
119,44
57,45
119,46
119,47
119,48
57,49
57,50
57,51
54,52
57,53
57,54
57,55
100,56
57,57
100,58
57,59
104,0
104,1
57,2
57,3
57,4
119,5
55,6
57,7
55,8
119,9
45,10
43,11
46,12
57,13
57,14
57,15
57,16
45,17
45,18
45,19
40,20
52,21
45,22
119,23
57,24
57,25
119,26
43,27
57,28
24,29
119,30
119,31
45,32
45,33
119,34
31,35
43,36
102,37
45,38
45,39
45,40
57,41
119,42
45,43
57,44
57,45
57,46
57,47
57,48
57,49
57,50
57,51
57,52
57,53
119,54
57,55
57,56
57,57
57,58
57,59
119,0
30,1
43,2
119,3
100,4
57,5
57,6
44,7
57,8
93,9
43,10
57,11
57,12
57,13
57,14
57,15
45,16
45,17
45,18
57,19
57,20
119,21
57,22
44,23
100,24
57,25
57,26
57,27
89,28
57,29
57,30
57,31
57,32
57,33
100,34
100,35
45,36
57,37
93,38
57,39
57,40
57,41
57,42
57,43
57,44
100,45
45,46
57,47
57,48
45,49
45,50
45,51
45,52
57,53
106,54
57,55
45,56
57,57
100,58
54,59
57,0
57,1
119,2
43,3
100,4
57,5
57,6
57,7
57,8
43,9
57,10
43,11
57,12
57,13
57,14
57,15
57,16
43,17
57,18
57,19
43,20
119,21
119,22
57,23
57,24
57,25
100,26
57,27
30,28
57,29
57,30
119,31
57,32
57,33
45,34
31,35
119,36
57,37
43,38
57,39
57,40
57,41
57,42
43,43
14,44
57,45
57,46
119,47
119,48
57,49
57,50
57,51
57,52
57,53
119,54
57,55
100,56
45,57
57,58
57,59
43,0
57,1
43,2
119,3
57,4
57,5
57,6
57,7
57,8
57,9
57,10
57,11
57,12
57,13
57,14
57,15
45,16
57,17
45,18
57,19
57,20
119,21
119,22
57,23
30,24
57,25
119,26
43,27
57,28
57,29
57,30
57,31
30,32
57,33
57,34
31,35
43,36
93,37
57,38
57,39
45,40
57,41
119,42
57,43
57,44
30,45
57,46
57,47
57,48
57,49
57,50
57,51
31,52
54,53
57,54
57,55
57,56
57,57
58,58
45,59
57,0
57,1
57,2
43,3
100,4
57,5
57,6
57,7
57,8
43,9
57,10
43,11
57,12
57,13
57,14
57,15
100,16
57,17
57,18
57,19
119,20
119,21
57,22
57,23
14,24
14,25
100,26
30,27
57,28
57,29
57,30
57,31
30,32
93,33
57,34
100,35
57,36
57,37
24,38
57,39
57,40
54,41
57,42
119,43
57,44
100,45
43,46
117,47
119,48
57,49
45,50
45,51
54,52
45,53
57,54
57,55
57,56
57,57
57,58
45,59
45,0
30,1
57,2
119,3
58,4
57,5
57,6
57,7
119,8
45,9
57,10
57,11
57,12
57,13
57,14
57,15
57,16
45,17
57,18
119,19
119,20
119,21
119,22
57,23
57,24
57,25
57,26
30,27
57,28
57,29
45,30
45,31
57,32
45,33
116,34
30,35
43,36
57,37
45,38
57,39
57,40
100,41
57,42
57,43
57,44
14,45
43,46
57,47
119,48
103,49
57,50
45,51
54,52
45,53
57,54
45,55
100,56
57,57
57,58
100,59
104,0
43,1
119,2
45,3
31,4
119,5
45,6
119,7
57,8
104,9
45,10
57,11
57,12
57,13
57,14
57,15
119,16
45,17
45,18
57,19
119,20
119,21
104,22
57,23
30,24
119,25
43,26
45,27
43,28
57,29
119,30
119,31
43,32
57,33
57,34
31,35
119,36
43,37
45,38
57,39
57,40
119,41
57,42
119,43
30,44
53,45
57,46
119,47
119,48
57,49
57,50
57,51
53,52
57,53
57,54
57,55
57,56
57,57
57,58
45,59
45,0
57,1
57,2
119,3
45,4
54,5
57,6
57,7
57,8
57,9
30,10
30,11
57,12
57,13
100,14
57,15
45,16
57,17
57,18
57,19
54,20
119,21
57,22
45,23
57,24
100,25
54,26
57,27
30,28
57,29
119,30
57,31
57,32
57,33
57,34
53,35
45,36
57,37
93,38
57,39
57,40
45,41
57,42
57,43
57,44
57,45
45,46
57,47
57,48
57,49
57,50
57,51
100,52
57,53
57,54
57,55
44,56
100,57
57,58
45,59
104,0
57,1
119,2
119,3
57,4
44,5
57,6
44,7
57,8
57,9
57,10
57,11
57,12
57,13
57,14
57,15
100,16
45,17
43,18
119,19
119,20
119,21
57,22
54,23
57,24
100,25
57,26
43,27
57,28
57,29
57,30
57,31
57,32
57,33
57,34
57,35
43,36
119,37
45,38
57,39
57,40
45,41
54,42
43,43
57,44
100,45
43,46
57,47
104,48
54,49
57,50
57,51
100,52
57,53
57,54
57,55
100,56
57,57
54,58
45,59
45,0
57,1
45,2
57,3
100,4
57,5
57,6
57,7
57,8
57,9
57,10
57,11
119,13
119,14
57,15
54,16
57,17
57,18
43,19
119,20
119,21
119,22
57,23
57,24
102,25
30,26
43,27
57,28
57,29
119,30
57,31
93,32
57,33
57,34
31,35
45,36
57,37
45,38
57,39
57,40
57,41
57,42
45,43
30,44
57,45
45,46
57,47
57,48
57,49
57,50
57,51
100,52
57,53
57,54
57,55
54,56
57,57
54,58
54,59
57,0
43,1
57,2
119,3
14,4
45,5
119,6
57,7
57,8
57,9
31,10
30,11
57,12
57,13
57,14
45,15
100,16
45,17
30,18
119,19
119,20
119,21
119,22
54,23
57,24
100,25
54,26
43,27
43,28
57,29
55,30
57,31
57,32
57,33
45,34
100,35
30,36
57,37
45,38
57,39
30,40
45,41
100,42
57,43
57,44
100,45
43,46
57,47
104,48
54,49
57,50
100,51
100,52
100,53
100,54
57,55
45,56
57,57
57,58
57,59
57,0
57,1
57,2
104,3
45,4
57,5
119,6
57,7
57,8
45,9
57,10
30,11
57,12
57,13
14,14
57,15
45,16
30,17
30,18
57,19
57,20
119,21
119,22
100,23
57,24
14,25
100,26
30,27
43,28
57,29
119,30
45,31
57,32
45,33
100,34
14,35
43,36
57,37
93,38
45,39
57,40
45,41
57,42
30,43
57,44
57,45
43,46
57,47
57,48
57,49
57,50
57,51
100,52
57,53
57,54
57,55
44,56
57,57
45,58
57,59
43,0
57,1
119,2
43,3
43,4
57,5
57,6
57,7
119,8
57,9
57,10
57,11
57,13
57,14
119,15
57,16
45,17
45,18
119,19
119,20
119,21
119,22
119,23
57,24
53,25
119,26
45,27
57,28
57,29
57,30
119,31
102,32
57,33
57,34
109,35
43,36
43,37
45,38
57,39
45,40
119,41
119,42
43,43
57,44
31,45
45,46
119,47
57,48
57,49
57,50
57,51
100,52
57,53
119,54
57,55
31,56
57,57
57,58
54,59
45,0
57,1
43,2
43,3
31,4
119,5
57,6
57,7
57,8
32,9
43,10
53,11
43,12
119,13
57,14
119,15
57,16
45,17
45,18
45,19
43,20
119,21
43,22
57,23
57,24
57,25
57,26
43,27
40,28
57,29
43,30
43,31
57,32
43,33
100,34
57,35
43,36
31,37
45,38
105,39
43,40
100,41
57,42
43,43
57,44
57,45
43,46
57,47
43,48
57,49
57,50
57,51
57,52
43,53
57,54
57,55
57,56
57,57
57,58
57,59
43,0
104,1
104,2
119,3
57,4
57,5
119,6
57,7
57,8
57,9
43,10
104,11
43,12
119,13
119,14
57,15
57,16
43,17
104,18
119,19
119,20
119,21
119,22
54,23
57,24
57,25
55,26
43,27
43,28
43,29
119,30
104,31
104,32
102,33
100,34
55,35
119,36
119,37
43,38
119,39
57,40
57,41
57,42
119,43
53,44
57,45
119,46
119,47
119,48
57,49
57,50
57,51
57,52
57,53
57,54
57,55
57,56
57,57
57,58
57,59
45,0
57,1
45,2
45,3
93,4
119,5
119,6
57,7
57,8
57,9
24,10
30,11
24,12
57,13
57,14
119,15
119,16
57,17
57,18
45,19
43,20
119,21
45,22
55,23
57,24
58,25
55,26
57,27
57,28
24,29
57,30
45,31
24,32
43,33
57,34
57,35
57,36
43,37
93,38
45,39
30,40
57,41
119,42
43,43
57,44
119,45
57,46
57,47
57,48
57,49
57,50
119,51
30,52
57,53
57,54
57,55
57,56
57,57
57,58
57,59
43,0
104,1
43,2
119,3
55,4
57,5
119,6
57,7
119,8
43,9
43,10
43,11
43,12
57,13
57,14
119,15
57,16
45,17
43,18
119,19
57,20
119,21
104,22
55,23
57,24
57,25
55,26
43,27
45,28
43,29
119,30
104,31
102,32
43,33
100,34
55,35
119,36
119,37
45,38
57,39
57,40
57,41
57,42
43,43
53,44
57,45
43,46
57,47
119,48
57,49
57,50
119,51
57,52
93,53
57,54
57,55
103,56
57,57
55,58
57,59
45,0
43,1
43,2
43,3
102,4
57,5
57,6
119,7
57,8
45,9
45,10
89,11
43,12
119,13
57,14
119,15
53,16
43,17
43,18
45,19
43,20
119,21
43,22
54,23
57,24
57,25
57,26
43,27
45,28
43,29
45,30
45,31
43,32
43,33
100,34
53,35
43,36
43,37
45,38
105,39
45,40
57,41
57,42
43,43
57,44
45,45
43,46
57,47
43,48
57,49
57,50
57,51
57,52
57,53
57,54
57,55
57,56
57,57
57,58
57,59
57,0
43,1
104,2
119,3
57,4
54,5
57,6
119,7
119,8
43,10
43,11
57,12
119,13
119,14
119,15
100,16
43,17
57,18
57,19
119,20
119,21
119,22
57,23
57,24
57,25
55,26
45,27
43,28
43,29
43,30
104,31
102,32
102,33
54,34
31,35
119,36
43,37
45,38
43,39
119,40
54,41
57,42
104,43
57,44
57,45
43,46
57,47
119,48
57,49
57,50
53,51
53,52
57,53
102,54
57,55
31,56
57,57
57,58
57,59
45,0
45,1
43,2
57,3
57,4
57,5
57,6
57,7
57,8
45,9
43,10
43,11
45,12
119,13
57,14
119,15
119,16
57,17
57,18
57,19
57,20
119,21
45,22
55,23
53,24
57,25
55,26
43,27
30,28
57,29
43,30
45,31
45,32
45,33
57,34
53,35
43,36
43,37
45,38
45,39
30,40
57,41
57,42
43,43
57,44
57,45
43,46
57,47
43,48
57,49
57,50
57,51
57,52
57,53
57,54
57,55
57,56
55,57
55,58
57,59
104,0
104,1
104,2
119,3
57,4
57,5
119,6
57,7
57,8
119,9
43,10
104,11
104,12
57,13
57,14
57,15
57,16
43,17
43,18
45,19
43,20
119,21
43,22
55,23
57,24
54,25
55,26
57,27
43,28
43,29
45,30
45,31
40,32
43,33
57,34
55,35
45,36
119,37
45,38
45,39
57,40
57,41
57,42
119,43
53,44
54,45
119,46
119,47
119,48
57,49
57,50
55,51
57,52
57,53
57,54
57,55
57,56
57,57
55,58
57,59
57,0
43,1
43,2
43,3
102,4
119,5
119,6
57,7
57,8
57,9
57,10
57,11
45,12
119,13
119,14
53,17
57,18
57,19
57,20
119,21
43,22
102,23
55,24
119,25
58,26
57,27
30,28
119,29
57,30
24,31
57,32
57,33
57,34
88,35
57,36
45,37
45,38
45,39
93,40
119,41
119,42
43,43
119,44
119,45
57,46
58,49
57,50
119,51
55,52
57,53
57,54
57,55
58,56
57,57
57,58
57,59
104,0
43,1
57,2
119,3
57,4
57,5
119,6
119,7
119,8
57,9
43,10
43,11
43,12
57,13
57,14
119,15
57,16
43,17
43,18
43,19
43,20
119,21
43,22
57,23
57,24
55,25
57,26
43,27
43,28
43,29
45,30
45,31
45,32
43,33
100,34
55,35
45,36
119,37
45,38
57,39
43,40
57,41
57,42
119,43
53,44
55,45
53,46
57,47
119,48
57,49
57,50
57,51
53,52
57,53
57,54
57,55
57,56
57,57
57,58
57,59
45,0
43,1
43,2
43,3
57,4
57,5
119,6
57,7
119,8
45,9
45,10
43,11
45,12
57,13
57,14
57,15
53,16
43,17
43,18
43,19
45,20
119,21
45,22
55,23
57,24
57,25
55,26
57,27
43,28
43,29
45,30
45,31
43,32
45,33
57,34
30,35
43,36
119,37
43,38
57,39
57,40
57,41
57,42
45,43
43,44
30,45
45,46
57,47
43,48
57,49
55,50
57,51
57,52
57,53
57,54
57,55
57,56
57,57
55,58
57,59
43,0
35,1
119,2
119,3
55,4
119,5
119,6
57,7
57,8
57,9
57,10
57,11
57,12
119,13
119,14
57,15
119,16
57,17
57,18
57,19
57,20
119,21
45,22
55,23
102,24
55,25
109,26
43,27
102,28
57,29
45,30
45,31
45,32
57,33
57,34
109,35
53,36
104,37
45,38
102,39
119,40
57,41
57,42
102,43
102,44
15,45
15,46
119,47
109,48
57,49
57,50
57,51
109,52
31,53
57,54
57,55
109,56
109,57
57,58
57,59
45,0
43,1
119,2
57,3
43,4
57,5
119,6
119,7
119,8
45,9
43,10
57,11
43,12
57,13
57,14
57,15
30,16
43,17
45,18
43,19
57,20
43,21
43,22
119,23
119,24
57,25
57,26
119,27
43,28
43,29
57,30
119,31
43,32
43,33
57,34
43,35
43,36
119,37
57,38
57,39
119,40
119,41
57,42
57,43
119,44
57,45
57,46
57,47
119,48
119,49
119,50
57,51
57,52
57,53
57,54
57,55
103,56
57,57
119,58
57,59
43,0
43,1
119,2
43,3
15,4
110,5
119,6
119,7
119,8
45,9
43,10
57,11
104,12
57,13
57,14
57,15
57,16
43,17
45,18
43,19
43,20
119,21
45,22
57,23
57,24
57,25
119,26
104,27
43,28
43,29
45,30
45,31
43,32
45,33
100,34
57,35
53,36
104,37
43,38
45,39
43,40
57,41
57,42
45,43
43,44
57,45
43,46
57,47
119,48
57,49
57,50
57,51
43,52
57,53
57,54
57,55
103,56
57,57
57,58
57,59
43,0
57,1
57,2
57,3
30,4
57,5
119,6
57,7
57,8
43,9
57,10
45,11
45,12
57,13
119,14
119,15
119,16
45,17
45,18
45,19
57,20
119,21
45,22
119,23
30,24
57,25
119,26
43,27
43,28
57,29
119,30
119,31
57,32
57,33
57,34
102,35
43,36
57,37
57,38
45,39
43,40
119,41
57,42
57,43
57,44
43,45
57,46
57,47
43,48
119,49
119,50
119,51
31,52
43,53
57,54
57,55
93,56
102,57
119,58
57,59
43,0
43,1
119,2
45,3
43,4
57,5
119,6
119,7
117,8
57,9
43,10
45,11
43,12
57,13
57,14
57,15
43,16
43,17
43,18
45,19
43,20
119,21
43,22
57,23
57,24
119,25
119,26
43,27
45,28
45,30
45,31
45,32
45,33
57,34
57,35
43,36
119,37
45,38
45,39
43,40
57,41
57,42
43,43
43,44
57,45
30,46
45,47
119,48
57,49
57,50
57,51
57,52
43,53
57,54
57,55
30,56
57,57
57,58
57,59
43,0
43,1
43,2
57,3
43,4
57,5
119,6
119,7
57,8
45,9
43,10
43,11
43,12
45,13
57,14
57,15
57,16
43,17
43,18
43,19
43,20
45,21
43,22
57,23
119,24
119,25
119,26
43,27
45,28
43,29
45,30
104,31
57,32
45,33
100,34
55,35
53,36
119,37
43,38
45,39
119,40
119,41
119,42
43,43
57,44
57,45
43,46
57,47
119,48
57,49
57,50
57,51
57,52
57,53
57,54
57,55
45,56
103,57
119,58
119,59
43,0
43,1
119,2
57,3
57,4
57,5
119,7
119,8
57,9
57,11
45,12
57,13
44,14
57,15
57,16
57,17
57,18
57,19
57,20
119,21
57,22
57,23
109,24
57,25
119,26
102,27
43,28
57,29
104,30
57,31
45,32
45,33
57,34
43,35
43,36
119,37
45,38
104,39
102,40
57,41
119,42
45,43
57,44
57,45
104,46
57,47
119,48
57,49
57,50
57,51
31,52
55,53
119,54
57,55
57,56
57,57
53,58
57,59
45,60
45,61
57,62
57,63
57,64
43,65
93,66
43,67
93,68
57,69
93,70
102,71
43,72
45,73
45,74
104,75
104,76
45,77
43,78
57,79
43,80
45,81
45,82
43,83
45,84
45,85
57,86
43,87
43,88
30,89
43,90
57,91
119,92
119,93
119,94
102,95
119,96
57,97
57,98
57,99
119,100
119,101
104,102
119,103
30,104
57,105
57,106
57,107
102,108
57,109
55,110
57,111
104,112
119,113
57,114
57,115
57,116
57,117
57,118
57,119
45,60
45,61
57,62
119,63
119,64
45,65
102,66
119,67
57,68
119,69
119,70
45,71
45,72
45,73
45,74
43,75
45,76
45,77
45,78
119,79
104,80
45,81
45,82
45,83
45,84
45,85
119,86
119,87
57,88
45,89
45,90
119,91
119,92
104,93
119,94
57,95
119,96
43,97
119,98
58,99
119,100
119,101
49,102
119,103
53,104
109,105
109,106
119,107
57,108
45,109
57,110
119,111
57,112
119,113
104,114
119,115
57,116
57,117
57,118
119,119
30,60
45,61
57,62
57,63
57,64
57,65
93,66
43,67
57,68
57,69
45,70
30,71
45,72
43,73
45,74
45,75
102,76
57,77
45,78
57,79
57,80
45,81
45,82
45,83
57,84
57,85
57,86
102,87
57,88
102,89
45,90
119,91
43,92
57,93
43,94
57,95
119,96
57,97
102,98
119,99
119,100
119,101
93,102
119,103
93,104
57,105
57,106
57,107
57,108
57,109
57,110
57,111
57,112
119,113
57,114
57,115
57,116
57,117
119,118
119,119
45,60
45,61
57,62
57,63
119,64
45,65
93,66
104,67
57,68
104,69
43,70
45,71
43,72
45,73
45,74
43,75
57,76
45,77
45,78
119,79
104,80
45,81
45,82
45,83
43,84
43,85
119,86
119,87
43,88
45,89
43,90
57,91
119,92
45,93
119,94
57,95
119,96
57,97
119,98
57,99
119,100
57,101
43,102
57,103
43,104
105,105
109,106
57,107
31,108
105,109
31,110
57,111
43,112
119,113
104,114
119,115
102,116
57,117
119,118
57,119
43,60
45,61
119,62
57,63
57,64
43,65
93,66
119,67
104,68
119,69
119,70
57,71
46,72
45,73
45,74
43,75
57,76
45,77
45,78
57,79
43,80
45,81
45,82
45,83
43,84
45,85
119,86
57,87
43,88
43,89
45,90
57,91
119,92
119,93
119,94
57,95
119,96
57,97
119,98
57,99
119,100
119,101
104,102
119,103
57,104
57,105
57,106
57,107
57,108
57,109
57,110
57,111
57,112
119,113
57,114
57,115
57,116
57,117
57,118
57,119
45,60
43,61
43,62
119,63
57,64
57,65
119,66
102,67
57,68
57,69
102,70
45,71
45,72
45,73
45,74
43,75
104,76
109,77
57,78
102,79
57,80
104,81
104,82
45,83
45,84
57,85
57,86
109,87
119,88
119,89
57,90
57,91
119,92
43,93
93,94
57,95
119,96
43,97
119,98
109,99
119,100
119,101
109,102
119,103
57,104
57,105
57,106
119,107
57,108
57,109
104,110
119,111
119,112
119,113
45,114
57,115
119,116
57,117
119,118
57,119
45,60
43,61
57,62
57,63
57,64
57,65
57,66
57,67
57,68
57,69
57,70
57,71
45,72
45,73
45,74
43,75
45,76
43,77
45,78
100,79
57,80
43,81
57,82
45,83
30,84
43,85
45,86
57,87
30,88
57,89
57,90
57,91
57,92
57,93
57,94
57,95
119,96
57,97
57,98
57,99
57,100
57,101
57,102
57,103
30,104
57,105
57,106
57,107
54,108
57,109
45,110
57,111
57,112
44,113
53,114
54,115
57,116
57,117
57,118
57,119
45,60
45,61
45,62
57,63
57,64
57,65
30,66
119,67
57,68
57,69
30,70
57,71
45,72
43,73
43,74
43,75
43,76
43,77
43,78
57,79
93,80
43,81
45,82
45,83
93,84
45,85
57,86
57,87
57,88
57,89
43,90
100,91
57,92
93,93
57,94
57,95
119,96
57,97
57,98
100,99
55,100
57,101
93,102
119,103
30,104
57,105
45,106
45,107
57,108
57,109
45,110
57,111
57,112
116,113
57,114
57,115
45,116
57,117
100,118
57,119
45,60
45,61
45,62
57,63
57,64
57,65
57,66
57,67
45,68
57,69
45,70
93,71
45,72
30,73
43,74
43,75
57,76
45,77
45,78
57,79
24,80
43,81
43,82
43,83
57,84
43,85
45,86
45,87
57,88
57,89
43,90
57,91
57,92
57,93
119,94
57,95
119,96
57,97
57,98
30,99
119,100
30,101
57,102
119,103
31,104
57,105
45,106
57,107
57,108
57,109
45,110
57,111
57,112
14,113
100,114
119,115
45,116
57,117
57,118
57,119
43,60
43,61
45,62
57,63
57,64
57,65
30,66
57,67
57,68
57,69
57,70
57,71
45,72
43,73
57,74
43,75
57,76
43,77
43,78
57,79
31,80
45,81
45,82
45,83
43,84
45,85
57,86
57,87
30,88
45,89
43,90
45,91
57,92
43,93
57,94
57,95
119,96
57,97
57,98
44,99
119,100
57,101
103,102
45,103
57,104
57,105
54,106
57,107
57,108
57,109
54,110
57,111
57,112
44,113
54,114
45,115
54,116
57,117
45,118
57,119
45,60
45,61
43,62
57,63
57,64
57,65
57,66
57,67
43,68
89,69
57,70
57,71
57,72
57,73
57,74
57,75
57,76
57,77
45,78
100,79
57,80
57,81
57,82
57,83
30,84
45,85
43,86
57,87
57,88
57,89
57,90
57,91
57,92
57,93
57,94
57,95
119,96
57,97
57,98
44,99
57,100
57,101
103,102
119,103
57,104
57,105
57,106
57,107
44,108
119,109
100,110
119,111
57,112
119,113
57,114
45,115
30,116
57,117
57,118
57,119
43,60
57,61
45,62
57,63
57,64
45,65
43,66
103,67
57,68
104,69
45,70
43,71
45,72
43,73
43,74
45,75
57,76
43,77
45,78
57,79
104,80
45,81
45,82
43,83
57,84
43,85
57,86
119,87
43,88
57,89
43,90
57,91
57,92
119,93
57,94
57,95
119,96
57,97
57,98
93,99
119,100
43,101
93,102
45,103
30,104
57,105
57,106
57,107
57,108
100,109
54,110
57,111
57,112
57,113
100,114
57,115
57,116
57,117
57,118
57,119
45,0
43,1
43,2
45,3
45,4
57,5
57,6
57,7
57,8
45,9
45,10
40,11
40,12
57,13
57,14
45,15
57,16
43,17
43,18
43,19
45,20
119,21
45,22
57,23
31,24
57,25
57,26
57,27
40,28
43,29
45,30
45,31
45,32
30,33
57,34
30,35
57,36
30,37
45,38
45,39
45,40
57,41
57,42
57,43
57,44
45,45
43,46
45,47
43,48
119,49
31,50
57,51
57,52
57,53
119,54
57,55
30,56
57,57
119,58
57,59
43,0
43,1
43,2
46,3
30,4
57,5
119,6
30,7
57,8
53,9
45,10
43,11
45,12
57,13
57,14
57,15
57,16
43,17
43,18
119,19
119,20
119,21
119,22
57,23
57,24
57,25
57,26
45,27
45,28
30,29
43,30
43,31
30,32
43,33
57,34
31,35
43,36
119,37
45,38
45,39
43,40
57,41
57,42
43,43
57,44
30,45
43,46
57,47
43,48
119,49
57,50
57,51
57,52
104,53
57,54
119,55
57,56
57,57
57,58
57,59
46,0
40,1
45,2
45,3
30,4
119,5
45,6
57,7
57,8
57,9
45,10
30,11
43,12
57,13
57,14
57,15
57,16
45,17
30,18
45,19
45,20
119,21
45,22
103,23
45,24
57,25
57,26
45,27
40,28
30,29
45,30
45,31
45,32
45,33
57,34
93,35
57,36
45,37
45,38
45,39
45,40
57,41
30,42
45,43
57,44
57,45
43,46
57,47
45,48
57,49
119,50
57,51
57,52
57,53
57,54
57,55
57,56
57,57
119,58
119,59
43,0
43,1
43,2
45,3
57,4
57,5
43,6
119,7
119,8
45,9
45,10
43,11
45,12
57,13
57,14
57,15
57,16
43,17
43,18
119,19
119,20
119,21
119,22
57,23
57,24
57,25
57,26
45,27
40,28
45,29
43,30
45,31
43,32
43,33
57,34
53,35
45,36
119,37
45,38
45,39
43,40
57,41
57,42
43,43
57,44
30,45
93,46
57,47
119,48
57,49
57,50
57,51
43,52
102,53
57,54
57,55
57,56
57,57
57,58
57,59
43,0
45,1
43,2
43,3
30,4
57,5
57,6
119,7
119,8
43,9
43,10
45,11
40,12
45,13
57,14
30,15
57,16
43,17
43,18
45,19
45,20
119,21
45,22
57,23
57,24
57,25
57,26
45,27
40,28
30,29
45,30
45,31
45,32
57,33
57,34
31,35
57,36
43,37
45,38
45,39
45,40
57,41
57,42
43,43
57,44
45,45
43,46
45,47
43,48
57,49
53,50
57,51
57,52
57,53
57,54
57,55
30,56
53,57
57,58
57,59
43,0
45,1
43,2
45,3
30,4
119,5
57,6
119,7
57,8
43,9
45,10
45,11
45,12
57,13
57,14
119,15
57,16
45,17
43,18
43,19
57,20
119,21
58,22
93,23
57,24
119,25
119,26
45,27
43,28
30,29
57,30
57,31
57,32
46,33
119,34
103,35
43,36
119,37
45,38
45,39
119,40
119,41
57,42
43,43
57,44
119,45
93,46
57,47
43,48
102,49
103,50
45,51
57,52
57,53
119,54
57,55
57,56
102,57
102,58
119,59
45,0
43,1
43,2
119,3
55,4
57,5
119,6
57,7
57,8
43,9
43,10
43,11
43,12
119,13
119,14
119,15
119,16
45,17
43,18
43,19
119,20
119,21
53,22
57,23
53,24
57,25
55,26
43,27
43,28
57,29
119,30
45,31
43,32
45,33
54,34
53,35
45,36
43,37
45,38
45,39
102,40
57,41
57,42
45,43
30,44
57,45
43,46
57,47
45,48
57,49
57,50
57,51
57,52
57,53
119,54
57,55
57,56
57,57
53,58
57,59
104,0
104,1
53,2
119,3
109,4
57,5
119,6
57,7
119,8
45,9
43,10
43,11
43,12
119,13
119,14
119,15
119,16
45,17
45,18
43,19
43,20
119,21
119,22
55,23
57,24
57,25
57,26
43,27
43,28
57,29
119,30
43,31
43,32
43,33
54,34
53,35
45,36
119,37
45,38
45,39
43,40
57,41
57,42
119,43
57,44
57,45
119,46
57,47
57,48
57,49
57,50
57,51
57,52
57,53
57,54
57,55
57,56
57,57
55,58
57,59
45,0
43,1
57,4
119,5
119,6
57,7
57,8
45,9
57,10
24,12
119,13
119,14
119,15
57,16
57,17
57,18
119,21
57,22
55,23
53,24
57,25
55,26
43,27
30,28
57,29
119,30
57,31
57,32
45,33
55,34
45,36
119,37
45,38
45,39
43,40
119,41
119,42
43,43
53,44
57,45
57,46
57,47
45,48
57,49
109,50
57,51
57,52
57,53
119,54
57,55
57,56
57,57
57,58
57,59
43,0
43,1
104,2
119,3
57,4
119,5
119,6
57,7
119,8
57,9
43,10
43,11
45,12
57,13
119,14
119,15
119,16
43,17
43,18
43,19
119,20
119,21
119,22
57,23
57,24
57,25
57,26
43,27
43,28
43,29
119,30
104,31
45,32
45,33
57,34
57,35
43,36
119,37
45,38
119,39
43,40
119,41
57,42
119,43
57,44
57,45
119,46
57,47
45,48
57,49
57,50
57,51
109,52
109,53
57,54
57,55
57,56
57,57
57,58
57,59
43,0
43,1
43,2
119,3
55,4
57,5
119,6
57,7
57,8
40,9
43,10
43,11
46,12
119,13
119,14
57,15
57,16
43,17
43,18
43,19
119,20
119,21
119,22
55,23
57,24
55,25
54,26
43,27
45,28
53,29
119,30
43,31
43,32
45,33
57,34
55,35
45,36
119,37
45,38
119,39
104,40
57,41
119,42
43,43
43,44
57,45
43,46
57,47
45,48
57,49
57,50
57,51
57,52
57,53
57,54
57,55
57,56
57,57
57,58
116,59
106,0
102,1
119,2
119,3
57,4
119,5
119,6
119,7
57,8
57,9
57,10
104,11
104,12
119,13
119,14
119,15
57,16
57,17
43,18
57,19
57,20
119,21
104,22
102,23
57,24
102,25
102,26
57,27
102,28
104,29
57,30
104,31
45,32
45,33
119,34
30,35
45,36
104,37
45,38
43,39
104,40
57,41
119,42
104,43
57,44
119,45
119,46
119,47
57,48
57,49
57,50
57,51
57,52
57,53
119,54
57,55
57,56
119,57
57,58
55,59
45,0
93,1
57,2
57,3
54,4
57,5
57,6
54,7
100,8
45,9
43,10
43,11
43,12
57,13
57,14
54,15
57,16
45,17
45,18
57,19
57,20
119,21
57,22
100,23
57,24
100,25
100,26
43,27
43,28
57,29
57,30
43,31
93,32
57,33
54,34
57,35
45,36
57,37
93,38
57,39
57,40
45,41
100,42
57,43
14,44
100,45
57,46
57,47
45,48
57,49
57,50
57,51
57,52
57,53
57,54
57,55
57,56
45,57
54,58
45,59
43,0
57,1
43,2
119,3
69,4
57,5
119,6
57,7
44,8
45,9
43,10
43,11
43,12
57,13
57,14
57,15
57,16
45,17
43,18
57,19
57,20
119,21
119,22
53,23
57,24
100,25
57,26
43,27
43,28
43,29
57,30
43,31
43,32
43,33
54,34
57,35
45,36
43,37
43,38
57,39
57,40
45,41
57,42
43,43
57,44
57,45
43,46
57,47
45,48
57,49
14,50
54,51
57,52
57,53
57,54
45,55
57,56
57,57
57,58
57,59
45,0
30,1
57,2
57,3
54,4
57,5
57,6
57,7
57,8
57,9
57,10
57,11
24,12
57,13
57,14
57,15
119,16
45,17
45,18
45,19
57,20
119,21
57,22
57,23
57,24
57,25
57,26
45,27
30,28
57,29
57,30
24,31
57,32
45,33
100,34
14,35
45,36
45,37
45,38
57,39
57,40
57,41
57,42
57,43
30,44
57,45
45,46
111,47
57,48
57,49
57,50
57,51
57,52
57,53
57,54
57,55
57,56
14,57
57,58
57,59
45,0
30,1
57,2
119,3
57,4
57,5
119,6
100,7
57,8
43,9
43,10
43,11
43,12
57,13
57,14
57,15
57,16
43,17
43,18
57,19
57,20
119,21
43,22
14,23
57,24
57,25
100,26
43,27
43,28
43,29
57,30
43,31
93,32
43,33
57,34
68,35
45,36
57,37
93,38
57,39
57,40
45,41
57,42
30,43
57,44
57,45
119,46
57,47
45,48
57,49
44,50
57,51
57,52
57,53
119,54
57,55
57,56
45,57
57,58
57,59
45,0
43,1
30,2
43,3
57,4
57,5
119,6
57,7
14,8
43,9
43,10
45,11
43,12
57,13
57,14
57,15
57,16
45,17
45,18
45,19
57,20
119,21
45,22
14,23
30,24
14,25
57,26
43,27
45,28
43,29
57,30
43,31
31,32
45,33
57,34
103,35
45,36
57,37
45,38
45,39
57,40
14,41
57,42
45,43
57,44
14,45
45,46
108,47
45,48
57,49
100,50
57,51
14,52
31,53
57,54
57,55
57,56
57,57
57,59
30,0
43,1
43,2
43,3
57,4
57,5
119,6
57,7
57,8
45,9
43,10
43,11
43,12
57,13
57,14
55,15
57,16
45,17
45,18
45,19
43,20
119,21
43,22
43,23
119,24
57,25
57,26
45,27
43,28
45,29
119,30
45,31
45,32
45,33
57,34
30,35
45,36
57,37
43,38
45,39
30,40
57,41
57,42
43,43
57,44
93,45
31,46
57,47
43,48
54,49
57,50
100,51
31,52
57,53
57,54
57,55
100,56
57,57
57,58
100,59
30,0
43,1
30,2
30,3
43,4
57,5
57,6
57,7
57,8
45,9
43,10
43,11
45,12
57,13
57,14
57,15
57,16
45,17
45,18
43,19
57,20
119,21
57,22
57,23
31,24
57,25
57,26
30,27
45,28
43,29
57,30
57,31
45,32
45,33
57,34
53,35
43,36
30,37
45,38
45,39
57,40
57,41
57,42
43,43
30,44
31,45
57,46
57,47
57,48
57,49
57,50
57,51
57,52
57,53
57,54
57,55
57,56
57,57
57,58
57,59
45,0
43,1
57,2
45,3
57,4
57,5
119,6
57,7
119,8
43,9
57,10
43,11
43,12
57,13
57,14
57,15
119,16
104,17
43,18
119,19
119,20
119,21
119,22
57,23
119,24
119,25
57,26
43,27
43,28
53,29
57,30
57,31
119,32
104,33
57,34
55,35
119,36
119,37
45,38
57,39
57,40
57,41
57,42
119,43
43,44
57,45
119,46
45,47
119,48
57,49
57,50
57,51
57,52
57,53
119,54
57,55
57,56
57,57
55,58
57,59
30,0
43,1
45,2
45,3
43,4
119,5
57,6
57,7
57,8
30,9
57,10
45,11
45,12
119,13
119,14
57,15
57,16
43,17
45,18
119,19
57,20
119,21
45,22
55,23
102,24
58,25
57,26
43,27
43,28
43,29
57,30
57,31
57,32
45,33
57,34
55,35
43,36
43,37
45,38
57,39
119,40
57,41
119,42
31,43
30,44
102,45
45,46
119,47
57,48
57,49
57,50
57,51
15,52
57,53
119,54
57,55
57,56
57,57
57,58
57,59
43,0
43,1
57,2
43,3
57,4
119,5
55,6
119,7
57,8
43,9
57,10
43,11
43,12
119,13
119,14
57,15
57,16
104,17
43,18
119,19
119,20
119,21
119,22
57,23
57,24
119,25
57,26
43,27
45,28
88,29
119,30
43,31
45,32
45,33
100,34
55,35
57,36
119,37
45,38
119,39
43,40
57,41
57,42
53,43
31,44
57,45
57,46
57,47
119,48
57,49
57,50
57,51
53,52
57,53
119,54
57,55
57,56
57,57
57,58
57,59
43,0
43,1
43,2
119,3
43,4
57,5
57,6
119,7
119,8
45,9
43,10
45,11
43,12
57,13
57,14
57,15
57,16
43,17
43,18
119,19
119,20
119,21
43,22
57,23
102,24
57,25
57,26
43,27
45,28
43,29
57,30
104,31
45,32
45,33
57,34
55,35
43,36
43,37
45,38
45,39
45,40
57,41
57,42
43,43
43,44
57,45
43,46
57,47
119,48
57,49
57,50
57,51
55,52
57,53
57,54
57,55
57,56
57,57
57,58
57,59
57,0
57,1
57,2
57,3
57,4
119,5
57,6
57,7
119,8
57,9
57,10
57,11
43,12
119,13
119,14
119,15
119,16
57,17
57,18
119,19
119,20
119,21
119,22
57,23
57,24
119,25
55,26
57,27
102,28
57,29
57,30
57,31
57,32
57,33
119,34
103,35
119,36
43,37
45,38
45,39
119,40
119,41
119,42
43,43
102,44
102,45
119,46
119,47
57,48
57,49
57,50
57,51
57,52
57,53
57,54
57,55
57,57
57,58
57,59
43,0
43,1
43,2
43,3
45,4
57,5
57,6
57,7
57,8
45,9
57,10
57,11
45,12
119,13
57,14
119,15
57,16
43,17
45,18
119,19
119,20
119,21
104,22
55,23
53,24
57,25
57,26
30,27
43,28
43,29
43,30
104,31
45,32
45,33
57,34
55,35
45,36
43,37
45,38
45,39
30,40
100,41
100,42
43,43
57,44
57,45
57,46
57,47
57,48
57,49
57,50
57,51
57,52
57,53
57,54
57,55
57,56
57,57
55,58
57,59
43,0
43,1
57,2
119,3
43,4
57,5
119,6
57,7
57,8
43,9
43,10
43,11
45,12
57,13
57,14
57,15
119,16
45,17
43,18
119,19
57,20
119,21
104,22
57,23
57,24
119,25
57,26
43,27
43,28
30,29
43,30
43,31
57,32
57,33
57,34
93,35
57,36
104,37
45,38
43,39
57,40
116,41
57,42
43,43
43,44
57,45
43,46
57,47
104,48
57,49
57,50
57,51
43,52
43,53
57,54
57,55
57,56
57,57
57,58
57,59
45,0
57,1
45,2
43,3
43,4
119,5
57,6
57,7
57,8
45,9
45,10
30,11
45,12
57,13
119,14
119,15
119,16
57,17
45,18
119,19
45,20
45,21
43,22
57,23
31,24
57,25
57,26
45,27
45,28
43,29
45,30
45,31
45,32
45,33
57,34
53,35
45,36
43,37
45,38
57,39
30,40
57,41
55,42
45,43
57,44
43,45
43,46
57,47
45,48
57,49
57,50
57,51
57,52
57,53
119,54
57,55
57,56
57,57
57,58
57,59
43,0
45,1
43,2
57,3
93,4
119,5
119,6
57,7
57,8
46,9
43,10
43,11
43,12
45,13
57,14
57,15
57,16
43,17
43,18
53,19
57,20
119,21
104,22
57,23
57,24
57,25
57,26
43,27
43,28
43,29
43,30
45,31
43,32
45,33
45,34
57,35
45,36
43,37
43,38
45,39
57,40
57,41
57,42
43,43
31,44
57,45
57,46
57,47
43,48
57,49
57,50
57,51
43,52
43,53
57,54
57,55
57,56
100,57
57,58
57,59
43,0
43,1
43,2
43,3
43,4
57,5
57,6
57,7
57,8
45,9
40,10
45,11
43,12
119,13
57,14
57,15
104,16
43,17
45,18
119,19
119,20
119,21
104,22
55,23
57,24
57,25
57,26
43,27
43,28
43,29
43,30
104,31
43,32
45,33
45,34
57,35
57,36
119,37
45,38
104,39
30,40
57,41
57,42
30,43
57,44
57,45
43,46
57,47
43,48
57,49
57,50
57,51
57,52
57,53
57,54
57,55
45,56
57,57
57,58
57,59
45,0
45,1
43,2
104,3
43,4
57,5
119,6
57,7
57,8
45,9
45,10
43,11
57,12
57,13
57,14
57,15
57,16
45,17
45,18
119,19
57,20
57,21
119,22
57,23
57,24
119,25
119,26
104,27
45,28
24,29
45,30
45,31
57,32
57,33
57,34
55,35
45,36
119,37
45,38
45,39
119,40
57,41
57,42
102,43
57,44
93,45
43,46
57,47
119,48
119,49
57,50
119,51
31,52
31,53
57,54
57,55
57,56
57,57
57,58
57,59
57,0
57,1
45,2
57,3
57,4
57,5
57,6
57,7
57,8
45,9
57,10
57,11
43,12
57,13
57,14
57,15
57,16
45,17
57,18
57,19
57,20
45,21
57,22
57,23
30,24
57,25
57,26
43,27
45,28
57,29
57,30
45,31
93,32
43,33
45,34
57,35
57,36
31,37
45,38
57,39
57,40
54,41
14,42
57,43
57,44
57,45
57,46
57,47
57,48
57,49
57,50
100,51
57,52
57,53
57,54
57,55
57,56
57,57
54,58
54,59
43,0
43,1
43,2
119,3
30,4
57,5
57,6
57,7
57,8
45,9
57,10
57,11
57,12
57,13
57,14
57,15
57,16
30,17
30,18
119,19
57,20
45,21
57,22
57,23
57,24
57,25
57,26
43,27
43,28
30,29
45,30
45,31
43,32
45,33
57,34
30,35
45,36
43,37
57,38
57,39
57,40
45,41
57,42
43,43
57,44
57,45
119,46
57,47
119,48
57,49
57,50
57,51
45,52
57,53
57,54
57,55
57,56
57,57
57,58
57,59
43,0
57,1
20,2
43,3
30,4
57,5
57,6
57,7
57,8
57,9
57,10
30,11
57,12
57,13
57,14
57,15
119,16
57,17
45,18
45,19
57,20
45,21
57,22
57,23
57,24
57,25
57,26
43,27
40,28
57,29
57,30
57,31
57,32
43,33
14,34
31,35
43,36
30,37
45,38
57,39
57,40
57,41
57,42
119,43
30,44
103,45
57,46
57,47
57,48
57,49
57,50
57,51
14,52
57,53
57,54
57,55
100,56
57,57
57,58
57,59
103,0
43,1
45,2
57,3
30,4
57,5
57,6
100,7
57,8
45,9
57,10
45,11
57,12
57,13
57,14
57,15
57,16
45,17
30,18
57,19
57,20
45,21
57,22
14,23
57,24
57,25
57,26
43,27
45,28
53,29
30,30
45,31
31,32
45,33
57,34
57,35
57,36
30,37
57,38
57,39
57,40
100,41
57,42
45,43
57,44
57,45
45,46
57,47
57,48
57,49
100,50
57,51
57,52
31,53
57,54
57,55
57,56
57,57
45,58
45,59
45,0
57,1
57,2
119,3
57,4
14,5
119,6
14,7
57,8
45,9
119,10
57,11
45,12
57,13
57,14
45,15
119,16
43,17
43,18
43,19
43,20
45,21
45,22
57,23
57,24
57,25
57,26
43,27
45,28
57,29
31,30
43,31
45,32
45,33
57,34
57,35
57,36
103,37
45,38
57,39
57,40
57,41
57,42
103,43
57,44
14,45
57,46
57,47
43,48
57,49
57,50
45,51
57,52
45,53
57,54
57,55
57,56
100,57
45,58
100,59
43,0
43,1
45,2
43,3
30,4
57,5
57,6
57,7
57,8
45,9
57,10
57,11
57,12
57,13
57,14
57,15
57,16
57,17
57,18
45,19
45,20
45,21
57,22
57,23
57,24
57,25
57,26
45,27
43,28
57,29
43,30
45,31
45,32
45,33
57,34
57,35
43,36
57,37
45,38
57,39
57,40
57,41
57,42
43,43
30,44
30,45
43,46
57,47
43,48
45,49
57,50
57,51
43,52
43,53
57,54
57,55
57,56
57,57
57,58
45,59
43,0
45,1
43,2
43,3
53,4
57,5
119,6
119,7
119,8
43,9
43,10
45,11
45,12
57,13
57,14
57,15
45,16
45,17
45,18
53,19
119,20
119,21
43,22
57,23
57,24
57,25
57,26
45,27
45,28
40,29
43,30
57,31
45,32
43,33
57,34
53,35
45,36
119,37
45,38
45,39
57,40
57,41
57,42
43,43
30,44
102,45
43,46
57,47
45,48
57,49
57,50
119,51
69,52
53,53
57,54
57,55
57,56
57,57
57,58
57,59
43,0
43,1
43,2
119,3
43,4
119,5
119,6
119,7
57,8
45,9
43,10
43,11
45,12
57,13
119,14
119,15
45,16
43,17
43,18
43,19
119,20
119,21
119,22
57,23
119,24
57,25
57,26
57,27
43,28
45,29
43,30
45,31
45,32
93,33
119,34
53,35
45,36
119,37
93,38
43,39
102,40
119,41
57,42
43,43
30,44
119,45
43,46
57,47
45,48
119,49
102,50
119,51
109,52
43,53
57,54
57,55
57,56
57,57
119,58
57,59
43,0
45,1
45,2
45,3
88,4
119,5
119,6
119,7
119,8
45,9
57,10
57,12
119,13
119,14
45,15
57,16
57,17
45,18
57,19
45,20
119,21
45,22
57,23
57,24
119,25
119,26
45,27
45,28
57,29
30,30
57,31
45,32
53,33
119,34
53,35
45,36
43,37
45,38
57,39
45,40
119,41
119,42
93,43
93,44
93,45
45,46
57,47
45,48
57,49
102,50
119,51
53,52
57,53
57,54
57,55
57,56
57,57
109,58
119,59
43,0
45,1
43,2
119,3
88,4
119,5
119,6
57,7
119,8
43,9
43,10
43,11
45,12
119,13
119,14
57,15
57,16
43,17
45,18
45,19
104,20
119,21
43,22
57,23
57,24
57,25
119,26
43,27
45,28
53,29
104,30
45,31
45,32
43,33
57,34
109,35
45,36
104,37
93,38
119,39
102,40
119,41
119,42
45,43
30,44
119,45
43,46
57,47
45,48
109,49
102,50
57,51
104,52
69,53
57,54
57,55
102,56
57,57
57,58
57,59
43,0
45,1
119,2
119,3
57,4
119,5
119,6
119,7
119,8
53,9
45,10
45,11
45,12
57,13
57,14
57,15
57,16
43,17
36,18
119,19
119,20
119,21
119,22
57,23
119,24
57,25
57,26
45,27
45,28
103,29
43,30
104,31
45,32
43,33
57,34
57,35
43,36
119,37
45,38
43,39
104,40
57,41
119,42
53,43
30,44
57,45
43,46
57,47
45,48
57,49
57,50
57,51
109,52
57,53
57,54
57,55
93,56
93,57
57,58
57,59
45,0
57,1
57,2
119,3
53,4
119,5
119,6
119,7
119,8
45,9
57,10
57,11
119,13
119,14
117,15
105,16
55,17
48,18
119,19
119,20
45,21
57,22
119,23
57,24
119,25
102,26
119,27
57,28
119,29
102,30
45,31
119,32
57,33
57,34
102,35
57,36
102,37
102,38
43,39
119,40
119,41
57,42
45,43
57,44
45,45
45,46
57,47
45,48
119,49
119,50
119,51
57,52
102,53
119,54
119,55
57,56
57,57
57,58
57,59
57,0
45,1
57,2
43,3
43,4
119,5
119,6
57,7
57,8
104,9
43,10
43,11
43,12
57,13
57,14
119,15
119,16
45,17
45,18
119,19
43,20
119,21
119,22
109,23
55,24
58,25
55,26
43,27
43,28
57,29
104,30
43,31
43,32
45,33
57,34
55,35
45,36
43,37
45,38
57,39
30,40
57,41
57,42
43,43
30,44
57,45
57,46
119,47
104,48
57,49
57,50
102,51
102,52
53,53
57,54
57,55
57,56
57,57
57,58
57,59
57,0
57,1
104,2
119,3
102,4
119,5
55,6
57,7
102,8
57,9
45,10
45,11
43,12
119,13
57,14
119,15
119,16
45,17
45,18
43,19
43,20
119,21
45,22
57,23
102,24
57,25
57,26
43,27
102,28
43,29
45,30
102,31
43,32
45,33
57,34
57,35
45,36
106,37
57,38
119,39
119,40
57,41
119,42
119,43
57,44
54,45
119,46
57,47
119,48
55,49
57,50
57,51
104,52
53,53
57,54
57,55
57,56
57,57
57,58
57,59
57,0
57,1
57,2
104,3
58,4
119,5
119,6
58,7
119,8
104,9
119,10
104,11
57,12
57,13
106,14
119,15
119,16
57,17
119,18
109,23
58,24
58,25
58,26
57,27
104,28
88,29
119,30
57,31
119,32
57,33
57,34
57,35
119,36
119,37
104,38
57,39
58,40
57,41
119,42
43,43
102,44
57,45
57,46
57,47
57,48
93,49
57,50
57,51
119,52
69,53
57,54
57,55
57,56
57,57
58,58
57,59
104,0
45,1
104,2
119,3
104,4
57,5
55,6
57,7
102,8
57,9
43,10
43,11
43,12
119,13
57,14
119,15
57,16
43,17
43,18
104,19
43,20
119,21
119,22
57,23
57,24
55,25
55,26
43,27
43,28
43,29
104,30
104,31
43,32
43,33
54,34
55,35
43,36
104,37
43,38
119,39
104,40
55,41
119,42
104,43
43,44
57,45
104,46
57,47
119,48
57,49
58,50
57,51
102,52
53,53
119,54
109,55
57,56
57,57
55,58
57,59
43,0
45,1
43,2
43,3
53,4
119,5
104,6
57,7
57,8
43,9
43,10
45,11
45,12
119,13
57,14
57,15
119,16
43,17
43,18
43,19
43,20
119,21
43,22
55,23
57,24
57,25
57,26
45,27
43,28
30,29
45,30
45,31
45,32
43,33
57,34
55,35
57,36
104,37
43,38
119,39
102,40
55,41
119,42
119,43
43,44
57,45
57,46
57,47
119,48
119,49
57,50
57,51
102,52
57,53
119,54
57,55
57,56
57,57
57,58
116,59
45,0
119,1
119,2
57,3
57,4
119,5
57,6
58,7
58,8
119,9
43,10
57,11
104,12
119,13
57,14
119,15
119,16
57,17
119,18
119,19
119,20
119,21
119,22
58,23
102,24
55,25
55,26
102,27
102,28
119,29
43,30
45,31
57,32
57,33
57,34
57,35
58,36
57,37
57,38
43,39
119,40
119,41
119,42
119,43
119,44
119,45
119,46
119,47
57,48
93,49
57,50
109,51
102,52
57,53
57,54
57,55
119,56
57,57
57,58
57,59
45,0
30,1
43,2
45,3
103,4
45,5
57,6
93,7
119,8
45,9
45,10
45,11
45,12
57,13
57,14
57,15
57,16
45,17
45,18
43,19
45,20
119,21
119,22
31,23
30,24
31,25
31,26
45,27
43,28
45,29
57,30
45,31
45,32
45,33
57,34
102,35
45,36
43,37
45,38
45,39
43,40
57,41
30,42
43,43
30,44
43,45
45,46
45,47
43,48
119,49
57,50
57,51
57,52
57,53
57,54
57,55
57,56
56,57
116,58
57,59
40,0
53,1
43,2
45,3
93,4
57,5
119,6
57,7
57,8
57,9
40,10
45,11
45,12
45,13
57,14
57,15
57,16
43,17
43,18
57,19
57,20
119,21
45,22
57,23
57,24
53,25
119,26
45,27
45,28
89,29
57,30
45,31
43,32
119,33
57,34
119,35
119,36
119,37
45,38
57,39
103,40
119,41
119,42
43,43
45,44
30,45
45,46
45,47
57,48
57,49
57,50
57,51
57,52
57,53
57,54
57,55
57,56
57,57
57,58
57,59
45,0
30,1
30,2
45,3
53,4
57,5
57,6
119,7
53,8
57,9
57,10
45,11
57,12
119,13
119,14
57,15
45,16
45,19
45,20
119,21
57,22
103,23
53,24
53,25
30,26
45,27
45,28
57,29
93,30
57,31
93,32
45,33
119,34
93,35
45,36
43,37
45,38
57,39
45,40
102,41
119,42
45,43
30,44
43,45
45,46
57,47
45,48
57,49
109,50
57,51
109,52
57,53
57,54
57,55
57,56
57,57
102,58
57,59
43,0
53,1
43,2
43,3
93,4
57,5
104,6
57,7
93,8
45,9
45,10
57,11
45,12
57,13
57,14
57,15
57,16
45,17
43,18
45,19
45,20
119,21
119,22
93,23
30,24
102,25
89,26
45,27
45,28
40,29
88,30
104,31
104,32
40,33
57,34
45,35
45,36
43,37
43,38
45,39
40,40
102,41
53,42
45,43
45,44
45,45
45,46
45,47
119,48
57,49
57,50
57,51
57,52
57,53
57,54
57,55
57,56
57,57
57,58
57,59
45,0
43,1
43,2
45,3
93,4
57,5
119,6
119,7
45,8
45,9
45,10
45,11
45,12
119,13
57,14
57,15
119,16
45,17
45,18
45,19
45,20
119,21
119,22
88,23
53,24
53,25
119,26
45,27
45,28
119,29
43,30
43,31
43,32
45,33
57,34
31,35
45,36
43,37
45,38
45,39
93,40
102,41
119,42
43,43
45,44
57,45
45,46
45,47
57,48
57,49
57,50
57,51
57,52
57,53
57,54
57,55
57,56
57,57
56,58
57,59
57,0
45,1
45,2
46,3
93,4
119,5
119,6
53,7
57,8
57,9
57,10
40,11
57,12
57,13
57,14
45,15
57,16
43,17
43,18
57,19
57,20
119,21
45,22
43,23
93,24
119,25
45,26
45,27
45,28
55,29
45,30
57,31
43,32
43,33
57,34
119,35
119,36
30,37
45,38
45,39
119,40
45,41
45,42
93,43
57,44
45,45
45,46
57,47
57,48
57,49
109,50
57,51
57,52
57,53
57,54
119,55
57,56
119,57
57,58
57,59
45,0
35,1
43,2
45,3
93,4
119,5
119,6
119,7
119,8
45,9
43,10
57,11
43,12
45,13
57,14
57,15
57,16
45,17
45,18
45,19
45,20
119,21
43,22
88,23
30,24
102,25
102,26
45,27
45,28
30,29
45,30
45,31
30,32
45,33
57,34
93,35
45,36
43,37
45,38
45,39
45,40
119,41
119,42
45,43
30,44
93,45
45,46
119,47
45,48
57,49
119,50
119,51
43,52
53,53
57,54
119,55
102,56
119,57
109,58
119,59
43,0
43,1
43,2
45,3
102,4
119,5
119,6
57,7
53,8
43,9
57,10
57,11
45,12
57,13
57,14
57,15
119,16
45,17
43,18
45,19
45,20
119,21
119,22
102,23
119,24
102,25
102,26
30,27
45,28
57,29
119,30
45,31
43,32
43,33
119,34
88,35
43,36
43,37
45,38
57,39
45,40
102,41
119,42
45,43
57,44
57,45
45,46
57,47
45,48
57,49
102,50
57,51
102,52
109,53
57,54
119,55
57,56
57,57
102,58
102,59
45,0
45,1
45,2
45,3
30,4
119,5
57,6
57,12
57,13
57,14
45,15
45,16
45,17
45,18
45,19
45,20
119,21
45,22
30,23
45,24
57,25
57,26
45,27
53,28
105,29
57,30
45,31
45,32
57,33
119,34
102,35
45,36
119,37
45,38
45,39
119,40
53,41
119,42
30,43
57,44
30,45
119,46
57,47
45,48
102,50
119,51
57,52
57,53
57,54
119,55
93,56
119,57
102,58
119,59
43,0
43,1
43,2
45,3
93,4
119,5
119,6
57,7
45,8
45,9
43,10
45,11
45,12
57,13
57,14
119,15
57,16
45,17
45,18
45,19
43,20
119,21
104,22
93,23
57,24
102,25
102,26
45,27
45,28
45,29
104,30
104,31
53,32
45,33
119,34
102,35
53,36
43,37
45,38
104,39
45,40
102,41
119,42
45,43
45,44
43,45
45,46
45,47
45,48
104,49
102,50
119,51
93,52
104,53
119,54
57,55
102,56
57,57
119,58
119,59
45,0
35,1
43,2
45,3
102,4
119,5
57,6
57,7
93,8
45,9
45,10
45,11
45,12
57,13
57,14
57,15
57,16
43,17
45,18
45,19
45,20
119,21
43,22
102,23
57,24
57,25
57,26
43,27
43,28
40,29
43,30
104,31
43,32
45,33
119,34
102,35
43,36
119,37
45,38
119,39
45,40
119,41
119,42
43,43
30,44
31,45
45,46
57,47
45,48
104,49
102,50
102,51
43,52
102,53
119,54
102,55
102,56
102,57
58,58
119,59
119,0
53,1
119,2
45,3
102,4
119,5
119,6
119,7
119,8
57,9
57,10
57,11
45,12
57,13
57,14
57,15
57,16
45,17
45,18
57,19
57,20
119,21
43,22
102,23
45,24
102,25
119,26
30,27
43,28
57,29
119,30
45,31
102,32
57,33
119,34
102,35
45,36
119,37
57,38
57,39
45,40
102,41
119,42
45,43
119,44
45,45
45,46
57,47
45,48
102,49
102,50
57,51
102,52
57,53
119,54
102,55
57,56
57,57
119,58
57,59
43,0
45,1
45,2
45,3
30,4
119,5
57,6
57,7
57,8
45,9
45,10
45,11
45,12
119,13
119,14
57,15
57,16
45,17
45,18
45,19
43,20
57,21
43,22
57,23
43,24
57,25
43,26
45,27
93,28
45,29
88,30
104,31
45,32
45,33
57,34
31,35
30,36
43,37
45,38
45,39
119,40
57,41
57,42
43,43
93,44
93,45
43,46
57,47
57,48
57,49
57,50
57,51
57,52
57,53
57,54
57,55
57,56
57,57
57,58
119,59
104,0
43,1
43,2
45,3
45,4
119,5
119,6
57,7
119,8
45,9
45,10
45,11
45,12
57,13
119,14
53,15
57,16
45,17
45,18
119,19
119,20
119,21
43,22
57,23
57,24
119,25
119,26
45,27
45,28
45,29
119,30
57,31
45,32
45,33
57,34
31,35
43,36
43,37
45,38
45,39
57,40
57,41
119,42
45,43
30,44
30,45
43,46
57,47
119,48
57,49
57,50
57,51
57,52
57,53
57,54
57,55
57,56
57,57
109,58
57,59
43,0
45,1
45,2
43,4
119,5
57,6
57,7
57,8
45,9
45,10
45,11
57,12
119,13
119,14
57,15
111,16
45,17
45,18
119,19
119,20
119,21
119,22
57,23
57,24
57,25
53,26
45,27
43,28
40,29
119,30
57,31
93,32
57,33
57,34
93,35
45,36
57,37
45,38
45,39
119,40
43,41
57,42
45,43
30,44
93,45
45,46
57,47
45,48
57,49
57,50
57,51
31,52
57,53
57,54
57,55
57,56
57,57
57,58
102,59
45,0
45,1
43,2
45,3
45,4
119,5
119,6
57,7
57,8
45,9
43,10
45,11
45,12
57,13
119,14
119,15
57,16
45,17
45,18
119,19
119,20
119,21
43,22
57,23
57,24
57,25
119,26
43,27
45,28
57,29
119,30
119,31
45,32
43,33
57,34
53,35
45,36
43,37
45,38
57,39
53,40
119,41
119,42
45,43
43,44
57,45
43,46
57,47
119,48
57,49
57,50
57,51
109,52
57,53
57,54
57,55
57,56
57,57
57,58
57,59
45,0
45,1
119,2
45,3
45,4
119,5
119,6
119,7
24,8
45,9
43,10
45,11
43,12
57,13
119,14
103,15
20,16
57,17
45,18
119,19
119,20
119,21
119,22
57,23
57,24
57,25
102,26
45,27
45,28
57,29
119,30
104,31
45,32
45,33
57,34
31,35
43,36
43,37
45,38
119,39
119,40
57,41
119,42
45,43
30,44
93,45
43,46
57,47
119,48
57,49
57,50
57,51
102,52
57,53
57,54
57,55
53,56
109,57
93,58
57,59
45,0
45,1
93,2
57,3
53,4
119,5
119,6
119,7
57,8
102,9
57,10
45,11
57,12
57,13
57,14
110,15
119,16
119,17
45,18
119,19
119,20
119,21
57,22
57,23
119,24
119,25
119,26
57,27
45,28
57,29
43,30
57,31
45,32
43,33
119,34
53,35
119,36
43,37
45,38
45,39
119,40
57,41
57,42
45,43
45,44
53,45
53,46
119,47
57,48
57,49
57,50
57,51
93,52
31,53
119,54
93,55
57,56
93,57
102,58
57,59
43,0
43,1
57,2
104,3
88,4
119,5
58,6
57,7
119,8
57,9
104,10
104,11
102,12
119,13
57,14
57,15
119,16
52,17
43,18
57,19
43,20
119,21
119,22
57,23
57,24
58,25
55,26
43,27
43,28
45,29
57,30
57,31
57,32
57,33
57,34
53,35
45,36
43,37
45,38
45,39
102,40
57,41
57,42
43,43
102,44
55,45
43,46
57,47
119,48
57,49
57,50
57,51
103,52
57,53
119,54
57,55
57,56
57,57
119,58
57,59
43,0
43,1
104,2
119,3
57,4
57,5
119,6
119,7
119,8
57,9
57,10
57,11
57,12
46,13
119,14
57,15
57,16
45,17
104,18
119,19
57,20
119,21
58,22
119,23
57,24
57,25
55,26
119,27
104,28
57,29
57,30
119,31
102,32
57,33
57,34
55,35
57,36
104,37
57,38
119,39
57,40
57,41
57,42
119,43
102,44
57,45
119,46
57,47
119,48
103,49
103,50
57,51
93,52
93,53
57,54
57,55
93,56
57,57
58,58
57,59
57,0
43,1
43,2
102,3
102,4
119,5
57,6
117,7
119,8
57,9
102,10
119,11
57,12
119,13
57,14
57,15
119,16
57,17
45,18
57,19
57,20
43,21
119,22
30,23
93,24
53,25
93,26
45,27
30,28
45,29
57,30
57,31
109,32
57,33
57,34
109,35
53,36
119,37
93,38
57,39
104,40
119,41
57,42
45,43
53,44
102,45
91,46
57,47
119,48
57,49
103,50
57,51
31,52
103,53
57,54
57,55
57,56
57,57
57,58
57,59
43,0
43,1
104,2
119,3
57,4
57,5
119,6
119,7
57,8
57,9
57,10
43,11
57,12
119,13
57,14
119,15
57,16
119,17
104,18
119,19
119,20
119,21
58,22
57,23
57,24
57,25
55,26
104,27
43,28
43,29
57,30
104,31
57,32
45,33
100,34
55,35
45,36
104,37
102,38
119,39
57,40
55,41
57,42
119,43
43,44
55,45
57,46
57,47
119,48
93,49
93,50
119,51
31,52
43,53
57,54
57,55
57,56
57,57
57,58
57,59
43,0
43,1
43,2
53,3
102,4
119,5
58,6
119,7
119,8
104,9
104,10
45,11
57,12
119,13
57,14
57,15
57,16
43,17
43,18
45,19
45,20
119,21
119,22
57,23
119,24
57,25
55,26
104,27
43,28
45,29
102,30
104,31
102,32
45,33
119,34
55,35
45,36
104,37
104,38
45,39
102,40
119,41
57,42
119,43
30,44
57,45
104,46
45,47
119,48
109,49
102,50
102,51
103,52
109,53
119,54
102,55
102,56
57,57
57,58
57,59
119,0
104,1
109,2
119,3
102,4
57,5
55,6
119,7
119,8
57,9
104,10
119,11
119,12
119,13
119,14
119,15
119,16
43,17
119,18
119,19
119,20
119,21
109,22
119,23
119,24
102,25
102,26
57,27
119,28
57,29
109,30
109,31
57,32
109,33
119,34
109,35
109,36
109,37
109,38
119,39
119,40
109,41
119,42
106,43
109,44
109,45
111,46
111,47
109,48
57,49
119,50
57,51
109,52
109,53
57,54
102,55
57,56
109,57
57,58
58,59
45,0
93,1
30,2
43,3
43,4
119,5
119,6
57,7
45,8
45,9
45,10
45,11
43,12
57,13
57,14
119,15
57,16
45,17
45,18
45,19
45,20
119,21
93,22
57,23
57,24
88,25
43,26
93,27
43,28
40,29
57,30
53,31
45,32
45,33
57,34
69,35
45,36
43,37
45,38
45,39
45,40
57,41
57,42
119,43
57,44
45,45
45,46
57,47
43,48
57,49
109,50
57,51
57,52
57,53
57,54
57,55
57,56
57,57
102,58
57,59
45,0
43,1
43,2
119,3
43,4
119,5
119,6
119,7
57,8
45,9
45,10
45,11
45,12
57,13
57,14
57,15
119,16
45,17
45,18
43,19
43,20
119,21
119,22
119,23
57,24
119,25
104,26
93,27
43,28
57,29
119,30
119,31
45,32
45,33
43,34
93,35
43,36
104,37
43,38
45,39
43,40
119,41
119,42
119,43
43,44
89,45
43,46
57,47
119,48
93,49
119,50
57,51
104,52
93,53
57,54
57,55
45,56
57,57
102,58
57,59
45,0
45,1
45,2
45,3
57,4
119,5
57,6
93,7
45,8
45,9
45,10
57,11
45,12
119,13
119,14
119,15
119,16
45,18
119,19
57,20
119,21
57,22
119,23
93,24
31,25
57,26
45,27
45,28
40,29
57,30
57,31
45,32
57,33
119,34
93,35
45,36
103,37
45,38
30,39
45,40
57,41
57,42
57,43
57,44
57,45
30,46
119,47
45,48
109,49
102,50
119,51
93,52
57,53
30,54
57,55
57,56
57,57
57,58
58,59
45,0
102,1
43,2
119,3
43,4
57,5
119,6
57,7
57,8
45,9
45,10
45,11
57,12
57,13
57,14
119,15
119,16
45,17
45,18
57,19
119,20
119,21
119,22
119,23
57,24
119,25
57,26
102,27
45,28
43,29
119,30
119,31
45,32
43,33
43,34
53,35
45,36
53,37
43,38
43,39
43,40
119,41
119,42
119,43
57,44
57,45
45,46
119,47
119,48
57,49
119,50
57,51
93,52
69,53
57,54
57,55
69,56
57,57
119,58
119,59
45,0
104,1
53,2
45,3
45,4
57,5
57,6
57,7
53,8
45,9
45,10
45,11
43,12
57,13
57,14
119,15
119,16
45,17
45,18
57,19
119,20
119,21
119,22
119,23
102,24
88,25
57,26
43,27
45,28
43,29
104,30
104,31
45,32
45,33
89,34
31,35
45,36
53,37
43,38
43,39
57,40
119,41
119,42
119,43
45,44
57,45
45,46
57,47
119,48
57,49
57,50
57,51
106,52
102,53
57,54
57,55
109,56
109,57
57,58
57,59
45,0
93,1
102,2
53,3
104,4
119,5
45,6
57,7
57,8
45,9
43,10
45,11
119,13
57,14
119,15
119,16
45,17
43,18
119,19
57,20
119,21
30,22
119,23
93,24
102,25
119,26
93,27
93,28
45,29
93,30
43,31
43,32
45,33
119,34
93,35
57,36
43,37
45,38
93,39
93,40
119,41
57,42
57,43
93,44
93,45
45,46
119,47
93,48
93,49
57,50
57,51
31,52
93,53
45,54
57,55
119,56
93,57
109,58
119,59
93,0
57,1
43,2
119,3
57,4
119,5
58,6
57,7
57,8
119,9
43,10
43,11
57,12
119,13
119,14
119,15
119,16
45,17
43,18
104,19
104,20
119,21
104,22
57,23
57,24
57,25
57,26
93,27
43,28
57,29
104,30
119,31
30,32
57,33
119,34
93,35
43,36
43,37
45,38
57,39
102,40
57,41
119,42
45,43
57,44
109,45
104,46
57,47
119,48
57,49
53,50
119,51
57,52
93,53
119,54
57,55
119,56
57,57
57,58
57,59
43,0
104,1
119,2
119,3
58,4
57,5
119,6
119,7
57,8
45,9
43,10
45,11
57,12
119,13
119,14
57,15
119,16
45,17
43,18
119,19
119,20
119,21
119,22
55,23
58,24
57,25
119,26
57,27
45,28
57,29
119,30
119,31
104,32
57,33
119,34
93,35
45,36
43,37
102,38
57,39
102,40
119,41
106,42
43,43
119,44
57,45
119,46
119,47
119,48
57,49
57,50
57,51
57,52
69,53
119,54
57,55
57,56
57,57
55,58
57,59
35,0
93,1
43,2
43,3
102,4
119,5
119,6
119,7
119,8
57,9
43,10
43,11
57,12
119,13
119,14
119,15
119,16
57,17
119,18
119,19
119,20
119,21
104,22
57,23
53,24
102,25
119,26
43,27
43,28
53,29
57,30
119,31
102,32
57,33
57,34
58,35
43,36
57,37
104,38
45,39
93,40
58,41
119,42
57,43
57,44
58,45
119,46
119,47
119,48
57,49
57,50
119,51
58,52
57,53
119,54
57,55
119,56
57,57
57,58
57,59
43,0
104,1
104,2
119,3
55,4
119,5
119,6
57,7
119,8
45,9
43,10
45,11
57,12
119,13
119,14
57,15
105,16
45,17
43,18
119,19
119,20
119,21
119,22
55,23
57,24
57,25
57,26
43,27
45,28
57,29
102,30
119,31
57,32
57,33
57,34
55,35
43,36
119,37
43,38
57,39
119,40
119,41
119,42
45,43
119,44
53,45
119,46
119,47
119,48
57,49
57,50
119,51
57,52
102,53
119,54
57,55
57,56
57,57
57,58
57,59
53,0
104,1
43,2
43,3
57,4
119,5
119,6
57,7
119,8
119,9
45,10
45,11
57,12
119,13
119,14
119,15
119,16
43,17
119,18
119,19
104,20
119,21
119,22
57,23
119,24
57,25
57,26
43,27
45,28
57,29
104,30
104,31
104,32
43,33
119,34
57,35
45,36
104,37
45,38
57,39
104,40
57,41
119,42
45,43
57,44
57,45
43,46
119,47
119,48
57,49
57,50
119,51
119,52
104,53
119,54
102,55
119,56
102,57
57,58
57,59
109,1
102,2
119,3
109,4
119,5
119,6
119,7
57,8
45,9
119,12
119,13
119,14
55,15
57,16
45,17
104,18
93,19
93,20
119,21
109,22
119,23
109,24
119,25
57,26
93,27
53,28
45,29
57,30
57,31
102,32
119,33
119,34
49,35
119,36
109,37
102,38
57,39
102,40
119,41
119,42
57,43
102,44
53,45
119,46
119,47
109,48
109,49
57,50
119,51
109,52
109,53
57,54
102,55
57,56
102,57
58,58
119,59
45,0
93,1
43,2
119,3
102,4
119,5
119,6
57,7
103,8
45,9
45,10
45,11
45,12
57,13
57,14
119,15
119,16
45,17
43,18
57,19
119,20
119,21
43,22
57,23
57,24
57,25
53,26
43,27
43,28
57,29
104,30
104,31
45,32
45,33
57,34
93,35
45,36
43,37
45,38
45,39
93,40
57,41
119,42
43,43
93,44
88,45
43,46
57,47
43,48
119,49
93,50
119,51
57,52
57,53
57,54
57,55
57,56
57,57
102,58
57,59
45,0
119,1
119,2
119,3
104,4
57,5
119,6
57,7
119,8
45,9
45,10
45,11
119,12
57,13
119,14
119,15
119,16
45,17
45,18
119,19
119,20
119,21
119,22
119,23
57,24
57,25
102,26
57,27
45,28
43,29
45,30
45,31
45,32
43,33
57,34
88,35
43,36
119,37
45,38
45,39
104,40
119,41
57,42
119,43
93,44
119,45
119,46
45,47
119,48
57,49
53,50
57,51
57,52
53,53
57,54
53,55
57,56
57,57
109,58
57,59
45,0
43,1
45,2
119,3
57,4
119,5
119,6
57,7
57,8
57,9
45,10
57,11
57,12
119,13
119,14
119,15
119,16
119,17
93,18
45,19
45,20
119,21
45,22
93,23
93,24
93,25
93,26
45,27
45,28
45,29
45,30
119,31
45,32
45,33
119,34
93,35
43,36
43,37
119,38
45,39
93,40
57,41
119,42
43,43
119,44
53,45
43,46
119,47
43,48
119,49
53,50
57,51
43,52
45,53
57,54
57,55
119,56
119,57
109,58
119,59
45,0
104,1
43,2
119,3
104,4
119,5
119,6
57,7
30,8
45,9
45,10
45,11
57,12
57,13
119,14
57,15
119,16
45,17
43,18
119,19
119,20
119,21
119,22
119,23
57,24
57,25
57,26
43,27
45,28
45,29
45,30
45,31
45,32
45,33
57,34
57,35
45,36
119,37
45,38
45,39
93,40
57,41
57,42
43,43
57,44
102,45
119,46
57,47
119,48
57,49
57,50
57,51
53,52
57,53
57,54
119,55
57,56
57,57
57,58
119,59
45,0
104,1
43,2
119,3
104,4
119,5
119,6
57,7
30,8
45,9
45,10
45,11
104,12
119,13
119,14
119,15
119,16
45,17
43,18
119,19
119,20
119,21
119,22
102,23
119,24
57,25
102,26
43,27
43,28
45,29
104,30
119,31
45,32
43,33
57,34
88,35
43,36
119,37
57,38
43,39
102,40
57,41
119,42
45,43
30,44
102,45
43,46
57,47
119,48
57,49
57,50
119,51
104,52
104,53
57,54
104,55
57,56
119,57
119,58
102,59
45,0
109,1
93,2
109,3
119,4
119,5
119,6
119,7
57,8
43,9
45,10
45,11
119,12
119,13
57,14
119,15
119,16
43,17
35,18
43,19
93,20
119,21
93,22
109,23
119,24
102,25
104,26
102,27
93,28
57,29
103,30
45,31
30,32
45,33
119,34
93,35
93,36
93,37
93,38
45,39
93,40
53,41
119,42
49,43
93,44
93,45
93,46
57,47
93,48
57,49
57,50
57,51
31,52
31,53
119,54
57,55
119,56
93,57
109,58
57,59
30,0
30,1
30,2
45,3
53,4
119,5
57,6
57,7
57,8
43,9
43,10
43,11
57,12
119,13
57,14
57,15
57,16
45,17
45,18
119,19
119,20
88,21
104,22
54,23
43,24
55,25
57,26
30,27
43,28
30,29
104,30
30,31
30,32
43,33
14,34
57,35
45,36
30,37
45,38
45,39
43,40
57,41
57,42
45,43
30,44
57,45
104,46
119,47
43,48
57,49
54,50
57,51
57,52
57,53
57,54
57,55
45,56
57,57
54,58
57,59
104,0
104,1
104,2
119,3
54,4
57,5
57,6
57,7
119,8
43,9
43,10
104,11
43,12
119,13
57,14
54,15
100,16
45,17
45,18
119,19
119,20
58,21
104,22
57,23
31,24
57,25
55,26
104,27
43,28
43,29
104,30
104,31
43,32
43,33
57,34
55,35
43,36
104,37
45,38
43,39
104,40
100,41
57,42
45,43
31,44
53,45
43,46
57,47
119,48
57,49
54,50
57,51
31,52
57,53
57,54
57,55
57,56
57,57
54,58
57,59
45,0
45,1
57,2
45,3
31,4
119,5
57,6
57,7
57,8
43,9
57,10
57,11
57,12
119,13
57,14
57,15
57,16
45,17
45,18
57,19
45,20
104,21
104,22
57,23
57,24
55,25
57,26
43,27
30,28
57,29
43,30
43,31
93,32
57,33
57,34
30,35
45,36
45,37
45,38
45,39
45,40
119,41
57,42
45,43
30,44
43,45
45,46
57,47
45,48
57,49
57,50
57,51
57,52
57,53
57,54
57,55
45,56
57,57
57,58
57,59
43,0
57,1
43,2
119,3
54,4
57,5
57,6
57,7
57,8
43,9
43,10
43,11
43,12
119,13
57,14
57,15
57,16
43,17
43,18
119,19
119,20
105,21
104,22
57,23
43,24
55,25
57,26
43,27
43,28
57,29
104,30
104,31
104,32
45,33
100,34
54,35
53,36
119,37
45,38
43,39
43,40
100,41
119,42
43,43
30,44
30,45
45,46
119,47
119,48
57,49
54,50
57,51
53,52
53,53
57,54
57,55
57,56
57,57
57,58
57,59
43,0
43,1
43,2
104,3
53,4
57,5
57,6
57,7
57,8
43,9
43,10
43,11
43,12
119,13
119,14
57,15
57,16
45,17
45,18
119,19
119,20
119,21
104,22
54,23
43,24
55,25
54,26
43,27
43,28
53,29
104,30
43,31
43,32
43,33
100,34
54,35
43,36
43,37
45,38
43,39
43,40
57,41
119,42
45,43
43,44
30,45
43,46
119,47
119,48
57,49
54,50
57,51
57,52
57,53
119,54
57,55
100,56
57,57
57,58
54,59
104,0
57,1
104,2
119,3
43,4
119,5
57,6
57,7
119,8
104,9
104,10
43,11
45,12
119,13
119,14
57,15
119,16
43,17
45,18
119,19
119,20
104,21
119,22
102,23
57,24
57,25
57,26
104,27
45,28
57,29
104,30
119,31
43,32
45,33
57,34
57,35
119,36
31,37
45,38
45,39
102,40
57,41
119,42
57,43
57,44
57,45
43,46
57,47
119,48
57,49
57,50
57,51
43,52
57,53
57,54
57,55
57,56
57,57
57,58
57,59
31,0
31,1
30,2
43,3
55,4
119,5
57,6
57,7
57,8
45,9
57,10
43,11
43,12
119,13
57,14
57,15
57,16
43,17
45,18
43,19
119,20
119,21
119,22
57,23
43,24
53,25
55,26
31,27
30,28
24,29
57,30
57,31
30,32
45,33
54,34
70,35
43,36
57,37
45,38
57,39
30,40
57,41
57,42
45,43
30,44
57,45
43,46
57,47
45,48
57,49
57,50
57,51
57,52
57,53
57,54
57,55
57,56
57,57
54,58
57,59
104,0
104,1
104,2
119,3
55,4
57,5
119,6
57,7
57,8
45,9
57,10
104,11
57,12
119,13
119,14
57,15
57,16
43,17
43,18
119,19
119,20
119,21
119,22
57,23
57,24
55,25
55,26
104,27
43,28
43,29
43,30
104,31
104,32
43,33
57,34
57,35
104,36
104,37
43,38
104,39
104,40
57,41
57,42
43,43
43,44
57,45
43,46
57,47
104,48
57,49
57,50
57,51
57,52
57,53
57,54
57,55
57,56
57,57
57,58
57,59
93,0
45,1
45,2
43,3
31,4
119,5
57,6
57,7
57,8
45,9
57,10
57,11
43,12
119,13
57,14
57,15
57,16
45,17
45,18
45,19
45,20
119,21
119,22
102,23
102,24
93,25
102,26
93,27
57,28
57,29
57,30
57,31
57,32
57,33
57,34
102,35
45,36
45,37
45,38
57,39
45,40
57,41
57,42
45,43
57,44
57,45
57,46
57,47
57,48
57,49
57,50
57,51
57,52
57,53
57,54
57,55
57,56
57,57
57,58
57,59
43,0
43,1
104,2
119,3
55,4
57,5
119,6
57,7
57,8
43,9
43,10
43,11
45,12
119,13
119,14
119,15
119,16
43,17
43,18
119,19
119,20
119,21
119,22
54,23
57,24
57,25
54,26
43,27
43,28
45,29
119,30
104,31
104,32
45,33
57,34
57,35
43,36
119,37
45,38
119,39
43,40
100,41
57,42
43,43
57,44
57,45
45,46
119,47
119,48
57,49
57,50
57,51
57,52
57,53
57,54
57,55
57,56
57,57
55,58
57,59
43,0
30,1
43,2
119,3
55,4
119,5
57,6
57,7
57,8
45,9
43,10
43,11
43,12
119,13
57,14
57,15
57,16
43,17
43,18
119,19
119,20
119,21
119,22
57,23
43,24
57,25
54,26
43,27
43,28
43,29
119,30
104,31
57,32
43,33
57,34
54,35
53,36
119,37
45,38
119,39
30,40
100,41
57,42
45,43
43,44
57,45
45,46
119,47
119,48
57,49
57,50
57,51
31,52
57,53
57,54
57,55
57,56
57,57
57,58
57,59
43,0
93,1
43,2
43,3
43,4
57,5
57,6
57,7
45,8
45,9
57,10
57,11
57,12
119,13
57,14
57,15
119,16
43,17
43,18
119,19
119,20
119,21
119,22
57,23
57,24
53,25
31,26
43,27
43,28
57,29
57,30
119,31
57,32
45,33
119,34
57,35
93,36
43,37
45,38
57,39
43,40
57,41
57,42
45,43
57,44
43,45
45,46
119,47
119,48
57,49
54,50
57,51
57,52
57,53
57,54
57,55
57,56
57,57
57,58
116,59
57,0
57,1
57,2
45,3
54,4
57,5
57,6
57,7
57,8
57,9
57,10
57,11
43,12
119,13
57,14
45,15
100,16
45,17
45,18
57,19
43,20
119,21
57,22
54,23
57,24
100,25
54,26
93,27
43,28
57,29
57,30
57,31
57,32
45,33
54,34
57,35
57,36
57,37
45,38
119,39
30,40
45,41
57,42
45,43
57,44
57,45
103,46
57,47
57,48
57,49
100,50
57,51
57,52
57,53
57,54
57,55
57,56
57,57
54,58
57,59
43,0
43,1
104,2
119,3
57,4
57,5
57,6
57,7
119,8
43,9
57,10
57,11
57,12
119,13
119,14
57,15
57,16
43,17
45,18
119,19
119,20
119,21
104,22
100,23
57,24
100,25
57,26
43,27
43,28
57,29
57,30
104,31
30,32
45,33
54,34
57,35
119,36
119,37
43,38
57,39
43,40
54,41
57,42
45,43
57,44
57,45
43,46
57,47
119,48
57,49
100,50
57,51
103,52
57,53
57,54
57,55
14,56
57,57
54,58
57,59
57,0
45,1
57,2
43,3
57,4
119,5
57,6
119,7
119,8
57,9
57,10
57,11
57,12
119,13
57,14
57,15
54,16
45,17
45,18
57,19
119,20
119,21
119,22
57,23
30,24
31,25
109,26
45,27
43,28
57,29
57,30
57,31
30,32
43,33
119,34
93,35
57,36
57,37
45,38
57,39
45,40
54,41
119,42
45,43
119,44
102,45
57,46
57,47
57,48
57,49
57,50
57,51
57,52
57,53
119,54
57,55
57,56
57,57
57,58
100,59
43,0
43,1
53,2
119,3
57,4
57,5
57,6
54,7
57,8
43,9
43,10
43,11
43,12
43,13
119,14
57,15
57,16
43,17
43,18
119,19
119,20
119,21
119,22
100,23
30,24
57,25
57,26
30,27
45,28
119,29
57,30
104,31
57,32
45,33
57,34
54,35
57,36
57,37
57,38
119,39
30,40
57,41
57,42
45,43
57,44
57,45
45,46
119,47
119,48
57,49
45,50
57,51
31,52
53,53
57,54
57,55
57,56
57,57
57,58
57,59
30,0
31,1
57,2
104,3
100,4
54,5
57,6
14,7
57,8
93,9
43,10
43,11
43,12
119,13
57,14
100,15
44,16
43,17
43,18
57,19
119,20
119,21
119,22
45,23
57,24
100,25
100,26
30,27
43,28
57,29
57,30
43,31
57,32
45,33
45,34
100,35
57,36
57,37
45,38
57,39
103,40
45,41
57,42
45,43
57,44
53,45
104,46
117,47
57,48
54,49
57,50
57,51
57,52
57,53
57,54
54,55
57,56
54,57
45,58
57,59
43,0
43,1
119,2
119,3
54,4
57,5
57,6
57,7
57,8
45,9
57,10
57,11
57,12
57,13
57,14
57,15
57,16
43,17
45,18
119,19
57,20
119,21
104,22
54,23
57,24
57,25
57,26
57,27
45,28
119,29
119,30
119,31
57,32
43,33
57,34
57,35
119,36
31,37
45,38
119,39
43,40
57,41
57,42
43,43
57,44
57,45
45,46
57,47
119,48
57,49
100,50
57,51
57,52
103,53
14,54
57,55
57,56
57,57
57,58
45,59
57,0
57,1
57,2
119,3
54,4
57,5
57,6
57,7
57,8
45,9
57,10
43,11
57,12
119,13
57,14
100,15
100,16
45,17
45,18
57,19
119,20
119,21
57,22
54,23
57,24
100,25
54,26
57,27
30,28
57,29
57,30
57,31
43,32
45,33
45,34
54,35
57,36
57,37
57,38
57,39
30,40
57,41
57,42
45,43
30,44
53,45
119,46
57,47
57,48
57,49
57,50
57,51
31,52
57,53
57,54
57,55
57,56
57,57
57,58
57,59
104,0
57,1
43,2
119,3
100,4
57,5
57,6
119,7
57,8
45,9
43,10
43,11
57,12
119,13
119,14
100,15
100,16
43,17
43,18
119,19
119,20
119,21
119,22
100,23
57,24
57,25
57,26
104,27
43,28
119,29
57,30
119,31
57,32
43,33
54,34
57,35
119,36
119,37
43,38
119,39
119,40
57,41
57,42
45,43
57,44
57,45
43,46
57,47
119,48
45,49
57,50
57,51
31,52
57,53
57,54
57,55
57,56
57,57
100,58
57,59
45,0
30,1
57,2
45,3
93,4
119,5
57,6
57,7
55,8
45,9
57,10
57,11
57,12
57,13
119,14
55,15
100,16
45,17
45,18
57,19
119,20
119,21
119,22
57,23
102,24
57,25
57,26
57,27
43,28
57,29
57,30
57,31
93,32
45,33
57,34
93,35
43,36
93,37
45,38
57,39
45,40
57,41
57,42
43,43
30,44
93,45
45,46
24,47
57,48
57,49
57,50
57,51
57,52
57,53
57,54
57,55
57,56
57,57
57,58
54,59
43,0
57,1
57,2
119,3
54,4
57,5
57,6
57,7
57,8
45,9
43,10
43,11
43,12
57,13
119,14
57,15
100,16
43,17
43,18
119,19
119,20
119,21
57,22
100,23
57,24
57,25
57,26
43,27
43,28
57,29
57,30
43,31
119,32
43,33
57,34
54,35
119,36
119,37
45,38
119,39
30,40
57,41
57,42
43,43
119,44
57,45
45,46
119,47
119,48
57,49
100,50
57,51
31,52
57,53
119,54
57,55
57,56
57,57
100,58
57,59
43,0
57,1
43,2
119,3
54,4
57,5
57,6
57,7
119,8
43,9
43,10
43,11
45,12
119,13
57,14
57,15
57,16
43,17
43,18
119,19
119,20
119,21
119,22
100,23
57,24
57,25
54,26
30,27
45,28
45,29
57,30
119,31
119,32
45,33
57,34
54,35
53,36
119,37
57,38
57,39
30,40
45,41
57,42
45,43
45,44
57,45
45,46
119,47
119,48
57,49
57,50
57,51
55,52
100,53
57,54
57,55
57,56
57,57
54,58
57,59
31,0
102,1
119,2
119,3
57,4
57,5
119,6
119,7
57,8
43,9
57,10
57,11
45,12
119,13
119,14
57,15
119,16
45,17
45,18
119,19
119,20
119,21
104,22
57,23
57,24
93,25
57,26
43,27
43,28
57,29
119,30
119,31
93,32
45,33
57,34
57,35
43,36
43,37
45,38
57,39
43,40
54,41
57,42
45,43
57,44
43,45
45,46
57,47
119,48
57,49
57,50
57,51
57,52
102,53
57,54
57,55
57,56
57,57
54,58
57,59
30,0
45,1
103,2
57,3
30,4
57,5
57,6
100,7
57,8
57,9
43,10
40,11
45,12
57,13
57,14
57,15
57,16
45,17
45,18
57,19
57,20
119,21
57,22
57,23
30,24
100,25
57,26
103,27
45,28
103,29
57,30
45,31
93,32
45,33
57,34
31,35
57,36
30,37
45,38
57,39
30,40
57,41
57,42
45,43
57,44
103,45
45,46
57,47
57,48
57,49
57,50
57,51
57,52
100,53
103,54
57,55
57,56
57,57
57,58
45,59
43,0
43,1
43,2
43,3
30,4
57,5
57,6
57,7
57,8
43,9
40,10
40,11
43,12
57,13
57,14
45,15
30,16
45,17
45,18
119,19
119,20
119,21
43,22
30,23
93,24
57,25
57,26
43,27
43,28
43,29
43,30
43,31
30,32
45,33
57,34
57,35
53,36
43,37
45,38
45,39
30,40
57,41
57,42
53,43
57,44
30,45
30,46
57,47
45,48
57,49
57,50
57,51
54,52
53,53
57,54
57,55
57,56
45,57
57,58
57,59
30,0
45,1
45,2
45,3
93,4
45,5
57,6
57,7
57,8
57,9
45,10
57,11
43,12
57,13
57,14
119,15
57,16
43,17
43,18
57,19
45,20
119,21
45,22
93,23
30,24
57,25
31,26
57,27
43,28
45,29
57,30
45,31
30,32
57,33
57,34
53,35
45,36
30,37
45,38
45,39
57,40
57,41
119,42
45,43
30,44
43,45
45,46
57,47
57,48
57,50
57,51
57,52
57,53
57,54
57,55
14,56
57,57
57,58
57,59
30,0
45,1
43,2
43,3
53,4
57,5
119,6
57,7
57,8
45,9
40,10
40,11
45,12
45,13
57,14
119,15
53,16
43,17
45,18
119,19
119,20
119,21
43,22
53,23
31,24
57,25
57,26
30,27
45,28
57,29
45,30
45,31
30,32
43,33
119,34
31,35
45,36
43,37
45,38
119,39
30,40
57,41
57,42
30,43
57,44
30,45
30,46
100,47
45,48
100,49
57,50
57,51
31,52
53,53
103,54
57,55
57,56
53,57
57,58
54,59
30,0
45,1
103,2
53,3
103,4
57,5
57,6
100,7
100,8
31,9
57,10
57,11
43,12
57,13
57,14
57,15
57,16
43,17
43,18
30,19
57,20
119,21
43,22
30,23
31,24
57,25
57,26
103,27
45,28
30,29
31,30
45,31
30,32
45,33
57,34
14,35
57,36
103,37
45,38
119,39
103,40
57,41
57,42
103,43
57,44
57,45
45,46
57,47
93,48
57,49
31,50
57,51
57,52
57,53
57,54
31,55
57,56
57,57
57,58
57,59
45,0
40,1
30,2
45,3
57,4
45,5
57,6
57,7
57,8
57,9
57,10
30,11
45,12
57,13
57,14
119,15
30,16
57,17
30,18
43,19
45,20
119,21
49,22
57,23
103,24
30,25
30,26
103,27
45,28
57,29
45,30
45,31
57,32
45,33
57,34
103,35
53,36
30,37
30,38
119,39
57,40
57,41
57,42
30,43
57,44
30,45
30,46
57,47
45,48
57,49
100,50
57,51
103,52
100,53
57,54
57,55
100,56
57,57
57,58
57,59
45,0
57,1
57,2
57,3
31,4
57,5
45,6
57,7
57,8
43,9
57,10
45,11
45,12
119,13
57,14
119,15
57,16
57,17
45,18
57,19
57,20
119,21
57,22
57,23
57,24
57,25
57,26
43,27
43,28
57,29
57,30
57,31
45,32
57,33
57,34
30,35
45,36
30,37
45,38
57,39
57,40
57,41
57,42
119,43
57,44
30,45
45,46
57,47
57,48
57,49
57,50
57,51
57,52
103,53
57,54
57,55
57,56
57,57
57,58
100,59
43,0
43,1
45,2
43,3
43,4
57,5
45,6
57,7
57,8
45,9
45,10
45,11
43,12
57,13
57,14
113,15
57,16
57,17
45,18
57,19
30,20
119,21
53,22
30,23
103,24
57,25
57,26
43,27
43,28
43,29
43,30
45,31
93,32
45,33
57,34
103,35
57,36
43,37
45,38
119,39
103,40
57,41
57,42
53,43
57,44
45,45
30,46
57,47
43,48
31,49
57,50
53,51
45,52
53,53
57,54
57,55
57,56
103,57
57,58
57,59
43,0
57,1
45,2
57,3
93,4
57,5
57,6
30,7
53,8
57,9
45,10
57,11
45,12
105,13
119,14
105,15
57,16
57,17
30,18
57,19
57,20
105,21
57,22
30,23
57,24
30,25
30,26
57,27
40,28
93,29
119,30
45,31
58,32
88,33
105,34
103,35
57,36
57,37
45,38
45,39
45,40
57,41
57,42
57,43
57,44
30,45
45,46
57,47
57,48
57,49
57,50
57,51
57,52
57,53
57,54
57,55
57,56
57,57
57,58
57,59
45,0
57,1
43,2
45,3
31,4
57,5
57,6
103,7
31,8
57,9
57,10
57,11
45,12
57,13
57,14
57,15
14,16
43,17
43,18
119,19
119,20
119,21
103,22
14,23
30,24
14,25
14,26
30,27
45,28
40,29
24,30
45,31
103,32
57,33
57,34
31,35
57,36
103,37
45,38
119,39
57,40
57,41
57,42
57,43
57,44
57,45
30,46
57,47
45,48
57,49
100,50
54,51
53,52
100,53
100,54
57,55
57,56
57,57
57,58
57,59
45,0
45,1
43,2
45,3
31,4
57,5
43,6
57,7
30,8
45,9
43,10
43,11
45,12
119,13
57,14
13,15
57,16
43,17
43,18
45,19
43,20
119,21
43,22
57,23
57,24
57,25
14,26
30,27
57,28
45,29
43,30
45,31
43,32
43,33
57,34
103,35
45,36
103,37
45,38
119,39
45,40
57,41
57,42
119,43
57,44
57,45
45,46
57,47
43,48
57,49
57,50
57,51
54,52
57,53
57,54
57,55
45,56
57,57
57,58
54,59
43,0
43,1
43,2
43,3
43,4
57,5
45,6
57,7
57,8
57,9
45,10
52,11
45,12
45,13
45,14
57,16
43,17
43,18
45,19
57,20
119,21
45,22
43,23
57,24
43,25
43,26
45,27
43,28
40,29
45,30
45,31
30,32
45,33
57,34
57,35
45,36
57,37
43,38
45,39
45,40
45,41
57,42
43,43
57,44
57,45
43,46
105,47
43,48
30,49
103,50
30,51
57,52
103,53
45,54
45,55
31,56
30,57
57,58
45,59
43,0
57,1
57,2
57,3
45,4
54,5
57,6
44,7
57,8
57,9
57,10
57,11
57,12
57,13
57,14
119,15
57,16
57,17
93,18
57,19
57,20
119,21
57,22
54,23
100,24
45,25
45,26
57,27
45,28
57,29
57,30
57,31
57,32
93,33
57,34
54,35
57,36
57,37
30,38
57,39
57,40
45,41
100,42
57,43
57,44
44,45
57,46
57,47
57,48
14,49
100,50
57,51
14,52
57,53
45,55
45,56
100,57
100,58
100,59
30,0
57,1
104,2
119,3
100,4
57,5
54,6
119,7
57,8
57,9
57,10
43,11
57,12
57,13
57,14
57,15
57,16
43,17
43,18
43,19
43,20
119,21
119,22
54,23
57,24
54,25
54,26
30,27
57,28
30,29
57,30
43,31
30,32
40,33
45,34
100,35
119,36
43,37
93,38
57,39
57,40
45,41
57,42
57,43
45,44
57,45
57,46
57,47
57,48
14,49
57,50
57,51
14,52
14,53
57,55
58,56
58,57
57,58
57,59
30,0
30,1
57,2
57,3
54,4
44,5
57,6
57,7
57,8
57,9
57,10
43,11
57,12
57,13
57,14
57,15
119,16
57,17
57,18
57,19
119,20
119,21
57,22
119,23
30,24
30,25
30,26
43,27
30,28
53,29
57,30
57,31
57,32
57,33
57,34
30,35
57,36
57,37
103,38
45,39
57,40
57,41
57,42
30,43
57,44
57,45
57,46
57,47
43,48
57,49
57,50
57,51
57,52
57,53
57,54
57,55
45,56
57,57
54,58
57,59
57,0
100,1
57,2
57,3
44,4
100,5
57,6
57,7
57,8
30,9
57,10
57,11
119,12
57,13
57,14
57,15
57,16
45,17
57,18
119,19
57,20
119,21
119,22
14,23
57,24
57,25
45,26
45,27
57,28
30,29
45,30
43,31
30,32
57,33
57,34
100,35
57,36
31,37
31,38
57,39
57,40
45,41
57,42
57,43
57,44
57,45
57,46
57,47
57,48
57,49
100,50
57,51
100,52
57,53
100,54
45,55
44,56
103,57
57,58
57,59
57,0
57,1
30,2
119,3
100,4
57,5
57,6
57,7
57,8
57,9
57,10
57,11
57,12
57,13
57,14
57,15
57,16
43,17
57,18
57,19
57,20
119,21
119,22
57,23
57,24
45,25
54,26
103,27
43,28
57,29
57,30
31,31
57,32
57,33
45,34
54,35
57,36
57,37
30,38
57,39
57,40
45,41
57,42
57,43
57,44
44,45
103,46
106,47
119,48
57,49
57,50
57,51
103,52
57,53
57,54
57,55
100,56
57,57
100,58
57,59
53,0
119,1
53,2
119,3
31,4
54,5
119,6
119,7
57,8
57,9
57,10
45,11
57,12
57,13
57,14
57,15
57,16
57,17
30,18
57,19
45,20
119,21
57,22
57,23
57,24
57,25
57,26
57,27
57,28
57,29
43,30
43,31
57,32
57,33
57,34
43,35
119,36
103,37
93,38
57,39
119,40
57,41
57,42
104,43
57,44
57,45
119,46
57,47
119,48
57,49
57,50
57,51
31,52
31,53
57,54
57,55
100,56
57,57
57,58
57,59
119,60
119,61
119,62
45,63
57,64
104,65
53,66
119,67
55,68
57,69
57,70
57,71
43,72
102,73
43,74
57,75
57,76
43,77
30,78
57,79
57,80
43,81
104,82
43,83
57,84
104,85
119,86
57,87
100,88
54,89
57,90
57,91
57,92
57,93
119,94
57,95
119,96
116,97
57,98
57,99
57,100
57,101
57,102
119,103
57,104
57,105
57,106
57,107
57,108
55,109
57,110
57,111
57,112
57,113
57,114
54,115
57,116
57,117
57,118
57,119
119,60
119,61
119,62
100,63
57,64
43,65
109,66
119,67
57,68
57,69
57,70
57,71
104,72
104,73
43,74
43,75
55,76
57,77
109,78
57,79
119,80
57,81
104,82
104,83
57,84
57,85
119,86
119,87
57,88
57,89
104,90
55,91
55,92
119,93
58,94
57,95
119,96
55,97
119,98
54,99
57,100
57,101
57,102
119,103
119,104
57,105
57,106
57,107
57,108
57,109
57,110
119,111
57,112
57,113
57,114
54,115
57,116
57,117
57,118
57,119
57,60
57,61
119,62
100,63
54,64
57,65
53,66
104,67
57,68
57,69
57,70
57,71
57,72
57,73
57,74
57,75
57,76
57,77
45,78
119,79
57,80
57,81
57,82
57,83
57,84
57,85
57,86
57,87
109,88
57,89
57,90
119,91
31,92
119,93
119,94
57,95
119,96
119,97
57,98
57,99
119,100
119,101
57,102
119,103
43,104
57,105
57,106
57,107
57,108
57,109
55,110
57,111
57,112
57,113
57,114
57,115
57,116
57,117
57,118
57,119
119,60
119,61
119,62
54,63
57,64
104,65
57,66
119,67
55,68
55,69
57,70
55,71
43,72
43,73
43,74
43,75
55,76
104,77
57,78
57,79
102,80
43,81
104,82
43,83
43,84
104,85
119,86
119,87
100,88
57,89
43,90
45,91
119,92
119,93
119,94
119,95
119,96
57,97
57,98
57,99
45,100
57,101
57,102
119,103
57,104
57,105
57,106
57,107
57,108
57,109
57,110
57,111
57,112
57,113
57,114
57,115
57,116
57,117
57,118
57,119
43,60
119,61
119,62
57,63
57,64
104,65
57,66
119,67
55,68
119,69
57,70
58,71
43,72
43,73
43,74
43,75
57,76
43,77
43,78
57,79
57,80
43,81
43,82
43,83
43,84
104,85
119,86
57,87
54,88
57,89
57,90
57,91
57,92
119,93
119,94
119,95
119,96
116,97
57,98
57,99
57,100
57,101
57,102
119,103
57,104
57,105
57,106
57,107
57,108
55,109
57,110
57,111
57,112
57,113
57,114
57,115
57,116
57,117
57,118
57,119
57,60
119,61
119,62
57,63
57,64
57,65
102,66
119,67
57,68
57,69
57,70
57,71
57,72
104,73
102,74
104,75
57,76
57,77
106,78
57,79
57,80
57,81
57,82
57,83
57,84
57,85
119,86
57,87
57,88
55,89
57,90
119,91
54,92
119,93
119,94
57,95
58,96
55,97
57,98
55,99
57,100
55,101
119,102
119,103
119,104
57,105
57,106
57,107
57,108
57,109
57,110
57,111
57,112
57,113
57,114
57,115
57,116
57,117
57,118
57,119
119,60
119,61
119,62
57,63
57,64
57,65
57,66
119,67
57,68
119,69
57,70
57,71
57,72
57,73
57,74
43,75
57,76
102,77
57,78
57,79
104,80
104,81
104,82
43,83
57,84
57,85
119,86
57,87
57,88
57,89
57,90
57,91
119,92
119,93
119,94
57,95
119,96
55,97
57,98
57,99
57,100
57,101
30,102
119,103
43,104
57,105
57,106
57,107
57,108
57,109
57,110
119,111
57,112
57,113
55,114
57,115
57,116
57,117
119,118
57,119
119,60
119,61
119,62
119,63
57,64
57,65
109,66
119,67
57,68
57,69
57,70
57,71
57,72
104,73
45,74
57,75
57,76
57,77
104,78
119,79
43,80
104,81
104,82
57,83
43,84
104,85
119,86
57,87
57,88
57,89
45,90
119,91
58,92
58,93
119,94
57,95
119,96
55,97
119,98
57,99
57,100
57,101
104,102
119,103
119,104
57,105
55,106
57,107
57,108
57,109
55,110
119,111
57,112
57,113
106,114
57,115
57,116
57,117
57,118
119,119
119,60
119,61
119,62
119,63
57,64
57,65
109,66
57,67
57,68
109,69
102,70
57,71
57,72
57,73
119,74
57,75
57,76
57,77
109,78
102,79
57,80
57,81
57,82
57,83
57,84
57,85
119,86
119,87
58,88
102,89
57,90
57,91
119,92
57,93
119,94
57,95
114,96
119,97
57,98
55,99
57,100
57,101
30,102
119,103
119,104
55,105
57,106
119,107
57,108
57,109
55,110
119,111
57,112
119,113
57,114
57,115
57,116
57,117
57,118
57,119
119,60
119,61
119,62
119,63
57,64
57,65
57,66
119,67
57,68
58,69
55,70
55,71
57,72
57,73
43,74
57,75
57,76
57,77
104,78
57,79
119,80
43,81
43,82
45,83
43,84
43,85
119,86
119,87
57,88
119,89
43,90
57,91
119,92
58,93
119,94
119,95
119,96
57,97
57,98
57,99
57,100
57,101
102,102
119,103
119,104
57,105
57,106
57,107
57,108
57,109
57,110
119,111
57,112
57,113
57,114
57,115
57,116
57,117
57,118
119,119
119,60
119,61
119,62
54,63
57,64
119,65
57,66
57,67
57,68
119,69
57,70
119,71
43,72
57,73
57,74
43,75
57,76
57,77
57,78
57,79
119,80
104,81
43,82
43,83
57,84
57,85
119,86
119,87
57,88
57,89
57,90
100,91
119,92
119,93
119,94
57,95
119,96
119,97
57,98
57,99
57,100
57,101
102,102
119,103
57,104
57,105
57,106
57,107
57,108
57,109
102,110
119,111
57,112
57,113
57,114
57,115
57,116
57,117
57,118
57,119
57,60
57,61
57,62
57,63
57,64
57,65
57,66
119,67
57,68
57,69
57,70
57,71
57,72
57,73
43,74
57,75
57,76
106,77
119,78
57,79
57,80
43,81
57,82
106,83
57,84
57,85
119,86
119,87
102,88
57,89
57,90
119,91
114,92
58,93
119,94
109,95
119,96
119,97
119,98
102,99
119,100
119,101
35,102
119,103
119,104
55,105
55,106
57,107
55,108
57,109
57,110
57,111
57,112
57,113
57,114
57,115
57,116
57,117
119,118
57,119
57,60
119,61
119,62
119,63
57,64
57,65
53,66
119,67
57,68
57,69
57,70
57,71
57,72
57,73
43,74
57,75
57,76
57,77
57,78
57,79
57,80
57,81
57,82
43,83
57,84
57,85
57,86
57,87
57,88
55,89
57,90
57,91
57,92
119,93
119,94
57,95
119,96
55,97
119,98
55,99
57,100
119,101
102,102
119,103
53,104
119,105
57,106
57,107
57,108
57,109
55,110
57,111
57,112
57,113
57,114
55,115
57,116
57,117
57,118
57,119
43,60
57,61
119,62
57,63
57,64
57,65
43,66
119,67
43,68
119,69
119,70
119,71
43,72
43,73
43,74
43,75
43,76
43,77
43,78
57,79
57,80
43,81
43,82
43,83
43,84
43,85
45,86
45,87
57,88
119,89
57,90
119,91
119,92
119,93
119,94
57,95
119,96
46,97
119,98
55,99
119,100
57,101
57,102
119,103
57,104
57,105
57,106
57,107
57,108
57,109
55,110
57,111
57,112
57,113
57,114
55,115
57,116
57,117
57,118
57,119
57,60
45,61
57,64
57,65
102,66
57,67
109,68
55,69
57,70
55,71
57,72
119,73
104,74
57,75
57,76
57,77
119,78
88,79
57,80
57,81
57,82
57,83
45,84
57,85
119,86
58,87
55,88
58,89
57,90
119,91
93,92
119,93
119,94
45,95
119,96
57,97
102,98
58,99
119,100
114,101
104,102
119,103
119,104
57,105
57,106
57,107
57,108
57,109
57,110
57,111
57,112
57,113
57,114
55,115
57,116
57,117
57,118
57,119
119,60
57,61
119,62
119,63
57,64
45,65
104,66
43,67
57,68
119,69
57,70
119,71
43,72
43,73
45,74
45,75
43,76
45,77
43,78
57,79
43,80
43,81
43,82
43,83
43,84
43,85
45,86
57,87
119,88
57,89
43,90
57,91
57,92
119,93
119,94
57,95
119,96
57,97
57,98
54,99
119,100
100,101
57,102
119,103
57,104
57,105
57,106
57,107
57,108
57,109
57,110
57,111
57,112
57,113
57,114
57,115
119,116
55,117
57,118
57,119
57,60
57,61
119,62
119,63
57,64
104,65
102,66
119,67
57,68
119,69
104,70
57,71
43,72
43,73
43,74
43,75
57,76
57,77
43,78
57,79
57,80
43,81
43,82
43,83
45,84
43,85
119,86
57,87
119,88
119,89
45,90
119,91
119,92
119,93
119,94
45,95
119,96
43,97
119,98
57,99
57,100
119,101
104,102
119,103
57,104
119,105
119,106
57,107
119,108
119,109
57,110
119,111
119,112
119,113
53,114
57,115
109,116
57,117
57,118
106,119
43,60
45,61
119,62
57,63
119,64
57,65
45,66
45,67
57,68
93,69
43,70
102,71
119,72
53,73
57,74
57,75
45,76
104,77
43,78
104,79
57,80
57,81
45,82
57,83
57,84
57,85
119,86
57,87
57,88
119,89
57,90
57,91
93,92
119,93
57,94
45,95
45,96
45,97
57,98
109,99
119,100
57,101
102,102
119,103
45,104
57,105
119,106
58,107
57,108
57,109
109,110
58,111
57,112
57,113
57,114
57,115
55,116
57,117
119,118
57,119
45,60
45,61
57,62
57,63
57,64
57,65
57,66
24,67
24,68
45,69
45,70
45,71
45,72
57,73
57,74
43,75
57,76
57,77
45,78
105,79
53,80
45,81
57,82
45,83
45,84
43,85
57,86
57,87
119,88
119,89
57,90
57,91
57,92
57,93
119,94
24,95
57,96
57,97
57,98
55,99
119,100
57,101
57,102
119,103
30,104
57,105
31,106
57,107
57,108
31,109
31,110
57,111
57,112
57,113
31,114
57,115
57,116
57,117
57,118
57,119
119,60
43,61
119,62
57,63
57,64
104,65
57,66
104,67
57,68
57,69
57,70
57,71
43,72
104,73
45,74
43,75
57,76
43,77
43,78
57,79
57,80
104,81
57,82
45,83
43,84
57,85
57,86
119,87
102,88
119,89
43,90
57,91
119,92
55,93
119,94
57,95
119,96
46,97
119,98
55,99
57,100
57,101
43,102
119,103
102,104
30,105
57,106
30,107
103,108
103,109
103,110
119,111
57,112
57,113
31,114
57,115
31,116
57,117
57,118
57,119
57,60
57,61
57,62
119,63
57,64
57,65
57,66
57,67
57,68
57,69
57,70
57,71
24,72
57,73
57,74
57,75
57,76
57,77
57,78
112,79
102,80
57,81
57,82
57,83
57,84
57,85
119,86
57,87
57,88
57,89
55,90
119,91
57,92
57,93
119,94
57,95
57,96
57,97
119,98
57,99
119,100
119,101
45,102
119,103
45,104
57,105
57,106
55,107
57,108
57,109
109,110
57,111
102,112
57,113
57,114
57,115
53,116
57,117
57,118
119,119
119,60
119,61
119,62
57,63
57,64
104,65
57,66
57,67
55,68
55,69
57,70
57,71
57,72
43,73
43,74
43,75
57,76
43,77
43,78
55,79
57,80
43,81
57,82
45,83
43,84
43,85
119,86
119,87
57,88
119,89
43,90
119,91
119,92
57,93
119,94
57,95
119,96
57,97
57,98
54,99
57,100
57,101
57,102
119,103
57,104
57,105
57,106
113,107
57,108
57,109
57,110
119,111
57,112
57,113
57,114
57,115
57,116
57,117
57,118
57,119
43,60
43,61
119,62
57,63
43,64
43,65
43,66
43,67
57,68
43,69
53,70
43,71
88,72
57,73
57,74
57,75
43,76
57,77
43,78
54,79
57,80
57,81
57,82
43,83
57,84
43,85
57,86
57,87
57,88
57,89
57,90
119,91
57,92
119,93
119,94
53,95
119,96
57,97
57,98
100,99
119,100
57,101
43,102
119,103
53,104
57,105
57,106
57,107
57,108
93,109
100,110
57,111
57,112
57,113
57,114
57,115
57,116
57,117
57,118
57,119
57,60
119,61
57,62
119,63
57,64
57,65
102,66
119,67
57,68
57,69
57,70
57,71
57,72
57,73
43,74
104,75
57,76
43,77
119,78
55,79
58,80
57,81
57,82
45,83
57,84
104,85
119,86
57,87
102,88
119,89
104,90
57,91
119,92
57,93
119,94
93,95
119,96
57,97
57,98
53,99
119,100
57,101
57,102
119,103
102,104
57,105
31,106
31,107
57,108
69,109
69,110
57,111
57,112
57,113
57,114
55,115
109,116
57,117
57,118
119,119
119,60
119,61
119,62
119,63
57,64
57,65
57,66
57,67
57,68
55,69
57,70
57,71
53,72
57,73
57,74
57,75
58,76
57,77
57,78
57,79
57,80
57,81
104,82
45,83
57,84
57,85
119,86
119,87
57,88
57,89
57,90
57,91
58,92
55,93
119,94
104,95
55,96
55,97
57,98
55,99
119,100
119,101
30,102
57,103
104,104
57,105
57,106
57,107
57,108
57,109
109,110
119,111
57,112
119,113
57,114
57,115
102,116
57,117
57,118
57,119
119,60
119,61
119,62
119,63
57,64
119,65
57,66
57,67
57,68
57,69
102,70
57,71
57,72
45,73
45,74
104,75
119,76
57,77
57,78
57,79
102,80
43,81
104,82
43,83
45,84
45,85
119,86
57,87
55,88
119,89
45,90
57,91
119,92
55,93
119,94
57,95
119,96
43,97
57,98
57,99
57,100
57,101
104,102
119,103
57,104
57,105
109,106
102,107
57,108
57,109
69,110
57,111
57,112
57,113
102,114
57,115
102,116
57,117
57,118
57,119
104,60
119,61
57,62
119,63
57,64
57,65
57,66
109,67
57,68
119,69
57,70
109,71
57,72
104,73
102,74
57,75
114,76
57,77
57,78
119,79
119,80
57,81
57,82
57,83
45,84
102,85
119,86
119,87
57,88
57,89
57,90
57,91
119,92
119,93
119,94
57,95
57,96
57,97
102,98
109,99
119,100
119,101
43,102
119,103
30,104
57,105
57,106
57,107
57,108
57,109
102,110
57,111
57,112
119,113
102,114
57,115
57,116
57,117
57,118
57,119
119,60
119,61
119,62
119,63
57,64
119,65
57,66
57,67
55,68
58,69
57,70
57,71
43,72
45,73
45,74
43,75
119,76
119,77
57,78
57,79
119,80
43,81
43,82
43,83
43,84
43,85
119,86
57,87
57,88
119,89
43,90
57,91
119,92
55,93
119,94
119,95
119,96
43,97
57,98
57,99
57,100
57,101
104,102
119,103
57,104
93,105
57,106
93,107
57,108
93,109
103,110
57,111
57,112
119,113
104,114
57,115
109,116
57,117
119,118
57,119
119,60
119,61
119,62
57,63
57,64
57,65
57,66
57,67
57,68
55,69
57,70
57,71
104,72
43,73
119,74
43,75
57,76
119,77
43,78
119,79
102,80
43,81
43,82
45,83
119,84
57,85
119,86
119,87
55,88
119,89
57,90
57,91
58,92
55,93
119,94
57,95
119,96
119,97
57,98
57,99
57,100
119,101
104,102
119,103
119,104
57,105
57,106
57,107
102,108
119,109
58,110
57,111
57,112
57,113
57,114
57,115
106,116
102,117
57,118
57,119
43,60
57,61
94,62
119,63
119,64
57,65
102,66
43,67
57,68
58,69
109,70
109,71
57,72
57,73
57,74
104,75
57,76
57,77
102,78
57,79
57,80
104,81
57,82
104,83
104,84
119,85
57,87
57,88
57,89
104,90
119,91
106,92
119,93
119,94
57,95
114,96
119,97
119,98
58,99
119,100
119,101
109,102
119,103
119,104
109,105
109,106
102,107
109,108
57,109
109,110
57,111
102,112
119,113
57,114
57,115
57,116
57,117
57,118
57,119
45,60
45,61
43,62
57,63
57,64
57,65
24,66
24,67
57,68
24,69
24,70
57,71
43,72
53,73
57,74
57,75
57,76
43,77
43,78
55,79
45,80
43,81
43,82
57,83
43,84
55,85
57,86
57,87
57,88
57,89
57,90
57,91
57,92
57,93
119,94
57,95
119,96
57,97
57,98
55,99
111,100
57,101
102,102
119,103
43,104
57,105
57,106
55,107
57,108
57,109
55,110
57,111
57,112
57,113
57,114
57,115
57,116
57,117
57,118
119,119
119,60
119,61
119,62
57,63
119,64
57,65
58,66
43,67
58,68
58,69
57,70
57,71
104,72
104,73
43,74
104,75
57,76
57,77
43,78
57,79
106,80
43,81
57,82
57,83
57,84
57,85
119,86
57,87
119,88
119,89
57,90
57,91
119,92
57,93
119,94
102,95
119,96
46,97
119,98
55,99
57,100
57,101
104,102
119,103
104,104
57,105
55,106
57,107
57,108
57,109
57,110
57,111
57,112
57,113
57,114
57,115
57,116
57,117
57,118
57,119
57,60
45,61
57,62
119,63
57,64
24,65
57,66
55,67
57,68
57,69
57,70
57,71
57,72
57,73
88,74
57,75
43,76
57,77
45,78
102,79
57,80
57,81
57,82
57,83
57,84
57,85
119,86
57,87
57,88
57,89
119,91
57,92
57,93
107,94
88,95
106,96
57,97
102,98
58,99
119,100
119,101
93,102
57,103
53,104
57,105
57,106
57,107
57,108
57,109
55,110
57,111
57,112
119,113
57,114
57,115
55,116
57,117
57,118
57,119
119,60
119,61
119,62
57,63
119,64
119,65
57,66
119,67
57,68
57,69
55,70
57,71
43,72
43,73
43,74
104,75
55,76
57,77
104,78
57,79
102,80
43,81
104,82
43,83
43,84
57,85
119,86
119,87
57,88
119,89
57,90
57,91
58,92
55,93
119,94
57,95
119,96
55,97
57,98
57,99
57,100
57,101
102,102
119,103
104,104
57,105
57,106
57,107
57,108
57,109
55,110
57,111
57,112
119,113
106,114
57,115
57,116
55,117
57,118
102,119
43,60
57,61
45,62
57,63
45,64
45,65
45,66
43,67
43,68
43,69
45,70
57,71
43,72
45,73
43,74
57,75
43,76
43,77
43,78
57,79
43,80
45,81
43,82
43,83
45,84
43,85
45,86
57,87
57,88
57,89
57,90
57,91
43,92
45,93
119,94
57,95
119,96
57,97
57,98
54,99
57,100
57,101
119,102
119,103
104,104
57,105
57,106
55,107
57,108
57,109
55,110
57,111
57,112
57,113
57,114
57,115
57,116
57,117
57,118
119,119
119,60
119,61
119,62
119,63
119,64
57,65
109,66
57,67
57,68
57,69
55,70
57,71
119,72
102,73
58,74
57,75
57,76
57,77
102,78
119,79
57,80
119,81
102,82
57,83
119,84
57,85
119,86
57,87
109,88
57,89
119,90
57,91
109,92
57,93
119,94
57,95
114,96
43,97
57,98
109,99
119,100
55,101
109,102
119,103
57,104
57,105
55,106
57,107
109,108
57,109
55,110
57,111
57,112
119,113
57,114
57,115
55,116
57,117
57,118
57,119
57,60
57,61
119,62
44,63
57,64
57,65
57,66
57,67
57,68
57,69
57,70
57,71
57,72
57,73
30,74
57,75
57,76
57,77
57,78
100,79
54,80
57,81
57,82
57,83
45,84
57,85
57,86
57,87
100,88
57,89
57,90
54,91
57,92
54,93
57,94
57,95
119,96
55,97
54,98
57,99
111,100
57,101
57,102
57,103
30,104
57,105
45,106
57,107
54,108
45,109
57,110
57,111
57,112
57,113
45,114
45,115
57,116
45,117
57,118
57,119
43,60
45,61
119,62
57,63
57,64
57,65
43,66
43,67
43,68
43,69
43,70
43,71
57,72
57,73
30,74
57,75
57,76
43,77
57,78
54,79
57,80
57,81
54,82
43,83
43,84
57,85
57,86
57,87
57,88
54,89
57,90
100,91
119,92
57,93
119,94
57,95
119,96
119,97
57,98
57,99
111,100
54,101
57,102
57,103
57,104
57,105
54,106
100,107
54,108
57,109
45,110
119,111
57,112
57,113
57,114
54,115
57,116
57,117
45,118
119,119
43,60
57,61
57,62
57,63
57,64
57,65
93,66
45,67
57,68
57,69
31,70
57,71
57,72
57,74
57,75
57,76
57,77
57,78
53,79
57,80
57,81
57,82
45,84
30,85
57,86
57,87
57,88
30,89
57,90
119,91
54,92
57,93
119,94
57,95
119,96
57,97
119,98
57,99
119,100
57,101
57,102
57,103
57,104
57,105
57,106
100,107
57,108
57,109
57,110
119,111
45,112
57,113
57,114
100,115
57,116
57,117
57,118
57,119
119,60
45,61
119,62
57,63
57,64
57,65
57,66
43,67
88,68
88,69
89,70
89,71
57,72
57,73
43,74
57,75
57,76
57,77
57,78
57,79
57,80
14,81
57,82
57,83
57,84
57,85
57,86
57,87
57,88
57,89
45,90
54,91
57,92
57,93
119,94
88,95
119,96
119,97
57,98
57,99
108,100
57,101
57,102
89,103
57,104
57,105
44,106
57,107
100,108
57,109
45,110
57,111
57,112
57,113
57,114
45,115
57,116
57,117
45,118
57,119
119,60
119,61
89,62
57,63
57,64
119,65
119,66
57,67
100,68
57,69
119,70
54,71
100,72
102,73
56,74
119,75
31,76
30,77
57,78
100,79
57,80
57,81
100,82
57,83
57,84
30,85
54,86
57,87
57,89
57,90
45,91
44,92
45,93
119,94
57,95
119,96
55,97
54,98
45,99
57,100
57,101
57,102
119,103
57,104
57,105
57,106
57,107
57,108
57,109
100,110
113,111
57,112
95,113
116,114
102,115
104,116
102,117
57,118
57,119
55,60
57,61
57,62
57,63
57,64
57,65
57,66
57,67
57,68
57,69
57,70
57,71
57,72
57,73
57,74
57,75
57,76
57,77
119,78
57,79
57,80
57,81
57,82
45,83
43,84
43,85
57,86
57,87
57,88
45,89
57,90
119,91
57,92
55,93
55,94
57,95
57,96
55,97
57,98
53,99
119,100
57,101
57,102
45,103
57,104
119,105
57,106
57,107
119,108
57,109
119,110
119,111
57,112
57,113
57,114
54,115
57,116
57,117
54,118
119,119
57,60
119,61
57,62
57,63
54,64
57,65
57,66
57,67
54,68
54,69
100,70
57,71
57,72
93,73
57,74
53,75
57,76
57,77
57,78
57,79
57,80
57,81
57,82
57,83
43,84
30,85
57,86
57,87
57,88
57,89
57,90
57,91
119,92
119,93
57,94
57,95
57,96
57,97
45,98
45,99
44,100
45,101
30,102
57,103
57,104
45,105
45,106
100,107
57,108
57,109
45,110
57,111
45,112
57,113
57,114
57,115
57,116
57,117
57,118
57,119
119,60
57,61
119,62
116,63
44,64
57,65
57,66
43,67
100,68
57,69
100,70
57,71
57,72
30,73
30,74
57,75
57,76
43,77
57,78
100,79
57,80
57,81
57,82
43,83
57,84
57,85
57,86
57,87
57,88
57,89
57,90
45,91
57,92
57,93
119,94
57,95
119,96
55,97
45,98
57,99
106,100
57,101
43,102
119,103
57,104
57,105
93,106
57,107
45,108
100,109
54,110
45,111
57,112
100,113
57,114
57,115
57,116
57,117
57,118
57,119
57,60
119,61
57,62
100,63
57,64
57,65
57,66
57,67
57,68
57,69
57,70
57,71
57,72
57,73
57,74
57,75
100,76
57,77
57,78
57,79
57,80
57,81
57,82
57,83
43,84
57,85
57,86
53,87
100,88
100,89
57,90
44,91
57,92
57,93
119,94
57,95
57,96
57,97
57,98
57,99
55,100
119,101
45,102
119,103
57,104
57,105
30,106
100,107
45,108
57,109
54,110
57,111
45,112
119,113
57,114
100,115
57,116
45,117
57,118
119,119
57,60
119,61
57,62
57,63
57,64
57,65
57,66
57,67
54,68
57,69
100,70
57,71
57,72
30,73
57,74
30,75
57,76
30,77
103,78
100,79
100,80
30,81
31,82
43,83
43,84
57,85
57,86
57,87
57,88
57,89
57,90
54,91
100,92
100,93
119,94
30,95
119,96
55,97
54,98
57,99
57,100
44,101
31,102
119,103
57,104
103,105
103,106
103,107
57,108
103,109
45,110
103,111
57,112
57,113
30,114
45,115
69,116
57,117
57,118
57,119
57,60
119,61
119,62
57,63
100,64
57,65
57,66
57,67
57,68
57,69
57,70
57,71
57,72
43,73
57,74
57,75
57,76
57,77
30,78
100,79
57,80
57,81
53,82
43,83
43,84
43,85
57,86
93,87
57,88
57,89
57,90
55,91
119,92
57,93
119,94
57,95
55,96
119,97
100,98
44,99
57,100
44,101
31,102
119,103
57,104
57,105
45,106
54,107
45,108
103,109
45,110
57,111
54,112
57,113
30,114
100,115
57,116
57,117
57,118
57,119
57,60
57,61
119,62
57,63
119,64
57,65
43,66
43,67
57,68
57,69
57,70
119,71
57,72
57,73
57,74
57,75
57,76
57,77
57,78
119,79
57,80
57,81
57,82
57,83
45,84
57,85
57,86
57,87
57,88
57,89
57,90
54,91
119,92
57,93
57,94
57,95
119,96
57,97
54,98
100,99
119,100
57,101
57,102
119,103
58,104
57,105
57,106
57,107
45,108
57,109
103,110
57,111
57,112
57,113
30,114
57,115
57,116
57,117
57,118
57,119
57,60
119,61
119,62
57,63
57,64
57,65
57,66
45,67
57,68
45,69
57,70
57,71
57,72
45,73
57,74
45,75
45,76
45,77
45,78
57,79
53,80
57,81
57,82
57,83
45,84
55,85
57,86
45,87
57,88
57,89
57,90
57,91
57,92
57,93
57,94
45,95
119,96
57,97
57,98
54,99
119,100
57,101
31,102
104,103
57,104
57,105
57,106
55,107
57,108
57,109
57,110
119,111
57,112
57,113
57,114
57,115
57,116
57,117
57,118
57,119
43,60
119,61
119,62
119,63
55,64
57,65
109,66
104,67
55,68
55,69
57,70
55,71
104,72
43,73
43,74
43,75
57,76
43,77
102,78
57,79
57,80
57,81
57,82
45,83
43,84
43,85
119,86
104,87
57,88
57,89
57,90
57,91
119,92
119,93
119,94
57,95
58,96
55,97
55,98
57,99
57,100
119,101
104,102
119,103
109,104
119,105
57,106
57,107
54,108
55,109
55,110
57,111
57,112
57,113
57,114
57,115
57,116
57,117
57,118
57,119
57,60
119,61
119,62
55,63
57,64
24,65
57,66
57,67
45,68
57,69
57,70
57,71
119,72
57,73
57,74
57,75
57,76
57,77
57,78
93,79
57,80
57,81
57,82
57,83
57,84
45,85
57,86
45,87
57,88
57,89
57,90
119,91
119,92
119,93
43,94
45,95
45,96
57,97
57,98
57,99
119,100
57,101
57,102
43,103
45,104
57,105
57,106
55,107
57,108
54,109
54,110
119,111
57,112
57,113
57,114
57,115
57,116
57,117
57,118
93,119
119,60
119,61
119,62
57,63
57,64
119,65
57,66
57,67
55,68
55,69
55,70
54,71
104,72
104,73
43,74
43,75
57,76
43,77
57,78
57,79
55,80
57,81
57,82
43,83
43,84
43,85
119,86
57,87
57,88
119,89
102,90
119,91
55,92
57,93
119,94
57,95
119,96
55,97
57,98
57,99
45,100
57,101
43,102
119,103
57,104
57,105
57,106
54,107
57,108
55,109
55,110
57,111
57,112
57,113
119,114
57,115
57,116
57,117
57,118
57,119
119,60
119,61
119,62
45,63
45,64
40,65
43,66
43,67
57,68
43,69
43,70
57,71
43,72
45,73
40,74
57,75
43,76
43,77
43,78
57,79
57,80
57,81
43,82
30,83
43,84
45,85
57,86
45,87
45,88
45,89
45,90
57,91
119,92
119,93
119,94
45,95
119,96
57,97
57,98
57,99
57,100
57,101
57,102
119,103
57,104
57,105
57,106
57,107
57,108
57,109
100,110
57,111
57,112
119,113
57,114
57,115
57,116
57,117
57,118
57,119
45,60
119,61
119,62
119,63
119,64
57,65
109,66
109,67
57,68
57,69
57,70
102,71
57,72
104,73
43,74
57,75
57,76
57,77
109,78
119,79
102,80
57,81
55,82
104,83
57,84
57,85
57,86
57,87
119,88
119,89
57,90
119,91
119,92
58,93
104,94
55,95
119,96
55,97
109,98
58,99
119,100
119,101
57,102
119,103
102,104
119,105
57,106
57,107
57,108
57,109
57,110
119,111
57,112
57,113
57,114
57,115
57,116
57,117
57,118
57,119
57,60
119,61
119,62
57,63
54,64
57,65
57,66
57,67
57,68
57,69
57,70
57,71
43,72
57,73
57,74
43,75
57,76
93,77
57,78
24,79
57,80
43,81
93,82
104,83
57,84
104,85
57,86
57,87
57,88
57,89
57,90
54,91
119,92
57,93
119,94
57,95
119,96
55,97
57,98
57,99
57,100
57,101
57,102
119,103
43,104
54,105
57,106
54,107
57,108
57,109
54,110
57,111
57,112
54,113
57,114
57,115
57,116
57,117
57,118
57,119
119,60
119,61
119,62
57,63
100,64
57,65
57,66
119,67
57,68
57,69
57,70
57,71
43,72
43,73
43,74
57,75
57,76
43,77
43,78
54,79
57,80
57,81
102,82
43,83
43,84
104,85
57,86
57,87
57,88
57,89
57,90
57,91
119,92
100,93
119,94
57,95
119,96
55,97
57,98
57,99
57,100
57,101
104,102
119,103
104,104
54,105
54,106
57,107
57,108
57,109
54,110
57,111
57,112
57,113
57,114
54,115
57,116
57,117
57,118
57,119
57,60
57,61
119,62
57,63
54,64
57,65
57,66
43,67
57,68
57,69
57,70
57,71
57,72
57,73
57,74
30,75
30,76
57,77
57,78
30,79
57,80
43,81
30,82
45,83
57,84
57,85
57,86
57,87
54,88
100,89
57,90
54,91
57,92
57,93
119,94
57,95
55,96
55,97
57,98
57,99
57,100
57,101
57,102
119,103
30,104
54,105
57,106
57,107
57,108
54,109
57,110
119,111
57,112
57,113
57,114
57,115
57,116
57,117
57,118
57,119
119,60
119,61
119,62
57,63
54,64
57,65
57,66
119,67
57,68
57,69
57,70
57,71
43,72
43,73
43,74
57,75
57,76
43,77
43,78
100,79
57,80
57,81
93,82
43,83
43,84
104,85
119,86
57,87
57,88
57,89
104,90
57,91
57,92
57,93
119,94
57,95
119,96
57,97
57,98
45,99
57,100
57,101
57,102
119,103
119,104
57,105
100,106
57,107
57,108
57,109
100,110
57,111
57,112
57,113
57,114
57,115
57,116
57,117
57,118
57,119
57,60
119,61
119,62
57,63
45,64
57,65
57,66
57,67
55,68
57,69
57,70
55,71
57,72
57,73
53,74
57,75
57,76
93,77
57,78
100,79
57,80
43,81
31,82
43,83
93,84
43,85
57,86
57,87
57,88
57,89
57,90
54,91
119,92
57,93
119,94
57,95
57,96
55,97
57,98
45,99
44,100
57,101
57,102
119,103
119,104
57,105
57,106
45,107
57,108
57,109
57,110
57,111
57,112
57,113
57,114
57,115
57,116
57,117
57,118
57,119
57,60
119,61
119,62
57,63
57,64
57,65
57,66
119,67
57,68
57,69
57,70
57,71
57,72
57,73
43,74
57,75
57,76
57,77
43,78
55,79
57,80
57,81
57,82
57,83
43,84
57,85
57,86
57,87
57,88
57,89
57,90
57,91
57,92
57,93
119,94
57,95
58,96
55,97
57,98
57,99
57,100
57,101
43,102
119,103
104,104
100,105
57,106
57,107
57,108
57,109
54,110
57,111
57,112
57,113
57,114
57,115
100,116
57,117
57,118
57,119
43,60
119,61
119,62
54,63
57,64
57,65
104,66
119,67
57,68
57,69
57,70
57,71
43,72
43,73
45,74
43,75
55,76
43,77
43,78
57,79
55,80
43,81
43,82
43,83
43,84
43,85
119,86
57,87
57,88
57,89
43,90
57,91
119,92
54,93
119,94
102,95
119,96
55,97
57,98
57,99
45,100
57,101
57,102
119,103
43,104
57,105
57,106
57,107
57,108
57,109
100,110
57,111
119,112
57,113
57,114
57,115
119,116
57,117
119,118
57,119
119,60
119,61
119,62
57,63
57,64
119,65
104,66
119,67
57,68
57,69
57,70
57,71
43,72
43,73
45,74
43,75
119,76
43,77
45,78
43,79
57,80
104,81
104,82
43,83
43,84
43,85
119,86
57,87
119,88
119,89
43,90
119,91
119,92
57,93
119,94
57,95
55,96
55,97
57,98
57,99
57,100
57,101
104,102
119,103
104,104
43,105
53,106
57,107
57,108
57,109
57,110
57,111
57,112
119,113
57,114
57,115
57,116
57,117
57,118
57,119
43,60
57,61
119,62
119,63
119,64
57,65
43,66
43,67
57,68
57,69
57,70
57,71
57,72
57,73
57,74
57,75
119,76
57,77
43,78
57,79
57,80
57,81
57,82
57,83
57,84
57,85
57,86
57,87
57,88
57,89
57,90
57,91
119,92
57,93
119,94
57,95
55,96
55,97
57,98
119,99
119,100
57,101
43,102
119,103
45,104
57,105
57,106
57,107
53,108
57,109
100,110
119,111
57,112
57,113
57,114
57,115
119,116
57,117
57,118
57,119
119,60
119,61
119,62
57,63
57,64
119,65
43,66
119,67
57,68
58,69
57,70
58,71
43,72
43,73
45,74
43,75
119,76
45,77
45,78
57,79
54,80
43,81
43,82
43,83
43,84
43,85
119,86
119,87
119,88
119,89
43,90
57,91
119,92
57,93
119,94
119,95
106,96
119,97
57,98
57,99
57,100
57,101
43,102
119,103
43,104
57,105
57,106
57,107
57,108
57,109
54,110
119,111
57,112
57,113
57,114
54,115
57,116
57,117
57,118
119,119
43,60
43,61
119,62
57,63
57,64
119,65
43,66
119,67
57,68
58,69
119,70
58,71
43,72
43,73
43,74
43,75
119,76
43,77
104,78
57,79
57,80
43,81
43,82
43,83
43,84
43,85
119,86
119,87
119,88
119,89
43,90
57,91
119,92
57,93
119,94
119,95
119,96
119,97
57,98
57,99
57,100
57,101
43,102
119,103
119,104
57,105
57,106
57,107
57,108
57,109
57,110
57,111
57,112
119,113
57,114
57,115
57,116
57,117
119,118
57,119
43,60
43,61
119,62
119,63
57,64
57,65
102,66
119,67
57,68
57,69
57,70
57,71
104,72
43,73
43,74
43,75
57,76
57,77
57,78
57,79
57,80
43,81
104,82
43,83
57,84
57,85
119,86
57,87
119,88
119,89
43,90
119,91
119,92
57,93
119,94
104,95
58,96
57,97
57,98
55,99
106,100
58,101
104,102
119,103
104,104
57,105
57,106
53,107
102,108
57,109
57,110
57,111
57,112
119,113
57,114
54,115
119,116
57,117
57,118
57,119
45,60
45,61
45,62
57,63
57,64
104,65
88,66
43,67
43,68
43,69
43,70
43,71
43,72
43,73
43,74
40,75
43,76
43,77
43,78
55,79
104,80
43,81
43,82
43,83
43,84
43,85
119,86
57,87
57,88
57,89
43,90
57,91
43,92
104,93
119,94
45,95
119,96
55,97
57,98
57,99
57,100
57,101
53,102
119,103
43,104
57,105
57,106
57,107
57,108
57,109
57,110
119,111
57,112
57,113
57,114
57,115
57,116
57,117
57,118
57,119
45,60
45,61
119,62
57,63
57,64
104,65
104,66
119,67
43,68
43,69
45,70
45,71
43,72
57,73
57,74
43,75
45,76
45,77
45,78
57,79
109,80
43,81
43,82
57,83
45,84
45,85
57,86
57,87
119,88
57,89
43,90
57,91
57,92
57,93
119,94
57,95
55,96
119,97
57,98
57,99
57,100
57,101
104,102
119,103
104,104
57,105
57,106
57,107
55,108
57,109
55,110
57,111
57,112
57,113
57,114
57,115
57,116
57,117
57,118
57,119
57,60
57,61
119,62
57,63
119,64
104,65
45,66
45,67
57,68
43,69
43,70
57,71
57,72
40,73
53,74
24,75
45,76
43,77
57,78
93,79
45,80
57,81
53,82
57,83
57,84
43,85
119,86
45,87
119,88
119,89
57,90
57,91
104,92
43,102
119,103
57,104
55,105
57,106
57,107
57,108
57,109
57,110
57,111
57,112
119,113
57,114
57,115
57,116
57,117
57,118
57,119
45,60
45,61
119,62
57,63
57,64
104,65
104,66
119,67
104,68
45,69
43,70
43,71
43,72
43,73
43,74
40,75
43,76
46,77
53,78
55,79
104,80
43,81
119,82
43,83
43,84
45,85
57,86
57,87
119,88
119,89
57,90
57,91
119,92
119,93
119,94
102,95
119,96
119,97
55,98
57,99
57,100
57,101
104,102
119,103
43,104
109,105
109,106
57,107
57,108
109,109
106,110
57,111
57,112
57,113
57,114
57,115
57,116
57,117
57,118
57,119
43,60
45,61
104,62
57,63
57,64
119,65
43,66
43,67
45,68
43,69
43,70
43,71
40,72
40,73
40,74
43,75
43,76
43,77
45,78
55,79
104,80
40,81
43,82
30,83
43,84
45,85
57,86
57,87
119,88
57,89
43,90
57,91
119,92
104,93
119,94
57,95
119,96
119,97
55,98
57,99
57,100
57,101
53,102
119,103
43,104
57,105
57,106
57,107
57,108
57,109
57,110
57,111
57,112
57,113
57,114
57,115
57,116
57,117
57,118
57,119
57,60
57,61
119,62
57,63
57,64
57,65
109,66
43,67
45,68
45,69
45,70
45,71
45,72
45,73
45,74
45,75
45,76
57,77
45,78
104,79
57,80
57,81
57,82
45,83
45,84
57,85
119,86
43,87
57,88
102,89
57,90
57,91
109,92
119,93
57,94
57,95
114,96
55,97
57,98
55,99
57,100
109,101
104,102
119,103
106,104
57,105
57,106
57,107
57,108
57,109
57,110
57,111
57,112
57,113
57,114
57,115
57,116
57,117
119,118
57,119
43,60
119,61
89,62
57,63
57,64
104,65
30,66
43,67
55,68
55,69
57,70
55,71
43,72
43,73
45,74
43,75
104,76
45,77
104,78
55,79
43,80
43,81
43,82
43,83
43,84
45,85
57,86
119,87
57,88
57,89
43,90
57,91
119,92
58,93
119,94
57,95
119,96
55,97
57,98
57,99
57,100
57,101
57,102
119,103
30,104
119,105
57,106
57,107
57,108
43,109
57,110
119,111
57,112
119,113
102,114
57,115
57,116
57,117
57,118
57,119
43,60
119,61
119,62
57,63
55,64
57,65
57,66
119,67
57,68
57,69
57,70
58,71
104,72
45,73
45,74
43,75
102,76
45,77
104,78
58,79
106,80
104,81
104,82
104,83
104,84
57,85
119,86
57,87
119,88
119,89
104,90
57,91
119,92
119,93
119,94
57,95
55,96
55,97
55,98
57,99
57,100
57,101
57,102
119,103
43,104
57,105
57,106
55,107
57,108
57,109
55,110
57,111
57,112
57,113
57,114
57,115
55,116
57,117
119,118
57,119
43,60
43,61
45,62
119,63
57,64
57,65
30,66
43,67
57,68
57,69
57,70
57,71
57,72
57,73
57,74
57,75
43,76
57,77
102,78
55,79
57,80
57,81
57,82
57,83
57,84
57,85
119,86
57,87
55,88
57,89
119,90
119,91
119,92
119,93
57,94
57,95
58,96
55,97
57,98
109,99
119,100
58,101
57,102
119,103
43,104
57,105
119,106
57,107
57,108
57,109
57,110
119,111
57,112
119,113
57,114
57,115
57,116
57,117
57,118
119,119
43,60
119,61
119,62
57,63
55,64
104,65
104,66
119,67
57,68
57,69
119,70
119,71
43,72
45,73
45,74
43,75
57,76
45,77
104,78
55,79
104,80
43,81
43,82
43,83
43,84
45,85
57,86
57,87
119,88
119,89
43,90
57,91
119,92
58,93
119,94
119,95
119,96
55,97
55,98
57,99
116,100
57,101
57,102
119,103
43,104
57,105
57,106
57,107
57,108
57,109
57,110
57,111
57,112
57,113
57,114
57,115
57,116
57,117
57,118
57,119
43,60
119,61
119,62
57,63
57,64
43,65
43,66
119,67
58,68
58,69
106,70
57,71
43,72
45,73
45,74
43,75
104,76
45,77
104,78
55,79
104,80
43,81
43,82
43,83
43,84
45,85
57,86
57,87
119,88
119,89
43,90
57,91
119,92
58,93
119,94
57,95
119,96
55,97
55,98
57,99
116,100
57,101
53,102
119,103
43,104
43,105
57,106
119,107
57,108
43,109
57,110
58,111
57,112
119,113
57,114
57,115
102,116
57,117
119,118
57,119
119,60
43,61
119,62
57,64
57,65
109,66
57,67
57,68
57,69
57,70
57,71
104,72
57,73
104,74
104,75
104,76
57,77
104,78
102,79
57,80
57,81
104,82
104,83
57,84
57,85
57,86
57,87
102,88
102,89
104,90
119,91
119,92
119,93
57,94
57,95
119,96
55,97
55,98
106,99
119,100
119,101
43,102
119,103
43,104
57,105
57,106
57,107
57,108
57,109
57,110
57,111
57,112
119,113
57,114
57,115
57,116
57,117
57,118
57,119
43,60
43,61
43,62
57,63
57,64
104,65
43,66
104,67
57,68
57,69
57,70
57,71
43,72
43,73
43,74
43,75
43,76
45,77
30,78
55,79
53,80
43,81
43,82
43,83
43,84
57,85
57,86
57,87
57,88
57,89
57,90
57,91
57,92
119,93
119,94
57,95
55,96
55,97
55,98
54,99
57,100
57,101
43,102
119,103
43,104
57,105
57,106
57,107
57,108
57,109
54,110
119,111
57,112
119,113
57,114
57,115
57,116
57,117
57,118
57,119
45,60
43,61
119,62
57,63
55,64
104,65
57,66
119,67
57,68
57,69
57,70
57,71
43,72
45,73
45,74
43,75
104,76
43,77
57,78
55,79
57,80
43,81
104,82
43,83
43,84
43,85
119,86
57,87
119,88
57,89
43,90
100,91
57,92
119,93
119,94
57,95
55,96
57,97
119,98
54,99
57,100
57,101
57,102
119,103
57,104
57,105
119,106
57,107
57,108
57,109
57,110
119,111
57,112
54,113
45,114
57,115
57,116
57,117
57,118
57,119
43,60
57,61
45,62
119,63
57,64
57,65
43,66
102,67
57,68
57,69
57,70
57,71
43,72
57,73
57,74
57,75
57,76
57,77
57,78
102,79
57,80
57,81
57,82
43,83
57,84
57,85
57,86
102,87
54,88
100,89
57,90
119,91
57,92
58,93
119,94
57,95
119,96
55,97
57,98
57,99
57,100
57,101
31,102
119,103
45,104
57,105
109,106
55,107
57,108
57,109
57,111
53,112
106,113
57,114
57,115
57,116
57,117
57,118
57,119
43,60
43,61
119,62
57,63
57,64
104,65
57,66
119,67
57,68
57,69
57,70
57,71
43,72
45,73
45,74
45,75
119,76
45,77
57,78
57,79
119,80
43,81
43,82
43,83
43,84
43,85
57,86
119,87
119,88
57,89
43,90
44,91
57,92
57,93
119,94
57,95
57,96
57,97
57,98
57,99
57,100
57,101
57,102
119,103
57,104
57,105
57,106
57,107
57,108
57,109
54,110
119,111
45,112
57,113
43,114
57,115
57,116
57,117
119,118
57,119
43,60
43,61
43,62
57,63
55,64
43,65
43,66
119,67
57,68
119,69
57,70
57,71
43,72
43,73
45,74
43,75
104,76
43,77
57,78
55,79
104,80
43,81
43,82
43,83
43,84
45,85
57,86
57,87
119,88
119,89
43,90
57,91
119,92
119,93
119,94
119,95
119,96
119,97
57,98
57,99
116,100
57,101
57,102
119,103
43,104
57,105
57,106
57,107
57,108
104,109
57,110
119,111
119,112
119,113
57,114
57,115
43,116
57,117
57,118
57,119
45,60
45,61
119,62
57,63
57,64
57,65
102,66
53,67
57,68
57,69
57,70
57,71
43,72
57,73
45,74
104,75
104,76
57,77
43,78
102,79
43,80
104,81
57,82
104,83
57,84
57,85
119,86
119,87
57,88
57,89
45,90
119,91
43,92
119,93
45,94
45,95
57,96
45,97
57,98
57,99
119,100
57,101
57,102
45,103
43,104
93,105
93,106
57,107
57,108
57,109
57,110
119,111
43,112
57,113
57,114
57,115
57,116
57,117
119,118
57,119
45,60
43,61
119,62
57,63
57,64
93,65
53,66
57,67
55,68
57,69
57,70
119,71
43,72
43,73
43,74
43,75
43,76
43,77
43,78
57,79
57,80
43,81
43,82
43,83
43,84
43,85
57,86
57,87
53,88
102,89
43,90
57,91
119,92
119,93
119,94
57,95
119,96
57,97
57,98
100,99
57,100
57,101
43,102
119,103
43,104
57,105
57,106
57,107
57,108
57,109
57,110
119,111
57,112
57,113
57,114
57,115
57,116
57,117
57,118
57,119
43,60
45,61
119,62
57,63
57,64
57,65
43,66
53,67
57,68
57,69
57,70
57,71
43,72
104,73
43,74
104,75
57,76
45,77
43,78
57,79
57,80
104,81
104,82
43,83
45,84
104,85
119,86
119,87
104,88
102,89
43,90
119,91
119,92
43,93
119,94
57,95
119,96
57,97
119,98
54,99
54,100
55,101
43,102
119,103
43,104
57,105
57,106
57,107
57,108
43,109
30,110
57,111
57,112
119,113
57,114
57,115
57,116
57,117
119,118
57,119
57,60
45,61
119,62
57,63
57,64
57,65
43,66
104,67
57,68
57,69
57,70
57,71
57,72
43,73
57,74
43,75
57,76
43,77
43,78
57,79
57,80
43,81
43,82
43,83
43,84
43,85
57,86
43,87
102,88
57,89
57,90
119,91
57,92
57,93
119,94
102,95
119,96
57,97
57,98
57,99
57,100
53,101
43,102
119,103
45,104
57,105
54,106
57,107
57,108
57,109
57,110
119,111
57,112
57,113
57,114
57,115
57,116
57,117
57,118
119,119
43,60
43,61
119,62
57,63
57,64
119,65
43,66
57,67
119,68
57,69
57,70
119,71
43,72
43,73
43,74
43,75
57,76
43,77
43,78
57,79
57,80
43,81
43,82
43,83
45,84
43,85
57,86
57,87
43,88
43,89
57,90
57,91
119,92
119,93
119,94
57,95
119,96
119,97
119,98
100,99
57,100
54,101
43,102
119,103
104,104
57,105
57,106
57,107
54,108
57,109
57,110
57,111
119,112
57,113
53,114
54,115
57,116
57,117
57,118
57,119
119,60
43,61
119,62
57,63
57,64
104,65
102,66
57,67
57,68
119,69
119,70
119,71
43,72
43,73
43,74
43,75
104,76
43,77
43,78
57,79
57,80
43,81
43,82
43,83
45,84
43,85
57,86
43,87
104,88
104,89
43,90
57,91
119,92
119,93
119,94
57,95
119,96
57,97
57,98
54,99
45,100
100,101
43,102
119,103
43,104
57,105
57,106
57,107
57,108
57,109
113,110
119,111
57,112
119,113
57,114
57,115
57,116
57,117
57,118
104,119
43,60
45,61
119,62
119,63
57,64
57,65
119,66
57,67
57,68
57,69
57,70
57,71
57,72
104,73
104,74
57,75
57,76
57,77
102,78
57,79
102,80
57,81
57,82
104,83
45,84
57,85
119,86
119,87
57,88
57,89
57,90
119,91
119,92
119,93
57,94
57,95
119,96
57,97
119,98
57,99
57,100
55,101
57,102
119,103
102,104
57,105
57,106
100,107
31,108
69,109
69,110
57,111
43,112
57,113
57,114
57,115
57,116
57,117
57,118
119,119
45,60
45,61
119,62
57,63
57,64
104,65
30,66
43,67
57,68
57,69
57,70
57,71
43,72
43,73
43,74
43,75
104,76
57,77
43,78
57,79
119,80
43,81
43,82
43,83
45,84
104,85
119,86
119,87
104,88
57,89
104,90
57,91
57,92
119,93
119,94
57,95
55,96
55,97
57,98
55,99
57,100
54,101
30,102
119,103
30,104
57,105
57,106
57,107
57,108
57,109
57,110
57,111
57,112
57,113
102,114
57,115
57,116
57,117
57,118
57,119
43,60
57,61
119,62
57,63
57,64
104,65
104,66
119,67
57,68
43,69
43,70
45,71
45,72
45,73
30,74
57,75
43,76
43,77
43,78
119,79
43,80
57,81
119,82
45,83
57,84
57,85
57,86
119,87
102,88
53,89
104,90
57,91
57,92
57,93
119,94
119,95
119,96
46,97
119,98
55,99
57,100
54,101
109,102
119,103
43,104
57,105
57,106
57,107
57,108
57,109
57,110
57,111
57,112
57,113
57,114
57,115
57,116
57,117
57,118
119,119
45,60
45,61
119,62
57,63
57,64
57,65
53,66
43,67
57,68
55,69
57,70
57,71
43,72
30,73
57,74
57,75
57,76
57,77
30,78
119,79
57,80
119,81
57,82
57,83
45,84
57,85
119,86
119,87
57,88
57,89
57,90
57,91
53,92
57,93
119,94
57,95
114,96
57,97
102,98
102,99
57,100
57,101
43,102
119,103
30,104
57,105
57,106
57,107
55,108
57,109
57,110
119,111
57,112
119,113
57,114
57,115
57,116
57,117
57,118
57,119
43,60
57,61
119,62
57,63
57,64
104,65
104,66
104,67
104,68
104,69
43,70
104,71
40,72
40,73
40,74
40,75
43,76
43,77
43,78
57,79
43,80
53,81
43,82
40,83
43,84
43,85
57,86
57,87
57,88
43,89
43,90
57,91
119,92
119,93
119,94
119,95
119,96
57,97
119,98
57,99
57,100
57,101
57,102
119,103
43,104
45,105
57,106
93,107
57,108
104,109
57,110
119,111
57,112
57,113
45,114
57,115
57,116
57,117
57,118
57,119
43,60
45,61
119,62
57,63
57,64
43,65
104,66
104,67
119,68
57,69
119,70
119,71
43,72
43,73
45,74
43,75
104,76
45,77
43,78
57,79
43,80
43,81
43,82
43,83
45,84
43,85
57,86
119,87
119,88
119,89
43,90
57,91
119,92
43,93
119,94
119,95
119,96
57,97
119,98
55,99
57,100
57,101
104,102
119,103
104,104
57,105
57,106
57,107
119,108
57,109
57,110
57,111
57,112
119,113
57,114
57,115
57,116
57,117
57,118
104,119
57,60
57,61
57,62
119,63
57,64
57,65
109,66
57,67
45,68
57,69
57,70
57,71
57,72
57,73
45,74
57,75
24,76
43,77
57,78
119,79
104,80
57,81
57,82
119,83
57,84
57,85
119,86
55,87
57,88
119,89
104,90
57,91
109,92
57,93
102,94
57,95
58,96
104,97
119,98
119,99
57,100
57,101
102,102
119,103
104,104
57,105
57,106
57,107
57,108
57,109
53,110
57,111
57,112
57,113
57,114
57,115
57,116
57,117
57,118
57,119
119,60
45,61
119,62
57,63
104,64
104,65
102,66
104,67
57,68
57,69
57,70
57,71
43,72
57,73
45,74
53,75
57,76
43,77
43,78
57,79
104,80
43,81
43,82
53,83
43,84
43,85
104,86
57,87
104,88
104,89
104,90
119,91
57,92
119,93
119,94
102,95
55,96
57,97
57,98
55,99
57,100
57,101
30,102
119,103
102,104
57,105
57,106
57,107
57,108
57,109
57,110
57,111
57,112
57,113
45,114
57,115
57,116
57,117
57,118
119,119
119,60
43,61
119,62
57,63
119,64
43,65
102,66
119,67
57,68
57,69
58,70
57,71
104,72
43,73
104,74
53,75
119,76
43,77
43,78
57,79
104,80
57,81
104,82
57,83
57,84
119,85
119,86
104,87
102,88
102,89
104,90
119,91
57,92
57,93
119,94
119,95
119,96
46,97
119,98
57,99
57,100
102,101
102,102
119,103
102,104
109,105
57,106
57,107
57,108
57,109
57,110
119,111
45,112
57,113
57,114
57,115
57,116
57,117
119,118
57,119
102,60
45,61
57,62
57,63
57,64
57,65
102,66
104,67
57,68
57,69
57,70
57,71
57,72
30,73
43,74
57,75
57,76
57,77
57,78
102,79
57,80
43,81
57,82
30,83
43,84
57,85
57,86
104,87
102,88
57,89
57,90
57,91
57,92
57,93
57,94
57,95
119,96
57,97
57,98
57,99
57,100
58,101
58,102
58,103
93,104
57,105
57,106
57,107
57,108
57,109
57,110
57,111
102,112
57,113
57,114
119,115
57,116
57,117
57,118
102,119
119,60
119,61
119,62
57,63
119,64
43,65
104,66
119,67
57,68
57,69
119,70
119,71
43,72
43,73
43,74
43,75
119,76
43,77
43,78
57,79
43,80
43,81
43,82
43,83
45,84
43,85
119,86
119,87
104,88
104,89
43,90
57,91
119,92
104,93
119,94
119,95
119,96
57,97
57,98
55,99
57,100
57,101
102,102
119,103
104,104
104,105
119,106
57,107
57,108
57,109
57,110
57,111
45,112
57,113
57,114
57,115
57,116
57,117
57,118
57,119
119,60
43,61
119,62
57,63
104,64
43,65
57,66
43,67
55,68
57,69
57,70
106,71
43,72
43,73
43,74
43,75
119,76
43,77
43,78
55,79
43,80
43,81
43,82
43,83
43,84
43,85
119,86
57,87
104,88
53,89
104,90
119,91
119,92
57,93
119,94
119,95
119,96
57,97
57,98
57,99
57,100
57,101
104,102
119,103
102,104
57,105
57,106
57,107
58,108
57,109
57,110
57,111
57,112
119,113
57,114
106,115
57,116
57,117
119,118
57,119
119,60
119,61
119,62
119,63
57,64
57,65
57,66
109,67
57,68
57,69
57,70
57,71
57,72
104,73
104,74
104,75
57,76
104,77
57,78
109,79
57,80
57,81
57,82
102,83
57,84
57,85
119,86
119,87
57,88
109,89
55,90
57,91
109,92
55,93
104,94
57,95
106,96
57,97
102,98
102,99
57,100
57,101
55,102
119,103
104,104
119,105
57,106
109,107
57,108
57,109
53,110
104,111
43,112
57,113
57,114
119,115
57,116
57,117
119,118
119,119
43,60
45,61
45,62
104,63
104,64
104,65
53,66
43,67
57,68
55,69
55,70
57,71
43,72
45,73
43,74
43,75
57,76
43,77
43,78
53,79
45,80
43,81
53,82
43,83
45,84
104,85
57,86
57,87
53,88
88,89
43,90
57,91
57,92
119,93
119,94
57,95
55,96
55,97
57,98
57,99
57,100
54,101
53,102
119,103
30,104
57,105
57,106
102,107
57,108
57,109
57,110
119,111
57,112
57,113
57,114
57,115
57,116
57,117
57,118
57,119
45,60
45,61
119,62
119,63
102,64
104,65
109,66
119,67
57,68
57,69
57,70
57,71
43,72
104,73
45,74
104,75
57,76
104,77
106,78
57,79
104,80
104,81
104,82
57,83
43,84
104,85
119,86
43,87
102,88
57,89
57,90
57,91
119,92
57,93
119,94
57,95
55,96
57,97
102,98
55,99
57,100
57,101
102,102
119,103
102,104
57,105
57,106
57,107
55,108
57,109
55,110
57,111
57,112
57,113
57,114
57,115
57,116
57,117
57,118
57,119
45,60
43,61
119,62
57,63
57,64
57,65
109,66
43,67
102,68
55,69
55,70
109,71
57,72
53,73
30,74
57,75
57,76
57,77
43,78
55,79
57,80
104,81
53,82
30,83
57,84
102,85
57,86
57,87
57,88
55,89
57,90
57,91
102,92
57,93
57,94
57,95
119,96
57,97
57,98
58,99
57,100
57,101
57,102
58,103
43,104
57,105
57,106
88,107
55,108
57,109
57,110
119,111
57,112
57,113
57,114
57,115
57,116
57,117
57,118
57,119
43,60
43,61
43,62
57,63
57,64
43,65
57,66
43,67
55,68
57,69
57,70
57,71
43,72
43,73
43,74
43,75
119,76
43,77
102,78
57,79
43,80
43,81
43,82
43,83
43,84
43,85
57,86
104,87
104,88
104,89
43,90
57,91
57,92
104,93
119,94
119,95
119,96
57,97
57,98
57,99
54,100
54,101
102,102
119,103
102,104
43,105
104,106
109,107
57,108
57,109
57,110
119,111
57,112
119,113
57,114
57,115
57,116
57,117
57,118
119,119
43,60
45,61
104,62
43,63
104,64
43,65
53,66
104,67
55,68
57,69
57,70
57,71
43,72
43,73
43,74
43,75
119,76
43,77
43,78
55,79
43,80
43,81
43,82
43,83
43,84
104,85
119,86
57,87
43,88
104,89
104,90
57,91
119,92
104,93
119,94
119,95
119,96
119,97
57,98
57,99
54,100
57,101
57,102
119,103
102,104
57,105
57,106
102,107
57,108
109,109
57,110
119,111
57,112
119,113
57,114
57,115
57,116
57,117
119,118
106,119
43,60
57,61
57,62
119,63
55,64
57,65
109,66
43,67
57,68
57,69
57,70
57,71
57,72
104,73
104,74
104,75
57,76
57,77
102,78
57,79
57,80
119,81
57,82
104,83
57,84
102,85
119,86
104,87
57,88
57,89
57,90
57,91
119,92
57,93
57,94
57,95
119,96
57,97
57,98
102,99
119,100
109,101
30,102
43,103
93,104
57,105
57,106
57,107
57,108
57,109
57,110
57,111
57,112
119,113
57,114
57,115
57,116
57,117
57,118
57,119
45,60
45,61
45,62
14,63
57,64
57,65
57,66
57,67
57,68
57,69
57,70
57,71
30,72
30,73
45,74
30,75
57,76
30,77
57,78
100,79
57,80
30,81
30,82
30,83
93,84
30,85
57,86
57,87
57,88
30,89
57,90
119,91
57,92
57,93
57,94
57,95
57,96
55,97
57,98
45,99
45,100
57,101
57,102
119,103
30,104
57,105
57,106
31,107
57,108
57,109
57,110
57,111
57,112
14,113
57,114
45,115
57,116
57,117
45,118
57,119
43,60
43,61
57,62
54,63
57,64
57,65
57,66
119,67
57,68
57,69
57,70
57,71
30,72
30,73
43,74
43,75
57,76
57,77
43,78
100,79
43,80
57,81
43,82
30,83
43,84
57,85
119,86
43,87
57,88
57,89
57,90
119,92
57,93
119,94
57,95
55,96
57,97
57,98
100,99
57,100
57,101
43,102
119,103
93,104
57,105
57,106
45,107
100,108
57,109
45,110
57,111
57,112
57,113
57,114
54,115
57,116
57,117
45,118
57,119
45,60
45,61
45,62
100,63
57,64
57,65
45,66
43,67
57,68
57,69
57,70
30,71
57,72
57,73
43,74
43,75
57,76
30,77
45,78
30,79
57,80
57,81
57,82
30,83
93,84
57,85
57,86
57,87
57,88
57,89
57,90
57,91
31,92
57,93
57,94
57,95
119,96
57,97
57,98
30,99
57,100
57,101
57,102
119,103
45,104
43,105
57,106
57,107
57,108
57,109
57,110
57,111
57,112
57,113
45,114
57,115
57,116
57,117
119,118
57,119
43,60
43,61
43,62
57,63
43,64
89,65
30,66
57,67
53,68
89,69
43,70
43,71
43,72
103,73
30,74
43,75
43,76
30,77
103,78
44,79
30,80
57,81
103,82
93,83
57,84
31,85
57,86
57,87
43,88
43,89
57,90
57,91
119,92
119,93
57,94
57,95
57,96
57,97
57,98
44,99
45,100
44,101
93,102
119,103
103,104
57,105
57,106
57,107
57,108
57,109
45,110
57,111
57,112
45,113
43,114
45,115
57,116
57,117
57,118
57,119
119,60
119,61
119,62
57,63
57,64
57,65
57,66
57,67
57,68
57,69
57,70
57,71
103,72
30,73
30,74
119,75
57,76
57,77
57,78
43,80
57,81
103,82
57,83
57,84
57,85
119,86
119,87
57,88
57,89
30,90
57,92
119,93
57,94
57,95
57,96
57,97
57,98
45,99
54,100
45,101
30,102
57,103
57,105
30,106
57,107
57,108
57,109
45,110
57,111
57,112
57,113
45,114
106,115
57,116
57,117
106,118
57,119
43,60
43,61
57,62
57,63
57,64
57,65
45,66
119,67
45,68
57,69
57,70
119,71
57,72
57,73
30,74
57,75
57,76
43,77
43,78
119,79
57,80
57,81
57,82
43,83
57,86
57,87
57,88
57,89
57,90
119,91
57,92
57,93
119,94
119,95
119,96
119,97
116,98
119,99
57,100
57,101
119,102
119,103
58,104
54,105
45,106
57,107
57,108
57,109
45,110
57,111
57,112
57,113
57,114
57,115
119,116
57,117
119,118
119,119
45,60
45,61
45,62
100,63
57,64
57,65
30,66
119,67
57,68
57,69
57,70
57,71
103,72
30,73
30,74
30,75
57,76
30,77
45,78
100,79
43,80
30,81
30,82
30,83
93,84
30,85
57,86
57,87
57,88
53,89
30,90
45,91
57,92
88,93
57,94
57,95
57,96
55,97
57,98
45,99
44,100
45,101
57,102
119,103
57,104
57,105
57,106
54,107
57,108
57,109
45,110
57,111
57,112
54,113
57,114
45,115
45,116
57,117
54,118
57,119
45,60
57,61
57,62
57,63
30,64
57,65
57,66
57,67
57,68
57,69
57,70
57,71
57,72
43,73
43,74
43,75
57,76
43,77
43,78
57,79
43,80
57,81
57,82
30,83
43,84
57,85
57,86
57,87
57,88
57,89
57,90
54,91
57,92
57,93
57,94
57,95
57,96
119,97
57,98
100,99
45,100
44,101
43,102
119,103
30,104
57,105
57,106
45,107
57,108
57,109
100,110
119,111
57,112
45,113
45,114
54,115
45,116
57,117
45,118
57,119
43,60
45,61
57,62
45,63
57,64
57,65
93,66
43,67
57,68
57,69
57,70
57,71
30,72
57,73
43,74
57,75
57,76
57,77
43,78
30,79
57,80
57,81
57,82
43,83
93,84
57,85
57,86
57,87
57,88
57,89
57,90
100,91
57,92
57,93
57,94
57,95
57,96
57,97
57,98
57,99
57,100
31,101
45,102
45,103
43,104
54,105
57,106
57,107
57,108
57,109
14,110
57,111
57,112
57,113
45,114
45,115
57,116
57,117
106,118
57,119
57,60
57,61
57,62
57,63
30,64
31,65
31,66
119,67
55,68
88,69
57,70
57,71
31,72
30,73
30,74
30,75
43,76
43,77
30,78
57,79
43,80
43,81
31,82
30,83
43,84
43,85
43,86
57,87
43,88
43,89
31,90
54,91
57,92
104,93
57,94
57,95
57,96
119,97
57,98
100,99
45,100
44,101
31,102
119,103
30,104
57,105
57,106
31,107
54,108
53,109
100,110
119,111
57,112
57,113
57,114
45,115
100,116
57,117
57,118
57,119
57,60
57,61
57,62
54,63
57,64
57,65
31,66
57,67
55,68
57,69
53,70
57,71
30,72
31,73
30,74
57,75
57,76
30,77
30,78
100,79
43,80
30,81
30,82
43,83
45,84
30,85
57,86
57,87
43,88
31,89
31,90
57,91
119,92
119,93
119,94
57,95
57,96
57,97
57,98
54,99
45,100
44,101
103,102
119,103
30,104
57,105
57,106
45,107
57,108
93,109
44,110
57,111
57,112
116,113
30,114
45,115
57,116
57,117
57,118
57,119
57,60
43,61
45,62
57,63
57,64
45,65
43,66
119,67
57,68
57,69
57,70
57,71
43,72
57,73
57,74
57,75
57,76
43,77
43,78
57,79
45,80
57,81
57,82
57,83
43,84
57,85
57,86
57,87
57,88
57,89
57,90
57,91
57,92
57,93
57,94
57,95
57,96
57,97
57,98
57,99
54,100
54,101
57,102
119,103
43,104
45,105
45,106
44,107
57,108
45,109
100,110
57,111
57,112
57,113
57,114
57,115
57,116
57,117
57,118
57,119
45,60
43,61
57,62
57,63
57,64
43,65
30,66
43,67
57,68
57,69
57,70
57,71
43,72
30,73
43,74
43,75
57,76
43,77
43,78
57,79
45,80
43,81
43,82
57,83
45,84
102,85
119,86
104,87
93,88
57,89
57,90
119,91
104,92
45,93
119,94
57,95
57,96
57,97
57,98
57,99
54,100
57,101
57,102
119,103
43,104
57,105
57,106
57,107
57,108
57,109
57,110
57,111
57,112
57,113
57,114
57,115
57,116
57,117
57,118
57,119
43,60
45,61
119,62
57,63
57,64
104,65
45,66
45,67
45,68
43,69
45,70
45,71
45,72
45,73
45,74
43,75
43,76
43,77
45,78
57,79
104,80
43,81
43,82
43,83
45,84
43,85
57,86
43,87
57,88
57,89
104,90
57,91
119,92
57,93
119,94
57,95
119,96
57,97
57,98
55,99
57,100
57,101
102,102
119,103
43,104
57,105
57,106
57,107
55,108
57,109
57,110
119,111
57,112
57,113
57,114
57,115
57,116
57,117
119,118
57,119
57,60
57,61
119,62
57,63
57,64
57,65
30,66
57,67
57,68
57,69
57,70
57,71
30,72
43,73
43,74
57,75
57,76
43,77
43,78
57,79
57,80
57,81
57,82
43,83
45,84
57,85
57,86
102,87
57,88
57,89
57,90
57,91
119,92
55,93
43,94
57,95
57,96
57,97
102,98
93,99
57,100
93,101
45,102
45,103
30,104
57,105
57,106
57,107
57,108
57,109
57,110
57,111
57,112
57,113
57,114
57,115
57,116
57,117
57,118
57,119
43,60
43,61
104,62
57,63
104,64
104,65
43,66
45,67
45,68
45,69
45,70
45,71
45,72
40,73
45,74
40,75
45,76
43,77
43,78
57,79
43,80
45,81
45,82
40,83
45,84
45,85
57,86
43,87
43,88
43,89
43,90
54,91
119,92
119,93
119,94
57,95
119,96
55,97
57,98
54,99
45,100
100,101
57,102
119,103
43,104
57,105
53,106
53,107
57,108
57,109
57,110
119,111
43,112
57,113
57,114
57,115
57,116
57,117
57,118
57,119
93,60
43,61
43,62
57,63
43,64
43,65
57,66
57,67
57,68
57,69
57,70
57,71
43,72
43,73
43,74
43,75
57,76
43,77
43,78
57,79
43,80
43,81
43,82
43,83
43,84
43,85
104,86
57,87
30,88
93,89
43,90
57,91
57,92
104,93
43,94
45,95
57,96
45,97
57,98
54,99
45,100
57,101
43,102
119,103
43,104
57,105
57,106
57,107
57,108
57,109
57,110
57,111
57,112
54,113
57,114
54,115
57,116
57,117
57,118
119,119
57,60
57,61
45,62
119,63
46,64
104,65
57,66
45,67
45,68
45,69
45,70
45,71
43,72
45,75
45,76
43,77
43,78
119,79
45,80
45,81
43,82
43,83
45,84
43,85
119,86
57,87
57,88
57,89
57,90
57,91
119,92
57,93
57,94
43,95
119,96
57,97
57,98
109,99
57,100
58,101
102,102
119,103
93,104
57,105
57,106
57,107
119,108
57,109
57,110
57,111
57,112
119,113
57,114
57,115
57,116
57,117
57,118
57,119
45,60
43,61
119,62
57,63
43,64
43,65
31,66
119,67
57,68
57,69
57,70
57,71
30,72
43,73
43,74
43,75
119,76
43,77
43,78
100,79
45,80
43,81
30,82
43,83
45,84
57,85
57,86
43,87
57,88
43,89
43,90
57,91
57,92
93,93
57,94
93,95
57,96
57,97
57,98
100,99
100,100
100,101
30,102
119,103
43,104
57,105
57,106
57,107
57,108
100,109
54,110
57,111
57,112
57,113
57,114
100,115
57,116
57,117
57,118
57,119
43,60
43,61
43,62
57,63
43,64
43,65
43,66
119,67
119,68
119,69
57,70
57,71
104,72
104,73
43,74
104,75
57,76
43,77
43,78
57,79
102,80
43,81
43,82
43,83
45,84
104,85
57,86
57,87
43,88
102,89
43,90
57,91
119,92
57,93
119,94
57,95
119,96
55,97
57,98
54,99
54,100
57,101
102,102
119,103
43,104
57,105
57,106
57,107
57,108
57,109
54,110
57,111
57,112
57,113
57,114
57,115
57,116
57,117
57,118
57,119
43,60
43,61
119,62
57,63
119,64
57,65
93,66
43,67
57,68
57,69
57,70
57,71
43,72
43,73
43,74
57,75
57,76
43,77
43,78
57,79
43,80
57,81
57,82
30,83
45,84
57,85
57,86
57,87
57,88
55,89
43,90
57,91
57,92
57,93
57,94
57,95
57,96
55,97
57,98
54,99
57,100
57,101
57,102
119,103
43,104
57,105
57,106
57,107
100,108
57,109
54,110
119,111
57,112
57,113
57,114
57,115
57,116
57,117
57,118
57,119
43,60
119,61
43,62
57,63
43,64
43,65
43,66
119,67
57,68
57,69
57,70
57,71
43,72
45,73
43,74
43,75
119,76
43,77
43,78
100,79
43,80
43,81
93,82
43,83
43,84
43,85
57,86
57,87
43,88
43,89
43,90
14,91
57,92
104,93
119,94
57,95
119,96
119,97
57,98
100,99
45,100
44,101
43,102
119,103
93,104
43,105
30,106
57,107
57,108
57,109
100,110
119,111
57,112
57,113
45,114
57,115
57,116
57,117
57,118
57,119
43,60
43,61
57,62
57,63
57,64
104,65
93,66
119,67
55,68
57,69
57,70
57,71
30,72
30,73
30,74
30,75
119,76
43,77
30,78
100,79
43,80
43,81
30,82
43,83
57,84
43,85
57,86
57,87
57,88
57,89
30,90
45,91
57,92
119,93
57,94
93,95
57,96
55,97
57,98
100,99
45,100
44,101
31,102
119,103
57,104
57,105
57,106
57,107
54,108
57,109
45,110
57,111
57,112
57,113
57,114
57,115
57,116
57,117
57,118
57,119
45,60
43,61
43,62
57,63
43,64
57,65
57,66
119,67
57,68
57,69
57,70
57,71
43,72
43,73
43,74
104,75
57,76
43,77
43,78
100,79
43,80
57,81
57,82
43,83
57,84
57,85
57,86
57,87
55,88
57,89
57,90
57,91
57,92
57,93
57,94
57,95
57,96
55,97
57,98
57,99
45,100
57,101
43,102
119,103
43,104
57,105
57,106
54,107
100,108
57,109
45,110
57,111
57,112
45,113
45,114
57,115
57,116
57,117
54,118
57,119
43,60
119,61
119,62
57,63
57,64
57,65
53,66
119,67
43,68
119,69
57,70
53,71
43,72
45,73
45,74
45,75
57,76
45,77
31,78
53,79
57,80
43,81
45,82
45,83
45,84
43,85
57,86
57,87
43,88
43,89
43,90
119,91
119,92
119,93
119,94
57,95
119,96
57,97
57,98
57,99
119,100
54,101
30,102
119,103
30,104
57,105
57,106
57,107
57,108
57,109
57,110
57,111
57,112
119,113
53,114
57,115
57,116
57,117
57,118
57,119
45,60
43,61
119,62
119,63
57,64
57,65
43,66
57,67
104,68
119,69
57,70
43,71
43,72
43,73
43,74
43,75
119,76
45,77
104,78
55,79
57,80
45,81
45,82
45,83
45,84
43,85
57,86
57,87
119,88
104,89
104,90
57,91
119,92
45,93
119,94
57,95
119,96
55,97
119,98
57,99
57,100
57,101
43,102
119,103
104,104
57,105
57,106
57,107
57,108
57,109
57,110
57,111
57,112
57,113
57,114
57,115
57,116
57,117
119,118
57,119
45,60
43,61
119,62
57,63
57,64
57,65
43,66
104,67
45,68
57,69
43,70
45,71
57,72
45,73
45,74
45,75
57,76
45,77
45,78
53,79
102,80
43,81
57,82
45,83
45,84
57,85
57,86
57,87
57,88
119,89
57,90
119,91
45,92
57,93
119,94
93,95
57,96
57,97
57,98
53,99
119,100
31,101
45,102
119,103
45,104
119,105
57,106
57,107
57,108
57,109
57,110
119,111
57,112
119,113
57,114
57,115
57,116
57,117
57,118
119,119
43,60
43,61
119,62
57,63
57,64
57,65
43,66
119,67
119,68
119,69
119,70
119,71
43,72
43,73
45,74
43,75
119,76
45,77
43,78
57,79
119,80
43,81
45,82
45,83
45,84
43,85
57,86
57,87
45,88
57,89
43,90
57,91
119,92
57,93
119,94
57,95
119,96
57,97
119,98
57,99
119,100
119,101
119,102
119,103
43,104
57,105
57,106
57,107
57,108
57,109
55,110
57,111
57,112
119,113
57,114
55,115
119,116
57,117
57,118
57,119
43,60
119,61
119,62
57,63
57,64
43,65
57,66
119,67
104,68
119,69
57,70
57,71
45,72
45,73
45,74
43,75
119,76
45,77
43,78
57,79
57,80
43,81
45,82
45,83
45,84
43,85
57,86
57,87
45,88
45,89
43,90
119,91
119,92
119,93
119,94
119,95
119,96
43,97
57,98
57,99
57,100
57,101
43,102
119,103
43,104
57,105
57,106
57,107
57,108
57,109
55,110
57,111
57,112
57,113
57,114
57,115
57,116
57,117
57,118
57,119
57,60
57,61
119,62
119,63
119,64
57,65
102,66
57,67
57,68
57,69
43,70
57,71
104,72
57,73
104,74
43,75
57,76
45,77
104,78
53,79
57,80
57,81
45,82
57,83
45,84
45,85
57,86
57,87
119,88
102,89
104,90
119,91
57,92
45,93
57,94
57,95
119,96
46,97
57,98
57,99
119,100
57,101
43,102
119,103
43,104
57,105
45,106
57,107
57,108
119,109
57,110
57,111
57,112
57,113
57,114
57,115
57,116
57,117
57,118
57,119
119,60
57,61
119,62
119,63
57,64
57,65
30,66
43,67
104,68
104,69
57,70
109,71
45,72
43,73
45,74
43,75
53,76
45,77
43,78
102,79
43,80
43,81
45,82
57,83
45,84
57,85
57,86
57,87
57,88
57,89
57,90
119,91
57,92
57,93
119,94
45,95
119,96
57,97
102,98
57,99
119,100
57,101
31,102
119,103
31,104
57,105
119,106
57,107
104,108
57,109
57,110
119,111
57,112
119,113
53,114
57,115
57,116
57,117
119,118
57,119
119,60
119,61
119,62
57,63
119,64
57,65
104,66
43,67
119,68
119,69
119,70
119,71
43,72
43,73
45,74
45,75
119,76
43,77
43,78
119,79
119,80
45,81
45,82
45,83
45,84
104,85
57,86
57,87
104,88
57,89
43,90
119,91
119,92
119,93
119,94
57,95
119,96
46,97
119,98
57,99
119,100
119,101
104,102
119,103
43,104
57,105
109,106
57,107
57,108
57,109
55,110
119,111
57,112
57,113
57,114
57,115
57,116
57,117
57,118
57,119
57,60
57,61
119,64
102,66
93,67
57,68
43,69
104,70
102,71
57,72
57,73
45,74
57,75
57,76
45,77
57,78
119,79
57,80
57,81
57,82
57,84
57,85
119,86
45,87
57,88
57,89
57,90
119,91
57,92
119,93
119,94
57,95
119,96
57,97
102,98
57,99
119,100
119,101
43,102
119,103
93,104
119,105
119,106
57,107
57,108
57,109
109,110
119,111
119,112
119,113
57,114
57,115
57,116
57,117
57,118
57,119
119,60
119,61
119,62
57,63
57,64
57,65
104,66
119,67
57,68
119,69
119,70
119,71
43,72
43,73
45,74
43,75
119,76
43,77
43,78
57,79
102,80
43,81
43,82
43,83
45,84
43,85
57,86
57,87
57,88
57,89
43,90
57,91
119,92
119,93
119,94
57,95
119,96
57,97
57,98
57,99
119,100
119,101
104,102
119,103
57,104
57,105
57,106
109,107
57,108
109,109
57,110
119,111
57,112
57,113
109,114
57,115
53,116
57,117
57,118
119,119
43,60
43,61
119,62
57,63
57,64
119,65
104,66
43,67
104,68
104,69
119,70
102,71
43,72
40,73
43,74
43,75
57,76
45,77
43,78
30,79
43,80
40,81
45,82
45,83
45,84
43,85
57,86
57,87
45,88
45,89
45,90
119,91
45,92
57,93
119,94
45,95
119,96
57,97
119,98
57,99
119,100
57,101
43,102
119,103
104,104
119,105
57,106
57,107
57,108
57,109
57,110
57,111
57,112
119,113
57,114
57,115
109,116
57,117
57,118
119,119
43,60
43,61
119,62
119,63
119,64
57,65
102,66
57,67
104,68
57,69
57,70
119,71
57,72
109,73
57,74
57,75
119,76
119,77
119,78
104,79
57,80
57,81
104,82
57,83
57,84
57,85
119,86
119,87
58,88
119,89
104,90
119,91
119,92
119,93
119,94
102,95
119,96
43,97
119,98
102,99
119,100
57,101
102,102
119,103
43,104
57,105
57,106
57,107
57,108
57,109
55,110
119,111
102,112
119,113
57,114
57,115
57,116
57,117
119,118
119,119
53,60
119,61
119,62
57,63
57,64
57,65
30,66
45,67
57,68
104,69
57,70
43,71
43,72
43,73
57,74
43,75
57,76
45,77
30,78
57,79
57,80
43,81
45,82
43,83
45,84
57,85
119,86
57,87
119,88
57,89
43,90
57,91
43,92
119,93
119,94
102,95
119,96
57,97
57,98
57,99
119,100
119,101
30,102
119,103
43,104
119,105
57,106
57,107
57,108
57,109
57,110
119,111
57,112
119,113
57,114
57,115
57,116
57,117
119,118
119,119
43,60
43,61
119,62
57,63
57,64
43,65
43,66
43,67
57,68
119,69
57,70
104,71
43,72
43,73
45,74
45,75
57,76
45,77
45,78
57,79
119,80
104,81
43,82
43,83
45,84
57,85
57,86
57,87
57,88
57,89
43,90
57,91
119,92
57,93
119,94
102,95
119,96
57,97
119,98
57,99
119,100
119,101
43,102
119,103
43,104
57,105
119,106
57,107
57,108
57,109
53,110
119,111
57,112
57,113
57,114
57,115
57,116
57,117
57,118
57,119
119,62
119,63
57,64
93,65
93,66
43,67
30,68
45,69
43,70
43,71
43,72
30,73
45,74
43,75
30,76
45,77
43,78
57,79
57,80
43,81
43,82
43,83
57,84
57,85
57,86
57,87
57,88
57,89
57,90
119,91
53,92
119,93
57,94
57,95
55,96
55,97
57,98
57,99
119,100
119,101
30,102
119,103
43,104
119,105
57,106
57,107
57,108
57,109
57,110
119,111
57,112
119,113
57,114
57,115
52,116
57,117
119,118
57,119
43,60
43,61
119,62
57,63
57,64
104,65
43,66
43,67
57,68
119,69
57,70
119,71
43,72
43,73
45,74
43,75
57,76
43,77
45,78
57,79
104,80
43,81
43,82
43,83
45,84
43,85
57,86
57,87
57,88
57,89
43,90
57,91
104,92
119,93
119,94
57,95
119,96
43,97
57,98
57,99
57,100
57,101
104,102
119,103
119,104
119,105
57,106
57,107
57,108
43,109
57,110
119,111
57,112
119,113
45,114
57,115
57,116
57,117
57,118
119,119
43,60
45,61
119,62
57,63
57,64
57,65
43,66
119,67
57,68
119,69
57,70
104,71
43,72
43,73
43,74
43,75
57,76
43,77
104,78
57,79
57,80
43,81
45,82
45,83
45,84
43,85
57,86
57,87
57,88
57,89
43,90
57,91
119,92
119,93
119,94
57,95
119,96
57,97
57,98
57,99
119,100
57,101
43,102
119,103
43,104
119,105
57,106
57,107
57,108
57,109
55,110
119,111
57,112
57,113
57,114
57,115
57,116
57,117
57,118
57,119
57,60
57,61
119,62
119,63
119,64
57,65
57,66
30,67
57,68
57,69
57,70
43,71
43,72
102,73
45,74
45,75
57,76
57,77
43,78
55,79
57,80
57,81
104,82
43,83
43,84
57,85
57,86
57,87
57,88
102,89
57,90
57,91
57,92
119,93
57,94
43,95
119,96
46,97
119,98
57,99
119,100
119,101
104,102
119,103
104,104
119,105
57,106
119,107
57,108
57,109
57,110
119,111
57,112
57,113
45,114
57,115
57,116
57,117
119,118
57,119
57,60
45,61
119,62
57,63
57,64
104,65
102,66
35,67
93,68
104,69
104,70
53,71
43,72
45,73
43,74
43,75
57,76
45,77
43,78
30,79
119,80
43,81
45,82
45,83
45,84
104,85
119,86
57,87
104,88
57,89
45,90
119,91
104,92
57,93
119,94
102,95
119,96
57,97
102,98
57,99
119,100
57,101
93,102
119,103
43,104
57,105
57,106
119,107
57,108
57,109
53,110
119,111
57,112
119,113
57,114
57,115
57,116
57,117
57,118
119,119
45,60
45,61
119,62
119,63
57,64
104,65
104,66
119,67
102,68
119,69
57,70
102,71
43,72
45,73
45,74
45,75
119,76
45,77
45,78
57,79
45,80
45,81
43,82
45,83
45,84
57,85
57,86
57,87
53,88
57,89
45,90
57,91
104,92
104,93
119,94
57,95
119,96
46,97
119,98
57,99
57,100
119,101
119,102
119,103
104,104
57,105
57,106
53,107
57,108
57,109
57,110
57,111
57,112
57,113
57,114
57,115
57,116
57,117
57,118
119,119
57,60
57,61
119,62
57,63
57,64
57,65
102,66
109,67
102,68
119,69
57,70
57,71
43,72
93,73
45,74
30,75
57,76
43,77
45,78
53,79
57,80
57,81
43,82
57,83
45,84
57,85
57,86
119,87
57,88
57,89
57,90
119,91
109,92
57,93
43,94
104,95
114,96
57,97
57,98
109,99
119,100
57,101
57,102
119,103
13,104
57,105
57,106
57,107
57,108
43,109
31,110
119,111
43,112
57,113
45,114
57,115
57,116
57,117
57,118
57,119
45,60
45,61
119,62
119,63
57,64
43,65
104,66
119,67
102,68
119,69
104,70
57,71
43,72
43,73
45,74
43,75
119,76
45,77
43,78
57,79
45,80
45,81
43,82
45,83
45,84
43,85
57,86
57,87
43,88
57,89
43,90
119,92
104,93
119,94
57,95
119,96
57,97
57,98
55,99
57,100
119,101
104,102
119,103
43,104
57,105
57,106
57,107
57,108
119,109
57,110
119,111
57,112
119,113
57,114
57,115
102,116
57,117
57,118
119,119
45,60
57,61
119,62
57,63
57,64
57,65
104,66
119,67
119,68
104,69
119,70
57,71
45,72
45,73
43,74
45,75
119,76
43,77
43,78
57,79
119,80
45,81
45,82
45,83
45,84
43,85
57,86
119,87
43,88
45,89
43,90
57,91
119,92
119,93
119,94
119,95
119,96
57,97
119,98
57,99
119,100
57,101
104,102
119,103
104,104
119,105
57,106
119,107
57,108
57,109
57,110
57,111
57,112
119,113
45,114
57,115
43,116
57,117
119,118
57,119
57,60
57,61
119,62
119,63
57,64
57,65
57,66
43,67
102,68
57,69
57,70
104,71
104,72
57,73
104,74
104,75
57,76
57,77
45,78
109,79
57,80
57,81
57,82
104,83
57,84
57,85
57,86
57,87
102,88
57,89
57,90
119,91
119,92
57,93
57,94
57,95
119,96
57,97
119,98
109,99
119,100
119,101
53,102
119,103
49,104
57,105
57,106
57,107
57,108
57,109
57,110
119,111
119,112
57,113
57,114
57,115
57,116
57,117
57,118
57,119
31,60
57,61
119,62
54,63
57,64
57,65
57,66
30,67
57,68
57,69
57,70
30,71
30,72
43,73
45,74
30,75
57,76
45,77
30,78
57,79
57,80
43,81
43,82
45,83
43,84
57,85
57,86
57,87
103,88
43,89
57,90
57,91
57,92
57,93
57,94
57,95
119,96
57,97
57,98
45,99
111,100
57,101
57,102
119,103
57,104
57,105
57,106
57,107
100,108
57,109
100,110
57,111
54,112
57,113
45,114
54,115
14,116
57,117
45,118
57,119
43,60
57,61
119,62
57,63
57,64
57,65
43,66
119,67
57,68
57,69
57,70
57,71
43,72
43,73
30,74
57,75
57,76
43,77
30,78
57,79
57,80
43,81
57,82
43,83
43,84
43,85
57,86
57,87
43,88
43,89
43,90
57,92
57,93
119,94
57,95
57,96
57,97
57,98
54,99
119,100
57,101
30,102
119,103
30,104
119,105
100,106
14,107
57,108
43,109
100,110
57,111
57,112
57,113
57,114
100,115
57,116
57,117
57,118
57,119
57,60
57,61
57,62
57,63
57,64
57,65
57,66
31,67
57,68
57,69
57,70
45,71
43,72
30,73
43,74
43,75
93,76
43,77
30,78
30,79
57,80
57,81
57,82
43,83
57,84
57,85
57,86
57,87
57,88
57,89
106,91
57,92
43,93
119,94
57,95
57,96
57,97
57,98
100,99
119,100
57,101
45,102
119,103
45,104
57,105
57,106
30,107
57,108
57,109
31,110
57,111
57,112
119,113
100,114
57,115
57,116
57,117
119,118
57,119
119,60
57,61
119,62
57,63
57,64
57,65
57,66
43,67
43,68
57,69
43,70
43,71
57,72
43,73
43,74
43,75
57,76
43,77
31,78
100,79
93,80
57,81
30,82
57,83
104,84
104,85
57,86
57,87
57,88
43,89
57,90
57,91
57,92
57,93
57,94
57,95
57,96
57,97
100,98
45,99
57,100
44,101
57,102
119,103
30,104
119,105
57,106
45,107
100,108
88,109
14,110
57,111
57,112
57,113
57,114
45,115
57,116
57,117
57,118
57,119
57,60
57,61
119,62
57,63
57,64
57,65
57,66
57,67
57,68
57,69
57,70
57,71
57,72
43,73
57,74
57,75
57,76
57,77
57,78
14,79
57,80
57,81
30,82
57,83
57,84
57,85
57,86
57,87
43,88
43,89
57,90
119,91
57,92
55,93
57,94
57,95
57,96
119,97
100,98
57,99
100,100
45,101
30,102
119,103
30,104
57,105
57,106
57,107
45,108
57,109
100,110
57,111
57,112
57,113
57,114
14,115
57,116
57,117
57,118
57,119
43,60
43,61
119,62
119,63
57,64
57,65
93,66
57,67
43,68
43,69
43,70
119,71
43,72
43,73
43,74
43,75
43,76
43,77
119,78
31,79
57,80
43,81
43,82
43,83
45,84
43,85
57,86
57,87
57,88
57,89
57,90
119,91
57,92
57,93
57,94
57,95
57,96
57,97
57,98
119,99
119,100
119,101
93,102
119,103
43,104
57,106
57,107
55,108
89,109
57,110
119,111
57,112
119,113
45,114
57,115
57,116
57,117
119,118
57,119
57,60
57,61
119,62
57,63
57,64
30,65
57,66
119,67
57,68
57,69
57,70
57,71
30,72
45,73
45,74
43,75
57,76
45,77
43,78
100,79
57,80
43,81
43,82
45,83
43,84
30,85
57,86
57,87
57,88
43,89
43,90
57,91
57,92
57,93
119,94
57,95
119,96
57,97
57,98
100,99
55,100
14,101
30,102
119,103
30,104
14,105
57,106
57,107
57,108
57,109
100,110
57,111
57,112
100,113
30,114
100,115
100,116
57,117
45,118
57,119
119,60
57,61
119,62
57,63
57,64
31,65
93,66
119,67
43,68
43,69
57,70
43,71
43,72
43,73
30,74
43,75
57,76
43,77
57,78
57,79
57,80
30,81
43,82
43,83
43,84
43,85
57,86
57,87
43,88
43,89
57,90
57,91
57,92
119,93
119,94
57,95
119,96
57,97
57,98
100,99
57,100
57,101
43,102
119,103
43,104
57,105
57,106
14,107
100,108
57,109
57,110
57,111
57,112
57,113
57,114
54,115
14,116
57,117
45,118
57,119
57,60
57,61
119,62
57,63
57,64
57,65
57,66
57,67
93,68
43,69
93,70
43,71
43,72
30,73
30,74
43,75
30,76
30,77
43,78
30,79
57,80
43,81
43,82
30,83
57,84
57,85
57,86
57,87
57,88
57,89
43,90
57,91
30,92
57,93
119,94
57,95
119,96
57,97
57,98
57,99
119,100
14,101
45,102
119,103
57,104
57,105
57,106
31,107
57,108
57,109
100,110
57,111
57,112
57,113
30,114
57,115
57,116
57,117
57,118
57,119
119,60
119,61
119,62
54,63
57,64
57,65
30,66
45,67
57,68
57,69
57,70
57,71
30,72
43,73
30,74
43,75
57,76
30,77
57,78
100,79
57,80
30,81
30,82
57,83
57,84
43,85
57,86
57,87
45,88
43,89
30,90
14,91
57,92
119,93
119,94
57,95
57,96
57,97
57,98
45,99
57,100
57,101
30,102
119,103
103,104
119,105
57,106
57,107
103,108
57,109
57,110
57,111
57,112
57,113
57,114
54,115
57,116
57,117
57,118
57,119
119,60
57,61
119,62
100,63
57,64
57,65
57,66
57,67
57,68
57,69
57,70
57,71
57,72
57,73
57,74
43,75
57,76
57,77
57,78
100,79
57,80
43,81
43,82
45,83
43,84
43,85
57,86
57,87
57,88
43,89
57,90
44,91
57,92
57,93
119,94
57,95
119,96
57,97
57,98
45,99
100,100
100,101
31,102
119,103
103,104
57,105
103,106
30,107
57,108
57,109
57,110
103,111
43,112
57,113
43,114
45,115
57,116
57,117
57,118
57,119
57,60
43,61
119,62
57,63
43,65
93,66
43,67
57,68
57,69
57,70
57,71
43,72
43,73
57,74
43,75
57,76
43,77
43,78
31,79
43,81
57,82
45,84
57,85
119,86
57,87
57,88
57,89
57,90
119,91
57,92
119,93
57,94
57,95
119,96
57,97
57,98
54,99
119,100
57,101
31,102
119,103
43,104
57,105
57,106
100,107
57,108
100,109
44,110
57,111
57,112
57,113
57,114
45,115
14,116
57,117
57,118
57,119
57,60
119,61
119,62
43,63
57,64
43,65
30,66
45,67
30,68
43,69
43,70
43,71
43,72
43,73
43,74
43,75
57,76
45,77
45,78
31,79
45,80
45,81
43,82
57,83
45,84
43,85
57,86
57,87
57,88
57,89
30,90
57,91
57,92
119,93
119,94
57,95
119,96
57,97
57,98
55,99
119,100
119,101
30,102
119,103
30,104
119,105
57,106
57,107
57,108
57,109
31,110
57,111
43,112
119,113
57,114
57,115
119,116
57,117
57,118
57,119
43,60
119,61
119,62
119,63
57,64
57,65
104,66
119,67
57,68
119,69
119,70
57,71
43,72
43,73
45,74
43,75
119,76
45,77
43,78
57,79
57,80
43,81
43,82
43,83
45,84
104,85
119,86
57,87
57,88
57,89
104,90
57,91
119,92
119,93
119,94
43,95
119,96
57,97
57,98
55,99
57,100
57,101
119,102
119,103
102,104
119,105
57,106
57,107
57,108
57,109
57,110
57,111
57,112
57,113
43,114
57,115
57,116
57,117
57,118
119,119
57,60
57,61
119,62
57,63
57,64
57,65
109,66
119,67
102,68
104,69
43,70
102,71
43,72
30,73
45,74
43,75
57,76
43,77
43,78
53,79
57,80
45,81
43,82
43,83
45,84
57,85
57,86
57,87
57,88
57,89
57,90
57,91
57,92
57,93
119,94
57,95
119,96
57,97
57,98
57,99
119,100
119,101
45,102
119,103
30,104
57,105
57,106
57,107
109,108
57,109
15,110
57,111
57,112
119,113
43,114
57,115
57,116
57,117
57,118
57,119
119,60
119,61
119,62
119,63
57,64
43,65
43,66
119,67
57,68
119,69
119,70
119,71
43,72
43,73
45,74
43,75
119,76
43,77
45,78
57,79
119,80
43,81
43,82
43,83
45,84
45,85
119,86
57,87
57,88
43,89
43,90
119,91
119,92
119,93
119,94
119,95
119,96
57,97
119,98
57,99
57,100
57,101
119,102
119,103
43,104
119,105
57,106
57,107
57,108
57,109
53,110
119,111
57,112
57,113
57,114
57,115
57,116
57,117
57,118
57,119
45,60
57,61
119,62
119,63
57,64
104,65
43,66
43,67
104,68
104,69
104,70
104,71
43,72
43,73
45,74
43,75
57,76
43,77
45,78
57,79
57,80
43,81
43,82
43,83
45,84
43,85
57,86
119,87
57,88
43,89
43,90
57,91
119,92
119,93
119,94
119,95
119,96
43,97
57,98
57,99
57,100
119,101
43,102
119,103
43,104
57,105
57,106
57,107
57,108
57,109
57,110
119,111
57,112
57,113
57,114
57,115
119,116
57,117
57,118
57,119
43,60
57,61
119,62
119,63
57,64
57,65
102,66
57,67
43,68
43,69
119,70
57,71
43,72
45,73
102,74
104,75
102,76
104,77
30,78
102,79
43,80
57,81
43,82
43,83
57,84
104,85
119,86
119,87
57,88
57,89
57,90
119,91
57,92
119,94
57,95
119,96
57,97
57,98
102,99
119,100
119,101
57,102
119,103
43,104
119,105
57,106
119,107
57,108
57,109
55,110
119,111
57,112
119,113
57,114
57,115
57,116
57,117
57,118
57,119
119,60
119,61
119,62
57,63
57,64
30,65
30,66
119,67
30,68
43,69
31,70
30,71
43,72
43,73
45,74
43,75
57,76
45,77
45,78
57,79
57,80
43,81
45,82
43,83
45,84
57,85
57,86
57,87
43,88
57,89
43,90
57,91
43,92
57,93
119,94
57,95
119,96
57,97
57,98
57,99
57,100
57,101
31,102
119,103
30,104
57,105
57,106
57,107
57,108
57,109
57,110
119,111
57,112
57,113
43,114
57,115
57,116
57,117
57,118
43,119
119,60
119,61
119,62
57,63
57,64
57,65
43,66
119,67
43,68
104,69
43,70
43,71
43,72
43,73
43,74
43,75
57,76
45,77
45,78
57,79
57,80
45,81
43,82
43,83
57,84
57,85
57,86
57,87
57,88
45,89
43,90
57,91
57,92
119,93
119,94
57,95
119,96
57,97
57,98
57,99
57,100
57,101
43,102
119,103
30,104
57,105
57,106
119,107
57,108
57,109
57,110
57,111
57,112
57,113
45,114
57,115
57,116
57,117
57,118
57,119
119,60
57,61
119,62
57,63
57,64
43,65
57,66
45,67
30,68
57,69
43,70
43,71
43,72
43,73
43,74
43,75
57,76
43,77
45,78
57,79
57,80
43,81
43,82
43,83
45,84
57,85
57,86
57,87
57,88
57,89
57,90
57,91
57,92
57,93
57,94
57,95
119,96
57,97
57,98
54,99
55,100
53,101
31,102
119,103
45,104
57,105
57,106
57,107
100,108
57,109
57,110
119,111
57,112
57,113
43,114
57,115
57,116
57,117
57,118
43,119
119,60
119,61
119,62
57,63
57,64
57,65
43,66
119,67
57,68
119,69
119,70
119,71
43,72
43,73
43,74
43,75
119,76
43,77
45,78
57,79
57,80
45,81
45,82
45,83
45,84
45,85
57,86
57,87
43,88
43,89
43,90
57,91
57,92
119,93
119,94
57,95
119,96
57,97
57,98
57,99
57,100
119,101
43,102
119,103
43,104
57,105
57,106
53,107
57,108
57,109
57,110
119,111
102,112
57,113
57,114
100,115
57,116
57,117
119,118
57,119
119,60
119,61
119,62
57,63
57,64
31,65
103,66
119,67
31,68
30,69
31,70
31,71
43,72
43,73
45,74
43,75
57,76
43,77
43,78
57,79
43,80
43,81
57,82
43,83
43,84
57,85
57,86
57,87
43,88
43,89
43,90
57,91
57,92
119,93
119,94
57,95
119,96
57,97
57,98
100,99
57,100
57,101
31,102
119,103
30,104
57,105
57,106
57,107
57,108
57,109
57,110
119,111
30,112
14,113
57,114
100,115
57,116
57,117
57,118
57,119
57,60
57,61
119,62
57,63
57,64
57,65
43,66
57,67
43,68
43,69
43,70
43,71
43,72
43,73
43,74
57,75
57,76
43,77
45,78
57,79
57,80
57,81
57,82
43,83
43,84
57,85
57,86
57,87
57,88
57,89
43,90
57,91
57,92
119,93
119,94
57,95
119,96
57,97
54,98
57,99
55,100
57,101
43,102
119,103
57,104
57,105
57,106
119,107
57,108
45,109
100,110
57,111
57,112
57,113
57,114
57,115
57,116
57,117
57,118
57,119
43,60
43,61
43,62
119,63
57,64
43,65
53,66
43,67
55,68
104,69
109,70
104,71
43,72
43,73
45,74
43,75
104,76
45,77
43,78
57,79
104,80
43,81
43,82
43,83
43,84
43,85
57,86
57,87
57,88
57,89
43,90
119,91
119,92
119,93
119,94
57,95
119,96
55,97
55,98
57,99
57,100
57,101
53,102
119,103
43,104
57,105
57,106
57,107
57,108
57,109
55,110
119,111
57,112
119,113
57,114
57,115
57,116
57,117
119,118
119,119
43,60
43,61
119,62
119,63
55,64
57,65
104,66
106,67
57,68
57,69
57,70
57,71
57,72
104,73
45,74
43,75
57,76
57,77
104,78
57,79
57,80
104,81
104,82
43,83
57,84
57,85
57,86
119,87
57,88
119,89
104,90
119,91
57,92
57,93
119,94
57,95
119,96
43,97
55,98
57,99
119,100
57,101
106,102
119,103
109,104
57,105
57,106
119,107
57,108
57,109
57,110
57,111
119,112
119,113
57,114
57,115
57,116
57,117
57,118
57,119
45,60
119,61
57,62
57,63
57,64
119,65
43,66
45,67
43,68
104,69
43,70
43,71
43,72
102,73
43,74
53,75
104,76
57,77
43,78
119,79
102,80
57,81
57,82
43,83
43,84
57,85
119,86
57,87
119,88
57,89
57,90
119,91
57,92
119,93
119,94
57,95
114,96
55,97
58,98
57,99
119,100
57,101
109,102
119,103
43,104
57,105
57,106
57,107
55,108
57,109
57,110
119,111
57,112
119,113
57,114
57,115
57,116
57,117
57,118
119,119
43,60
43,61
119,62
119,63
57,64
119,65
104,66
104,67
104,68
104,69
104,70
57,71
43,72
43,73
45,74
43,75
104,76
43,77
104,78
119,79
106,80
43,81
43,82
43,83
45,84
45,85
119,86
119,87
57,88
57,89
43,90
119,91
57,92
119,93
119,94
119,95
119,96
57,97
55,98
57,99
119,100
100,101
43,102
119,103
102,104
43,105
57,106
57,107
57,108
57,109
31,110
57,111
57,112
119,113
45,114
57,115
57,116
57,117
119,118
57,119
43,60
43,61
43,62
119,63
43,64
104,65
109,66
119,67
57,68
104,69
102,70
104,71
43,72
43,73
45,74
43,75
104,76
43,77
43,78
57,79
102,80
43,81
43,82
43,83
45,84
43,85
57,86
57,87
57,88
45,89
43,90
119,91
119,92
119,93
119,94
57,95
119,96
119,97
57,98
57,99
119,100
100,101
57,102
119,103
43,104
57,105
57,106
57,107
57,108
57,109
55,110
57,111
119,112
119,113
57,114
57,115
106,116
57,117
119,118
119,119
43,60
43,61
119,62
119,63
57,64
55,65
109,66
106,67
57,68
57,69
57,70
57,71
57,72
119,73
104,74
104,75
57,76
57,77
106,78
57,79
57,80
104,81
104,82
119,83
57,84
57,85
57,86
55,87
58,88
119,89
57,90
119,91
57,92
57,93
58,94
57,95
57,96
46,97
57,98
106,99
119,100
58,101
102,102
119,103
106,104
57,105
57,106
119,107
119,108
57,109
57,110
57,111
119,112
57,113
57,114
57,115
57,116
57,117
57,118
102,119
119,60
43,61
43,62
119,63
57,64
57,65
57,66
43,67
57,68
57,69
104,70
104,71
43,72
43,73
43,74
43,75
104,76
45,77
43,78
57,79
102,80
43,81
43,82
43,83
43,84
104,85
119,86
57,87
104,88
53,89
43,90
119,91
104,92
55,93
57,94
57,95
119,96
55,97
55,98
54,99
57,100
54,101
30,102
58,103
53,104
119,105
57,106
57,107
57,108
57,109
57,110
119,111
57,112
119,113
57,114
57,115
57,116
57,117
57,118
119,119
45,60
45,61
45,62
43,63
57,64
43,65
43,66
43,67
43,68
45,69
45,70
45,71
45,72
53,73
57,74
45,75
45,76
45,77
45,78
57,79
106,80
45,81
45,82
43,83
57,84
43,85
57,86
57,87
57,88
93,89
104,90
57,91
57,92
57,93
119,94
57,95
55,96
57,97
55,98
57,99
119,100
57,101
109,102
119,103
102,104
57,105
57,106
119,107
57,108
57,109
57,110
57,111
57,112
119,113
45,114
57,115
57,116
57,117
57,118
57,119
43,60
43,61
57,62
57,63
55,64
57,65
109,66
43,67
57,68
55,69
119,70
43,71
43,72
104,73
43,74
104,75
102,76
43,77
43,78
57,79
57,80
104,81
43,82
43,83
57,84
57,85
119,86
57,87
57,88
57,89
57,90
119,91
43,92
119,93
58,94
57,95
119,96
57,97
57,98
57,99
57,100
54,101
45,102
58,103
43,104
119,105
57,106
57,107
57,108
43,109
119,110
119,111
119,112
57,113
57,114
57,115
57,116
57,117
57,118
119,119
43,60
57,61
45,62
43,63
45,64
43,65
43,66
43,67
43,68
43,69
43,70
43,71
43,72
43,73
43,74
104,75
43,76
43,77
43,78
57,79
104,80
43,81
43,82
43,83
43,84
43,85
57,86
57,87
57,88
53,89
43,90
119,91
57,92
119,93
119,94
119,95
119,96
55,97
55,98
57,99
57,100
57,101
104,102
119,103
43,104
43,105
57,106
57,107
57,108
53,109
57,110
57,111
57,112
119,113
57,114
57,115
102,116
57,117
57,118
57,119
119,60
43,61
43,62
119,63
57,64
57,65
109,66
104,67
57,68
57,69
106,70
109,71
43,72
43,73
43,74
43,75
104,76
45,77
43,78
57,79
102,80
43,81
43,82
43,83
45,84
104,85
119,86
57,87
102,88
53,89
43,90
119,91
106,92
55,93
57,94
57,95
119,96
57,97
57,98
54,99
119,100
57,101
104,102
58,103
102,104
119,105
57,106
57,107
57,108
104,109
57,110
119,111
57,112
119,113
102,114
119,115
102,116
57,117
57,118
57,119
45,62
57,63
57,64
57,65
57,66
45,67
45,68
45,69
45,70
45,71
57,73
57,74
57,75
57,76
43,77
43,78
57,79
57,80
53,81
43,82
45,83
57,84
57,85
57,86
57,87
102,88
102,89
57,90
119,91
53,92
119,93
119,94
57,95
55,96
55,97
55,98
44,99
57,100
57,101
104,102
57,103
109,104
57,105
55,106
119,107
57,108
57,109
57,110
57,111
119,112
119,113
43,114
57,115
57,116
57,117
57,118
57,119
45,60
45,61
119,62
57,63
100,64
57,65
57,66
57,67
100,68
57,69
57,70
57,71
30,73
43,74
30,75
57,76
57,77
57,78
100,79
57,80
30,81
30,82
57,83
57,84
43,85
57,86
57,87
30,88
43,89
30,90
57,91
57,92
57,93
57,94
57,95
57,96
57,97
45,98
45,99
119,100
57,101
57,102
119,103
57,104
57,105
54,106
100,107
57,108
57,109
54,110
57,111
57,112
57,113
57,114
57,115
100,116
57,117
57,118
57,119
57,60
57,61
119,62
57,63
57,64
57,65
57,66
57,67
57,68
57,69
57,70
57,71
30,72
57,73
30,74
57,75
57,76
43,77
43,78
100,79
57,80
57,81
43,82
45,83
43,84
57,85
57,86
57,87
57,88
57,89
57,90
100,91
57,92
57,93
119,94
57,95
119,96
57,97
100,98
45,99
57,100
57,101
30,102
119,103
57,104
57,105
57,106
57,107
100,108
57,109
57,110
57,111
57,112
57,113
57,114
57,115
57,116
57,117
57,118
57,119
45,60
45,61
119,62
57,63
54,64
57,65
57,66
45,67
57,68
57,69
57,70
57,71
57,72
30,73
57,75
30,76
57,77
93,78
100,79
57,81
43,82
43,83
45,84
43,85
57,86
43,87
57,88
57,89
30,90
57,91
57,92
43,93
57,94
57,95
57,96
57,97
53,98
57,99
57,100
57,101
45,102
119,103
45,104
57,105
54,106
100,107
57,108
45,109
113,110
57,111
57,112
57,113
57,114
57,115
57,116
57,117
45,118
57,119
57,60
57,61
119,62
57,63
57,64
57,65
57,66
119,67
57,68
57,69
57,70
57,71
30,72
30,73
93,74
30,75
57,76
57,77
57,78
57,79
57,80
57,81
43,82
57,83
57,84
57,85
57,86
57,87
57,88
57,89
57,90
57,91
100,92
57,93
119,94
57,95
57,96
57,97
100,98
45,99
44,100
45,101
31,102
119,103
31,104
57,105
57,106
57,107
45,108
30,109
14,110
57,111
57,112
57,113
57,114
45,115
57,116
57,117
57,118
57,119
45,60
43,61
119,62
57,63
57,65
31,66
43,67
57,68
57,69
43,70
43,71
57,72
104,73
57,74
89,75
31,76
57,77
57,78
100,79
57,80
57,81
30,82
57,83
57,84
57,85
57,86
57,87
57,88
43,89
57,90
57,91
57,92
57,93
57,94
57,95
57,96
57,97
45,98
57,99
57,100
57,101
57,102
119,103
57,104
119,105
104,106
119,107
57,108
57,109
57,110
57,111
57,112
57,113
57,114
57,115
57,116
57,117
57,118
57,119
57,60
53,61
45,62
57,63
57,64
57,65
57,66
57,67
104,68
57,69
57,70
57,71
43,76
43,77
45,78
100,79
57,80
57,81
57,82
57,83
45,84
45,85
57,86
57,87
57,88
100,89
57,90
31,92
119,94
57,95
119,96
57,97
57,98
57,99
119,100
100,101
57,102
119,103
57,104
57,105
57,106
100,107
57,108
57,109
54,110
57,111
57,112
57,113
57,114
57,115
57,116
57,117
45,118
57,119
30,60
43,61
119,62
57,63
44,64
57,65
54,66
57,67
100,68
57,69
57,70
57,71
30,72
30,73
30,74
31,75
30,76
57,77
30,78
54,79
57,80
30,81
103,82
30,83
45,84
57,85
57,86
30,87
57,88
30,89
30,90
100,91
57,92
57,93
57,94
57,95
119,96
57,97
100,98
45,99
54,100
45,101
57,102
119,103
57,104
57,105
57,106
100,107
57,108
57,109
57,110
57,111
57,112
44,113
57,114
57,115
54,116
57,117
57,118
57,119
43,60
43,61
119,62
57,63
54,64
57,65
57,66
119,67
57,68
57,69
57,70
57,71
93,72
30,73
93,74
93,75
57,76
43,77
53,78
54,79
57,80
93,81
93,82
93,83
57,84
57,85
57,86
30,87
57,88
43,89
43,90
45,91
57,92
57,93
57,94
57,95
119,96
57,97
100,98
45,99
57,100
44,101
30,102
119,103
57,104
57,105
45,106
57,107
57,108
57,109
54,110
57,111
57,112
57,113
57,114
45,115
45,116
57,117
45,118
57,119
45,60
93,61
57,62
57,63
44,64
57,65
57,66
45,67
93,68
43,69
43,70
57,71
43,72
30,73
57,74
57,75
57,76
43,77
57,78
103,79
103,80
57,81
30,82
43,83
57,84
57,85
57,86
57,87
57,88
57,89
57,90
57,91
57,92
57,93
54,94
57,95
119,96
57,97
57,98
57,99
119,100
57,101
57,102
57,103
43,104
57,105
57,106
57,107
45,108
57,109
54,110
57,111
57,112
57,113
57,114
57,115
57,116
57,117
54,118
57,119
30,60
57,61
119,62
57,63
57,64
100,65
100,66
57,67
57,68
100,69
57,70
57,71
30,72
30,73
43,74
30,75
54,76
43,77
57,78
44,79
57,80
30,81
93,82
45,83
57,84
93,85
57,86
57,87
57,88
30,89
43,90
57,91
100,92
57,93
57,94
57,95
57,96
55,97
54,98
57,99
44,100
45,101
31,102
119,103
100,104
57,105
57,106
45,107
100,108
57,109
57,110
57,111
57,112
57,113
57,114
45,115
30,116
57,117
45,118
57,119
57,60
57,61
119,62
57,63
100,64
57,65
57,66
119,67
57,68
57,69
53,70
53,71
43,72
43,73
89,74
30,75
57,76
43,77
45,78
57,79
55,80
43,81
30,82
43,83
43,84
57,85
57,86
57,87
57,88
57,89
43,90
100,91
57,92
57,93
57,94
57,95
57,96
55,97
100,98
45,99
44,100
57,101
31,102
119,103
31,104
119,105
57,106
57,107
57,108
57,109
57,110
57,111
57,112
57,113
43,114
45,115
30,116
57,117
57,118
57,119
45,60
57,61
119,62
119,63
57,64
57,65
43,66
43,67
57,68
57,69
57,70
57,71
43,72
43,73
45,74
57,75
57,76
43,77
43,78
89,79
104,80
43,81
43,82
43,83
57,84
57,85
57,86
57,87
57,88
57,89
43,90
100,91
31,92
57,93
57,94
57,95
119,96
57,97
57,98
54,99
57,100
102,101
43,102
119,103
53,104
57,105
57,106
57,107
100,108
45,109
100,110
100,111
57,112
57,113
57,114
45,115
57,116
57,117
57,118
57,119
45,60
119,61
43,62
57,63
119,64
43,65
30,66
43,67
104,68
104,69
104,70
104,71
43,72
43,73
43,74
43,75
104,76
45,77
45,78
57,79
102,80
43,81
43,82
43,83
57,84
43,85
57,86
45,87
57,88
104,89
43,90
119,91
119,92
104,93
119,94
45,95
119,96
57,97
43,98
119,99
119,100
57,101
43,102
119,103
30,104
57,105
109,106
57,107
57,108
57,109
58,110
119,111
104,112
57,113
57,114
57,115
57,116
57,117
57,118
57,119
43,60
43,61
119,62
119,63
57,64
104,65
104,66
119,67
43,68
57,69
119,70
119,71
43,72
104,73
119,74
45,75
119,76
43,77
104,78
89,79
104,80
43,81
104,82
104,83
45,84
57,85
119,86
57,87
45,88
45,89
43,90
119,91
119,92
119,93
119,94
57,95
119,96
46,97
119,98
57,99
119,100
57,101
43,102
119,103
43,104
57,105
57,106
119,107
57,108
57,109
57,110
119,111
57,112
119,113
45,114
119,115
57,116
57,117
57,118
57,119
119,61
45,62
57,63
57,64
57,65
93,66
45,67
104,68
104,69
49,70
104,71
45,72
93,73
45,74
53,75
104,76
57,77
45,78
57,79
93,80
57,81
57,82
93,83
57,84
57,85
57,86
45,87
57,88
57,89
45,90
119,91
119,92
57,93
58,94
93,95
119,96
57,97
43,98
57,99
119,100
109,101
45,102
119,103
45,104
57,105
57,106
57,107
55,108
57,109
57,110
57,111
57,112
119,113
57,114
57,115
57,116
57,117
119,118
57,119
43,60
43,61
119,62
119,63
119,64
104,65
104,66
119,67
119,68
104,69
104,70
119,71
43,72
43,73
45,74
43,75
119,76
43,77
43,78
53,79
104,80
43,81
43,82
43,83
45,84
43,85
57,86
119,87
43,88
57,89
43,90
119,91
119,92
104,93
119,94
57,95
119,96
46,97
119,98
55,99
119,100
55,101
43,102
119,103
43,104
57,105
57,106
57,107
102,108
57,109
57,110
119,111
119,112
57,113
45,114
57,115
53,116
57,117
57,118
57,119
43,60
119,61
43,62
43,63
57,64
43,65
57,66
43,67
104,68
119,69
104,70
104,71
43,72
43,73
43,74
43,75
57,76
43,77
43,78
57,79
102,80
43,81
43,82
43,83
43,84
43,85
57,86
45,87
45,88
43,89
45,90
119,91
119,92
119,93
119,94
104,95
119,96
57,97
43,98
57,99
119,100
57,101
43,102
119,103
43,104
57,105
57,106
57,107
57,108
57,109
55,110
57,111
57,112
57,113
57,114
57,115
57,116
57,117
119,118
57,119
43,60
43,61
55,62
119,63
57,64
57,65
102,66
104,67
57,68
57,69
119,70
43,71
102,72
104,73
102,74
104,75
57,76
43,77
43,78
119,79
43,80
43,81
57,82
43,83
104,84
43,85
57,86
119,87
102,88
102,89
43,90
57,91
31,92
119,93
119,94
57,95
119,96
46,97
102,98
57,99
57,100
53,101
43,102
119,103
43,104
57,105
57,106
57,107
57,108
57,109
109,110
119,111
57,112
57,113
43,114
57,115
119,116
57,117
57,118
57,119
43,60
45,61
43,62
57,63
57,64
45,65
30,66
43,67
57,68
119,69
119,70
57,71
43,72
43,73
43,74
45,75
104,76
43,77
43,78
53,79
102,80
43,81
53,82
43,83
43,84
43,85
45,86
57,87
104,88
53,89
43,90
57,91
119,92
119,93
119,94
57,95
119,96
57,97
57,98
55,99
57,100
55,101
53,102
119,103
30,104
57,105
57,106
57,107
57,108
57,109
31,110
43,111
43,112
57,113
57,114
57,115
53,116
43,117
57,118
57,119
43,60
43,61
119,62
119,63
57,64
104,65
102,66
43,67
57,68
119,69
119,70
119,71
104,72
104,73
43,74
43,75
57,76
104,77
30,78
57,79
102,80
43,81
43,82
43,83
45,84
104,85
57,86
57,87
104,88
43,89
43,90
119,91
119,92
119,93
119,94
57,95
119,96
57,97
57,98
55,99
57,100
55,101
102,102
119,103
102,104
57,105
57,106
57,107
57,108
57,109
53,110
57,111
57,112
57,113
57,114
57,115
57,116
57,117
57,118
57,119
43,60
43,61
43,62
57,63
57,64
30,65
93,66
93,67
93,68
57,69
45,70
57,71
43,72
30,73
43,74
43,75
119,76
43,77
45,78
31,79
93,80
30,81
30,82
30,83
43,84
57,85
119,86
31,87
57,88
57,89
43,90
119,91
119,92
57,93
119,94
102,95
119,96
57,97
57,98
55,99
57,100
53,101
31,102
119,103
45,104
57,105
93,106
31,107
57,108
57,109
57,110
119,111
45,112
119,113
57,114
102,115
57,116
57,117
119,118
119,119
43,60
43,61
119,62
102,63
57,64
104,65
43,66
43,67
57,68
119,69
119,70
119,71
43,72
43,73
43,74
43,75
119,76
43,77
43,78
57,79
57,80
43,81
43,82
43,83
45,84
43,85
57,86
57,87
43,88
43,89
43,90
119,91
119,92
119,93
119,94
57,95
119,96
57,97
57,98
55,99
57,100
54,101
57,102
119,103
43,104
57,105
55,106
57,107
57,108
57,109
57,110
57,111
100,112
57,113
57,114
57,115
53,116
57,117
57,118
57,119
43,60
43,61
43,62
119,63
57,64
57,65
57,66
43,67
57,68
119,69
119,70
57,71
43,72
43,73
43,74
43,75
104,76
43,77
43,78
57,79
104,80
43,81
43,82
43,83
43,84
43,85
43,86
57,87
43,88
43,89
43,90
119,91
119,92
119,93
119,94
57,95
119,96
43,97
57,98
55,99
119,100
57,101
57,102
119,103
43,104
57,105
57,106
57,107
57,108
57,109
57,110
43,111
43,112
57,113
57,114
57,115
53,116
104,117
119,118
57,119
57,60
43,61
57,62
57,63
57,64
57,65
43,66
57,67
57,68
57,69
57,70
57,71
104,72
43,73
102,74
104,75
57,76
43,77
30,78
55,79
57,80
57,81
102,82
43,83
45,84
57,85
57,86
57,87
57,88
57,89
102,90
57,91
57,92
57,93
119,94
45,95
119,96
46,97
57,98
57,99
57,100
58,101
53,102
119,103
102,104
57,105
57,106
57,107
55,108
57,109
113,110
58,111
57,112
57,113
45,114
57,115
93,116
57,117
57,118
119,119
43,60
45,61
57,62
57,63
54,64
57,65
57,66
30,67
57,68
57,69
57,70
57,71
31,72
103,73
43,74
30,75
57,76
45,77
103,78
57,79
57,80
30,81
31,82
30,83
30,84
30,85
57,86
57,87
30,88
30,89
56,90
57,91
57,92
57,93
119,94
93,95
119,96
57,97
57,98
100,99
14,100
54,101
57,102
119,103
30,104
57,105
57,106
57,107
57,108
57,109
57,110
57,111
57,112
57,113
43,114
100,115
57,116
57,117
57,118
57,119
119,60
119,61
119,62
57,63
57,64
57,65
30,66
57,67
57,68
57,69
57,70
104,71
30,72
57,73
30,74
30,75
119,76
30,77
30,78
57,79
57,80
57,81
57,82
30,83
57,84
57,85
57,86
57,87
43,88
57,89
43,90
57,91
119,92
57,93
119,94
57,95
119,96
57,97
57,98
100,99
45,100
100,101
43,102
119,103
93,104
57,105
57,106
57,107
57,108
57,109
100,110
57,111
57,112
44,113
57,114
100,115
57,116
57,117
57,118
57,119
43,60
57,61
57,62
43,63
57,64
57,65
45,66
30,67
57,68
57,69
57,70
57,71
57,72
30,73
30,74
57,75
57,76
57,77
30,78
57,79
54,80
57,81
57,82
30,83
45,84
57,85
57,86
93,87
57,88
57,89
57,90
57,91
57,92
57,93
119,94
57,95
119,96
57,97
57,98
57,99
57,100
57,101
93,102
119,103
45,104
44,105
57,106
57,107
45,108
30,109
30,110
57,111
57,112
57,113
57,114
45,115
57,116
57,117
57,118
57,119
119,60
119,61
57,62
57,63
57,64
57,65
31,66
57,67
57,68
57,69
57,70
57,71
57,72
57,73
103,74
57,75
57,76
93,77
93,78
57,79
57,80
57,81
103,82
57,83
57,84
57,85
57,86
57,87
57,88
119,89
119,90
119,91
88,92
57,93
119,94
93,95
119,96
57,97
57,98
100,99
57,100
100,101
30,102
119,103
93,104
57,105
57,106
53,107
57,108
109,109
57,110
57,111
104,112
57,113
57,114
100,115
57,116
57,117
100,118
57,119
119,60
119,61
119,62
57,63
57,64
57,65
103,66
57,67
56,68
57,69
57,70
57,71
103,72
119,73
57,74
57,75
104,76
57,77
30,78
57,79
55,80
57,81
31,82
57,83
57,84
30,85
57,86
57,87
30,88
30,89
57,90
57,91
119,92
57,93
119,94
57,95
119,96
57,97
57,98
45,99
119,100
100,101
31,102
119,103
31,104
57,105
100,106
57,107
57,108
57,109
100,110
57,111
57,112
57,113
57,114
57,115
57,116
57,117
119,118
57,119
57,60
57,61
31,62
57,63
57,64
57,65
43,66
57,67
43,68
57,69
57,70
57,71
57,86
57,87
57,88
57,89
57,90
57,91
30,92
30,93
119,94
45,95
57,96
57,97
57,98
31,99
57,100
57,101
43,102
57,103
56,104
57,105
57,106
119,107
57,108
100,110
57,111
57,112
57,113
57,114
57,115
44,116
57,117
57,118
57,119
43,60
43,61
119,62
102,63
57,64
93,65
30,66
43,67
57,68
104,69
53,70
57,71
45,72
30,73
45,74
30,75
104,76
45,77
93,78
53,79
93,80
43,81
93,82
43,83
45,84
43,85
57,86
43,87
93,88
93,89
104,90
57,91
119,92
57,93
119,94
57,95
119,96
55,97
43,98
55,99
57,100
55,101
30,102
119,103
31,104
57,105
57,106
119,107
57,108
57,109
31,110
119,111
57,112
57,113
57,114
57,115
30,116
57,117
57,118
57,119
43,60
43,61
119,62
119,63
57,64
57,65
102,66
119,67
57,68
119,69
119,70
119,71
43,72
43,73
43,74
43,75
119,76
104,77
43,78
119,79
102,80
43,81
104,82
43,83
45,84
104,85
57,86
57,87
43,88
43,89
104,90
119,91
119,92
119,93
119,94
57,95
119,96
46,97
119,98
57,99
119,100
55,101
104,102
119,103
104,104
57,105
31,106
57,107
57,108
57,109
57,110
119,111
57,112
57,113
57,114
57,115
31,116
57,117
45,118
57,119
119,62
57,63
119,64
30,65
31,66
102,67
43,68
45,69
43,70
43,71
57,72
30,73
30,74
43,75
119,76
57,77
93,78
53,79
93,80
57,81
30,82
30,83
30,84
57,85
119,86
45,87
104,88
104,89
57,90
119,91
57,92
53,93
119,94
45,95
119,96
57,97
53,98
55,99
57,100
57,101
30,102
119,103
30,104
57,105
57,106
57,107
57,108
57,109
57,110
57,111
57,112
119,113
57,114
57,115
57,116
57,117
119,118
57,119
119,60
119,61
119,62
119,63
55,64
57,65
102,66
43,67
119,68
119,69
119,70
119,71
43,72
43,73
43,74
43,75
119,76
43,77
43,78
57,79
57,80
43,81
43,82
43,83
45,84
43,85
57,86
57,87
43,88
43,89
43,90
119,91
119,92
119,93
119,94
43,95
119,96
43,97
57,98
57,99
54,100
55,101
43,102
119,103
43,104
57,105
57,106
57,107
57,108
57,109
31,110
57,111
57,112
119,113
57,114
57,115
57,116
57,117
119,118
57,119
43,60
119,61
119,62
119,63
119,64
43,65
102,66
57,67
57,68
104,69
57,70
57,71
43,72
43,73
43,74
43,75
119,76
43,77
43,78
57,79
102,80
43,81
93,82
43,83
45,84
43,85
57,86
57,87
43,88
43,89
43,90
119,91
119,92
119,93
119,94
57,95
119,96
57,97
57,98
55,99
119,100
57,101
43,102
119,103
43,104
57,105
57,106
57,107
57,108
45,109
55,110
119,111
43,112
57,113
45,114
57,115
30,116
57,117
57,118
57,119
57,60
57,61
119,62
57,63
119,64
57,65
43,66
119,67
43,68
57,69
57,70
57,71
104,72
57,73
104,74
102,75
57,76
57,77
104,78
102,79
57,80
104,81
57,82
57,83
102,84
57,85
57,86
57,87
104,88
102,89
57,90
119,91
15,92
119,93
119,94
43,95
119,96
46,97
119,98
57,99
119,100
55,101
102,102
119,103
31,104
57,105
119,106
57,107
119,108
57,109
57,110
119,111
43,112
119,113
57,114
57,115
43,116
57,117
57,118
57,119
119,60
119,61
119,62
57,63
57,64
57,65
30,66
119,67
57,68
57,69
57,70
53,71
45,72
43,73
43,74
43,75
93,76
43,77
93,78
31,79
43,80
43,81
43,82
43,83
45,84
43,85
57,86
57,87
104,88
57,89
57,90
57,91
119,92
119,93
119,94
57,95
57,96
55,97
57,98
57,99
119,100
57,101
30,102
119,103
43,104
57,105
57,106
57,107
57,108
57,109
57,110
57,111
57,112
57,113
57,114
57,115
57,116
57,117
57,118
57,119
43,60
43,61
119,62
119,63
55,64
57,65
102,66
119,67
57,68
57,69
57,70
57,71
104,72
104,73
43,74
104,75
57,76
104,77
104,78
119,79
104,80
104,81
104,82
104,83
57,84
104,85
57,86
119,87
119,88
57,89
43,90
57,91
119,92
119,93
119,94
57,95
57,96
46,97
57,98
57,99
57,100
57,101
104,102
119,103
104,104
55,105
57,106
57,107
57,108
57,109
57,110
119,111
57,112
119,113
57,114
57,115
57,116
57,117
57,118
119,119
45,60
57,61
119,62
119,63
57,64
57,65
102,66
57,67
57,68
57,69
43,70
57,71
57,72
57,73
43,74
57,75
57,76
57,77
57,78
109,79
57,80
57,81
57,82
57,83
45,84
57,85
119,86
119,87
57,88
57,89
57,90
119,91
57,92
57,93
119,94
45,95
57,96
55,97
57,98
57,99
119,100
109,101
57,102
119,103
43,104
57,105
55,106
54,107
45,108
57,109
55,110
57,111
57,112
119,113
57,114
57,115
57,116
57,117
57,118
119,119
43,60
119,61
119,62
57,63
57,64
57,65
43,66
119,67
57,68
57,69
57,70
57,71
43,72
43,73
43,74
43,75
57,76
43,77
104,78
57,79
104,80
43,81
43,82
43,83
43,84
43,85
57,86
57,87
57,88
57,89
43,90
57,91
119,92
119,93
119,94
57,95
57,96
57,97
57,98
100,99
45,100
54,101
43,102
119,103
43,104
57,105
57,106
57,107
57,108
57,109
57,110
57,111
57,112
119,113
57,114
57,115
57,116
57,117
57,118
57,119
45,60
119,61
119,62
57,63
57,64
57,65
102,66
119,67
119,68
106,69
57,70
104,71
43,72
43,73
43,74
43,75
104,76
43,77
104,78
57,79
43,80
45,81
43,82
43,83
43,84
43,85
119,86
57,87
43,88
43,89
43,90
119,91
119,92
119,93
119,94
119,95
57,96
57,97
57,98
100,99
57,100
57,101
104,102
119,103
104,104
57,105
57,106
57,107
57,108
57,109
57,110
57,111
57,112
119,113
57,114
57,115
57,116
57,117
57,118
57,119
43,60
57,61
57,62
119,63
57,64
57,65
109,66
43,67
57,68
57,69
57,70
57,71
104,72
57,73
43,74
104,75
57,76
102,77
102,78
102,79
57,80
45,81
104,82
57,83
57,84
57,85
119,86
119,87
102,88
57,89
57,90
57,91
57,92
55,93
119,94
57,95
119,96
46,97
119,98
57,99
119,100
119,101
102,102
119,103
102,104
57,105
57,106
57,107
57,108
57,109
109,110
57,111
109,112
119,113
57,114
57,115
119,116
57,117
57,118
119,119
57,60
43,61
119,62
57,63
57,64
57,65
31,66
119,67
57,68
57,69
57,70
43,71
45,72
93,73
43,74
43,75
30,76
102,77
30,78
57,79
57,80
104,81
43,82
45,83
57,84
57,85
119,86
57,87
57,88
57,89
104,90
57,91
119,92
57,93
119,94
57,95
57,96
57,97
57,98
57,99
57,100
57,101
31,102
119,103
30,104
57,105
57,106
57,107
54,108
43,109
54,110
57,111
57,112
119,113
43,114
57,115
31,116
57,117
57,118
57,119
119,60
119,61
119,62
119,63
57,64
57,65
57,66
119,67
57,68
57,69
57,70
57,71
43,72
104,73
104,74
104,75
57,76
104,77
57,78
57,79
104,80
43,81
43,82
43,83
45,84
104,85
57,86
104,87
57,88
57,89
102,90
119,91
119,92
57,93
119,94
57,95
57,96
46,97
57,98
45,99
44,100
57,101
104,102
119,103
104,104
57,105
57,106
57,107
57,108
57,109
57,110
57,111
45,112
119,113
57,114
57,115
57,116
57,117
57,118
57,119
57,60
45,61
57,62
57,63
57,64
57,65
57,66
45,67
57,68
57,69
57,70
45,71
57,72
30,73
43,74
43,75
57,76
57,77
31,78
53,79
57,80
24,81
43,82
43,83
45,84
57,85
57,86
57,87
57,88
57,89
57,90
119,91
57,92
57,93
57,94
57,95
57,96
57,97
57,98
57,99
57,100
109,101
43,102
45,103
45,104
57,105
57,106
55,107
57,108
57,109
31,110
57,111
57,112
100,113
57,114
57,115
57,116
57,117
100,118
57,119
119,60
45,61
119,62
57,63
100,64
57,65
57,66
119,67
55,68
57,69
119,70
57,71
30,72
43,73
43,74
43,75
57,76
102,77
57,78
57,79
43,80
43,81
43,82
43,83
43,84
43,85
57,86
57,87
57,88
57,89
43,90
57,91
119,92
57,93
119,94
57,95
57,96
55,97
57,98
57,99
44,100
54,101
43,102
119,103
30,104
57,105
55,106
44,107
57,108
57,109
54,110
57,111
57,112
119,113
57,114
54,115
57,116
57,117
45,118
57,119
52,60
43,61
119,62
57,63
57,64
104,65
30,66
119,67
57,68
57,69
57,70
119,71
43,72
43,73
43,74
43,75
57,76
43,77
57,78
57,79
43,80
43,81
43,82
43,83
43,84
43,85
57,86
57,87
57,88
57,89
43,90
57,91
119,92
57,93
119,94
57,95
57,96
57,97
57,98
44,99
57,100
57,101
57,102
119,103
43,104
57,105
57,106
57,107
57,108
103,109
57,110
57,111
57,112
57,113
57,114
57,115
57,116
57,117
57,118
57,119
43,60
43,61
57,62
119,63
57,64
57,65
57,66
43,67
57,68
57,69
57,70
57,71
104,72
43,73
102,74
43,75
57,76
57,77
57,78
57,79
57,80
104,81
104,82
45,83
57,84
104,85
57,86
57,87
57,88
119,89
57,90
119,91
57,92
57,93
119,94
57,95
57,96
46,97
102,98
119,99
119,100
119,101
104,102
119,103
119,104
57,105
57,106
57,107
57,108
57,109
57,110
57,111
57,112
57,113
57,114
57,115
119,116
57,117
57,118
57,119
45,60
45,61
57,62
57,63
54,64
30,65
57,66
57,67
57,68
57,69
57,70
43,71
43,72
43,73
45,74
43,75
57,76
43,77
43,78
57,79
57,80
43,81
43,82
43,83
57,84
43,85
57,86
57,87
57,88
57,89
93,90
57,91
57,92
57,93
57,94
57,95
57,96
57,97
57,98
45,99
57,100
54,101
53,102
43,103
30,104
57,105
57,106
119,107
57,108
53,109
53,110
57,111
57,112
119,113
57,114
100,115
57,116
45,117
45,118
57,119
119,60
119,61
119,62
119,63
119,64
104,65
104,66
119,67
104,68
104,69
104,70
119,71
104,72
104,73
24,74
30,75
88,76
89,77
89,78
106,79
57,80
102,81
104,82
104,83
57,84
57,85
57,86
57,87
57,88
57,89
43,90
57,91
119,92
119,93
57,94
57,95
57,96
57,97
57,98
45,99
45,100
54,101
43,102
119,103
57,104
54,105
57,106
119,107
57,108
57,109
57,110
57,111
57,112
57,113
57,114
54,115
57,116
57,117
57,118
57,119
57,60
45,61
57,62
57,63
57,64
57,65
31,66
43,67
57,68
57,69
57,70
57,71
57,72
93,73
43,74
43,75
57,76
30,77
30,78
57,79
57,80
45,81
43,82
43,83
45,84
57,85
57,86
57,87
57,88
57,89
57,90
119,91
57,92
57,93
57,94
45,95
57,96
57,97
119,98
57,99
57,100
57,101
30,102
119,103
43,104
57,105
57,106
57,107
54,108
57,109
57,110
57,111
57,112
57,113
57,114
57,115
57,116
57,117
57,118
57,119
43,60
45,61
43,62
57,63
43,64
57,65
43,66
43,67
43,68
43,69
30,70
43,71
43,72
45,73
43,74
43,75
45,76
43,77
43,78
57,79
102,80
43,81
43,82
43,83
43,84
43,85
57,86
57,87
57,88
57,89
43,90
57,91
119,92
119,93
57,94
119,95
57,96
57,97
57,98
45,99
57,100
57,101
57,102
119,103
43,104
57,105
57,106
57,107
45,108
57,109
57,110
57,111
57,112
57,113
57,114
57,115
57,116
57,117
57,118
57,119
43,60
45,61
119,62
57,63
100,64
43,65
53,66
119,67
55,68
55,69
55,70
57,71
31,72
43,73
43,74
30,75
57,76
93,77
57,78
100,79
57,80
43,81
43,82
43,83
43,84
93,85
57,86
57,87
57,88
57,89
30,90
54,91
57,92
57,93
119,94
57,95
57,96
57,97
57,98
57,99
100,100
100,101
53,102
119,103
30,104
57,105
57,106
57,107
57,108
57,109
57,110
45,111
57,112
57,113
57,114
100,115
57,116
57,117
57,118
57,119
57,60
57,61
57,62
57,63
57,64
57,65
30,66
45,67
57,68
57,69
57,70
57,71
43,72
43,73
43,74
57,75
57,76
57,77
43,78
102,79
57,80
57,81
43,82
43,83
43,84
57,85
57,86
57,87
57,88
57,89
104,90
119,91
119,92
119,93
119,94
43,95
57,96
57,97
104,98
57,99
57,100
102,101
102,102
57,103
93,104
100,105
57,106
44,107
57,108
57,109
57,110
57,111
57,112
57,113
57,114
57,115
57,116
57,117
57,118
57,119
45,60
43,61
43,62
57,63
93,64
45,65
93,66
43,67
45,68
43,69
45,70
45,71
45,72
43,73
43,74
43,75
93,76
43,77
45,78
103,79
93,80
43,81
43,82
43,83
43,84
43,85
57,86
45,87
43,88
102,89
43,90
57,91
119,92
102,93
57,94
30,95
57,96
57,97
43,98
57,99
57,100
57,101
31,102
57,103
93,104
57,105
57,106
53,107
43,108
31,109
31,110
43,111
102,112
57,113
57,114
55,115
57,116
57,117
57,118
57,119
45,60
57,61
43,62
57,63
57,64
43,65
30,66
119,67
45,68
45,69
45,70
45,71
43,72
57,73
57,74
57,75
31,76
57,77
45,78
31,79
57,80
43,81
45,82
57,83
45,84
45,85
57,86
57,87
57,88
57,89
57,90
57,91
57,92
119,93
119,94
53,95
57,96
57,97
57,98
57,99
57,100
43,101
43,102
119,103
30,104
57,105
57,106
55,107
57,108
57,109
57,110
57,111
57,112
119,113
57,114
57,115
57,116
57,117
57,118
57,119
43,60
43,61
45,62
119,63
43,64
43,65
57,66
57,67
43,68
57,69
53,70
57,71
43,72
45,73
43,74
43,75
57,76
43,77
57,78
58,79
57,80
57,81
43,82
43,83
57,84
43,85
119,86
43,87
57,88
119,89
57,90
119,91
57,92
119,93
119,94
93,95
57,96
57,97
119,98
57,99
119,100
57,101
57,102
57,103
45,104
57,105
57,106
57,107
57,108
57,109
119,110
57,111
57,113
57,114
57,115
53,116
57,117
94,118
119,119
43,60
43,61
57,62
57,63
57,64
43,65
43,66
43,67
43,68
45,69
45,70
45,71
45,72
43,73
43,74
43,75
45,76
43,77
57,78
57,79
57,80
57,81
45,82
43,83
43,84
45,85
57,86
57,87
57,88
45,89
53,90
57,91
119,92
119,93
119,94
45,95
103,96
57,97
57,98
57,99
57,100
57,101
43,102
43,103
57,104
57,105
57,106
15,107
57,108
57,109
53,110
57,111
43,112
57,113
57,114
57,115
109,116
57,117
57,118
57,119
43,60
43,61
43,62
57,63
43,64
43,65
93,66
43,67
57,68
102,69
43,70
43,71
43,72
45,73
45,74
43,75
43,76
43,77
45,78
57,79
93,80
43,81
43,82
45,83
45,84
43,85
57,86
45,87
45,88
45,89
43,90
57,91
119,92
119,93
119,94
43,95
57,96
57,97
57,98
57,99
57,100
57,101
43,102
119,103
57,104
57,105
109,106
93,107
93,108
57,109
53,110
57,111
57,112
119,113
57,114
57,115
53,116
57,117
57,118
57,119
57,62
119,63
57,64
57,65
30,66
57,67
57,68
57,69
57,70
45,71
24,72
45,73
45,74
24,75
45,76
45,77
57,78
30,79
57,80
45,81
40,82
40,83
45,84
45,85
57,86
57,87
32,88
32,89
43,90
119,91
57,92
57,93
119,94
30,95
57,96
57,97
57,98
57,99
119,100
102,101
31,102
119,103
57,104
57,105
43,106
57,107
57,108
57,109
57,110
57,111
57,112
119,113
57,114
119,115
57,116
57,117
57,118
57,119
45,60
45,61
57,62
57,63
57,64
43,65
31,66
43,67
30,68
30,69
43,70
30,71
45,72
45,73
93,74
43,75
31,76
45,77
93,78
31,79
31,80
43,81
93,82
43,83
45,84
45,85
57,86
43,87
57,88
43,89
43,90
57,91
43,92
57,93
57,94
93,95
57,96
57,97
57,98
53,99
57,100
57,101
93,102
57,103
30,104
57,105
57,106
57,107
57,108
57,109
57,110
57,111
57,112
119,113
57,114
57,115
116,116
57,117
57,118
57,119
45,60
45,61
43,62
43,63
43,64
43,65
93,66
43,67
43,68
45,69
30,70
43,71
43,72
43,73
43,74
45,75
43,76
45,77
45,78
57,79
43,80
45,81
45,82
45,83
45,84
45,85
45,86
45,87
43,88
57,89
57,90
119,91
57,92
57,93
119,94
30,95
45,96
57,97
43,98
57,99
57,100
57,101
43,102
57,103
43,104
57,105
57,106
57,107
57,108
57,109
100,110
119,111
57,112
57,113
57,114
57,115
57,116
57,117
57,118
57,119
45,60
45,61
45,62
119,63
57,64
43,65
45,66
45,67
57,68
57,69
30,70
31,71
57,72
43,73
43,74
43,75
57,76
43,77
93,78
57,79
57,80
43,81
43,82
43,83
43,84
57,85
119,86
57,87
57,88
30,89
57,90
57,91
45,92
57,93
43,94
30,95
119,96
57,97
93,98
30,99
119,100
93,101
30,102
57,103
45,104
57,105
57,106
54,107
57,108
57,109
31,110
119,111
57,112
57,113
57,114
57,115
57,116
57,117
57,118
57,119
45,60
45,61
43,62
43,63
45,64
43,65
30,66
43,67
45,68
45,69
43,70
43,71
45,72
45,73
45,74
45,75
43,76
45,77
30,78
30,79
43,80
45,81
45,82
45,83
45,84
45,85
45,86
45,87
45,88
45,89
43,90
57,91
45,92
43,93
43,94
45,95
57,96
57,97
57,98
57,99
57,100
57,101
30,102
57,103
43,104
57,105
57,106
57,107
100,108
45,109
45,110
57,111
100,112
57,113
57,114
100,115
57,116
57,117
100,118
100,119
45,60
45,61
119,62
57,63
119,64
43,65
93,66
43,67
119,68
119,69
43,70
57,71
43,72
45,73
45,74
43,75
43,76
45,77
31,78
53,79
93,80
45,81
45,82
45,83
45,84
45,85
57,86
57,87
57,88
57,89
43,90
57,91
119,92
119,93
119,94
93,95
57,96
57,97
57,98
57,99
57,100
57,101
93,102
119,103
93,104
57,105
57,106
57,107
45,108
57,109
57,110
57,111
119,112
57,113
57,114
57,115
57,116
57,117
57,118
57,119
57,61
57,62
57,63
45,64
57,65
57,66
57,67
45,68
45,69
57,70
45,71
45,72
57,73
45,74
57,75
57,76
57,77
45,78
57,79
57,80
24,81
45,82
45,83
57,84
57,85
57,86
57,87
57,88
57,89
57,90
119,91
57,92
45,93
103,94
57,95
57,96
57,97
43,98
119,99
57,100
102,101
43,102
45,103
45,104
57,105
57,106
106,107
57,108
57,109
57,110
57,111
57,112
57,113
57,114
57,115
57,116
57,117
57,118
57,119
105,60
105,61
105,62
104,63
104,64
104,65
105,66
104,67
104,68
104,69
104,70
104,71
104,72
93,73
93,74
43,75
93,76
43,77
43,78
30,79
93,80
43,81
43,82
43,83
57,84
45,85
57,86
57,87
93,88
43,89
43,90
57,91
53,92
57,93
57,94
31,95
57,96
57,97
57,98
57,99
57,100
104,101
93,102
119,103
103,104
57,105
31,106
106,107
57,108
57,109
31,110
57,111
57,112
57,113
57,114
103,115
119,116
57,117
100,118
57,119
43,60
104,61
43,62
57,63
104,64
104,65
104,66
119,67
119,68
57,69
43,70
43,71
104,72
104,73
104,74
104,75
104,76
104,77
102,78
57,79
102,80
104,81
43,82
104,83
43,84
43,85
57,86
57,87
119,88
119,89
57,90
57,91
45,92
119,93
43,94
43,95
57,96
57,97
57,98
57,99
57,100
57,101
30,102
57,103
31,104
57,105
57,106
57,107
57,108
57,109
57,110
119,111
57,112
54,113
31,114
57,115
57,116
57,117
57,118
57,119
45,60
45,61
57,62
119,63
43,64
43,65
93,66
45,67
57,68
57,69
57,70
45,71
43,72
43,73
45,74
43,75
102,76
45,77
43,78
93,79
57,80
43,81
43,82
43,83
57,84
45,85
119,86
57,87
57,88
43,89
57,90
54,91
45,92
57,93
43,94
30,95
57,96
57,97
102,98
31,99
119,100
103,101
93,102
45,103
45,104
57,105
57,106
57,107
57,108
57,109
31,110
57,111
43,112
57,113
57,114
57,115
43,116
57,117
57,118
43,119
43,60
45,61
119,62
57,63
43,64
43,65
43,66
43,67
57,68
57,69
43,70
43,71
43,72
43,73
43,74
45,75
43,76
43,77
30,78
30,79
93,80
45,81
43,82
43,83
43,84
43,85
57,86
57,87
57,88
43,89
43,90
57,91
57,92
119,93
119,94
43,95
57,96
57,97
57,98
57,99
57,100
57,101
43,102
57,103
30,104
100,105
54,106
100,107
100,108
57,109
100,110
57,111
100,112
57,113
54,114
53,115
57,116
57,117
57,118
57,119
45,60
43,61
57,62
57,63
57,64
43,65
31,66
43,67
57,68
88,69
31,70
31,71
43,72
45,73
45,74
43,75
30,76
43,77
103,78
57,79
103,80
43,81
43,82
45,83
45,84
45,85
57,86
57,87
45,88
45,89
43,90
119,91
119,92
119,93
119,94
31,95
57,96
57,97
57,98
57,99
57,100
57,101
31,102
57,103
103,104
45,105
45,106
45,107
57,108
57,109
45,110
54,111
45,112
57,113
100,114
57,115
30,116
45,117
57,118
100,119
43,60
57,61
57,62
119,63
57,64
57,65
31,66
119,67
45,68
57,69
43,70
45,71
43,72
43,73
30,74
43,75
30,76
30,77
45,78
119,79
43,80
43,81
43,82
43,83
45,84
45,85
57,86
57,87
57,88
57,89
45,90
57,91
57,92
57,93
30,94
31,95
119,96
57,97
119,98
119,99
55,100
57,101
43,102
45,103
43,104
57,105
57,106
57,107
57,108
31,109
31,110
57,111
43,112
57,113
31,114
119,115
31,116
57,117
57,118
31,119
45,60
45,61
119,62
57,63
119,64
30,65
30,66
45,67
57,68
119,69
57,70
119,71
30,72
30,73
43,74
30,75
30,76
93,77
45,78
57,79
31,80
43,81
43,82
45,83
43,84
43,85
57,86
45,87
57,88
119,89
30,90
57,91
57,92
57,93
119,94
57,95
119,96
57,97
57,98
55,99
57,100
55,101
43,102
57,103
30,104
57,105
57,106
57,107
57,108
57,109
57,110
57,111
43,112
57,113
57,114
57,115
57,116
57,117
57,118
43,119
45,60
45,61
104,62
57,63
57,64
104,65
43,66
43,67
57,68
119,69
57,70
57,71
43,72
43,73
43,74
43,75
43,76
57,77
43,78
57,79
57,80
43,81
104,82
43,83
43,84
43,85
119,86
57,87
93,88
43,89
57,90
57,91
119,92
57,93
119,94
57,95
57,96
57,97
57,98
55,99
57,100
57,101
30,102
119,103
30,104
57,105
57,106
53,107
57,108
57,109
53,110
57,111
43,112
57,113
57,114
57,115
53,116
57,117
57,118
57,119
45,60
45,61
119,62
119,63
119,64
57,65
30,66
45,67
57,68
57,69
119,70
57,71
30,72
93,73
43,74
93,75
43,76
53,77
93,78
43,79
94,80
93,81
43,82
31,83
93,84
43,85
57,86
43,87
57,88
119,89
57,90
119,91
119,92
57,93
119,94
93,95
119,96
57,97
104,98
93,99
119,100
109,101
109,102
106,103
109,104
57,105
57,106
31,107
57,108
43,109
57,110
57,111
45,112
119,113
45,114
57,115
57,116
57,117
55,118
94,119
45,60
43,61
104,62
57,63
119,64
104,65
43,66
119,67
119,68
119,69
119,70
119,71
43,72
43,73
30,74
43,75
43,76
93,77
43,78
57,79
102,80
43,81
45,82
43,83
43,84
43,85
57,86
57,87
43,88
43,89
57,90
119,91
119,92
57,93
57,94
57,95
57,96
119,97
57,98
57,99
57,100
57,101
43,102
57,103
43,104
103,105
43,106
31,107
103,108
43,109
31,110
57,111
57,112
119,113
43,114
57,115
88,116
30,117
57,118
57,119
43,60
43,61
119,62
119,63
57,64
43,65
43,66
43,67
57,68
119,69
119,70
119,71
43,72
43,73
43,74
43,75
57,76
43,77
43,78
57,79
102,80
43,81
43,82
43,83
43,84
43,85
57,86
45,87
43,88
43,89
105,90
119,91
119,92
119,93
119,94
57,95
119,96
57,97
57,98
55,99
57,100
55,101
43,102
57,103
43,104
57,105
57,106
57,107
31,108
43,109
31,110
43,111
43,112
119,113
57,114
57,115
93,116
57,117
57,118
57,119
45,60
45,61
31,62
119,63
30,64
57,65
31,66
45,67
93,68
93,69
93,70
31,71
43,72
43,73
43,74
57,75
31,76
57,77
45,78
102,79
31,80
57,81
43,82
43,83
45,84
57,85
57,86
119,87
43,88
102,89
119,90
119,91
102,92
57,93
119,94
57,95
57,96
46,97
119,98
58,99
119,100
53,101
45,102
57,103
102,104
53,105
57,106
57,107
119,108
57,109
53,110
109,111
102,112
57,113
57,114
119,115
109,116
57,117
57,118
57,119
45,60
45,61
57,62
57,63
57,64
43,65
31,66
45,67
57,68
57,69
43,70
45,71
43,72
57,73
57,74
30,75
31,76
45,77
45,78
31,79
30,80
57,81
30,82
57,83
57,84
45,85
45,86
45,87
45,88
40,89
119,90
57,91
45,92
43,93
119,94
45,95
57,96
57,97
30,98
53,99
57,100
53,101
31,102
57,103
30,104
57,105
57,106
57,107
57,108
119,109
57,110
57,111
57,112
57,113
57,114
57,115
57,116
57,117
119,118
57,119
43,60
43,61
45,62
45,63
43,64
43,65
30,66
43,67
43,68
45,69
30,70
45,71
43,72
30,73
43,74
43,75
43,76
45,77
43,78
57,79
43,80
43,81
31,82
30,83
53,84
57,85
57,86
45,87
45,88
45,89
57,90
119,91
119,92
45,93
57,94
45,95
119,96
45,97
57,98
55,99
57,100
57,101
43,102
57,103
43,104
57,105
57,106
57,107
57,108
57,109
57,110
57,111
57,112
57,113
45,114
57,115
57,116
57,117
57,118
57,119
45,60
45,61
57,62
119,63
43,64
43,65
45,66
45,67
43,68
57,69
30,70
43,71
57,72
57,73
30,74
57,75
57,76
45,77
30,78
93,79
43,80
57,81
30,82
30,83
57,84
57,85
57,86
57,87
57,88
43,89
119,90
57,91
45,92
57,93
43,94
57,95
57,96
57,97
57,98
102,99
119,100
15,101
93,102
57,103
45,104
57,105
57,106
57,107
31,108
57,109
31,110
57,111
57,112
119,113
45,114
57,115
43,116
57,117
57,118
57,119
43,60
43,61
45,62
43,63
43,64
43,65
43,66
43,67
43,68
43,69
43,70
43,71
30,72
43,73
30,74
30,75
43,76
30,77
30,78
57,79
43,80
30,81
30,82
30,83
45,84
43,85
43,86
45,87
45,88
45,89
119,90
57,91
119,92
43,93
53,94
45,95
119,96
57,97
57,98
100,99
14,100
100,101
43,102
57,103
30,104
57,105
57,106
57,107
57,108
57,109
100,110
119,111
57,112
57,113
106,114
57,115
57,116
57,117
57,118
45,119
45,60
43,61
119,62
57,63
57,64
43,65
43,66
43,67
57,68
45,69
43,70
45,71
43,72
43,73
43,74
57,75
45,76
40,77
45,78
57,79
43,80
45,81
43,82
43,83
45,84
40,85
57,86
43,87
45,88
45,89
57,90
57,91
43,92
119,93
119,94
45,95
57,96
57,97
57,98
55,99
57,100
55,101
43,102
57,103
93,104
57,105
57,106
57,107
57,108
57,109
57,110
57,111
57,112
119,113
57,114
57,115
57,116
57,117
57,118
57,119
45,60
43,61
119,62
43,63
57,64
57,65
45,66
45,67
45,68
45,69
45,70
45,71
57,72
57,73
57,74
30,75
30,76
45,77
57,78
31,79
57,80
30,81
43,82
31,83
30,84
57,85
57,86
45,87
57,88
45,89
57,90
57,91
119,92
57,93
57,94
57,95
45,96
57,97
119,98
31,99
119,100
31,101
43,102
57,103
93,104
57,105
57,106
57,107
57,108
57,109
57,110
57,111
119,112
57,113
57,114
57,115
57,116
57,117
106,118
109,119
57,60
45,61
57,62
57,63
57,64
57,65
30,66
45,67
57,68
57,69
57,70
57,71
43,72
43,73
43,74
30,75
45,76
24,77
103,78
30,79
103,80
57,81
24,82
24,83
30,84
45,85
57,86
45,87
30,88
30,89
30,90
57,91
119,92
30,93
57,94
43,95
119,96
57,97
30,98
57,99
57,100
57,101
57,102
57,103
45,104
31,105
57,106
43,107
43,108
31,109
53,110
57,111
57,112
54,113
57,114
57,115
57,116
30,117
93,118
57,119
57,60
57,61
57,62
104,63
57,64
57,65
45,66
43,67
45,68
57,69
24,70
45,71
57,72
53,73
53,74
43,75
57,76
45,77
93,78
43,79
43,80
24,81
53,82
24,83
57,84
57,85
119,86
57,87
43,88
43,89
103,90
119,91
43,92
57,93
57,94
30,95
119,96
57,97
57,98
68,99
57,100
55,101
93,102
57,103
93,104
57,105
53,106
57,107
57,108
57,109
54,110
57,111
57,112
57,113
45,114
57,115
57,116
54,117
53,118
57,119
45,60
45,61
119,62
45,63
57,64
57,65
45,66
45,67
57,68
57,69
57,70
45,71
30,72
57,73
45,74
43,75
57,76
30,77
30,78
53,79
30,80
45,81
45,82
57,83
57,84
57,85
57,86
45,87
30,88
57,89
31,90
57,91
119,92
43,93
57,94
57,95
119,96
57,97
43,98
30,99
119,100
93,101
93,102
45,103
57,104
31,105
31,106
31,107
57,108
31,109
31,110
43,111
57,112
119,113
30,114
57,115
31,116
57,117
57,118
57,119
43,60
43,61
45,62
45,63
57,64
43,65
43,66
43,67
57,68
43,69
57,70
119,71
30,72
30,74
45,75
43,76
30,77
43,78
53,79
30,80
30,81
30,82
30,83
43,84
45,85
45,86
45,87
45,88
45,89
53,90
57,91
45,92
43,93
57,94
30,95
119,96
45,97
43,98
55,99
100,100
119,101
93,102
57,103
43,104
43,105
57,106
57,107
57,108
57,109
57,110
57,111
57,112
119,113
45,114
57,115
57,116
57,117
57,118
57,119
45,60
45,61
119,62
43,63
119,64
30,65
93,66
43,67
57,68
57,69
57,70
45,71
30,72
30,73
53,74
53,75
43,76
57,77
30,78
30,79
45,80
30,81
30,82
53,83
30,84
57,85
57,86
45,87
53,88
57,89
53,90
57,91
119,92
93,93
119,94
30,95
57,96
45,97
30,98
57,99
57,100
100,101
31,102
57,103
43,104
57,105
57,106
100,107
57,108
57,109
57,110
57,111
57,112
57,113
57,114
57,115
57,116
57,117
57,118
57,119
57,60
57,61
57,62
40,63
57,64
57,65
57,66
57,67
57,68
45,69
45,70
45,71
57,72
57,74
57,75
57,76
57,77
57,78
102,79
57,80
57,81
57,82
57,83
57,84
57,85
57,86
57,87
45,88
45,89
30,90
57,91
53,92
43,93
45,94
30,95
57,96
45,97
119,98
31,99
119,100
93,101
43,102
57,103
93,104
57,105
57,106
100,107
57,108
57,109
31,110
57,111
57,112
57,113
57,114
57,115
57,116
57,117
57,118
119,119
43,60
119,61
119,62
54,63
57,64
57,65
43,66
43,67
57,68
57,69
57,70
57,71
43,72
31,73
43,74
43,75
57,76
43,77
93,78
57,79
93,80
45,81
45,82
43,83
43,84
43,85
57,86
57,87
57,88
57,89
43,90
57,91
57,92
57,93
119,94
102,95
119,96
57,97
57,98
54,99
57,100
55,101
43,102
119,103
30,104
57,105
57,106
57,107
100,108
43,109
57,110
57,111
43,112
119,113
57,114
100,115
53,116
102,117
57,118
119,119
119,60
43,61
119,62
57,63
57,64
57,65
102,66
104,67
57,68
104,69
57,70
57,71
104,72
57,73
57,74
43,75
119,76
104,77
43,78
43,79
57,80
104,81
45,82
104,83
57,84
104,85
119,86
119,87
43,88
57,89
104,90
54,91
119,92
57,93
119,94
57,95
55,96
57,97
57,98
57,99
57,100
57,101
104,102
119,103
104,104
57,105
54,106
113,107
57,108
57,109
69,110
57,111
45,112
119,113
57,114
57,115
119,116
57,117
57,118
57,119
43,60
57,61
119,62
57,63
57,64
57,65
57,66
57,67
57,68
57,69
57,70
57,71
57,72
57,73
93,74
89,75
89,76
89,77
55,78
57,79
89,80
89,81
89,82
89,83
57,84
57,85
119,86
57,87
57,88
89,89
93,90
57,91
119,92
117,93
89,94
89,95
117,96
57,97
89,98
56,99
119,100
57,101
89,102
119,103
89,104
57,105
57,106
57,107
57,108
57,109
109,110
119,111
104,112
119,113
104,114
55,115
53,116
57,117
57,118
104,119
45,60
45,61
104,62
57,63
55,64
94,65
93,66
105,67
102,68
104,69
119,70
105,71
43,72
43,73
43,74
104,75
104,76
104,77
104,78
105,79
105,80
104,81
89,82
89,83
43,84
104,85
89,86
89,87
119,88
109,89
43,90
119,91
119,92
119,93
119,94
119,95
89,96
89,97
119,98
57,99
54,100
57,101
119,102
119,103
89,104
57,105
119,106
103,107
57,108
43,109
57,110
119,111
119,112
119,113
89,114
57,115
57,116
57,117
57,118
119,119
43,60
119,61
119,62
57,63
57,64
57,65
43,66
43,67
57,68
119,69
57,70
119,71
43,72
43,73
43,74
43,75
119,76
43,77
43,78
57,79
43,80
45,81
45,82
43,83
43,84
43,85
57,86
57,87
57,88
57,89
43,90
119,91
119,92
119,93
119,94
57,95
119,96
57,97
57,98
54,99
57,100
57,101
104,102
119,103
43,104
57,105
57,106
54,107
57,108
57,109
57,110
57,111
57,112
119,113
57,114
57,115
58,116
57,117
102,118
119,119
119,64
57,65
53,66
53,67
53,68
53,69
53,70
53,71
104,72
43,73
43,74
104,75
55,76
43,78
112,79
58,80
45,81
45,82
102,83
93,84
102,85
119,86
55,87
57,88
57,89
57,90
119,91
58,92
102,93
119,94
55,95
57,96
46,97
119,98
57,99
119,100
55,101
55,102
119,103
55,104
43,105
57,106
57,107
57,108
102,109
57,110
57,111
57,112
119,113
57,114
57,115
109,116
119,117
57,118
57,119
119,60
45,61
119,62
57,63
57,64
57,65
31,66
57,67
57,68
57,69
57,70
57,71
43,72
43,73
43,74
43,75
104,76
45,77
30,78
57,79
30,80
43,81
43,82
43,83
45,84
45,85
43,86
57,87
57,88
57,89
43,90
57,91
119,92
119,93
119,94
102,95
119,96
57,97
57,98
54,99
119,100
55,101
43,102
119,103
30,104
57,105
57,106
57,107
57,108
57,109
57,110
57,111
57,112
119,113
57,114
57,115
57,116
57,117
57,118
43,119
43,60
43,61
119,62
57,63
119,64
57,65
102,66
43,67
57,68
57,69
57,70
57,71
45,72
43,73
43,74
104,75
57,76
43,77
43,78
57,79
57,80
43,81
43,82
43,83
43,84
43,85
119,86
57,87
57,88
119,89
43,90
119,91
119,92
119,93
119,94
102,95
43,96
46,97
119,98
55,99
57,100
57,101
104,102
119,103
43,104
57,105
57,106
57,107
57,108
109,109
55,110
57,111
57,112
119,113
57,114
57,115
57,116
57,117
57,118
57,119
57,60
57,61
119,62
57,63
57,64
57,65
30,66
119,67
45,68
119,69
119,70
119,71
57,72
57,73
57,75
57,76
57,77
30,78
119,79
57,80
57,81
57,82
43,83
45,84
57,85
119,86
57,87
57,88
57,89
57,90
119,91
119,92
57,93
119,94
57,95
119,96
119,97
57,98
57,99
119,100
109,101
119,102
119,103
45,104
57,105
57,106
31,107
57,108
57,109
57,110
57,111
43,112
119,113
57,114
100,115
57,116
57,117
119,118
57,119
43,60
43,61
119,62
57,63
57,64
43,65
57,66
43,67
119,68
119,69
119,70
57,71
43,72
43,73
43,74
43,75
119,76
43,77
57,78
57,79
57,80
43,81
43,82
43,83
43,84
43,85
57,86
57,87
57,88
43,89
43,90
57,91
119,92
119,93
119,94
57,95
57,96
119,97
57,98
100,99
57,100
54,101
43,102
119,103
43,104
57,105
57,106
53,107
57,108
31,109
57,110
57,111
57,112
119,113
57,114
100,115
53,116
57,117
53,118
57,119
43,60
45,61
119,62
57,63
119,64
57,65
30,66
119,67
119,68
57,69
119,70
119,71
43,72
43,73
43,74
43,75
57,76
43,77
57,78
57,79
102,80
43,81
43,82
43,83
43,84
43,85
57,86
57,87
57,88
57,89
43,90
119,91
119,92
119,93
119,94
57,95
119,96
57,97
57,98
54,99
119,100
57,101
43,102
119,103
43,104
57,105
55,106
57,107
57,108
53,109
57,110
57,111
57,112
119,113
57,114
57,115
57,116
57,117
57,118
57,119
45,60
46,61
119,62
119,63
119,64
119,65
55,66
43,67
45,68
119,69
119,70
102,71
104,72
104,73
45,74
102,75
57,76
45,77
102,78
119,79
57,80
104,81
45,82
43,83
57,84
104,85
119,86
57,87
57,88
57,89
104,90
119,91
119,92
57,93
43,94
104,95
57,96
43,97
102,98
102,99
57,100
58,101
53,102
119,103
57,104
57,105
57,106
54,107
57,108
102,109
57,110
57,111
57,112
57,113
57,114
57,115
69,116
57,117
57,118
57,119
57,60
57,61
119,62
119,63
57,64
57,65
43,66
43,67
57,68
57,69
57,70
57,71
43,72
30,73
45,74
43,75
43,76
93,77
30,78
57,79
57,80
43,81
30,82
43,83
43,84
43,85
57,86
57,87
57,88
57,89
103,90
57,91
57,92
57,93
57,94
93,95
57,96
57,97
57,98
54,99
45,100
54,101
30,102
119,103
57,104
45,105
57,106
103,107
104,109
57,110
57,111
57,112
57,113
57,114
100,115
57,116
103,117
45,118
57,119
119,60
119,61
119,62
57,63
119,64
102,65
57,66
119,67
57,68
57,69
57,70
104,71
104,72
104,73
104,74
104,75
57,76
102,77
104,78
57,79
102,80
104,81
104,82
104,83
104,84
104,85
119,86
119,87
104,88
119,89
57,90
57,91
119,92
57,93
119,94
57,95
119,96
119,97
119,98
57,99
57,100
57,101
104,102
119,103
104,104
57,105
57,106
54,107
57,108
57,109
57,110
57,111
57,112
57,113
45,114
54,115
57,116
57,117
57,118
57,119
45,60
119,61
119,62
57,63
57,64
57,65
102,66
43,67
57,68
104,69
57,70
104,71
43,72
57,73
45,74
57,75
57,76
93,77
30,78
102,79
30,80
43,81
43,82
43,83
43,84
57,85
57,86
57,87
57,88
57,89
57,90
119,91
119,92
119,93
119,94
57,95
119,96
57,97
119,98
57,99
55,100
109,101
57,102
119,103
45,104
57,105
57,106
57,107
57,108
57,109
57,110
57,111
57,112
57,113
57,114
57,115
57,116
57,117
57,118
57,119
43,60
43,61
119,62
57,63
119,64
43,65
43,66
119,67
119,68
57,69
57,70
104,71
43,72
43,73
43,74
43,75
119,76
43,77
30,78
57,79
102,80
43,81
43,82
43,83
45,84
43,85
57,86
57,87
57,88
57,89
43,90
119,91
119,92
119,93
119,94
102,95
57,96
57,97
57,98
57,99
57,100
57,101
104,102
119,103
43,104
57,105
57,106
54,107
45,108
45,109
57,110
100,111
45,112
119,113
43,114
57,115
57,116
57,117
57,118
57,119
45,60
45,61
119,62
57,63
57,64
57,65
31,66
43,67
57,68
119,69
57,70
119,71
43,72
45,73
43,74
43,75
57,76
43,77
43,78
57,79
31,80
43,81
45,82
45,83
43,84
43,85
57,86
57,87
43,88
57,89
43,90
57,91
43,92
119,93
119,94
93,95
57,96
55,97
57,98
100,99
57,100
100,101
31,102
119,103
30,104
45,105
57,106
57,107
57,108
31,109
57,110
44,111
44,112
45,113
57,114
57,115
57,116
57,117
45,118
57,119
58,62
57,63
119,64
119,65
57,66
102,67
93,68
57,69
57,70
43,71
43,72
45,73
43,74
43,75
119,76
57,77
43,78
102,79
57,80
43,81
43,82
43,83
45,84
57,85
57,86
57,87
57,88
57,89
43,90
14,91
31,92
57,93
57,94
57,95
57,96
57,97
57,98
57,99
57,100
102,101
93,102
57,103
31,104
57,105
57,106
100,107
57,108
57,109
100,110
57,111
57,112
57,113
57,114
57,115
57,116
57,117
57,118
57,119
45,60
119,61
119,62
57,63
119,64
43,65
30,66
119,67
57,68
45,69
30,70
57,71
102,72
45,73
45,74
45,75
30,76
43,77
93,78
57,79
43,80
45,81
93,82
45,83
45,84
45,85
57,86
57,87
53,88
119,89
57,90
57,91
43,92
119,93
119,94
93,95
119,96
57,97
57,98
53,99
119,100
57,101
30,102
119,103
30,104
57,105
57,106
57,107
57,108
57,109
55,110
57,111
57,112
119,113
57,114
57,115
57,116
57,117
57,118
57,119
43,60
43,61
119,62
119,63
57,64
104,65
102,66
43,67
119,68
119,69
119,70
43,71
43,72
104,73
104,74
43,75
104,76
104,77
43,78
57,79
119,80
104,81
104,82
119,83
45,84
45,85
119,86
57,87
57,88
57,89
104,90
57,91
43,92
58,93
119,94
57,95
57,96
46,97
57,98
55,99
57,100
57,101
43,102
119,103
43,104
57,105
57,106
57,107
57,108
100,109
100,110
57,111
57,112
119,113
57,114
57,115
57,116
57,117
119,118
100,119
58,60
58,61
57,62
119,63
119,64
57,65
93,66
43,67
119,68
57,69
119,70
45,71
119,72
57,73
119,74
57,75
89,76
57,77
57,78
57,79
119,80
57,81
57,82
57,83
119,84
119,85
119,86
119,87
57,88
57,89
57,90
119,91
119,92
119,93
93,94
53,95
119,96
57,97
102,98
57,99
119,100
119,101
57,102
119,103
43,104
57,105
102,106
57,107
57,108
93,109
57,110
57,111
57,112
57,113
89,114
57,115
57,116
119,117
57,118
57,119
119,60
89,61
119,62
89,63
119,64
88,65
89,66
119,67
57,68
119,69
57,70
119,71
89,72
93,73
45,74
93,75
119,76
43,77
43,78
57,79
58,80
104,81
93,82
43,83
45,84
45,85
57,86
89,87
119,88
88,89
88,90
119,91
119,92
119,93
119,94
88,95
89,96
119,97
119,98
57,99
57,100
89,101
104,102
119,103
89,104
119,105
57,106
54,107
57,108
31,109
57,110
57,111
57,112
57,113
57,114
57,115
119,116
57,117
57,118
57,119
43,60
119,61
119,62
57,63
57,64
43,65
43,66
119,67
119,68
43,69
57,70
57,71
43,72
43,73
43,74
43,75
43,76
43,77
93,78
57,79
104,80
43,81
43,82
43,83
45,84
43,85
57,86
57,87
43,88
57,89
43,90
57,91
119,92
119,93
119,94
43,95
119,96
57,97
57,98
57,99
57,100
57,101
43,102
119,103
93,104
54,105
57,106
57,107
57,108
57,109
57,110
119,111
57,112
57,113
57,114
57,115
57,116
57,117
57,118
57,119
119,62
119,63
119,64
57,65
104,66
43,67
43,68
57,69
57,70
43,71
57,72
57,73
43,74
93,75
93,76
43,77
102,78
119,79
43,80
104,81
104,82
102,83
102,84
57,85
119,86
57,87
102,88
119,89
57,90
119,91
53,92
57,93
119,94
102,95
43,96
45,97
119,98
58,99
119,100
57,101
53,102
119,103
102,104
57,105
57,106
119,107
103,108
57,109
55,110
119,111
57,112
119,113
57,114
57,115
55,116
57,117
43,118
57,119
45,60
119,61
119,62
57,63
57,64
43,65
30,66
45,67
30,68
57,69
30,70
57,71
43,72
30,73
45,74
43,75
31,76
43,77
43,78
57,79
45,80
43,81
30,82
30,83
43,84
43,85
57,86
43,87
57,88
43,89
43,90
57,91
43,92
119,93
119,94
93,95
119,96
57,97
57,98
53,99
57,100
54,101
30,102
119,103
30,104
57,105
57,106
57,107
57,108
57,109
31,110
57,111
57,112
119,113
57,114
57,115
57,116
57,117
57,118
57,119
43,60
119,61
119,62
119,63
57,64
43,65
43,66
119,67
57,68
119,69
119,70
119,71
43,72
104,73
43,74
43,75
104,76
43,77
43,78
57,79
119,80
43,81
43,82
45,83
43,84
43,85
119,86
57,87
43,88
57,89
104,90
119,91
119,92
119,93
119,94
93,95
57,96
45,97
57,98
57,99
57,100
57,101
104,102
119,103
43,104
57,105
54,106
57,107
57,108
57,109
54,110
57,111
100,112
119,113
57,114
57,115
57,116
57,117
57,118
57,119
45,60
57,61
45,62
119,63
119,64
57,65
45,66
45,67
43,68
57,69
57,70
57,71
43,72
30,73
30,74
57,75
43,76
57,77
43,78
102,79
57,80
57,81
30,82
30,83
45,84
45,85
57,86
57,87
57,88
57,89
57,90
119,91
104,92
119,93
119,94
93,95
43,96
57,97
57,98
53,99
119,100
57,101
45,102
57,103
43,104
57,105
57,106
43,107
57,108
53,109
57,110
57,111
43,112
57,113
45,114
119,115
57,116
57,117
57,118
57,119
45,60
119,61
45,62
57,63
57,64
30,65
93,66
119,67
57,68
119,69
43,70
43,71
30,72
43,73
45,74
30,75
93,76
43,77
30,78
57,79
31,80
45,81
45,82
43,83
43,84
45,85
43,86
43,87
43,88
30,89
43,90
57,91
119,92
119,93
119,94
93,95
57,96
57,97
57,98
57,99
57,100
57,101
31,102
119,103
31,104
57,105
57,106
100,107
57,108
31,109
57,110
57,111
57,112
119,113
57,114
57,115
57,116
57,117
100,118
57,119
43,60
119,61
119,62
57,63
119,64
93,65
93,66
43,67
43,68
119,69
119,70
119,71
43,72
43,73
43,74
43,75
43,76
43,77
43,78
57,79
43,80
43,81
43,82
43,83
43,84
45,85
45,86
45,87
119,88
43,89
43,90
104,92
119,93
119,94
43,95
57,96
57,97
57,98
57,99
119,100
57,101
43,102
119,103
30,104
57,105
100,106
57,107
57,108
43,109
57,110
57,111
57,112
106,113
57,114
57,115
57,116
57,117
57,118
100,119
45,60
43,61
43,62
119,63
57,64
57,65
104,66
119,67
45,68
45,69
45,70
45,71
43,72
43,73
43,74
43,75
104,76
45,77
102,78
119,79
119,80
43,81
43,82
102,83
57,84
57,85
119,86
57,87
57,88
55,89
57,90
57,91
57,92
119,93
57,94
57,95
57,96
45,97
57,98
102,99
119,100
57,101
43,102
119,103
43,104
106,105
119,106
57,107
57,108
109,109
57,110
57,111
57,112
57,113
57,114
57,115
57,116
57,117
102,118
57,119
119,60
45,61
45,62
57,63
57,64
43,65
31,66
57,67
57,68
57,69
30,70
57,71
30,72
30,73
30,74
30,75
30,76
43,77
43,78
57,79
43,80
30,81
30,82
30,83
45,84
57,85
57,86
57,87
53,88
57,89
30,90
57,91
43,92
57,93
57,94
93,95
119,96
57,97
57,98
57,99
57,100
57,101
31,102
119,103
30,104
100,105
53,106
31,107
57,108
31,109
57,110
57,111
57,112
57,113
54,114
57,115
57,116
103,117
119,118
57,119
43,60
106,61
56,62
57,63
57,64
57,65
43,66
43,67
119,68
104,69
57,70
104,71
43,72
57,73
43,74
43,75
43,76
43,77
43,78
57,79
119,80
43,81
43,82
43,83
43,84
43,85
57,86
43,87
43,88
43,89
57,90
57,91
43,92
119,93
57,94
43,95
57,96
57,97
57,98
57,99
57,100
119,101
43,102
119,103
43,104
57,105
57,106
57,107
57,108
100,109
57,110
100,111
57,112
57,113
100,114
57,115
53,116
45,117
119,118
57,119
43,60
45,61
45,62
57,63
57,64
57,65
45,66
45,67
57,68
45,69
57,70
45,71
43,72
30,73
30,74
57,75
45,76
43,77
43,78
119,79
57,80
53,81
43,82
30,83
43,84
45,85
57,86
43,87
57,88
57,89
57,90
119,91
57,92
119,93
93,94
93,95
57,96
57,97
57,98
57,99
57,100
31,101
93,102
119,103
45,104
93,105
30,106
31,107
57,108
53,109
57,110
57,111
43,112
119,113
103,114
57,115
57,116
57,117
58,118
43,119
43,60
45,61
45,62
57,63
57,64
43,65
43,66
45,67
119,68
57,69
43,70
43,71
43,72
45,73
43,74
43,75
104,76
43,77
43,78
57,79
119,80
43,81
43,82
43,83
43,84
43,85
45,86
43,87
45,88
45,89
43,90
57,91
119,92
119,93
119,94
43,95
57,96
45,97
57,98
57,99
119,100
57,101
43,102
119,103
57,104
57,105
57,106
53,107
57,108
31,109
53,110
57,111
57,112
119,113
93,114
119,115
30,116
31,117
57,118
57,119
43,60
45,61
57,62
57,63
57,64
103,65
103,66
103,67
31,68
93,69
31,70
31,71
30,72
30,73
45,74
30,75
103,76
30,77
43,78
57,79
103,80
30,81
30,82
45,83
57,84
43,85
45,86
43,87
30,88
43,89
45,90
57,91
93,92
88,93
57,94
30,95
57,96
57,97
57,98
57,99
119,100
57,101
31,102
119,103
103,104
57,105
53,106
100,107
57,108
100,109
100,110
57,111
57,112
57,113
30,114
57,115
31,116
57,117
57,118
100,119
57,60
45,61
45,62
119,63
119,64
57,65
43,66
43,67
119,68
43,69
43,70
43,71
57,72
43,73
57,74
57,75
43,76
30,77
43,78
57,79
57,80
43,81
93,82
57,83
45,84
43,85
57,86
57,87
57,88
57,89
43,90
57,91
31,92
119,93
119,94
57,95
57,96
57,97
119,98
31,99
57,100
109,101
31,102
57,103
43,104
57,105
93,106
103,107
45,108
104,109
53,110
57,111
57,112
57,113
57,114
119,115
104,116
57,117
57,118
57,119
43,60
43,61
119,62
57,63
57,64
43,65
30,66
45,67
45,68
45,69
45,70
43,71
43,72
43,73
45,74
43,75
43,76
45,77
45,78
57,79
43,80
43,81
30,82
43,83
43,84
57,85
57,86
45,87
57,88
30,89
30,90
57,91
57,92
57,93
119,94
93,95
119,96
57,97
57,98
57,99
57,100
54,101
30,102
119,103
31,104
57,105
57,106
57,107
57,108
57,109
69,110
57,111
57,112
57,113
57,114
57,115
57,116
57,117
57,118
57,119
43,60
43,61
119,62
57,63
119,64
57,65
43,66
43,67
57,68
57,69
119,70
57,71
43,72
43,73
43,74
31,75
119,76
43,77
30,78
57,79
104,80
43,81
43,82
43,83
45,84
43,85
57,86
57,87
119,88
43,89
43,90
119,91
119,92
119,93
119,94
43,95
119,96
46,97
57,98
57,99
119,100
119,101
43,102
119,103
104,104
57,105
57,106
57,107
57,108
57,109
57,110
57,111
57,112
57,113
57,114
57,115
57,116
57,117
57,118
57,119
57,60
43,61
119,62
57,63
57,64
57,65
57,66
57,67
57,68
45,69
57,70
43,71
43,72
31,73
31,74
30,75
57,76
57,77
57,78
93,79
45,80
57,81
30,82
30,83
45,84
57,85
57,86
104,87
45,88
57,89
57,90
119,91
55,92
57,93
119,94
57,95
119,96
119,97
119,98
57,99
119,100
119,101
57,102
119,103
57,104
57,105
57,106
56,107
89,108
57,109
113,110
57,111
57,112
119,113
93,114
116,115
57,116
57,117
116,118
57,119
119,60
119,61
119,62
57,63
57,64
88,65
30,66
45,67
57,68
119,69
119,70
119,71
45,72
43,73
43,74
30,75
57,76
43,77
30,78
57,79
43,80
43,81
43,82
45,83
43,84
43,85
119,86
43,87
57,88
89,89
43,90
119,91
57,92
88,93
57,94
43,95
119,96
57,97
57,98
57,99
57,100
119,101
53,102
119,103
93,104
57,105
57,106
57,107
31,108
109,109
57,110
57,111
57,112
57,113
57,114
57,115
89,116
57,117
57,118
57,119
45,60
45,61
119,62
57,63
45,64
57,65
43,66
43,67
43,68
45,69
43,70
45,71
43,72
45,73
45,74
40,75
43,76
45,77
45,78
57,79
43,80
45,81
45,82
45,83
40,84
45,85
57,86
45,87
57,88
53,89
43,90
57,91
119,92
119,93
119,94
43,95
119,96
57,97
57,98
57,99
57,100
57,101
93,102
119,103
93,104
57,105
57,106
55,107
119,108
57,109
57,110
57,111
57,112
57,113
57,114
57,115
57,116
57,117
57,118
57,119
119,62
119,63
57,64
57,65
93,66
45,67
57,68
57,69
43,70
57,71
43,72
43,73
43,74
43,75
57,76
45,77
43,78
119,79
104,80
43,81
43,82
43,83
57,84
43,85
57,86
57,87
119,88
57,89
43,90
119,91
119,92
119,93
57,94
57,95
119,96
45,97
102,98
57,99
119,100
119,101
53,102
119,103
102,104
57,105
57,106
57,107
53,108
57,109
57,110
57,111
119,112
119,113
57,114
57,115
57,116
57,117
102,119
43,60
45,61
119,62
57,63
57,64
43,65
31,66
45,67
31,68
45,69
43,70
43,71
30,72
31,73
45,74
30,75
93,76
30,77
31,78
57,79
31,80
30,81
43,82
43,83
45,84
45,85
57,86
57,87
43,88
24,89
43,90
57,91
119,92
57,93
57,94
45,95
119,96
57,97
57,98
57,99
119,100
57,101
31,102
119,103
31,104
57,105
54,106
57,107
57,108
57,109
57,110
57,111
57,112
119,113
57,114
57,115
55,116
57,117
57,118
57,119
45,60
43,61
119,62
57,63
57,64
43,65
43,66
57,67
43,68
43,69
57,70
43,71
45,72
45,73
45,74
57,75
45,76
57,77
57,78
30,79
102,80
30,81
30,82
57,83
45,84
57,85
57,86
57,87
43,88
43,89
45,90
119,91
45,92
43,93
119,94
57,95
119,96
45,97
57,98
57,99
119,100
119,101
43,102
119,103
43,104
57,105
57,106
57,107
57,108
57,109
57,110
57,111
57,112
57,113
57,114
57,115
109,116
57,117
57,118
57,119
45,60
45,61
119,62
119,63
57,64
57,65
93,66
45,67
57,68
57,69
57,70
119,71
30,72
30,73
43,74
30,75
45,76
57,77
45,78
119,79
57,80
57,81
45,82
30,83
57,84
57,85
57,86
57,87
57,88
57,89
57,90
119,91
119,92
57,93
43,94
43,95
57,96
57,97
57,98
30,99
119,100
57,101
45,102
119,103
45,104
119,105
57,106
54,107
57,108
57,109
100,110
100,111
54,112
57,113
57,114
57,115
57,116
45,117
100,118
31,119
45,60
45,61
119,62
30,63
57,64
30,65
57,66
43,67
57,68
57,69
45,70
45,71
30,72
57,73
57,74
57,75
45,76
30,77
30,78
57,79
31,80
30,81
30,82
57,83
57,84
45,85
57,86
45,87
30,88
30,89
57,90
57,91
119,92
57,93
57,94
57,95
119,96
57,97
30,98
57,99
119,100
57,101
43,102
119,103
43,104
57,105
57,106
57,107
53,108
57,109
57,110
57,111
57,112
57,113
57,114
57,115
57,116
57,117
43,118
57,119
45,60
45,61
119,62
93,63
57,64
43,65
93,66
45,67
57,68
104,69
104,70
119,71
30,72
43,73
45,74
43,75
43,76
43,77
93,78
57,79
31,80
30,81
45,82
43,83
43,84
43,85
57,86
57,87
57,88
53,89
43,90
119,91
119,92
119,93
119,94
45,95
119,96
57,97
57,98
57,99
119,100
57,101
43,102
119,103
43,104
57,105
57,106
57,107
57,108
57,109
57,110
57,111
57,112
119,113
57,114
57,115
57,116
57,117
43,118
57,119
45,60
43,61
57,62
57,63
119,64
57,65
57,66
57,67
57,68
43,69
57,70
43,71
57,72
43,73
57,74
45,75
57,76
57,77
57,78
104,79
53,80
52,81
57,82
57,83
57,84
57,85
57,86
57,87
57,88
57,89
103,90
119,91
57,92
57,93
57,94
57,95
57,96
45,97
57,98
119,99
119,100
57,101
43,102
119,103
43,104
57,105
57,106
57,107
53,108
57,109
53,110
57,111
43,112
119,113
45,114
57,115
57,116
57,117
119,118
93,119
103,60
45,61
57,62
57,63
57,64
45,65
57,66
45,67
103,68
57,69
45,70
45,71
43,72
45,73
43,74
43,75
57,76
57,77
57,78
57,79
30,80
43,81
30,82
103,83
57,84
43,85
57,86
57,87
30,88
57,89
103,90
57,91
57,92
30,93
57,94
93,95
57,96
57,97
30,98
57,99
57,100
53,101
31,102
119,103
31,104
57,105
30,106
57,107
31,108
57,109
57,110
57,111
57,112
45,113
57,114
100,115
43,116
57,117
57,118
57,119
43,60
43,61
119,62
57,63
43,64
43,65
43,66
43,67
43,68
57,69
57,70
30,71
43,72
43,73
57,74
43,75
43,76
43,77
93,78
57,79
102,80
43,81
43,82
43,83
43,84
43,85
57,86
45,87
30,88
57,89
43,90
57,91
57,92
57,93
57,94
30,95
119,96
57,97
57,98
57,99
117,100
57,101
43,102
119,103
30,104
31,105
31,106
57,107
57,108
57,109
57,110
57,111
57,112
54,113
57,114
57,115
30,116
57,117
57,118
57,119
57,60
45,61
57,62
57,63
57,64
43,65
57,66
57,67
57,68
57,69
57,70
57,71
57,72
57,73
57,74
45,75
45,76
57,77
45,78
93,79
43,80
43,81
30,82
57,83
45,84
43,85
57,86
119,87
57,88
57,89
30,90
57,91
57,92
57,93
43,94
45,95
57,96
57,97
57,98
31,99
119,100
93,101
45,102
57,103
43,104
57,105
69,106
53,107
31,108
57,109
57,110
57,111
57,112
119,113
57,114
57,115
57,116
57,117
57,118
57,119
43,60
119,61
119,62
45,63
57,64
43,65
93,66
43,67
119,68
119,69
119,70
57,71
45,72
45,73
45,74
43,75
119,76
45,77
93,78
57,79
93,80
43,81
45,82
45,83
43,84
43,85
57,86
45,87
30,88
43,89
43,90
57,91
119,92
119,93
119,94
57,95
119,96
45,97
57,98
57,99
57,100
57,101
43,102
119,103
43,104
57,105
57,106
31,107
31,108
57,109
57,110
57,111
104,112
57,113
57,114
57,115
57,116
57,117
45,118
57,119
30,60
43,61
57,62
57,63
57,64
43,65
30,66
43,67
57,68
57,69
45,70
45,71
30,72
45,73
57,74
57,75
119,76
45,77
30,78
57,79
31,80
43,81
30,82
45,83
43,84
43,85
57,86
57,87
30,88
53,89
43,90
57,91
119,92
119,93
57,94
30,95
119,96
57,97
30,98
57,99
119,100
57,101
43,102
119,103
31,104
57,105
57,106
57,107
30,108
57,109
31,110
31,111
31,112
119,113
57,114
57,115
55,116
45,117
119,118
57,119
43,60
119,61
119,62
57,63
45,64
57,65
43,66
43,67
45,68
43,69
57,70
30,71
43,72
43,73
43,74
43,75
43,76
43,77
93,78
103,79
43,80
43,81
43,82
43,83
43,84
45,85
57,86
45,87
57,88
57,89
30,90
119,91
119,92
57,93
57,94
57,95
57,96
57,97
93,98
53,99
119,100
57,101
93,102
119,103
45,104
30,105
57,106
57,107
31,108
30,109
31,110
31,111
30,112
119,113
57,114
57,115
57,116
57,117
58,118
57,119
45,60
45,61
119,62
57,63
57,64
57,65
93,66
43,67
57,68
57,69
43,70
43,71
43,72
30,73
43,74
43,75
57,76
43,77
43,78
100,79
45,80
43,81
43,82
53,83
43,84
43,85
57,86
57,87
57,88
57,89
57,90
57,91
57,92
57,93
119,94
53,95
119,96
55,97
57,98
57,99
57,100
57,101
43,102
119,103
57,104
57,105
57,106
57,107
57,108
57,109
113,110
57,111
57,112
119,113
57,114
57,115
57,116
57,117
57,118
57,119
119,60
43,61
119,62
100,63
57,64
57,65
43,66
57,67
57,68
104,69
57,70
57,71
57,72
57,73
102,74
43,75
57,76
102,77
43,78
57,79
102,80
57,81
57,82
57,83
104,84
102,85
57,86
57,87
57,88
102,89
57,90
57,91
119,92
57,93
119,94
57,95
119,96
55,97
57,98
57,99
57,100
57,101
57,102
119,103
57,104
57,105
57,106
57,107
57,108
57,109
54,110
57,111
43,112
100,113
57,114
57,115
57,116
57,117
57,118
57,119
43,60
45,61
119,62
57,63
57,64
57,65
57,66
45,67
57,68
57,69
57,70
57,71
57,72
57,73
57,74
57,75
57,76
57,77
45,78
57,79
43,80
57,81
57,82
57,83
57,84
57,85
119,86
119,87
57,88
57,89
57,90
119,91
109,92
57,93
53,94
57,95
119,96
57,97
119,98
58,99
119,100
58,101
109,102
119,103
109,104
57,105
31,106
57,107
102,108
57,109
57,110
57,111
102,112
119,113
57,114
57,115
57,116
57,117
44,118
57,119
119,60
119,61
119,62
57,63
57,64
57,65
53,66
119,67
55,68
106,69
55,70
119,71
43,72
43,73
93,74
43,75
119,76
102,77
43,78
57,79
102,80
109,81
43,82
43,83
43,84
43,85
119,86
57,87
55,88
57,89
102,90
119,91
119,92
55,93
119,94
57,95
119,96
119,97
57,98
57,99
57,100
57,101
57,102
119,103
57,104
102,105
57,106
106,107
57,108
57,109
53,110
57,111
57,112
57,113
57,114
57,115
57,116
45,117
119,118
54,119
43,60
43,61
119,62
57,63
57,64
57,65
43,66
43,67
57,68
57,69
119,70
43,71
43,72
30,73
57,74
43,75
43,76
43,77
43,78
57,79
43,80
43,81
43,82
43,83
43,84
43,85
57,86
57,87
57,88
119,89
93,90
57,91
119,92
57,93
119,94
57,95
119,96
43,97
119,98
100,99
57,100
57,101
57,102
119,103
57,104
57,105
57,106
100,107
55,108
57,109
57,110
57,111
57,112
57,113
57,114
57,115
57,116
57,117
57,118
57,119
57,60
45,61
119,62
57,63
57,64
57,65
57,66
119,67
30,68
102,69
43,70
43,71
57,72
57,73
109,74
57,75
57,76
57,77
43,78
119,79
57,80
57,81
57,82
102,83
104,84
57,85
119,86
57,87
55,88
58,89
119,90
57,91
119,92
119,93
119,94
104,95
119,96
55,97
119,98
57,99
119,100
58,101
119,102
119,103
57,104
57,105
57,106
57,107
57,108
31,109
57,110
57,111
57,112
57,113
57,114
57,115
57,116
53,117
57,118
109,119
119,60
43,61
119,62
100,63
57,64
57,65
31,66
119,67
57,68
57,69
57,70
55,71
103,72
31,73
30,74
31,75
57,76
93,77
93,78
57,79
31,80
93,81
31,82
31,83
43,84
30,85
57,86
57,87
55,88
57,89
57,90
57,91
119,92
55,93
119,94
57,95
119,96
57,97
57,98
54,99
57,100
100,101
30,102
119,103
30,104
45,105
30,106
57,107
30,108
55,109
53,110
57,111
103,112
119,113
57,114
57,115
53,116
103,117
57,118
57,119
119,60
43,61
119,62
57,63
57,64
43,65
43,66
119,67
43,68
43,69
43,70
43,71
43,72
43,73
30,74
43,75
43,76
43,77
30,78
57,79
43,80
43,81
43,82
43,83
57,84
43,85
57,86
57,87
57,88
43,89
43,90
57,91
119,92
119,93
119,94
57,95
119,96
45,97
119,98
57,99
57,100
57,101
104,102
119,103
102,104
57,105
57,106
55,107
57,108
57,109
57,110
57,111
57,112
54,113
57,114
57,115
57,116
57,117
57,118
57,119
57,60
45,61
119,62
100,63
57,64
57,65
45,66
43,67
57,68
57,69
57,70
57,71
30,72
31,73
30,74
30,75
45,76
30,77
30,78
103,79
30,80
30,81
30,82
30,83
43,84
30,85
45,86
93,87
31,88
30,89
57,90
119,91
119,92
57,93
119,94
57,95
119,96
57,97
119,98
109,99
119,100
55,101
57,102
119,103
93,104
57,105
57,106
45,107
57,108
100,109
100,110
57,111
57,112
57,113
43,114
54,115
57,116
57,117
15,118
57,119
119,60
57,61
119,62
119,63
57,64
43,65
93,66
119,67
57,68
45,69
43,70
43,71
43,72
43,73
43,74
30,75
119,76
43,77
30,78
57,79
93,80
43,81
57,82
43,83
45,84
43,85
57,86
57,87
57,88
57,89
57,90
44,91
119,92
119,93
119,94
43,95
119,96
57,97
119,98
100,99
57,100
57,101
43,102
119,103
30,104
57,105
57,106
31,107
57,108
57,109
57,110
57,111
57,112
57,113
57,114
57,115
57,116
57,117
119,118
57,119
119,60
45,61
119,62
57,63
57,64
43,65
57,66
119,67
57,68
57,69
57,70
55,71
43,72
43,73
43,74
43,75
104,76
43,77
43,78
57,79
104,80
43,81
93,82
43,83
43,84
43,85
57,86
57,87
57,88
57,89
88,90
119,91
119,92
55,93
119,94
57,95
119,96
57,97
57,98
100,99
57,100
57,101
57,102
119,103
43,104
57,105
57,106
93,107
31,108
57,109
57,110
57,111
43,112
57,113
57,114
57,115
57,116
57,117
57,118
57,119
45,60
45,61
119,62
57,63
57,64
32,65
43,66
57,67
57,68
57,69
57,70
57,71
43,72
57,73
43,74
43,75
45,76
57,77
43,78
57,79
43,80
43,81
57,82
57,83
57,84
57,85
119,86
57,87
55,88
57,89
57,90
57,91
119,92
57,93
57,94
57,95
57,96
57,97
119,98
57,99
57,100
57,101
43,102
119,103
109,104
57,105
100,106
57,107
57,108
55,109
57,110
109,111
57,112
57,113
57,114
57,115
57,116
57,117
119,118
102,119
43,60
57,61
119,62
57,63
57,64
57,65
31,66
57,67
57,68
57,69
57,70
57,71
30,72
30,73
30,74
30,75
57,76
103,77
93,78
100,79
57,80
30,81
31,82
103,83
43,84
103,85
119,86
57,87
53,88
43,89
30,90
57,91
57,92
57,93
57,94
30,95
119,96
57,97
57,98
100,99
57,100
55,101
30,102
119,103
57,104
57,105
57,106
57,107
57,108
57,109
57,110
57,111
43,112
57,113
57,114
57,115
53,116
57,117
57,118
57,119
43,60
43,61
119,62
57,63
119,64
43,65
57,66
43,67
57,68
57,69
57,70
57,71
43,72
30,73
30,74
31,75
57,76
43,77
43,78
57,79
104,80
43,81
24,82
43,83
57,84
43,85
45,86
57,87
119,88
43,89
43,90
100,91
119,92
57,93
57,94
57,95
119,96
57,97
57,98
54,99
57,100
57,101
43,102
119,103
43,104
57,105
57,106
31,107
57,108
57,109
57,110
57,111
43,112
57,113
30,114
57,115
57,116
57,117
57,118
57,119
45,60
45,61
57,62
119,63
57,64
57,65
30,66
30,67
57,68
53,69
57,70
57,71
57,72
30,73
30,74
57,75
57,76
30,77
45,78
30,79
57,80
57,81
57,82
57,83
57,84
57,85
57,86
43,87
53,88
57,89
57,90
119,91
57,92
57,93
93,94
57,95
119,96
57,97
102,98
102,99
119,100
31,101
30,102
119,103
31,104
57,105
57,106
53,107
57,108
57,109
53,110
43,111
57,112
119,113
57,114
57,115
57,116
57,117
57,118
119,119
43,60
43,61
119,62
57,63
57,64
43,65
55,66
119,67
57,68
57,69
57,70
57,71
43,72
43,73
43,74
57,75
57,76
93,77
43,78
57,79
102,80
43,81
93,82
93,83
43,84
93,85
57,86
57,87
57,88
53,89
119,90
57,91
119,92
119,93
119,94
57,95
119,96
57,97
57,98
100,99
57,100
100,101
57,102
119,103
57,104
57,105
93,106
69,107
103,108
31,109
57,110
30,111
43,112
119,113
57,114
57,115
57,116
57,117
57,118
57,119
103,60
45,61
119,62
57,63
57,64
30,65
103,66
57,67
57,68
57,69
57,70
103,71
30,72
103,73
30,74
103,75
30,76
31,77
93,78
57,79
31,80
30,81
103,82
30,83
43,84
103,85
57,86
57,87
30,88
30,89
103,90
57,91
57,92
119,93
57,94
30,95
119,96
57,97
57,98
100,99
57,100
57,101
30,102
119,103
57,104
30,105
30,106
31,107
57,108
31,109
31,110
57,111
57,112
119,113
31,114
57,115
31,116
57,117
57,118
57,119
43,60
57,61
57,62
100,63
57,64
57,65
31,66
57,67
57,68
57,69
43,70
43,71
57,72
43,73
30,74
57,75
102,76
43,77
43,78
31,79
43,80
57,81
43,82
57,83
43,84
57,85
43,86
57,87
57,88
57,89
57,90
57,91
31,92
57,93
93,94
102,95
57,96
57,97
119,98
31,99
119,100
57,101
43,102
57,103
43,104
53,105
31,106
31,107
31,108
31,109
57,110
57,111
31,112
119,113
57,114
57,115
57,116
45,117
119,118
57,119
45,60
45,61
88,62
57,63
57,64
57,65
43,66
45,67
45,68
57,69
45,70
57,71
43,72
57,73
43,74
43,75
45,76
43,77
43,78
57,79
30,80
43,81
43,82
43,83
45,84
43,85
57,86
57,87
57,88
57,89
57,90
119,91
119,92
24,93
119,94
45,95
119,96
57,97
57,98
100,99
57,100
54,101
102,102
119,103
57,104
45,105
53,106
31,107
30,108
53,109
31,110
57,111
57,112
57,113
93,114
57,115
57,116
57,117
57,118
57,119
43,60
43,61
57,62
57,63
57,64
43,65
30,66
43,67
43,68
57,69
57,70
57,71
43,72
43,73
43,74
45,75
43,76
43,77
30,78
53,79
57,80
104,81
102,82
104,83
43,84
104,85
57,86
45,87
43,88
43,89
57,90
57,91
119,92
57,93
57,94
57,95
119,96
57,97
57,98
55,99
44,100
57,101
43,102
119,103
45,104
31,105
31,106
31,107
57,108
57,109
103,110
57,111
57,112
119,113
31,114
57,115
57,116
57,117
57,118
57,119
45,60
43,61
88,62
57,63
57,64
57,65
45,66
57,67
57,68
57,69
57,70
57,71
24,72
57,73
45,74
57,75
57,76
57,77
57,78
109,79
57,80
57,81
45,82
40,83
119,84
57,85
57,86
57,87
57,88
57,89
57,90
57,91
119,92
57,93
43,94
57,95
57,96
57,97
53,98
58,99
119,100
57,101
57,102
119,103
57,104
53,105
55,106
57,107
57,108
31,109
53,110
57,111
57,112
119,113
57,114
57,115
57,116
31,117
119,118
57,119
119,60
57,61
119,62
119,63
57,64
43,65
43,66
43,67
43,68
43,69
43,70
43,71
43,72
57,73
43,74
43,75
43,76
43,77
43,78
57,79
57,80
43,81
43,82
43,83
43,84
43,85
57,86
57,87
57,88
53,89
53,90
119,91
119,92
119,93
57,94
57,95
119,96
119,97
57,98
57,99
119,100
57,101
119,102
119,103
57,104
57,105
57,106
55,107
57,108
57,109
57,110
57,111
45,112
57,113
57,114
57,115
102,116
57,117
57,118
100,119
43,60
43,61
105,62
57,63
57,64
43,65
43,66
43,67
43,68
43,69
43,70
43,71
43,72
43,73
45,74
43,75
43,76
43,77
43,78
57,79
102,80
43,81
43,82
43,83
43,84
43,85
57,86
57,87
43,88
43,89
43,90
57,91
119,92
43,93
119,94
57,95
119,96
43,97
57,98
54,99
57,100
57,101
45,102
119,103
43,104
57,105
57,106
57,107
57,108
53,109
57,110
57,111
53,112
119,113
57,114
57,115
57,116
57,117
119,118
57,119
45,60
45,61
57,62
57,64
57,65
43,66
57,67
43,68
45,69
57,70
45,71
57,72
57,73
43,74
104,75
43,76
43,77
43,78
102,79
57,80
104,81
57,82
43,83
104,84
104,85
57,86
45,87
119,88
43,89
57,90
119,91
57,92
102,93
57,94
104,95
119,96
57,97
102,98
109,99
57,100
57,101
102,102
119,103
57,104
57,105
55,106
57,107
57,108
57,109
55,110
57,111
57,112
57,113
57,114
57,115
57,116
57,117
119,118
57,119
57,60
45,61
119,62
57,63
119,64
57,65
24,66
45,67
31,68
57,69
57,70
103,71
43,72
57,73
57,74
43,75
45,76
45,77
43,78
53,79
57,80
43,81
45,82
43,83
93,84
43,85
57,86
57,87
57,88
43,89
57,90
100,91
57,92
57,93
57,94
45,95
57,96
57,97
30,98
54,99
57,100
119,101
31,102
57,103
93,104
57,105
57,106
100,107
57,108
57,109
53,110
57,111
57,112
119,113
57,114
57,115
57,116
57,117
57,118
57,119
43,60
45,61
43,62
57,63
57,64
43,65
43,66
119,67
43,68
43,69
57,70
43,71
88,72
43,73
43,74
57,75
43,76
45,77
43,78
55,79
57,80
104,81
104,82
104,83
43,84
102,85
57,86
43,87
57,88
43,89
57,90
57,91
119,92
57,93
119,94
57,95
119,96
55,97
55,98
57,99
44,100
54,101
43,102
57,103
43,104
57,105
57,106
57,107
57,108
57,109
57,110
57,111
57,112
57,113
57,114
57,115
57,116
57,117
57,118
57,119
45,60
45,61
57,62
57,63
57,64
57,65
57,66
45,67
57,68
57,69
57,70
57,71
24,72
57,73
43,74
24,75
57,76
45,77
45,78
53,79
57,80
57,81
57,82
43,83
45,84
57,85
57,86
57,87
24,88
45,89
57,90
57,91
57,92
57,93
57,94
57,95
57,96
57,97
57,98
55,99
57,100
57,101
30,102
57,103
45,104
57,105
55,106
57,107
57,108
57,109
57,110
57,111
57,112
57,113
31,114
54,115
57,116
57,117
57,118
57,119
43,60
43,61
104,62
30,63
57,64
57,65
53,66
45,67
57,68
119,69
43,70
57,71
43,72
43,73
43,74
57,75
57,76
45,77
43,78
54,79
57,80
43,81
43,82
43,83
43,84
43,85
57,86
45,87
57,88
43,89
43,90
119,91
119,92
57,93
119,94
57,95
119,96
57,97
100,98
57,99
44,100
45,101
43,102
57,103
45,104
57,105
57,106
57,107
57,108
57,109
57,110
57,111
57,112
119,113
57,114
100,115
100,116
57,117
57,118
57,119
57,60
43,61
119,62
57,63
57,64
57,65
43,66
43,67
43,68
57,69
43,70
30,71
43,72
43,73
45,74
43,75
45,76
43,77
43,78
57,79
88,80
43,81
43,82
43,83
43,84
43,85
57,86
43,87
43,88
43,89
57,90
57,91
43,92
43,93
119,94
45,95
57,96
57,97
57,98
54,99
57,100
119,101
43,102
57,103
45,104
57,105
55,106
100,107
54,108
57,109
57,110
57,111
57,112
57,113
57,114
57,115
57,116
57,117
57,118
57,119
57,60
45,61
119,62
45,63
57,64
57,65
57,66
45,67
43,68
57,69
57,70
57,71
57,72
57,73
57,74
24,75
45,76
57,77
30,78
57,79
57,80
104,81
104,82
43,83
57,84
45,85
119,86
45,87
57,88
57,89
57,90
119,91
119,92
57,93
119,94
57,95
119,96
55,97
58,98
109,99
57,100
58,101
57,102
119,103
57,104
57,105
57,106
57,107
57,108
57,109
57,110
119,111
57,112
57,113
31,114
57,115
57,116
57,117
57,118
57,119
57,60
57,61
57,62
89,63
119,64
57,65
93,66
43,67
57,68
104,69
119,70
57,71
35,72
35,73
43,74
104,75
43,76
43,77
93,78
57,79
57,80
103,81
93,82
43,83
20,84
43,85
57,86
57,87
119,88
104,89
45,90
57,91
57,92
45,93
45,94
45,95
45,96
57,97
45,98
45,99
45,100
45,101
45,102
57,103
45,104
57,105
57,106
57,107
57,108
57,109
57,110
57,111
57,112
119,113
57,114
57,115
100,116
57,117
57,118
57,119
45,60
45,61
45,62
45,63
45,64
45,65
57,66
45,67
45,68
45,69
45,70
45,71
45,72
45,73
45,74
45,75
45,76
45,77
45,78
57,79
43,80
45,81
43,82
57,83
43,84
43,85
57,86
43,87
43,88
43,89
43,90
100,91
119,92
57,93
119,94
57,95
119,96
119,97
57,98
100,99
57,100
57,101
57,102
57,103
53,104
57,105
57,106
45,107
54,108
57,109
57,110
57,111
57,112
57,113
57,114
113,115
57,116
100,117
102,118
57,119
45,60
45,61
57,62
57,63
45,64
57,65
43,66
43,67
43,68
45,69
57,70
57,71
57,72
45,73
45,74
24,75
43,76
43,77
31,78
31,79
57,80
57,81
57,82
43,83
45,84
57,85
57,86
57,87
57,88
57,89
57,90
119,91
57,92
57,93
57,94
57,95
57,96
57,97
57,98
57,103
30,104
57,105
104,106
43,107
57,108
57,109
57,110
57,111
57,112
57,113
43,114
57,115
57,116
57,117
57,118
57,119
119,60
43,61
119,62
57,63
57,64
30,65
43,66
57,67
45,68
43,69
119,70
43,71
43,72
57,73
43,74
43,75
43,76
43,77
43,78
55,79
93,80
43,81
43,82
43,83
45,84
43,85
57,86
45,87
43,88
43,89
43,90
119,91
119,92
57,93
119,94
119,95
119,96
119,97
57,98
54,99
119,100
57,101
57,102
57,103
57,104
57,105
57,106
57,107
57,108
57,109
31,110
57,111
57,112
119,113
57,114
57,115
57,116
57,117
30,118
57,119
43,60
43,61
104,62
53,63
119,64
57,65
102,66
57,67
119,68
119,69
119,70
119,71
43,72
43,73
30,74
43,75
45,76
43,77
43,78
57,79
57,80
93,81
43,82
43,83
43,84
43,85
57,86
30,87
57,88
43,89
43,90
119,91
119,92
119,93
119,94
119,95
119,96
57,97
57,98
100,99
45,100
57,101
55,102
57,103
57,104
57,105
57,106
54,107
54,108
57,109
57,110
57,111
57,112
57,113
57,114
54,115
57,116
57,117
57,118
57,119
119,60
119,61
57,62
57,63
57,64
57,65
57,66
45,67
43,68
57,69
57,70
57,71
43,72
57,73
43,74
45,75
57,76
57,77
30,78
54,79
57,80
104,81
43,82
45,83
57,84
45,85
57,86
43,87
57,88
57,89
43,90
116,91
119,92
119,93
119,94
57,95
119,96
119,97
53,98
53,99
57,100
119,101
30,102
57,103
53,104
43,105
43,106
45,107
57,108
57,109
57,110
57,111
57,112
119,113
57,114
57,115
57,116
57,117
57,118
57,119
107,60
105,61
119,62
57,63
57,64
57,65
57,66
57,67
57,68
57,69
57,70
57,71
57,72
57,73
30,74
57,75
57,76
57,77
30,78
57,79
57,80
57,81
43,82
30,83
45,84
57,85
57,86
57,87
57,88
45,89
57,90
57,91
57,92
45,93
57,94
57,95
119,96
57,97
57,98
100,99
57,100
57,101
57,102
57,103
57,104
57,105
57,106
57,107
57,108
57,109
57,110
57,111
57,112
57,113
57,114
45,115
45,116
57,117
45,118
57,119
119,60
57,61
119,62
57,63
57,64
57,65
57,66
57,67
57,68
57,69
57,70
43,71
30,72
57,73
57,74
30,75
57,76
57,77
45,78
57,79
57,80
43,81
43,82
43,83
57,84
57,85
57,86
57,87
57,88
30,89
57,90
57,91
119,92
119,93
57,94
57,95
119,96
57,97
57,98
54,99
44,100
57,101
43,102
57,103
57,104
57,105
57,106
45,107
45,108
54,109
57,110
57,111
57,112
54,113
57,114
54,115
45,116
57,117
57,118
57,119
57,60
57,61
119,62
57,63
57,64
57,65
57,66
57,67
57,68
45,69
57,70
57,71
57,72
57,73
57,74
57,75
57,76
24,77
57,78
57,79
57,80
57,81
43,82
43,83
45,84
57,85
57,86
45,87
57,88
45,89
45,90
57,91
119,92
45,93
45,94
57,95
57,96
57,97
57,98
57,99
119,100
105,101
105,102
105,103
105,104
57,105
100,106
57,107
57,108
57,109
57,110
57,111
57,112
54,113
57,114
45,115
57,116
57,117
54,118
57,119
119,60
57,61
119,62
57,63
119,64
57,65
43,66
119,67
57,68
57,69
43,70
57,71
30,72
30,73
30,74
53,75
57,76
43,77
43,78
57,79
57,80
43,81
53,82
43,83
43,84
43,85
57,86
57,87
57,88
30,89
57,90
57,91
119,92
119,93
57,94
57,95
119,96
57,97
57,98
100,99
54,100
100,101
31,102
57,103
57,104
55,105
54,106
45,107
45,108
31,109
54,110
57,111
104,112
44,113
57,114
57,115
54,116
57,117
119,118
57,119
119,60
119,61
119,62
57,63
57,64
57,65
30,66
57,67
57,68
57,69
30,70
57,71
30,72
57,73
57,74
57,75
57,76
57,77
57,78
57,79
57,80
57,81
43,82
57,83
119,84
119,85
119,86
57,87
57,88
57,89
89,90
57,91
119,92
43,93
119,94
57,95
119,96
57,98
44,99
57,100
57,101
57,102
119,103
57,104
57,105
57,106
57,107
57,108
57,109
57,110
57,111
93,112
57,113
57,114
45,115
57,116
57,117
57,118
57,119
119,60
57,61
43,62
43,63
57,64
57,65
43,66
43,67
45,68
57,69
43,70
43,71
57,72
45,73
43,74
43,75
43,76
43,77
43,78
57,79
57,80
57,81
57,82
43,83
57,84
57,85
57,86
57,87
57,88
43,89
57,90
57,91
119,92
43,93
119,94
57,95
119,96
119,97
30,98
55,99
57,100
57,101
30,102
57,103
93,104
57,105
45,106
54,107
57,108
57,109
44,110
100,111
100,112
57,113
57,114
54,115
57,116
57,117
57,118
57,119
57,60
57,61
119,62
57,63
44,64
57,65
57,66
57,67
57,68
57,69
57,70
57,71
30,72
30,73
30,74
57,75
57,76
43,77
57,78
54,79
54,80
57,81
43,82
30,83
93,84
57,85
57,86
57,87
57,88
119,89
30,90
57,91
57,92
57,93
57,94
30,95
119,96
55,97
57,98
45,99
119,100
44,101
57,102
57,103
57,104
57,105
54,106
45,107
57,108
57,109
57,110
57,111
57,112
57,113
57,114
45,115
57,116
57,117
45,118
57,119
43,60
57,61
104,62
57,63
30,64
57,65
43,66
43,67
57,68
43,69
43,70
57,71
53,72
30,73
30,74
57,75
57,76
30,77
57,78
54,79
57,80
43,81
93,82
43,83
43,84
57,85
57,86
30,87
57,88
57,89
30,90
54,91
57,92
57,93
119,94
57,95
57,96
57,97
57,98
100,99
57,100
45,101
57,102
57,103
100,104
45,105
57,106
57,107
100,108
57,109
57,110
57,111
57,112
57,113
57,114
100,115
14,116
57,117
57,118
57,119
57,60
57,61
24,62
57,63
57,64
57,65
45,66
93,67
43,68
57,69
30,70
54,71
57,72
43,73
30,74
57,75
57,76
30,77
31,78
57,79
31,80
57,81
24,82
30,83
93,84
57,85
57,86
57,87
100,88
57,89
57,90
57,91
57,92
57,93
57,94
57,95
57,96
57,97
31,98
31,99
119,100
57,101
93,102
57,103
93,104
57,105
100,106
57,107
57,108
100,109
44,110
57,111
57,112
57,113
45,114
45,115
54,116
57,117
45,118
57,119
57,60
57,61
119,62
57,63
119,64
57,65
93,66
57,67
43,68
43,69
43,70
43,71
53,72
30,73
30,74
30,75
57,76
93,77
30,78
57,79
57,80
43,81
43,82
43,83
43,84
93,85
57,86
30,87
57,88
30,89
103,90
100,91
119,92
57,93
57,94
57,95
55,96
55,97
57,98
44,99
45,100
57,101
93,102
57,103
57,104
57,105
57,106
57,107
44,108
57,109
54,110
57,111
57,112
57,113
57,114
100,115
57,116
57,117
57,118
57,119
119,60
113,61
119,62
113,63
100,64
57,65
31,66
57,67
57,68
55,69
57,70
57,71
43,72
30,73
30,74
30,75
57,76
43,77
57,78
100,79
55,80
30,81
43,82
30,83
43,84
30,85
57,86
57,87
43,88
43,89
30,90
57,91
57,92
57,93
57,94
57,95
119,96
57,97
57,98
44,99
116,100
57,101
31,102
57,103
57,104
57,105
57,106
57,107
57,108
57,109
57,110
57,111
57,112
57,113
57,114
45,115
57,116
57,117
57,118
57,119
57,60
57,61
57,62
57,63
57,64
40,65
30,66
45,67
30,68
45,69
45,70
57,71
57,72
43,73
43,74
43,75
57,76
57,77
45,78
57,79
57,80
45,81
43,82
43,83
57,84
57,85
119,86
57,87
57,88
57,89
57,90
57,91
119,92
57,93
57,94
57,95
57,96
57,97
57,98
30,99
57,100
57,101
43,102
57,103
45,104
57,105
100,106
57,107
57,108
57,109
57,110
57,111
54,112
57,113
57,114
54,115
54,116
57,117
57,118
100,119
45,60
57,61
119,62
57,63
57,64
57,65
30,66
45,67
45,68
45,69
45,70
45,71
45,72
57,73
45,74
57,75
57,76
45,77
45,78
31,79
30,80
43,81
43,82
53,83
45,84
57,85
57,86
45,87
43,88
46,89
57,90
119,91
43,92
53,93
57,94
45,95
119,96
57,97
43,98
57,99
57,100
57,101
30,102
57,103
30,104
57,105
57,106
54,107
55,108
57,109
57,110
57,111
57,112
57,113
57,114
54,115
57,116
57,117
57,118
57,119
43,60
43,61
104,62
57,63
43,64
105,65
43,66
45,67
43,68
43,69
57,70
57,71
43,72
43,73
43,74
43,75
43,76
43,77
45,78
57,79
102,80
43,81
43,82
43,83
43,84
43,85
119,86
43,87
104,88
104,89
102,90
54,91
119,92
104,93
119,94
119,95
119,96
55,97
57,98
55,99
57,100
57,101
57,102
57,103
102,104
57,105
57,106
57,107
57,108
57,109
57,110
57,111
106,112
57,113
57,114
57,115
57,116
57,117
57,118
57,119
57,60
57,61
119,62
57,63
57,64
24,65
57,72
57,73
57,74
57,75
57,76
57,77
53,78
102,79
57,80
43,81
104,82
40,83
57,84
57,85
57,86
45,87
45,88
40,89
57,90
57,91
45,92
57,93
45,94
57,95
57,96
57,97
30,98
31,99
119,100
57,101
93,102
57,103
45,104
57,105
57,106
57,107
57,108
57,109
57,110
57,111
57,112
119,113
57,114
57,115
100,116
57,117
57,118
57,119
45,60
43,61
104,62
119,63
57,64
57,65
43,66
43,67
43,68
45,69
43,70
43,71
43,72
40,73
57,74
45,75
45,76
45,77
45,78
55,79
88,80
43,81
43,82
43,83
43,84
43,85
57,86
57,87
104,88
104,89
43,90
57,91
119,92
104,93
119,94
119,95
119,96
55,97
57,98
57,99
54,100
57,101
57,102
57,103
57,104
57,105
57,106
102,107
57,108
57,109
57,110
119,111
57,112
57,113
57,114
57,115
109,116
57,117
57,118
57,119
45,60
45,61
104,62
57,63
57,64
43,65
43,66
43,67
43,68
45,69
43,70
43,71
43,72
43,73
40,74
43,75
45,76
45,77
45,78
119,79
57,80
45,81
43,82
43,83
43,84
43,85
45,86
45,87
45,88
45,89
40,90
57,91
45,92
53,93
57,94
45,95
119,96
57,97
57,98
54,99
57,100
57,101
43,102
57,103
57,104
57,105
57,106
54,107
57,108
57,109
57,110
57,111
57,112
57,113
57,114
54,115
57,116
57,117
57,118
57,119
57,60
57,61
45,62
57,63
57,64
57,65
57,66
45,67
45,68
45,69
43,70
43,71
57,72
57,73
93,74
43,75
45,76
43,77
45,78
55,79
57,80
104,81
104,82
45,83
57,84
57,85
119,86
57,87
57,88
57,89
104,90
119,91
119,92
119,93
57,94
57,95
119,96
46,97
57,98
55,99
57,100
55,101
43,102
57,103
102,104
88,105
57,106
57,107
57,108
57,109
57,110
119,111
57,112
57,113
57,114
57,115
54,116
57,117
57,118
57,119
43,60
45,61
119,62
57,63
57,64
45,65
88,66
43,67
43,68
43,69
45,70
43,71
43,72
57,73
57,74
43,75
57,76
57,77
57,78
57,79
53,80
43,81
43,82
43,83
93,84
104,85
57,86
45,87
57,88
93,89
104,90
57,91
119,92
57,93
57,94
57,95
57,96
55,97
57,98
57,99
57,100
57,101
53,102
57,103
57,104
57,105
57,106
57,107
57,108
57,109
57,110
57,111
57,112
57,113
57,114
57,115
57,116
57,117
57,118
57,119
43,60
45,61
119,62
30,63
57,64
57,65
57,66
57,67
45,68
53,69
53,70
30,71
43,72
57,73
30,74
30,75
43,76
43,77
45,78
57,79
57,80
43,81
104,82
53,83
43,84
43,85
57,86
43,87
43,88
43,89
43,90
57,91
119,92
57,93
119,94
57,95
119,96
43,97
57,98
57,99
57,100
100,101
104,102
119,103
57,104
57,105
57,106
57,107
57,108
57,109
57,110
119,111
57,112
57,113
57,114
57,115
57,116
57,117
57,118
57,119
57,60
57,61
57,62
57,63
57,64
45,65
57,66
45,67
24,68
24,69
30,70
45,71
24,72
24,73
57,74
43,75
57,76
57,77
57,78
57,79
57,80
43,81
30,82
30,83
57,84
57,85
57,86
45,87
57,88
57,89
57,90
119,92
57,93
57,94
43,95
57,96
55,97
57,98
54,99
57,100
57,101
31,102
57,103
57,104
57,105
57,106
100,107
57,108
57,109
57,110
57,111
57,112
57,113
57,114
54,115
57,116
57,117
57,118
57,119
43,60
43,61
119,62
57,63
57,64
30,65
43,66
43,67
40,68
43,69
43,70
45,71
43,72
57,73
53,74
43,75
43,76
57,77
45,78
57,79
57,80
43,81
43,82
43,83
43,84
43,85
57,86
43,87
43,88
43,89
43,90
54,91
119,92
57,93
119,94
57,95
119,96
57,97
57,98
100,99
57,100
57,101
57,102
119,103
57,104
57,105
57,106
57,107
57,108
57,109
53,110
119,111
57,112
57,113
57,114
54,115
57,116
57,117
57,118
57,119
43,60
43,61
119,62
57,63
57,64
57,65
43,66
43,67
43,68
43,69
43,70
43,71
43,72
57,73
40,74
43,75
43,76
57,77
53,78
57,79
55,80
43,81
43,82
43,83
93,84
43,85
57,86
43,87
24,88
43,89
30,90
54,91
119,92
119,93
57,94
57,95
57,96
57,97
57,98
45,99
57,100
57,101
53,102
57,103
57,104
57,105
54,106
100,107
57,108
100,109
100,110
57,111
57,112
57,113
57,114
45,115
57,116
57,117
57,118
57,119
57,60
57,61
45,62
57,63
57,64
45,67
43,68
57,69
45,70
57,71
57,72
57,73
57,77
45,78
57,79
57,80
43,81
43,82
43,83
57,84
57,85
57,86
43,87
43,88
57,89
57,90
45,91
119,92
57,93
57,94
57,95
119,96
55,97
57,98
104,99
116,100
57,101
43,102
119,103
43,104
57,105
57,106
57,107
57,108
57,109
57,110
57,111
57,112
57,113
57,114
57,115
54,116
57,117
57,118
57,119
119,60
43,61
119,62
57,63
54,64
57,65
30,66
45,67
31,68
57,69
31,70
57,71
102,72
43,73
57,74
102,75
57,76
45,77
31,78
53,79
57,80
57,81
93,82
93,83
43,84
45,85
119,86
57,87
43,88
43,89
43,90
57,91
57,92
57,93
119,94
93,95
119,96
55,97
57,98
54,99
57,100
57,101
31,102
57,103
30,104
57,105
57,106
57,107
57,108
45,109
57,110
57,111
57,112
57,113
57,114
57,115
57,116
45,117
54,118
57,119
43,60
119,61
119,62
119,63
57,64
57,65
102,66
43,67
57,68
57,69
102,70
57,71
43,72
102,73
43,74
102,75
104,76
104,77
55,78
57,79
57,80
102,81
104,82
104,83
104,84
45,85
57,86
119,87
102,88
57,89
57,90
119,91
119,92
57,93
119,94
57,95
119,96
46,97
57,98
55,99
57,100
57,101
102,102
57,103
102,104
57,105
57,106
31,107
54,108
57,109
57,110
57,111
57,112
119,113
57,114
57,115
57,116
57,117
57,118
57,119
45,60
45,61
119,62
119,63
57,64
57,65
93,66
45,67
57,68
57,69
57,70
43,71
57,72
57,73
31,74
57,75
57,76
57,77
57,78
53,79
57,80
57,81
57,82
30,83
57,84
57,85
57,86
119,87
57,88
57,89
57,90
119,91
119,92
57,93
57,94
93,95
119,96
57,97
57,98
57,99
57,100
57,101
57,102
88,103
30,104
57,105
57,106
57,107
31,108
119,109
54,110
57,111
57,112
57,113
57,114
54,115
57,116
57,117
57,118
57,119
43,60
119,61
119,62
57,63
57,64
57,65
57,66
43,67
57,68
57,69
57,70
57,71
43,72
93,73
43,74
31,75
119,76
30,77
55,78
57,79
57,80
30,81
93,82
30,83
43,84
43,85
57,86
57,87
43,88
43,89
57,90
57,91
119,92
55,93
119,94
102,95
119,96
57,97
57,98
100,99
57,100
57,101
30,102
57,103
57,104
57,105
57,106
57,107
57,108
45,109
57,110
57,111
119,112
57,113
57,114
57,115
57,116
45,117
45,118
57,119
119,60
43,61
119,62
57,63
57,64
43,65
102,66
119,67
57,68
57,69
57,70
57,71
43,72
43,73
45,74
43,75
119,76
43,77
57,78
57,79
119,80
43,81
43,82
43,83
43,84
43,85
57,86
57,87
43,88
43,89
43,90
119,91
119,92
119,93
119,94
102,95
119,96
57,97
57,98
57,99
54,100
57,101
30,102
57,103
30,104
57,105
57,106
57,107
57,108
57,109
54,110
57,111
57,112
119,113
57,114
57,115
57,116
57,117
57,118
57,119
45,60
57,61
119,62
57,63
57,64
57,65
58,66
119,67
102,68
53,69
53,70
53,71
119,72
45,73
102,74
57,75
119,76
102,77
57,78
119,79
57,80
57,81
43,82
102,83
102,84
57,85
119,86
57,87
57,88
112,89
102,90
119,91
102,92
53,93
119,94
57,95
119,96
57,97
119,98
57,99
119,100
119,101
53,102
109,103
102,104
119,105
57,106
55,107
57,108
55,109
55,110
57,111
57,112
119,113
57,114
57,115
57,116
57,117
57,118
57,119
45,60
45,61
119,62
100,63
57,64
57,65
57,66
57,67
57,68
57,69
31,70
55,71
93,72
30,73
31,74
30,75
57,76
93,77
53,78
57,79
57,80
31,81
93,82
30,83
43,84
43,85
57,86
43,87
31,88
43,89
93,90
57,91
57,92
57,93
119,94
93,95
119,96
57,97
57,98
100,99
57,100
57,101
30,102
57,103
30,104
57,105
54,106
54,107
100,108
57,109
54,110
57,111
57,112
57,113
57,114
100,115
57,116
57,117
57,118
57,119
57,60
43,61
119,62
57,63
119,64
43,65
43,66
43,67
57,68
43,69
30,70
43,71
45,72
43,73
43,74
102,75
119,76
57,77
57,78
57,79
119,80
43,81
43,82
31,83
45,84
43,85
57,86
57,87
43,88
57,89
57,90
57,91
119,92
57,93
119,94
102,95
119,96
57,97
57,98
54,99
57,100
57,101
43,102
57,103
57,104
57,105
57,106
57,107
57,108
57,109
57,110
57,111
57,112
54,113
57,114
57,115
57,116
57,117
57,118
57,119
45,60
45,61
119,62
119,63
119,64
57,65
57,66
57,67
57,68
102,69
57,70
119,71
57,72
57,73
102,74
57,75
119,76
57,77
104,78
102,79
57,80
57,81
30,82
57,83
57,84
57,85
119,86
57,87
31,88
119,89
43,90
119,91
119,92
119,93
119,94
43,95
119,96
55,97
57,98
54,99
119,100
119,101
93,102
57,103
43,104
57,105
57,106
57,107
57,108
57,109
57,110
119,111
57,112
119,113
57,114
57,115
57,116
57,117
119,118
57,119
119,60
119,61
119,62
57,63
119,64
104,65
43,66
119,67
57,68
104,69
57,70
119,71
57,72
43,73
43,74
43,75
119,76
43,77
57,78
57,79
43,80
43,81
45,82
43,83
45,84
43,85
119,86
45,87
119,88
119,89
43,90
119,91
119,92
119,93
119,94
102,95
119,96
119,97
57,98
57,99
119,100
57,101
43,102
57,103
43,104
57,105
57,106
57,107
57,108
57,109
57,110
57,111
57,112
57,113
57,114
57,115
57,116
57,117
57,118
57,119
43,60
43,61
119,62
57,63
119,64
57,65
57,66
119,67
57,68
119,69
31,70
57,71
43,72
93,73
30,74
31,75
119,76
93,77
57,78
57,79
119,80
30,81
93,82
30,83
43,84
45,85
57,86
43,87
30,88
57,89
43,90
57,91
57,92
57,93
119,94
93,95
119,96
119,97
57,98
100,99
57,100
57,101
30,102
57,103
57,104
57,105
45,106
57,107
57,108
57,109
57,110
57,111
57,112
57,113
57,114
57,115
57,116
57,117
57,118
14,119
119,60
57,61
119,62
119,63
57,64
57,65
31,66
57,67
57,68
104,69
43,70
119,71
57,72
57,73
43,74
57,75
119,76
57,77
43,78
102,79
119,80
57,81
45,82
57,83
57,84
57,85
57,86
119,87
57,88
57,89
57,90
119,91
43,92
43,93
119,94
57,95
57,96
119,97
102,98
102,99
57,100
57,101
43,102
57,103
31,104
57,105
57,106
57,107
57,108
57,109
57,110
57,111
57,112
119,113
45,114
57,115
103,116
100,117
54,118
57,119
119,60
45,61
45,62
57,63
43,64
43,65
31,66
43,67
93,68
43,69
93,70
30,71
43,72
43,73
43,74
43,75
43,76
45,77
43,78
103,79
43,80
43,81
43,82
43,83
43,84
45,85
57,86
43,87
43,88
43,89
43,90
57,91
30,92
43,93
119,94
45,95
57,96
57,97
57,98
31,99
119,100
57,101
93,102
119,103
30,104
57,105
57,106
119,107
57,108
57,109
57,110
43,111
57,112
57,113
43,114
57,115
57,116
57,117
57,118
119,119
43,60
57,61
45,62
57,63
45,64
43,65
43,66
43,67
43,68
43,69
43,70
43,71
43,72
43,73
45,74
43,75
43,76
43,77
45,78
45,79
104,80
45,81
45,82
45,83
45,84
45,85
57,86
57,87
45,88
43,89
43,90
119,91
43,92
104,93
119,94
45,95
57,96
57,97
43,98
119,99
119,100
57,101
88,102
119,103
43,104
57,105
53,106
57,107
43,108
45,109
57,110
45,111
45,112
119,113
43,114
57,115
45,116
57,117
57,118
57,119
43,60
43,61
45,62
57,63
43,64
57,65
93,66
43,67
93,68
43,69
43,70
45,71
45,72
43,73
45,74
45,75
45,76
45,77
45,78
93,79
43,80
43,81
43,82
43,83
43,84
43,85
57,86
57,87
30,88
30,89
43,90
57,91
45,92
45,93
43,94
45,95
45,96
57,97
57,98
103,99
119,100
88,101
45,102
119,103
30,104
43,105
57,106
57,107
57,108
57,109
57,110
57,111
43,112
57,113
43,114
119,115
57,116
57,117
57,118
57,119
43,60
119,61
45,62
30,63
43,64
43,65
93,66
43,67
43,68
43,69
43,70
43,71
43,72
43,73
45,74
43,75
43,76
43,77
45,78
45,79
45,80
43,81
43,82
45,83
45,84
45,85
45,86
43,87
57,88
43,89
43,90
57,91
119,92
57,93
119,94
43,95
57,96
57,97
43,98
43,99
119,100
119,101
93,102
89,103
43,104
57,105
45,106
57,107
30,108
43,109
100,110
119,111
57,112
119,113
57,114
57,115
57,116
43,117
57,118
57,119
119,60
45,61
45,62
57,63
43,64
43,65
43,66
43,67
43,68
43,69
43,70
43,71
43,72
43,73
43,74
43,75
43,76
43,77
43,78
30,79
43,80
43,81
43,82
45,83
43,84
43,85
57,86
43,87
45,88
45,89
43,90
57,91
43,92
43,93
119,94
45,95
57,96
45,97
57,98
43,99
57,100
119,101
43,102
119,103
45,104
45,105
57,106
119,107
57,108
57,109
53,110
57,111
57,112
57,113
57,114
57,115
57,116
57,117
57,118
119,119
43,60
43,61
45,62
119,63
45,64
45,65
93,66
43,67
43,68
93,69
93,70
93,71
43,72
43,73
43,75
43,76
45,77
45,78
43,79
104,80
45,81
45,82
45,83
45,84
45,85
57,86
57,87
119,88
119,89
45,90
119,91
93,92
43,93
57,94
30,95
57,96
57,97
57,98
102,99
119,100
53,101
31,102
119,103
31,104
57,105
45,106
119,107
57,108
45,109
57,110
57,111
43,112
119,113
43,114
57,115
102,116
57,117
57,118
57,119
43,60
119,61
119,62
57,63
57,64
104,65
53,66
57,67
55,68
55,69
55,70
43,71
43,72
43,73
45,74
43,75
43,76
43,77
53,78
57,79
57,80
104,81
43,82
45,83
43,84
43,85
102,86
57,87
57,88
57,89
43,90
57,91
119,92
57,93
119,94
57,95
55,96
57,97
57,98
54,99
57,100
54,101
53,102
57,103
53,104
57,105
57,106
57,107
57,108
57,109
57,110
119,111
57,112
57,113
57,114
57,115
57,116
57,117
57,118
57,119
119,60
43,61
119,62
57,63
55,64
57,65
109,66
119,67
57,68
57,69
57,70
57,71
104,72
104,73
104,74
104,75
57,76
104,77
104,78
54,79
106,80
104,81
104,82
102,83
45,84
102,85
57,86
119,87
119,88
57,89
102,90
57,91
119,92
57,93
43,94
57,95
57,96
55,97
55,98
54,99
57,100
57,101
104,102
57,103
104,104
57,105
55,106
57,107
57,108
57,109
57,110
57,111
57,112
57,113
57,114
57,115
57,116
57,117
57,118
57,119
43,60
57,61
119,62
119,63
57,64
57,65
43,66
119,67
57,68
57,69
57,70
57,71
53,72
30,73
43,74
30,75
57,76
45,77
43,78
53,79
57,80
57,81
57,82
57,83
43,84
57,85
57,86
119,87
57,88
57,89
57,90
57,91
58,92
57,93
119,94
57,95
57,96
57,97
57,98
55,99
57,100
57,101
30,102
104,103
43,104
57,105
57,106
57,107
57,108
57,109
57,110
57,111
57,112
57,113
57,114
57,115
57,116
57,117
57,118
119,119
119,60
45,61
119,62
57,63
57,64
119,65
57,66
119,67
55,68
55,69
55,70
55,71
43,72
43,73
43,74
43,75
57,76
43,77
43,78
57,79
109,80
43,81
43,82
43,83
45,84
102,85
119,86
104,87
57,88
119,89
104,90
57,91
119,92
119,93
119,94
119,95
57,96
58,97
57,98
57,99
57,100
57,101
119,102
57,103
53,104
57,105
57,106
57,107
102,108
57,109
91,110
57,111
57,112
57,113
109,114
57,115
57,116
55,117
57,118
57,119
43,60
119,61
119,62
57,63
57,64
104,65
57,66
58,67
57,68
57,69
55,70
109,71
43,72
43,73
43,74
43,75
104,76
43,77
57,78
100,79
57,80
104,81
43,82
43,83
43,84
43,85
43,86
57,87
57,88
104,89
43,90
57,91
57,92
104,93
119,94
119,95
57,96
119,97
57,98
54,99
57,100
57,101
53,102
55,103
53,104
57,105
57,106
57,107
57,108
57,109
57,110
57,111
57,112
57,113
43,114
57,115
57,116
57,117
119,118
57,119
104,60
57,61
119,62
57,63
57,64
57,65
109,66
58,67
55,68
55,69
57,70
55,71
104,72
102,73
104,74
104,75
55,76
104,77
104,78
57,79
55,80
57,81
57,82
57,83
43,84
57,85
57,86
119,87
58,88
57,89
57,90
57,91
57,92
57,93
57,94
43,95
119,96
55,97
58,98
109,99
57,100
55,101
104,102
57,103
104,104
57,105
57,106
57,107
57,108
57,109
57,110
119,111
57,112
57,113
57,114
57,115
57,116
57,117
57,118
57,119
43,60
45,61
119,62
57,63
119,64
104,65
30,66
53,67
55,68
55,69
57,70
53,71
43,72
43,73
43,74
43,75
57,76
43,77
43,78
53,79
43,80
30,81
43,82
43,83
43,84
43,85
57,86
57,87
104,88
43,89
43,90
119,91
119,92
119,93
119,94
57,95
119,96
57,97
57,98
54,99
119,100
57,101
43,102
57,103
30,104
57,105
53,106
57,107
55,108
57,109
55,110
57,111
57,112
57,113
55,114
57,115
57,116
57,117
57,118
57,119
119,60
43,61
93,62
119,63
57,64
104,65
57,66
104,67
57,68
119,69
57,70
57,71
43,72
104,73
45,74
43,75
119,76
43,77
43,78
55,79
104,80
104,81
43,82
104,83
57,84
104,85
57,86
57,87
57,88
43,89
43,90
119,91
119,92
57,93
119,94
57,95
119,96
46,97
57,98
57,99
113,100
57,101
102,102
119,103
102,104
57,105
57,106
57,107
57,108
57,109
55,110
57,111
57,112
57,113
57,114
57,115
57,116
57,117
57,118
57,119
57,60
43,61
57,62
119,63
57,64
57,65
45,66
43,67
119,68
57,69
119,70
119,71
57,72
30,73
31,74
43,75
119,76
43,77
43,78
109,79
57,80
30,81
43,82
43,83
43,84
43,85
57,86
57,87
102,88
57,89
43,90
119,91
119,92
57,93
119,94
57,95
119,96
57,97
57,98
55,99
119,100
106,101
57,102
57,103
43,104
57,105
57,106
57,107
57,108
57,109
57,110
57,111
57,112
119,113
57,114
57,115
57,116
57,117
57,118
57,119
119,60
43,61
104,62
57,63
57,64
104,65
57,66
43,67
57,68
119,69
57,70
57,71
43,72
43,73
43,74
43,75
119,76
43,77
43,78
55,79
104,80
43,81
43,82
43,83
43,84
43,85
57,86
57,87
57,88
43,89
43,90
57,91
119,92
119,93
119,94
57,95
119,96
57,97
57,98
54,99
57,100
57,101
57,102
119,103
57,104
57,105
55,106
57,107
57,108
57,109
57,110
57,111
57,112
119,113
57,114
57,115
57,116
57,117
57,118
119,119
43,60
43,61
119,62
54,63
57,64
43,65
43,66
43,67
119,68
57,69
119,70
104,71
43,72
43,73
43,74
43,75
119,76
43,77
43,78
55,79
102,80
43,81
43,82
43,83
43,84
43,85
57,86
57,87
43,88
57,89
43,90
57,91
119,92
119,93
119,94
119,95
119,96
57,97
57,98
54,99
119,100
57,101
119,102
44,103
43,104
57,105
57,106
57,107
57,108
57,109
57,110
57,111
57,112
119,113
55,114
57,115
109,116
57,117
57,118
57,119
119,60
43,61
102,62
119,63
57,64
57,65
102,66
102,67
57,68
119,69
57,70
57,71
104,72
104,73
102,74
104,75
57,76
104,77
43,78
53,79
57,80
104,81
104,82
104,83
102,84
102,85
57,86
57,87
57,88
57,89
104,90
57,91
58,92
57,93
119,94
57,95
119,96
46,97
102,98
58,99
57,100
55,101
102,102
119,103
102,104
57,105
57,106
57,107
57,108
57,109
57,110
57,111
57,112
119,113
57,114
57,115
58,116
57,117
119,118
57,119
45,60
45,61
119,62
104,63
119,64
104,65
57,66
53,67
57,68
55,69
57,70
57,71
43,72
43,73
43,74
43,75
104,76
45,77
43,78
55,79
119,80
43,81
43,82
43,83
43,84
43,85
57,86
57,87
102,88
104,89
43,90
57,91
119,92
119,93
119,94
102,95
119,96
55,97
57,98
54,99
57,100
57,101
43,102
119,103
30,104
57,105
57,106
57,107
55,108
55,109
57,110
57,111
57,112
57,113
57,114
57,115
57,116
57,117
57,118
119,119
119,60
43,61
119,62
119,63
57,64
104,65
109,66
106,67
57,68
57,69
57,70
57,71
104,72
104,73
57,74
104,75
57,76
104,77
104,78
58,79
106,80
104,81
104,82
104,83
104,84
119,85
119,86
119,87
102,88
102,89
104,90
57,91
57,92
119,93
119,94
119,95
55,96
55,97
58,98
55,99
119,100
119,101
109,102
119,103
109,104
57,105
57,106
58,107
57,108
55,109
58,110
57,111
57,112
119,113
57,114
57,115
57,116
57,117
119,118
57,119
30,60
30,61
119,62
119,63
119,64
57,65
109,66
109,67
57,68
57,69
57,70
57,71
57,72
53,73
57,74
57,75
104,76
57,77
30,78
58,79
57,80
57,81
57,82
30,83
57,84
57,85
119,86
57,87
57,88
57,89
57,90
119,91
119,92
119,93
119,94
57,95
57,96
57,97
57,98
57,99
119,100
119,101
43,102
119,103
43,104
119,105
57,106
57,107
57,108
57,109
57,110
57,111
57,112
119,113
57,114
57,115
57,116
57,117
57,118
57,119
43,60
119,61
119,62
57,63
57,64
104,65
102,66
104,67
55,68
55,69
58,70
57,71
43,72
43,73
43,74
43,75
104,76
43,77
43,78
57,79
104,80
43,81
43,82
43,83
43,84
43,85
57,86
57,87
104,88
104,89
43,90
57,91
119,92
119,93
119,94
119,95
119,96
55,97
57,98
57,99
116,100
55,101
104,102
58,103
104,104
57,105
57,106
57,107
106,108
57,109
55,110
57,111
57,112
119,113
57,114
57,115
109,116
57,117
57,118
57,119
43,60
45,61
119,62
104,63
119,64
104,65
102,66
53,67
106,68
55,69
104,70
106,71
43,72
43,73
43,74
43,75
104,76
43,77
43,78
57,79
104,80
43,81
43,82
43,83
43,84
43,85
57,86
57,87
119,88
119,89
43,90
57,91
119,92
104,93
119,94
119,95
119,96
55,97
57,98
57,99
57,100
119,101
104,102
119,103
104,104
57,105
57,106
57,107
57,108
57,109
53,110
43,111
57,112
57,113
57,114
57,115
109,116
57,117
57,118
57,119
43,60
119,61
119,62
119,63
119,64
57,65
109,66
106,67
55,68
55,69
57,70
55,71
104,73
102,74
104,75
57,76
57,77
102,78
119,79
57,80
57,81
57,82
57,83
102,84
119,85
57,86
119,87
109,88
58,89
57,90
119,91
119,92
119,93
104,94
57,95
114,96
46,97
119,98
119,99
119,100
57,101
102,102
119,103
109,104
57,105
57,106
57,107
57,108
57,109
57,110
57,111
57,112
57,113
119,114
57,115
57,116
57,117
119,118
57,119
45,60
119,61
119,62
57,63
43,64
43,65
30,66
119,67
43,68
43,69
30,70
30,71
43,72
45,73
45,74
45,75
45,76
45,77
43,78
31,79
57,80
45,81
43,82
45,83
45,84
45,85
57,86
57,87
43,88
43,89
45,90
119,91
45,92
45,93
119,94
93,95
57,96
57,97
57,98
31,99
57,100
57,101
43,102
119,103
30,104
53,105
53,106
57,107
57,108
57,109
57,110
57,111
57,112
57,113
57,114
116,115
57,116
57,117
57,118
57,119
43,60
24,61
104,62
57,63
119,64
43,65
57,66
45,67
57,68
30,69
31,70
53,71
40,72
30,73
57,74
43,75
43,76
45,77
40,78
119,79
57,80
46,81
43,82
43,83
43,84
45,85
57,86
57,87
43,88
43,89
43,90
119,91
46,92
43,93
119,94
57,95
119,96
45,97
57,98
57,99
57,100
57,101
43,102
119,103
43,104
57,105
57,106
57,107
57,108
57,109
57,110
57,111
57,112
119,113
57,114
57,115
57,116
57,117
57,118
119,119
45,60
57,61
119,62
57,63
57,64
57,65
93,66
45,67
43,68
57,69
93,70
93,71
43,72
43,73
45,74
43,75
43,76
43,77
43,78
57,79
57,80
45,81
43,82
30,83
45,84
45,85
57,86
57,87
57,88
57,89
43,90
119,91
57,92
45,93
119,94
57,95
57,96
57,97
57,98
31,99
119,100
57,101
93,102
119,103
93,104
57,105
57,106
57,107
57,108
57,109
113,110
119,111
57,112
119,113
57,114
57,115
57,116
57,117
57,118
57,119
53,60
57,61
119,62
57,63
119,64
57,65
30,66
43,67
119,68
43,69
43,70
119,71
45,72
30,73
45,74
45,75
43,76
45,77
45,78
53,79
57,80
45,81
57,82
45,83
30,84
45,85
57,86
45,87
43,88
40,89
43,90
57,91
104,92
43,93
119,94
102,95
119,96
57,97
57,98
57,99
45,100
57,101
43,102
119,103
43,104
57,105
57,106
57,107
57,108
102,109
102,110
57,111
57,112
119,113
57,114
57,115
102,116
57,117
57,118
119,119
43,60
119,61
119,62
57,63
43,64
43,65
43,66
43,67
57,68
119,69
43,70
57,71
43,72
43,73
45,74
45,75
43,76
45,77
43,78
53,79
57,80
45,81
45,82
45,83
45,84
45,85
57,86
43,87
43,88
43,89
45,90
57,91
119,92
43,93
119,94
102,95
57,96
43,97
57,98
55,99
54,100
57,101
43,102
119,103
43,104
57,105
57,106
57,107
57,108
57,109
53,110
57,111
57,112
57,113
57,114
57,115
57,118
57,119
57,60
57,61
119,62
57,63
57,64
45,65
45,66
57,67
45,68
45,69
43,70
43,71
45,72
45,73
45,74
40,75
45,76
45,77
43,78
119,79
57,80
45,81
45,82
45,83
45,84
45,85
57,86
45,87
45,88
45,89
45,90
57,91
103,92
57,93
119,94
57,95
57,96
45,97
104,98
43,99
57,100
57,101
43,102
119,103
93,104
57,105
55,106
57,107
57,108
57,109
57,110
57,111
57,112
119,113
57,114
57,115
57,116
57,117
57,118
57,119
45,60
104,61
45,62
57,63
57,64
57,65
45,66
57,67
30,68
57,69
30,70
30,71
43,72
43,73
57,74
43,75
43,76
45,77
43,78
14,79
57,80
45,81
45,82
43,83
45,84
45,85
57,86
45,87
45,88
57,89
45,90
57,91
43,92
119,93
119,94
57,95
119,96
57,97
57,98
57,99
57,100
54,101
43,102
119,103
30,104
57,105
54,106
44,107
57,108
57,109
54,110
57,111
57,112
54,113
30,114
45,115
45,116
57,117
100,118
57,119
104,60
43,61
119,62
57,63
43,64
57,65
43,66
119,67
57,68
43,69
57,70
57,71
45,72
57,73
57,74
45,75
57,76
43,77
43,78
57,79
57,80
43,81
45,82
45,83
57,84
57,85
57,86
57,87
43,88
45,89
45,90
57,91
43,92
57,93
119,94
30,95
119,96
57,97
57,98
57,99
57,100
57,101
43,102
119,103
93,104
57,105
57,106
57,107
119,108
119,109
57,110
57,111
119,112
57,113
57,114
57,115
45,116
45,117
57,118
57,119
45,60
45,61
57,62
57,63
119,64
57,65
93,66
119,67
93,68
57,69
104,70
57,71
45,72
104,73
45,74
57,75
57,76
45,77
103,78
30,79
57,80
45,81
45,82
43,83
45,84
43,85
57,86
43,87
45,88
57,89
45,90
119,91
89,92
89,93
89,94
89,95
119,96
119,97
89,98
89,99
57,100
103,101
103,102
89,103
103,104
89,105
57,106
89,107
89,108
57,109
45,110
57,111
57,112
57,113
100,114
57,115
57,116
57,117
109,118
100,119
119,60
109,61
119,62
57,63
109,64
93,65
103,66
109,67
31,68
43,69
103,70
103,71
30,72
45,73
109,74
45,75
109,76
45,77
45,78
57,79
109,80
43,81
45,82
45,83
109,84
45,85
57,86
57,87
45,88
43,89
40,90
57,91
43,92
57,93
119,94
30,95
57,96
57,97
57,98
57,99
57,100
57,101
31,102
119,103
31,104
57,105
31,106
57,107
57,108
57,109
103,110
57,111
57,112
57,113
30,114
45,115
57,116
57,117
45,118
57,119
45,60
104,61
119,62
57,63
119,64
57,65
30,66
119,67
57,68
57,69
31,70
31,71
45,72
43,73
57,74
45,75
57,76
45,77
43,78
100,79
31,80
57,81
45,82
43,83
43,84
43,85
43,86
30,87
45,88
45,89
43,90
57,91
43,92
43,93
119,94
30,95
119,96
57,97
57,98
100,99
44,100
100,101
57,102
119,103
30,104
93,105
57,106
57,107
57,108
30,109
103,110
119,111
57,112
119,113
45,114
57,115
57,116
57,117
57,118
57,119
45,60
57,61
45,62
57,63
43,64
57,65
119,66
119,67
43,68
45,69
57,70
119,71
52,72
40,73
4,74
53,75
57,76
40,77
30,78
119,79
57,80
57,81
45,82
57,83
57,84
57,85
57,86
57,87
57,88
45,89
57,90
119,91
119,92
57,93
57,94
45,95
57,96
119,97
57,98
57,99
57,100
57,101
30,102
57,103
31,104
45,105
14,106
45,107
57,108
45,109
44,110
57,111
57,112
57,113
57,114
57,115
45,116
57,117
57,118
57,119
30,60
45,61
119,62
57,63
57,64
30,65
30,66
43,67
30,68
30,69
30,70
30,71
45,72
45,73
57,74
45,75
30,76
45,77
43,78
100,79
30,80
43,81
45,82
45,83
57,84
43,85
57,86
45,87
43,88
57,89
43,90
57,91
57,92
93,93
57,94
103,95
57,96
57,97
57,98
57,99
117,100
57,101
30,102
119,103
103,104
57,105
57,106
100,107
57,108
54,109
103,110
57,111
57,112
57,113
57,114
57,115
100,116
57,117
57,118
57,119
45,60
57,61
119,62
57,63
45,64
30,65
57,66
57,67
57,68
57,69
57,70
30,71
45,72
57,73
57,74
57,75
57,76
57,77
30,78
57,79
43,80
57,81
57,82
45,83
43,84
30,85
45,86
45,87
45,88
43,89
40,90
57,91
43,92
57,93
119,94
30,95
119,96
119,97
57,98
57,99
57,100
57,101
30,102
119,103
30,104
54,105
54,106
54,107
57,108
54,109
45,110
57,111
57,112
57,113
45,114
45,115
45,116
57,117
57,118
54,119
45,60
45,61
57,62
57,63
57,64
57,65
45,66
45,67
30,68
30,69
57,70
103,71
43,72
30,73
52,74
24,75
103,76
43,77
30,78
103,79
57,80
43,81
43,82
30,83
45,84
45,85
57,86
30,87
30,88
57,89
43,90
57,91
45,92
57,93
119,94
103,95
57,96
57,97
57,98
57,99
57,100
57,101
103,102
119,103
30,104
54,105
45,106
100,107
30,108
100,109
100,110
57,111
57,112
57,113
57,114
57,115
100,116
57,117
57,118
100,119
45,60
43,61
119,62
57,63
43,64
30,65
57,66
45,67
30,68
57,69
57,70
57,71
43,72
45,73
45,74
45,75
43,76
45,77
45,78
14,79
30,80
40,81
45,82
45,83
45,84
45,85
45,86
43,87
45,88
43,89
45,90
57,91
103,92
43,93
119,94
31,95
57,96
45,97
30,98
57,99
57,100
57,101
30,102
119,103
103,104
57,105
31,106
57,107
30,108
31,109
14,110
57,111
103,112
57,113
57,114
45,115
100,116
57,117
57,118
14,119
30,60
43,61
119,62
57,63
119,64
30,65
31,66
43,67
31,68
57,69
31,70
30,71
43,72
43,73
57,74
43,75
30,76
45,77
30,78
100,79
30,80
43,81
45,82
45,83
43,84
43,85
57,86
57,87
43,88
45,89
43,90
57,91
119,92
30,93
119,94
31,95
57,96
57,97
57,98
57,99
57,100
57,101
57,102
119,103
30,104
57,105
30,106
57,107
57,108
30,109
31,110
57,111
57,112
57,113
57,114
57,115
30,116
57,117
119,118
57,119
57,60
57,61
45,62
52,63
43,64
57,65
103,66
57,67
57,68
57,69
57,70
57,71
40,72
40,73
40,74
24,75
45,76
40,77
40,78
30,79
45,80
40,81
40,82
40,83
40,84
40,85
57,86
57,87
45,88
45,89
40,90
119,91
30,92
57,93
57,94
57,95
57,96
57,97
57,98
30,99
57,100
57,101
30,102
119,103
30,104
45,105
45,106
57,107
57,108
57,109
45,110
57,111
54,112
57,113
45,114
57,115
45,116
45,117
100,118
100,119
43,60
119,61
45,62
57,63
57,64
43,65
30,66
43,67
93,68
104,69
53,70
57,71
45,72
55,73
43,74
43,75
93,76
43,77
30,78
53,79
43,80
43,81
43,82
43,83
43,84
43,85
57,86
57,87
43,88
88,89
43,90
57,91
119,92
57,93
57,94
102,95
57,96
55,97
57,98
55,99
57,100
55,101
30,102
57,103
31,104
57,105
31,106
57,107
57,108
57,109
58,110
57,111
57,112
57,113
57,114
57,115
57,116
57,117
57,118
57,119
119,60
43,61
43,62
57,63
57,64
43,65
102,66
104,67
102,68
104,69
104,70
102,71
43,72
43,73
43,74
43,75
104,76
43,77
102,78
119,79
102,80
43,81
45,82
43,83
43,84
43,85
57,86
43,87
43,88
102,89
104,90
119,91
57,92
57,93
119,94
57,95
57,96
46,97
57,98
55,99
57,100
55,101
102,102
57,103
104,104
57,105
57,106
57,107
57,108
57,109
57,110
57,111
57,112
119,113
45,114
57,115
57,116
57,117
57,118
57,119
30,60
53,61
43,62
57,63
119,64
30,65
102,66
45,67
45,68
57,69
119,70
102,71
57,72
43,73
43,74
57,75
43,76
43,77
43,78
102,79
57,80
57,81
57,82
43,83
43,84
43,85
43,86
43,87
93,88
43,89
30,90
57,91
119,92
57,93
109,94
102,95
57,96
57,97
119,98
102,99
119,100
53,101
43,102
43,103
43,104
57,105
57,106
57,107
57,108
54,109
54,110
57,111
57,112
57,113
57,114
57,115
57,116
57,117
57,118
57,119
43,60
43,61
104,62
57,63
57,64
104,65
102,66
43,67
57,68
104,69
104,70
57,71
43,72
43,73
43,74
43,75
104,76
45,77
30,78
57,79
57,80
43,81
43,82
43,83
43,84
43,85
57,86
43,87
104,88
102,89
104,90
57,91
119,92
119,93
119,94
119,95
57,96
43,97
57,98
55,99
57,100
54,101
43,102
57,103
43,104
57,105
57,106
57,107
57,108
109,109
57,110
57,111
102,112
57,113
57,114
57,115
102,116
57,117
57,118
57,119
43,60
119,61
57,62
57,63
57,64
43,65
102,66
43,67
104,68
104,69
57,70
57,71
43,72
43,73
43,74
43,75
104,76
43,77
43,78
57,79
104,80
43,81
43,82
43,83
43,84
43,85
57,86
45,87
104,88
104,89
43,90
57,91
119,92
57,93
119,94
57,95
57,96
119,97
57,98
55,99
119,100
55,101
43,102
119,103
43,104
57,105
109,106
57,107
57,108
57,109
15,110
57,111
57,112
57,113
57,114
57,115
55,116
57,117
57,118
57,119
43,60
45,61
45,62
119,63
57,64
104,65
57,66
43,67
57,68
104,69
104,70
57,71
43,72
43,73
43,74
104,75
104,76
104,77
102,78
119,79
57,80
104,81
45,82
45,83
45,84
45,85
119,86
43,87
104,88
55,89
104,90
57,91
57,92
57,93
57,94
55,95
57,96
24,97
109,98
55,99
119,100
57,101
102,102
57,103
102,104
57,105
57,106
57,107
57,108
57,109
57,110
57,111
57,112
119,113
45,114
57,115
57,116
57,117
57,118
57,119
57,60
57,61
104,62
57,63
57,64
57,65
30,66
57,67
54,68
57,69
57,70
57,71
30,72
30,73
43,74
103,75
103,76
43,77
57,78
57,79
31,80
30,81
30,82
30,83
30,84
30,85
57,86
57,87
57,88
57,89
30,90
54,91
57,92
57,93
57,94
30,95
57,96
57,97
57,98
54,99
57,100
54,101
30,102
119,103
30,104
57,105
57,106
57,107
100,108
57,109
31,110
57,111
57,112
57,113
57,114
54,115
14,116
57,117
57,118
57,119
43,60
43,61
43,62
100,63
57,64
43,65
30,66
43,67
43,68
104,69
43,70
43,71
43,72
30,73
57,74
43,75
104,76
43,77
43,78
57,79
43,80
43,81
93,82
30,83
43,84
30,85
57,86
57,87
57,88
57,89
30,90
57,91
57,92
57,93
57,94
57,95
57,96
57,97
57,98
100,99
111,100
100,101
43,102
119,103
43,104
57,105
57,106
57,107
100,108
57,109
54,110
57,111
57,112
57,113
57,114
100,115
57,116
57,117
57,118
57,119
57,60
45,61
93,62
57,63
93,64
57,65
57,66
45,67
93,68
57,69
45,70
57,71
57,72
30,73
30,74
57,75
57,76
43,77
57,78
57,79
93,80
30,81
30,82
30,83
30,84
30,85
57,86
57,87
57,88
54,89
57,90
57,91
57,92
57,93
57,94
57,95
57,96
55,97
57,98
14,99
57,100
100,101
57,102
119,103
45,104
57,105
57,106
57,107
100,108
57,109
31,110
57,111
57,112
106,113
30,114
54,115
57,116
57,117
14,118
57,119
103,60
43,61
45,62
57,63
57,64
43,65
103,66
103,67
31,68
31,69
31,70
103,71
43,72
43,73
45,74
43,75
31,76
43,77
103,78
57,79
31,80
43,81
30,82
43,83
43,84
30,85
57,86
43,87
30,88
31,89
31,90
100,91
119,92
119,93
57,94
93,95
57,96
57,97
30,98
100,99
44,100
100,101
103,102
57,103
31,104
57,105
57,106
31,107
100,108
31,109
57,110
57,111
31,112
14,113
57,114
100,115
57,116
57,117
57,118
57,119
43,60
43,61
89,62
57,63
30,64
103,65
57,66
57,67
30,68
31,69
43,70
31,71
30,72
30,73
43,74
30,75
93,76
57,77
31,78
57,79
31,80
43,81
30,82
57,83
43,84
30,85
57,86
57,87
57,88
57,89
43,90
45,91
119,92
119,93
57,94
57,95
57,96
119,97
57,98
100,99
57,100
44,101
31,102
119,103
30,104
57,105
57,106
57,107
45,108
57,109
30,110
57,111
43,112
57,113
57,114
54,115
57,116
57,117
57,118
57,119
43,60
57,61
45,62
57,63
57,64
57,65
93,66
43,67
43,68
43,69
43,70
43,71
43,72
43,73
43,74
43,75
30,76
43,77
93,78
103,79
57,80
45,81
43,82
43,83
43,84
43,85
57,86
100,87
57,88
57,89
57,90
45,91
57,92
57,93
57,94
57,95
57,96
57,97
119,98
57,99
57,100
58,101
43,102
57,103
93,104
57,105
57,106
30,107
57,108
57,109
57,110
57,111
57,112
57,113
57,114
57,115
57,116
57,117
57,118
93,119
45,60
45,61
45,62
30,63
43,64
43,65
30,66
43,67
57,68
104,69
53,70
57,71
43,72
30,73
43,74
43,75
30,76
43,77
43,78
53,79
35,80
43,81
43,82
57,83
43,84
53,85
57,86
57,87
43,88
57,89
43,90
119,91
119,92
119,93
119,94
93,95
119,96
57,97
57,98
55,99
119,100
55,101
43,102
119,103
30,104
57,105
57,106
57,107
57,108
57,109
55,110
57,111
57,112
119,113
57,114
57,115
57,116
57,117
57,118
57,119
43,60
43,61
45,62
119,63
57,64
43,65
102,66
43,67
104,68
119,69
119,70
57,71
43,72
43,73
43,74
43,75
102,76
45,77
45,78
53,79
43,80
43,81
104,82
43,83
43,84
43,85
57,86
57,87
57,88
57,89
43,90
119,91
119,92
119,93
119,94
43,95
119,96
46,97
57,98
57,99
119,100
55,101
43,102
119,103
43,104
109,105
57,106
57,107
57,108
109,109
57,110
57,111
57,112
119,113
45,114
57,115
57,116
57,117
57,118
57,119
45,60
43,61
57,62
57,63
93,64
53,65
45,66
45,67
43,68
45,69
43,70
57,71
43,72
53,73
30,74
57,75
57,76
57,77
45,78
102,79
57,80
43,81
45,82
30,83
57,84
30,85
119,86
57,87
102,88
102,89
57,90
119,91
43,92
119,93
57,94
30,95
57,96
57,97
57,98
55,99
119,100
102,101
93,102
119,103
45,104
57,105
57,106
57,107
57,108
57,109
55,110
119,111
57,112
119,113
43,114
55,115
57,116
57,117
57,118
119,119
119,60
43,61
45,62
43,63
57,64
43,65
43,66
43,67
104,68
119,69
104,70
57,71
43,72
43,73
43,74
43,75
102,76
43,77
43,78
53,79
43,80
43,81
43,82
43,83
43,84
43,85
57,86
57,87
57,88
57,89
43,90
119,91
119,92
119,93
119,94
57,95
119,96
57,97
57,98
55,99
119,100
57,101
43,102
57,103
30,104
119,105
93,106
119,107
31,108
43,109
57,110
119,111
43,112
57,113
45,114
57,115
57,116
57,117
57,118
57,119
43,60
43,61
43,62
30,63
43,64
43,65
43,66
43,67
57,68
104,69
102,70
57,71
43,72
43,73
43,74
43,75
102,76
43,77
43,78
55,79
43,80
43,81
43,82
43,83
43,84
43,85
57,86
45,87
43,88
45,89
43,90
119,91
119,92
119,93
119,94
57,95
119,96
57,97
57,98
57,99
119,100
57,101
43,102
119,103
43,104
57,105
57,106
57,107
57,108
102,109
55,110
57,111
57,112
119,113
57,114
57,115
57,116
57,117
57,118
57,119
57,60
57,61
43,62
119,63
57,64
57,65
102,66
102,67
104,68
57,69
57,70
57,71
43,72
43,73
57,74
104,75
57,76
57,77
45,78
53,79
57,80
104,81
104,82
104,83
43,84
43,85
119,86
57,87
119,88
57,89
43,90
119,91
58,92
119,93
119,94
43,95
43,96
46,97
57,98
58,99
119,100
53,101
43,102
57,103
43,104
57,105
119,106
57,107
57,108
57,109
57,110
57,111
119,112
119,113
57,114
119,115
100,116
57,117
119,118
102,119
43,60
119,61
57,62
57,63
57,64
57,65
93,66
57,67
57,68
58,69
104,70
55,71
104,72
104,73
43,74
43,75
57,76
43,77
35,78
57,79
57,80
43,81
43,82
53,83
43,84
43,85
104,86
102,87
104,88
119,89
104,90
57,91
104,92
55,93
55,94
57,95
55,96
55,97
57,98
55,99
57,100
119,101
53,102
57,103
30,104
57,105
57,106
57,107
58,108
57,109
55,110
55,111
57,112
57,113
57,114
57,115
55,116
57,117
57,118
57,119
119,60
119,61
119,62
119,63
57,64
57,65
109,66
106,67
57,68
57,69
57,70
57,71
104,72
43,73
104,74
104,75
57,76
104,77
109,78
57,79
104,80
57,81
104,82
57,83
104,84
104,85
119,86
104,87
104,88
102,89
104,90
57,91
57,92
104,93
119,94
104,95
55,96
55,97
55,98
57,99
57,100
119,101
104,102
119,103
104,104
57,105
57,106
57,107
57,108
57,109
55,110
55,111
104,112
119,113
109,114
57,115
109,116
57,117
57,118
104,119
57,64
57,65
57,66
43,67
57,68
57,69
104,70
119,71
57,72
43,73
102,74
57,75
104,76
57,77
109,78
53,79
57,80
57,81
57,82
119,83
57,84
30,85
57,86
102,87
102,88
119,89
119,90
55,91
45,92
119,93
57,94
55,95
57,96
55,97
57,98
58,99
119,100
57,101
43,102
57,103
109,104
57,105
57,106
58,107
57,108
57,109
57,110
119,111
57,112
57,113
57,114
57,115
57,116
57,117
119,118
57,119
43,60
119,61
119,62
57,63
57,64
57,65
104,66
104,67
57,68
106,69
57,70
57,71
43,72
43,73
43,74
43,75
102,76
43,77
57,78
57,79
104,80
43,81
43,82
43,83
104,84
43,85
57,86
119,87
57,88
57,89
43,90
57,91
104,92
104,93
119,94
104,95
57,96
55,97
55,98
57,99
57,100
57,101
104,102
119,103
104,104
57,105
109,106
109,107
57,108
109,109
57,110
57,111
57,112
119,113
109,114
57,115
106,116
57,117
57,118
57,119
43,60
119,61
43,62
119,63
57,64
57,65
43,66
104,67
106,68
57,69
104,70
57,71
43,72
43,73
43,74
43,75
104,76
43,77
104,78
55,79
102,80
43,81
43,82
43,83
43,84
43,85
104,86
104,87
57,88
57,89
104,90
57,91
104,92
58,93
119,94
102,95
119,96
55,97
57,98
57,99
57,100
119,101
104,102
57,103
104,104
104,105
57,106
57,107
58,108
57,109
57,110
58,111
57,112
119,113
57,114
57,115
57,116
57,117
119,118
119,119
53,60
104,61
119,62
57,63
43,64
57,65
109,66
57,67
57,68
57,69
57,70
57,71
57,72
109,73
119,74
57,75
58,76
104,77
109,78
57,79
102,80
119,81
104,82
109,83
57,84
57,85
57,86
57,87
57,88
57,89
119,90
57,91
57,92
57,93
57,94
57,95
119,96
55,97
57,98
109,99
119,100
119,101
102,102
119,103
53,104
57,105
57,106
57,107
58,108
57,109
57,110
58,111
57,112
119,113
57,114
57,115
57,116
57,117
57,118
57,119
119,61
119,62
57,63
43,64
104,65
30,66
43,67
102,68
104,69
102,70
102,71
43,72
43,73
43,74
43,75
104,76
45,77
104,78
53,79
30,80
43,81
43,82
53,83
43,84
43,85
119,86
35,87
88,88
57,89
93,90
119,91
119,92
57,93
119,94
102,95
119,96
57,97
57,98
55,99
119,100
55,101
30,102
119,103
30,104
57,105
57,106
57,107
102,108
57,109
57,110
57,111
57,112
57,113
57,114
57,115
57,116
57,117
57,118
57,119
119,60
57,61
119,62
119,63
57,64
102,65
102,66
119,67
57,68
57,69
57,70
57,71
104,72
104,73
102,74
57,75
106,76
104,77
102,78
119,79
109,80
104,81
104,82
102,83
104,84
109,85
57,86
104,87
57,88
102,89
102,90
119,91
57,92
58,93
119,94
57,95
55,96
46,97
102,98
58,99
57,100
58,101
102,102
119,103
104,104
119,105
57,106
57,107
57,108
57,109
57,110
119,111
57,112
119,113
57,114
57,115
57,116
57,117
102,118
57,119
119,61
57,62
119,63
57,64
30,65
30,66
45,67
43,68
57,69
109,70
102,71
57,72
53,73
43,74
30,75
57,76
104,77
93,78
119,79
57,80
57,81
43,82
53,83
43,84
30,85
57,86
58,87
55,88
55,89
57,90
119,91
119,92
119,93
119,94
43,95
119,96
55,97
53,98
58,99
57,100
58,101
57,102
119,103
43,104
57,105
57,106
57,107
57,108
57,109
58,110
57,111
119,112
119,113
57,114
57,115
57,116
57,117
119,118
57,119
119,60
43,61
119,62
119,63
57,64
104,65
102,66
104,67
57,68
57,69
57,70
104,71
43,72
43,73
43,74
43,75
104,76
43,77
43,78
57,79
102,80
43,81
43,82
43,83
43,84
43,85
57,86
53,87
57,88
43,89
53,90
119,91
119,92
57,93
119,94
119,95
119,96
57,97
57,98
55,99
119,100
55,101
102,102
119,103
43,104
57,105
57,106
43,107
57,108
57,109
57,110
57,111
57,112
119,113
57,114
57,115
102,116
57,117
43,118
57,119
119,61
104,62
119,63
43,64
43,65
102,66
104,67
57,68
104,69
57,70
57,71
43,72
43,73
43,74
43,75
102,76
43,77
30,78
57,79
102,80
43,81
43,82
43,83
43,84
43,85
57,86
104,87
43,88
43,89
49,90
57,91
119,92
57,93
119,94
104,95
119,96
57,97
57,98
55,99
119,100
57,101
104,102
119,103
43,104
57,105
57,106
57,107
57,108
57,109
57,110
57,111
57,112
57,113
57,114
57,115
57,116
57,117
57,118
119,119
119,62
119,63
57,64
57,65
102,66
57,67
57,68
55,69
57,70
57,71
58,72
104,73
119,74
104,75
119,76
102,77
102,78
119,79
57,80
57,81
104,82
102,83
102,84
104,85
57,86
57,87
57,88
55,89
57,90
119,91
109,92
119,93
58,94
57,95
58,96
43,97
119,98
109,99
57,100
104,101
119,102
119,103
57,104
57,105
57,106
119,107
57,108
57,109
53,110
57,111
119,112
119,113
57,114
119,115
57,116
119,117
119,118
119,119
45,60
45,61
45,62
57,63
57,64
57,65
57,66
57,67
57,68
57,69
57,70
57,71
30,72
43,73
45,74
57,75
57,76
45,77
57,78
57,79
57,80
30,81
30,82
30,83
43,84
43,85
57,86
57,87
57,88
57,89
57,90
57,91
57,92
57,93
57,94
57,95
57,96
55,97
57,98
54,99
57,100
57,101
57,102
57,103
57,104
31,105
45,106
100,107
100,108
57,109
14,110
57,111
57,112
54,113
57,114
54,115
54,116
57,117
57,118
57,119
43,60
43,61
119,62
57,63
57,64
57,65
31,66
57,67
57,68
104,69
57,70
57,71
30,72
43,73
57,74
30,75
57,76
43,77
103,78
57,79
93,80
57,81
57,82
30,83
43,84
43,85
57,86
119,87
57,88
57,89
57,90
57,91
57,92
119,93
57,94
57,95
57,96
119,97
57,98
54,99
44,100
57,101
43,102
119,103
31,104
57,105
57,106
57,107
57,108
57,109
45,110
57,111
57,112
100,113
45,114
57,115
57,116
57,117
45,118
57,119
30,60
45,61
45,62
57,63
57,64
45,66
103,67
103,68
93,69
103,70
93,71
57,72
57,73
30,74
57,75
93,76
30,77
30,78
57,79
57,80
57,81
30,82
43,83
45,84
57,85
57,86
57,87
57,88
57,89
57,90
57,91
57,92
57,93
57,94
57,95
119,96
55,97
57,98
54,99
119,100
119,101
93,102
45,103
45,104
57,105
54,106
45,107
100,108
45,109
100,110
57,111
57,112
44,113
57,114
54,115
45,116
57,117
57,118
57,119
43,60
57,61
119,62
57,63
57,64
30,65
53,66
57,67
55,68
31,69
53,70
53,71
30,72
30,73
57,74
30,75
57,76
43,77
103,78
57,79
93,80
30,81
93,82
30,83
43,84
30,85
57,86
30,87
57,88
57,89
43,90
57,91
119,92
119,93
119,94
119,95
119,96
119,97
119,98
57,99
119,100
119,101
43,102
119,103
111,104
57,105
57,106
57,107
57,108
57,109
100,110
119,111
119,112
57,113
57,114
45,115
103,116
57,117
45,118
57,119
45,60
57,61
43,62
119,63
119,64
57,65
31,66
57,67
57,68
57,69
54,70
57,71
57,72
119,73
57,74
119,75
104,76
93,77
103,78
100,79
57,80
57,81
89,82
57,83
57,84
43,85
57,86
57,87
57,88
57,89
30,90
57,91
119,92
119,93
119,94
89,95
57,96
45,97
89,98
89,99
119,100
57,101
53,102
57,103
31,104
57,105
44,106
57,107
57,108
57,109
100,110
57,111
89,112
57,113
57,114
45,115
100,116
57,117
57,118
57,119
43,60
43,61
119,62
100,63
57,64
57,65
57,66
57,67
43,68
43,69
57,70
57,71
57,72
57,73
57,74
43,75
57,76
43,78
57,79
43,80
43,81
45,82
43,83
43,84
57,85
57,86
57,87
57,88
57,89
57,90
100,91
57,92
119,93
57,94
45,95
119,96
57,97
57,98
54,99
57,100
57,101
30,102
57,103
30,104
44,105
57,106
57,107
53,108
57,109
119,110
119,111
57,112
119,113
57,114
57,115
100,116
57,117
57,118
57,119
43,60
45,61
57,62
45,63
57,64
57,65
57,66
57,67
57,68
57,69
57,70
57,71
57,72
57,73
57,74
30,75
57,76
45,77
57,78
57,79
57,80
43,81
43,82
30,83
43,84
43,85
30,86
57,87
57,88
57,89
30,90
57,91
57,92
57,93
57,94
57,95
57,96
55,97
57,98
57,99
111,100
57,101
57,102
57,103
57,104
57,105
100,106
57,107
100,108
56,109
100,110
119,111
57,112
57,113
57,114
57,115
100,116
57,117
45,118
57,119
57,60
43,61
119,62
57,63
57,64
57,65
57,66
43,67
57,68
102,69
57,70
57,71
30,72
43,73
43,74
43,75
57,76
43,77
93,78
57,79
93,80
43,81
57,82
43,83
93,84
43,85
119,86
57,87
57,88
57,89
57,90
14,91
119,92
104,93
119,94
57,95
55,96
57,97
57,98
54,99
57,100
57,101
43,102
57,103
30,104
57,105
57,106
57,107
57,108
57,109
100,110
119,111
57,112
57,113
57,114
57,115
14,116
57,117
57,118
57,119
43,60
57,61
57,62
57,63
57,64
57,65
30,66
93,67
57,68
57,69
43,70
43,71
57,72
30,73
30,74
57,75
57,76
43,77
45,78
57,79
57,80
30,81
30,82
30,83
45,84
30,85
57,86
104,87
57,88
57,89
57,90
44,91
43,92
57,93
119,94
57,95
119,96
57,97
57,98
31,99
119,100
57,101
30,102
57,103
93,104
57,105
57,106
57,107
57,108
57,109
100,110
57,111
57,112
57,113
57,114
100,115
57,116
57,117
57,118
57,119
57,60
57,61
119,62
57,63
57,64
53,65
57,66
57,67
53,68
57,69
31,70
53,71
30,72
57,73
57,74
57,75
53,76
30,77
30,78
57,79
93,80
43,81
43,82
30,83
43,84
43,85
119,86
57,87
43,88
57,89
93,90
57,91
119,92
119,93
119,94
30,95
57,96
57,97
57,98
100,99
57,100
57,101
31,102
44,103
30,104
57,105
45,106
30,107
103,108
57,109
45,110
57,111
57,112
57,113
57,114
45,115
45,116
57,117
57,118
57,119
43,60
43,61
119,62
57,63
57,64
57,65
57,66
57,67
53,68
57,69
53,70
53,71
57,72
43,73
57,74
30,75
57,76
45,77
30,78
57,79
53,80
57,81
30,82
30,83
43,84
93,85
57,86
30,87
57,88
57,89
30,90
57,91
104,92
119,93
119,94
57,95
44,96
55,97
57,98
54,99
116,100
57,101
31,102
57,103
31,104
57,105
57,106
57,107
57,108
57,109
100,110
57,111
57,112
57,113
57,114
45,115
57,116
57,117
57,118
57,119
45,60
45,61
57,62
119,63
57,64
57,65
57,66
53,67
53,68
53,69
57,70
57,71
57,72
43,73
43,74
43,75
31,76
43,77
43,78
57,79
57,80
43,81
43,82
43,83
57,84
43,85
57,86
57,87
57,88
57,89
57,90
100,91
54,92
43,93
57,94
57,95
57,96
57,97
57,98
54,99
57,100
57,101
43,102
57,103
119,104
57,105
57,106
57,107
57,108
57,109
57,110
57,111
57,112
57,113
57,114
57,115
57,116
57,117
57,118
57,119
45,60
45,61
57,62
54,63
57,64
57,65
100,66
57,67
57,68
57,69
57,70
57,71
43,72
43,73
43,74
30,75
43,76
43,77
43,78
100,79
57,80
43,81
57,82
43,83
43,84
43,85
57,86
57,87
57,88
43,89
43,90
57,91
119,92
119,93
119,94
57,95
57,96
57,97
57,98
54,99
57,100
57,101
57,102
119,103
30,104
31,105
54,106
100,107
54,108
57,109
45,110
57,111
57,112
45,113
57,114
45,115
54,116
57,117
57,118
57,119
119,60
119,61
119,62
100,63
57,64
57,65
43,66
119,67
57,68
119,69
119,70
57,71
57,72
57,73
57,74
43,75
119,76
57,77
43,78
57,79
43,80
57,81
57,82
57,83
57,84
57,85
57,86
57,87
57,88
43,89
57,90
54,91
119,92
119,93
119,94
57,95
57,96
119,97
119,98
100,99
57,100
53,101
43,102
119,103
102,104
57,105
57,106
57,107
57,108
57,109
57,110
57,111
57,112
45,113
57,114
54,115
57,116
57,117
57,118
57,119
57,60
57,61
57,62
57,63
45,64
57,65
57,67
57,68
57,69
57,70
30,71
43,72
43,73
30,74
57,75
57,76
57,77
43,78
53,79
57,80
57,81
57,82
57,83
57,84
57,85
119,86
119,87
57,88
57,89
57,90
45,91
57,92
57,93
119,94
57,95
57,96
57,97
57,98
54,99
57,100
57,101
57,102
119,103
45,104
57,105
57,106
57,107
57,108
57,109
45,110
57,111
57,112
57,113
57,114
57,115
57,116
57,117
57,118
57,119
119,60
57,61
119,62
100,63
57,64
57,65
55,66
119,67
57,68
119,69
57,70
57,71
43,72
43,73
45,74
43,75
57,76
43,77
43,78
54,79
57,80
57,81
93,82
43,83
57,84
57,85
57,86
57,87
57,88
43,89
43,90
57,91
119,92
119,93
119,94
57,95
45,96
119,97
57,98
45,99
45,100
45,101
57,102
119,103
31,104
57,105
57,106
57,107
57,108
57,109
57,110
119,111
57,112
57,113
57,114
54,115
57,116
57,117
100,118
57,119
43,60
45,61
57,62
54,63
57,64
57,65
57,66
57,67
57,68
57,69
57,70
57,71
57,72
57,73
57,74
43,75
30,76
45,77
57,78
100,79
119,80
43,81
57,82
43,83
45,84
43,85
57,86
57,87
43,88
43,89
57,90
57,91
119,92
119,93
119,94
57,95
57,96
57,97
57,98
57,99
57,100
57,101
53,102
119,103
31,104
57,105
54,106
57,107
57,108
57,109
100,110
57,111
57,112
54,113
57,114
57,115
57,116
57,117
57,118
57,119
57,60
57,61
119,62
57,63
57,64
57,65
100,66
57,67
57,68
57,69
57,70
57,71
43,72
43,73
43,74
43,75
30,76
43,77
57,78
57,79
57,80
57,81
57,82
43,83
57,84
57,85
57,86
100,87
57,88
57,89
57,90
57,92
119,93
57,95
119,96
57,97
57,98
119,99
57,100
57,101
57,102
119,103
53,104
57,105
57,106
57,107
57,108
57,109
57,110
57,111
57,112
116,113
45,114
100,115
57,116
57,117
45,118
57,119
57,60
57,61
57,62
116,63
45,64
57,65
57,66
57,67
100,68
57,69
57,70
57,71
30,72
30,73
30,74
53,75
57,76
57,77
57,78
45,79
54,80
30,81
31,82
57,83
57,84
57,85
57,86
57,87
100,88
100,89
53,90
44,91
57,92
57,93
57,94
57,95
44,96
57,97
45,98
57,99
44,100
45,101
54,102
44,103
54,104
57,105
54,106
45,107
57,108
57,109
100,110
57,111
57,112
57,113
57,114
54,115
14,116
57,117
57,118
57,119
57,60
57,61
119,62
44,63
57,64
54,65
57,66
57,67
57,68
57,69
57,70
57,71
57,72
30,73
57,74
30,75
57,76
57,77
57,78
100,79
55,80
102,81
30,82
57,83
43,84
57,85
57,86
57,87
57,88
57,89
57,90
44,91
119,92
57,93
57,94
57,95
55,96
57,97
57,98
57,99
116,100
57,101
57,102
57,103
57,104
57,105
100,106
45,107
45,108
57,109
100,110
57,111
43,112
57,113
57,114
45,115
57,116
57,117
57,118
57,119
57,60
45,61
57,62
44,63
45,64
57,65
57,66
57,67
54,68
57,69
57,70
57,71
30,72
57,73
30,74
57,75
57,76
57,77
57,78
57,79
54,80
57,81
57,82
31,83
57,84
57,85
57,86
43,87
54,88
54,89
57,90
57,91
57,92
57,93
119,94
93,95
119,96
57,97
45,98
100,99
44,100
54,101
57,102
57,103
93,104
57,105
100,106
57,107
57,108
100,109
100,110
57,111
57,112
100,113
14,114
57,115
57,116
45,117
57,118
45,119
43,60
57,61
119,62
57,63
57,64
100,65
57,66
57,67
57,68
57,69
57,70
31,71
30,72
31,73
31,74
30,75
57,76
43,77
57,78
100,79
55,80
93,81
31,82
30,83
43,84
30,85
57,86
57,87
57,88
57,89
53,90
45,91
57,92
57,93
57,94
57,95
57,96
57,97
45,98
45,99
57,100
44,101
57,102
57,103
57,104
30,105
45,106
45,107
45,108
100,109
54,110
57,111
57,112
45,113
30,114
45,115
31,116
57,117
57,118
57,119
57,60
57,61
60,62
57,63
55,64
57,65
55,66
94,67
55,68
55,69
57,70
17,71
30,72
30,73
30,74
30,75
57,76
30,77
31,78
100,79
57,80
30,81
30,82
30,83
43,84
57,85
57,86
57,87
57,88
57,89
30,90
57,91
119,92
57,93
119,94
57,95
57,96
55,97
54,98
45,99
57,100
100,101
57,102
44,103
31,104
57,105
103,106
54,107
57,108
57,109
100,110
103,111
57,112
116,113
93,114
45,115
57,116
57,117
57,118
57,119
43,60
45,61
119,62
100,63
57,64
54,65
57,66
93,67
57,68
57,69
57,70
57,71
57,72
57,73
57,74
43,75
102,76
100,77
43,78
54,79
57,80
43,81
57,82
57,83
43,84
57,85
57,86
102,87
57,88
100,89
57,90
57,91
119,92
57,93
119,94
57,95
119,96
57,97
57,98
54,99
44,100
53,101
119,102
57,103
102,104
57,105
57,106
57,107
57,108
57,109
100,110
57,111
57,112
119,113
14,114
57,115
57,116
57,117
57,118
57,119
45,60
45,61
57,62
119,63
43,64
43,65
93,66
45,67
93,68
45,69
45,70
93,71
43,72
45,73
45,74
45,75
93,76
43,77
45,78
31,79
45,80
43,81
45,82
45,83
43,84
45,85
57,86
45,87
43,88
43,89
43,90
57,91
93,92
57,93
119,94
93,95
57,96
57,97
102,98
57,99
119,100
31,101
30,102
119,103
93,104
57,105
57,106
57,107
89,108
57,109
93,110
43,111
43,112
119,113
43,114
57,115
57,116
57,117
57,118
57,119
45,60
45,61
43,62
119,63
57,64
45,65
104,66
43,67
43,68
43,69
43,70
43,71
45,72
45,73
43,74
45,75
102,76
43,77
45,78
30,79
45,80
45,81
45,82
45,83
45,84
45,85
57,86
45,87
45,88
45,89
30,90
119,91
119,92
43,93
119,94
43,95
57,96
57,97
43,98
57,99
57,100
53,101
43,102
119,103
43,104
57,105
57,106
57,107
57,108
57,109
100,110
119,111
57,112
57,113
57,114
57,115
57,116
57,117
57,118
57,119
45,60
45,61
45,62
119,63
119,64
43,65
93,66
69,67
104,68
57,69
104,70
30,71
43,72
30,73
45,74
57,75
93,76
30,77
43,78
103,79
45,80
43,81
30,82
43,83
45,84
30,85
57,86
57,87
57,88
30,89
43,90
119,91
93,92
57,93
57,94
93,95
57,96
57,97
93,98
57,99
119,100
93,101
43,102
119,103
93,104
57,105
43,106
93,107
93,108
57,109
30,110
93,111
43,112
119,113
57,114
57,115
57,116
57,117
57,118
119,119
43,60
45,61
45,62
43,63
57,64
43,65
93,66
57,67
102,68
102,69
102,70
57,71
43,72
45,73
45,74
45,75
93,76
45,77
45,78
53,79
43,80
45,81
45,82
45,83
43,84
45,85
57,86
57,87
43,88
45,89
45,90
119,91
119,92
57,93
119,94
45,95
57,96
57,97
43,98
57,99
57,100
57,101
93,102
119,103
43,104
57,105
109,106
57,107
57,108
57,109
54,110
57,111
57,112
119,113
57,114
57,115
57,116
57,117
57,118
57,119
43,60
45,61
43,62
119,63
43,64
43,65
93,66
43,67
43,68
43,69
43,70
30,71
45,72
45,73
45,74
45,75
93,76
45,77
43,78
31,79
45,80
45,81
45,82
45,83
43,84
45,85
45,86
57,87
43,88
43,89
45,90
57,91
57,92
43,93
119,94
43,95
57,96
57,97
57,98
57,99
57,100
57,101
43,102
119,103
43,104
57,105
57,106
57,107
30,108
57,109
57,110
57,111
43,112
119,113
45,114
57,115
30,116
57,117
57,118
57,119
45,60
43,61
45,62
57,63
57,64
45,65
43,66
43,67
102,68
43,69
43,70
57,71
45,72
53,73
43,74
43,75
43,76
43,77
43,78
31,79
57,80
45,81
43,82
45,83
57,84
45,85
57,86
45,87
43,88
31,89
43,90
57,91
43,92
45,93
119,94
43,95
57,96
57,97
43,98
93,99
119,100
93,101
93,102
119,103
43,104
57,105
57,106
57,107
57,108
57,109
57,110
119,111
57,112
57,113
57,114
57,115
69,116
57,117
57,118
57,119
119,60
43,61
119,62
119,63
55,64
93,65
31,66
43,67
31,68
57,69
57,70
57,71
43,72
30,73
30,74
43,75
57,76
30,77
43,78
53,79
31,80
43,81
43,82
43,83
43,84
43,85
57,86
43,87
57,88
88,89
43,90
57,91
104,92
57,93
119,94
102,95
119,96
55,97
57,98
55,99
57,100
57,101
104,102
57,103
30,104
57,105
57,106
57,107
54,108
57,109
55,110
57,111
57,112
57,113
57,114
57,115
57,116
57,117
57,118
57,119
119,60
45,61
119,62
119,63
57,64
102,65
102,66
119,67
57,68
57,69
57,70
57,71
43,72
43,73
43,74
43,75
57,76
104,77
43,78
57,79
102,80
43,81
104,82
43,83
43,84
104,85
119,86
43,87
57,88
57,89
43,90
57,91
104,92
57,93
119,94
57,95
119,96
57,97
57,98
55,99
54,100
119,101
102,102
119,103
104,104
57,105
57,106
57,107
57,108
43,109
31,110
119,111
57,112
57,113
43,114
57,115
57,116
57,117
57,118
57,119
119,60
57,61
57,62
57,63
55,64
57,65
93,66
43,67
69,68
57,69
57,70
57,71
57,72
31,73
30,74
57,75
57,76
30,77
30,78
53,79
53,80
57,81
30,82
57,83
45,84
30,85
57,86
57,87
57,88
57,89
57,90
57,91
30,92
57,93
57,94
57,95
119,96
119,97
57,98
53,99
119,100
57,101
30,102
57,103
93,104
57,105
57,106
57,107
54,108
57,109
57,110
119,111
57,112
57,113
57,114
57,115
57,116
57,117
57,118
57,119
119,60
43,61
119,62
119,63
57,64
104,65
102,66
119,67
57,68
57,69
57,70
57,71
43,72
43,73
43,74
43,75
57,76
43,77
43,78
119,79
102,80
43,81
43,82
43,83
45,84
43,85
119,86
57,87
119,88
88,89
43,90
119,91
104,92
119,93
119,94
57,95
119,96
119,97
57,98
57,99
57,100
57,101
53,102
119,103
102,104
57,105
57,106
57,107
57,108
43,109
57,110
119,111
57,112
57,113
104,114
57,115
57,116
57,117
57,118
57,119
119,60
43,61
119,62
119,63
55,64
104,65
102,66
104,67
57,68
57,69
57,70
57,71
43,72
43,73
43,74
43,75
57,76
43,77
104,78
57,79
102,80
43,81
43,82
43,83
45,84
43,85
57,86
57,87
88,88
43,89
43,90
119,91
104,92
57,93
119,94
119,95
119,96
119,97
57,98
55,99
57,100
57,101
43,102
57,103
43,104
57,105
55,106
57,107
57,108
57,109
57,110
57,111
57,112
119,113
57,114
57,115
102,116
57,117
57,118
57,119
43,60
45,61
119,62
119,63
57,64
57,65
102,66
104,67
57,68
57,69
55,70
57,71
43,72
43,73
57,74
104,75
57,76
57,77
102,78
102,79
102,80
104,81
104,82
104,83
104,84
102,85
57,86
119,87
57,88
57,89
43,90
57,91
119,92
57,93
119,94
102,95
119,96
57,97
43,98
104,99
57,100
119,101
30,102
119,103
102,104
57,105
57,106
57,107
57,108
57,109
57,110
57,111
57,112
57,113
45,114
57,115
57,116
57,117
57,118
57,119
57,60
43,61
57,62
57,63
57,64
57,65
55,66
43,67
55,68
55,69
55,70
55,71
57,72
45,73
43,74
43,75
57,76
57,77
57,78
55,79
57,80
57,81
53,82
43,83
43,84
43,85
57,86
57,87
24,88
93,89
104,90
57,91
57,92
55,93
116,94
57,95
119,96
55,97
57,98
57,99
106,100
57,101
55,102
57,103
57,104
57,105
57,106
55,107
57,108
57,109
54,110
57,111
57,112
57,113
57,114
57,115
57,116
57,117
57,118
57,119
119,60
43,61
57,62
55,63
57,64
57,65
57,66
57,67
55,68
57,69
57,70
57,71
102,72
104,73
104,74
104,75
57,76
43,77
57,78
57,79
104,80
104,81
104,82
104,83
43,84
104,85
119,86
57,87
57,88
57,89
104,90
57,91
57,92
57,93
114,94
57,95
119,96
46,97
57,98
57,99
119,100
57,101
57,102
119,103
53,104
55,105
57,106
57,107
57,108
57,109
57,110
57,111
57,112
57,113
57,114
57,115
57,116
57,117
57,118
119,119
57,60
57,61
57,62
57,63
57,64
57,65
102,66
102,67
57,68
57,69
57,70
93,71
57,72
57,73
30,74
57,75
102,76
30,77
102,78
57,79
57,80
57,81
57,82
57,83
57,84
57,85
57,86
57,87
57,88
53,89
57,90
57,91
57,92
57,93
119,94
57,95
119,96
55,97
57,98
57,99
57,100
57,101
57,102
109,103
93,104
57,105
57,106
57,107
57,108
57,109
57,110
119,111
57,112
57,113
119,114
57,115
57,116
57,117
57,118
57,119
119,60
45,61
57,62
54,63
57,64
57,65
55,66
57,67
55,68
55,69
55,70
57,71
88,72
43,73
43,74
104,75
57,76
43,77
57,78
119,79
104,80
43,81
43,82
43,83
43,84
43,85
57,86
57,87
57,88
119,89
43,90
57,91
57,92
55,93
119,94
119,95
119,96
43,97
57,98
57,99
119,100
57,101
57,102
119,103
57,104
57,105
57,106
55,107
57,108
57,109
57,110
119,111
57,112
57,113
57,114
57,115
57,116
57,117
57,118
57,119
119,60
119,61
119,62
119,63
57,64
57,65
57,66
57,67
55,68
57,69
55,70
57,71
43,72
43,73
43,74
43,75
57,76
104,77
57,78
57,79
102,80
43,81
43,82
43,83
43,84
43,85
57,86
55,87
57,88
53,89
43,90
57,91
57,92
57,93
119,94
57,95
119,96
43,97
57,98
57,99
57,100
57,101
57,102
57,103
57,104
57,105
109,106
57,107
57,108
102,109
113,110
57,111
57,112
57,113
57,114
57,115
57,116
55,117
57,118
57,119
57,60
45,61
57,62
57,63
57,64
55,65
102,66
57,67
102,68
57,69
102,70
57,71
57,72
57,73
102,74
104,75
109,76
104,77
57,78
119,79
57,80
57,81
57,82
43,83
104,84
57,85
57,86
104,87
102,88
57,89
57,90
57,91
55,92
57,93
119,94
57,95
119,96
46,97
43,98
53,99
119,100
102,101
57,102
57,103
104,104
57,105
57,106
57,107
57,108
57,109
57,110
57,111
57,112
119,113
57,114
57,115
57,116
57,117
57,118
57,119
45,60
43,61
43,62
93,63
43,64
43,65
31,66
43,67
31,68
43,69
43,70
93,71
43,72
45,73
43,74
43,75
93,76
43,77
43,78
57,79
30,80
43,81
43,82
43,83
43,84
43,85
57,86
43,87
45,88
45,89
43,90
57,91
119,92
119,93
119,94
57,95
57,96
57,97
57,98
57,99
57,100
57,101
30,102
57,103
30,104
57,105
57,106
119,107
57,108
57,109
55,110
119,111
57,112
57,113
57,114
57,115
31,116
57,117
57,118
57,119
119,60
45,61
43,62
119,63
45,64
57,65
43,66
104,67
57,68
57,69
43,70
57,71
43,72
43,73
43,74
43,75
104,76
43,77
43,78
53,79
43,80
43,81
43,82
43,83
45,84
43,85
57,86
45,87
45,88
43,89
43,90
57,91
43,92
119,93
119,94
43,95
57,96
57,97
57,98
57,99
57,100
53,101
43,102
57,103
30,104
57,105
57,106
100,107
57,108
57,109
57,110
57,111
57,112
57,113
54,114
57,115
45,116
57,117
57,118
57,119
45,60
57,61
45,62
57,63
43,64
43,65
93,66
30,67
31,68
30,69
31,70
31,71
43,72
45,73
43,74
43,75
45,76
45,77
43,78
57,79
57,80
43,81
43,82
45,83
43,84
43,85
57,86
45,87
43,88
43,89
43,90
57,91
57,92
57,93
119,94
45,95
57,96
57,97
57,98
30,99
119,100
57,101
45,102
45,103
30,104
57,105
57,106
57,107
57,108
57,109
31,110
119,111
43,112
119,113
57,114
100,115
103,116
57,117
57,118
57,119
119,60
43,61
57,62
57,63
43,64
57,65
30,66
43,67
119,68
119,69
43,70
119,71
43,72
45,73
43,74
43,75
43,76
43,77
43,78
119,79
57,80
43,81
43,82
43,83
45,84
43,85
45,86
45,87
45,88
43,89
43,90
30,91
119,92
119,93
119,94
57,95
57,96
57,97
57,98
57,99
119,100
57,101
93,102
57,103
57,104
57,105
57,106
100,107
93,108
43,109
100,110
57,111
57,112
57,113
43,114
57,115
54,116
57,117
45,118
57,119
119,60
43,61
43,62
57,63
43,64
43,65
31,66
43,67
31,68
43,69
43,70
93,71
43,72
45,73
45,74
43,75
93,76
45,77
43,78
57,79
43,80
43,81
43,82
43,83
45,84
43,85
57,86
57,87
43,88
45,89
43,90
57,91
119,92
119,93
119,94
43,95
57,96
57,97
57,98
57,99
57,100
57,101
93,102
57,103
30,104
57,105
57,106
57,107
57,108
57,109
57,110
119,111
57,112
57,113
57,114
57,115
57,116
57,117
57,118
57,119
119,60
43,61
57,62
119,63
45,64
57,65
43,66
43,67
57,68
57,69
43,70
43,71
43,72
43,73
43,74
43,75
43,76
43,77
45,78
57,79
57,80
45,81
43,82
43,83
45,84
45,85
57,86
45,87
43,88
43,89
43,90
57,91
31,92
57,93
119,94
45,95
57,96
45,97
45,98
93,99
57,100
57,101
43,102
57,103
30,104
100,105
57,106
57,107
57,108
45,109
45,110
57,111
57,112
100,113
100,114
57,115
100,116
57,117
45,118
57,119
45,60
45,61
119,62
119,63
57,64
93,65
31,66
43,67
31,68
93,69
30,70
30,71
43,72
43,73
45,74
30,75
31,76
93,77
30,78
57,79
31,80
43,81
43,82
43,83
45,84
57,85
57,86
57,87
57,88
57,89
53,90
57,91
57,92
43,93
57,94
57,95
57,96
57,97
57,98
55,99
100,100
55,101
30,102
119,103
30,104
57,105
57,106
54,107
57,108
57,109
100,110
57,111
57,112
57,113
57,114
57,115
100,116
57,117
57,118
57,119
43,60
43,61
119,62
119,63
57,64
104,65
43,66
119,67
57,68
119,69
57,70
57,71
43,72
43,73
43,74
43,75
57,76
43,77
102,78
57,79
57,80
43,81
43,82
43,83
43,84
93,85
57,86
57,87
43,88
57,89
93,90
57,91
57,92
57,93
119,94
43,95
57,96
119,97
57,98
57,99
100,100
57,101
119,102
119,103
43,104
57,105
57,106
57,107
57,108
57,109
100,110
119,111
57,112
57,113
57,114
54,115
100,116
57,117
57,118
57,119
43,60
45,61
119,62
119,63
57,64
57,65
93,66
57,67
93,68
45,69
31,70
43,71
43,72
43,73
45,74
43,75
30,76
53,77
43,78
57,79
31,80
43,81
43,82
30,83
45,84
57,85
57,86
43,87
119,88
119,89
53,90
57,91
43,92
57,93
57,94
57,95
57,96
57,97
57,98
57,99
57,100
57,101
43,102
57,103
43,104
57,105
57,106
57,107
57,108
57,109
45,110
57,111
57,112
57,113
57,114
57,115
100,116
57,117
57,118
57,119
43,60
119,61
119,62
57,63
57,64
57,65
57,66
43,67
57,68
57,69
57,70
57,71
30,72
93,73
30,74
30,75
57,76
43,77
57,78
100,79
57,80
43,81
43,82
93,83
43,84
57,85
57,86
57,87
57,88
57,89
93,90
102,91
119,92
57,93
119,94
93,95
57,96
119,97
57,98
69,99
54,100
100,101
57,102
119,103
43,104
57,105
57,106
57,107
103,108
57,109
100,110
119,111
57,112
57,113
57,114
57,115
57,116
57,117
57,118
57,119
57,60
43,61
119,62
57,63
57,64
57,65
30,66
57,67
57,68
57,69
30,70
57,71
30,72
30,73
30,74
30,75
57,76
30,77
30,78
100,79
53,80
43,81
43,82
30,83
57,84
57,85
57,86
57,87
57,88
57,89
57,90
57,91
57,92
119,93
57,94
57,95
57,96
119,97
57,98
100,99
45,100
100,101
31,102
119,103
103,104
57,105
57,106
57,107
57,108
57,109
100,110
57,111
57,112
45,113
57,114
57,115
57,116
57,117
57,118
57,119
43,60
43,61
119,62
57,63
57,64
57,65
43,66
43,67
57,68
57,69
57,70
57,71
57,72
43,73
43,74
24,75
43,76
43,77
43,78
57,79
57,80
43,81
43,82
43,83
57,84
57,85
57,86
30,87
57,88
57,89
57,90
100,91
57,92
57,93
57,94
57,95
57,96
57,97
57,98
57,99
106,100
57,101
43,102
57,103
43,104
57,105
57,106
57,107
57,108
119,109
100,110
57,111
69,112
119,113
57,114
54,115
45,116
57,117
57,118
57,119
45,60
119,61
45,62
119,63
57,64
43,65
57,66
57,67
57,68
57,69
55,70
55,71
57,72
57,73
57,74
119,75
57,76
57,77
43,78
100,79
43,80
57,81
43,82
93,83
57,84
57,85
119,86
53,87
57,88
57,89
43,90
45,91
57,92
119,93
119,94
57,95
57,96
55,97
57,98
100,99
57,100
45,101
57,102
119,103
57,104
57,105
54,106
54,107
54,108
54,109
54,110
57,111
57,112
57,113
57,114
57,115
57,116
57,117
57,118
57,119
119,60
43,61
57,62
57,63
57,64
102,65
57,66
104,67
57,68
57,69
57,70
57,71
57,72
57,73
93,74
57,75
57,76
57,77
57,78
57,79
102,80
57,81
43,82
57,83
57,84
30,85
57,86
119,87
57,88
57,89
57,90
100,91
57,92
57,93
119,94
57,95
57,96
57,97
57,98
54,99
57,100
100,101
57,102
119,103
57,104
57,105
57,106
54,107
57,108
57,109
100,110
57,111
57,112
100,113
57,114
54,115
54,116
57,117
57,118
57,119
45,60
57,61
45,62
57,63
57,64
57,65
57,66
57,67
54,68
57,69
57,70
57,71
57,72
57,73
57,74
119,75
57,76
57,77
30,78
54,79
30,80
57,81
57,82
57,83
57,84
57,85
57,86
30,87
57,88
119,89
119,90
45,91
57,92
57,93
119,94
57,95
57,96
55,97
57,98
54,99
57,100
57,101
102,102
119,103
57,104
57,105
57,106
54,107
57,108
57,109
57,110
57,111
57,112
57,113
57,114
57,115
57,116
57,117
57,118
57,119
119,60
57,61
57,62
100,63
57,64
57,65
55,66
57,67
55,68
57,69
55,70
57,71
55,72
43,73
43,74
57,75
57,76
57,77
54,78
100,79
93,80
57,81
43,82
57,83
43,84
57,85
119,86
57,87
57,88
57,89
57,90
100,91
119,92
57,93
57,94
57,95
57,96
57,97
57,98
100,99
57,100
57,101
43,102
119,103
57,104
57,105
57,106
31,107
57,108
57,109
57,110
57,111
57,112
57,113
57,114
100,115
100,116
57,117
57,118
57,119
57,60
57,61
57,62
57,63
57,64
57,65
55,66
57,67
54,68
57,69
57,70
57,71
57,72
57,73
57,74
57,75
55,76
57,77
55,78
45,79
57,80
57,81
57,82
30,83
57,84
57,85
119,86
30,87
57,88
57,89
57,90
57,91
57,92
57,93
119,94
57,95
55,96
57,97
100,98
45,99
57,100
57,101
53,102
119,103
57,104
57,105
45,106
100,107
54,108
57,109
100,110
57,111
57,112
45,113
57,114
57,115
57,116
57,117
57,118
57,119
57,60
43,61
57,62
57,63
57,64
57,65
43,66
43,67
57,68
57,69
57,70
54,71
57,72
43,73
43,74
57,75
57,76
57,77
102,78
100,79
57,80
57,81
57,82
57,83
57,84
57,85
57,86
57,87
57,88
57,89
57,90
54,91
57,92
57,93
119,94
57,95
57,96
57,97
57,98
54,99
44,100
54,101
43,102
119,103
57,104
57,105
57,106
45,107
57,108
57,109
57,110
54,111
57,112
45,113
45,114
57,115
57,116
57,117
57,118
57,119
57,60
57,61
57,62
57,63
53,64
24,65
31,66
57,67
53,68
57,69
55,70
31,71
43,72
30,73
43,74
45,75
31,76
43,77
30,78
57,79
93,80
43,81
30,82
43,83
45,84
43,85
57,86
57,87
57,88
57,89
43,90
57,91
57,92
119,93
119,94
102,95
57,96
55,97
57,98
100,99
57,100
54,101
43,102
119,103
57,104
57,105
57,106
57,107
100,108
57,109
57,110
57,111
57,112
57,113
57,114
57,115
57,116
57,117
57,118
57,119
119,60
43,61
119,62
119,63
57,64
57,65
57,66
57,67
55,68
57,69
57,70
57,71
43,72
104,73
43,74
43,75
57,76
43,77
102,78
57,79
57,80
104,81
102,82
43,83
43,84
104,85
57,86
57,87
57,88
57,89
43,90
54,91
57,92
119,93
119,94
57,95
119,96
119,97
57,98
54,99
57,100
54,101
57,102
119,103
57,104
57,105
57,106
57,107
57,108
57,109
57,110
57,111
57,112
57,113
57,114
54,115
57,116
57,117
57,118
57,119
43,60
57,61
43,62
57,63
57,64
57,65
57,66
57,67
57,68
57,69
57,70
57,71
57,72
57,73
43,74
30,75
57,76
43,77
30,78
57,79
57,80
57,81
43,82
43,83
45,84
57,85
57,86
57,87
57,88
57,89
57,90
57,91
57,92
57,93
57,94
57,95
57,96
57,97
54,98
57,99
57,100
57,101
30,102
57,103
57,104
57,105
57,106
57,107
57,108
57,109
100,110
119,111
57,112
57,113
57,114
57,115
57,116
57,117
54,118
57,119
119,60
57,61
119,62
119,63
55,64
57,65
57,66
119,67
55,68
57,69
57,70
57,71
43,72
43,73
45,74
43,75
57,76
43,77
43,78
57,79
57,80
43,81
93,82
43,83
43,84
43,85
57,86
57,87
57,88
57,89
43,90
57,91
57,92
57,93
119,94
57,95
57,96
57,97
100,98
100,99
57,100
100,101
119,102
119,103
57,104
31,105
31,106
45,107
45,108
57,109
57,110
57,111
57,112
14,113
57,114
57,115
100,116
57,117
100,118
57,119
57,60
57,61
57,62
57,63
57,64
57,65
57,66
100,67
69,68
55,69
57,70
57,71
30,72
93,73
43,74
43,75
53,76
30,77
31,78
100,79
43,80
57,81
30,82
30,83
57,84
30,85
57,86
57,87
57,88
57,89
43,90
57,91
100,92
119,93
119,94
57,95
57,96
57,97
100,98
57,99
57,100
45,101
57,102
57,103
57,104
57,105
57,106
57,107
57,108
57,109
57,110
57,111
57,112
57,113
57,114
57,115
100,116
57,117
57,118
57,119
43,60
43,61
57,62
57,63
57,64
54,65
57,66
93,67
31,68
57,69
57,70
57,71
43,72
43,73
45,74
43,75
57,76
57,77
43,78
57,79
57,80
57,81
57,82
43,83
43,84
43,85
57,86
57,87
57,88
57,89
57,90
100,91
57,92
57,93
119,94
57,95
57,96
57,97
57,98
54,99
44,100
57,101
57,102
119,103
57,104
57,105
57,106
100,107
100,108
57,109
100,110
57,111
57,112
57,113
57,114
57,115
14,116
57,117
57,118
57,119
