0,0
1,1
2,2
3,3
4,4
5,5
6,6
7,7
8,8
9,9
10,10
11,11
81,12
13,13
14,14
15,15
16,16
17,17
18,18
19,19
20,20
21,21
22,22
23,23
24,24
25,25
26,26
27,27
28,28
29,29
31,30
31,31
32,32
33,33
34,34
35,35
36,36
37,37
38,38
39,39
40,40
99,41
42,42
43,43
44,44
45,45
46,46
40,47
48,48
49,49
50,50
51,51
52,52
53,53
54,54
55,55
56,56
57,57
58,58
59,59
0,0
1,1
2,2
3,3
4,4
5,5
6,6
7,7
8,8
9,9
10,10
29,11
12,12
13,13
14,14
15,15
15,16
17,17
18,18
19,19
20,20
21,21
22,22
23,23
24,24
25,25
26,26
27,27
28,28
29,29
30,30
31,31
18,32
12,33
34,34
35,35
36,36
37,37
38,38
39,39
40,40
41,41
42,42
43,43
44,44
45,45
46,46
47,47
48,48
49,49
50,50
51,51
52,52
53,53
54,54
55,55
56,56
57,57
58,58
59,59
0,0
1,1
2,2
3,3
4,4
5,5
6,6
15,7
8,8
9,9
10,10
29,11
81,12
13,13
14,14
15,15
16,16
17,17
18,18
19,19
20,20
21,21
22,22
23,23
24,24
25,25
26,26
27,27
28,28
11,29
31,30
31,31
32,32
33,33
34,34
35,35
36,36
37,37
38,38
39,39
40,40
99,41
42,42
43,43
24,44
24,45
46,46
40,47
48,48
49,49
50,50
51,51
52,52
53,53
54,54
55,55
56,56
57,57
58,58
59,59
0,0
1,1
2,2
3,3
91,4
5,5
62,6
7,7
8,8
9,9
28,10
29,11
12,12
13,13
14,14
15,15
16,16
17,17
18,18
19,19
20,20
21,21
22,22
23,23
24,24
25,25
26,26
27,27
28,28
29,29
30,30
31,31
32,32
33,33
34,34
35,35
36,36
37,37
44,38
39,39
40,40
41,41
42,42
43,43
44,44
45,45
3,46
47,47
92,48
6,49
23,50
51,51
52,52
53,53
54,54
55,55
56,56
57,57
58,58
59,59
0,0
1,1
2,2
3,3
4,4
5,5
6,6
7,7
8,8
9,9
10,10
11,11
81,12
13,13
14,14
15,15
16,16
17,17
18,18
19,19
20,20
21,21
22,22
23,23
24,24
25,25
26,26
27,27
28,28
29,29
31,30
31,31
32,32
33,33
34,34
35,35
36,36
37,37
38,38
39,39
40,40
99,41
42,42
43,43
44,44
45,45
46,46
47,47
48,48
49,49
50,50
51,51
52,52
53,53
54,54
55,55
56,56
57,57
58,58
59,59
2,0
1,1
2,2
3,3
4,4
5,5
31,6
7,7
8,8
9,9
10,10
29,11
3,12
13,13
14,14
15,15
16,16
17,17
18,18
3,19
20,20
21,21
22,22
23,23
24,24
25,25
26,26
27,27
28,28
1,29
30,30
31,31
31,32
33,33
34,34
35,35
36,36
37,37
38,38
39,39
40,40
41,41
42,42
43,43
2,44
45,45
3,46
47,47
92,48
49,49
50,50
51,51
52,52
53,53
54,54
55,55
56,56
57,57
58,58
59,59
0,0
72,1
2,2
3,3
4,4
5,5
6,6
7,7
8,8
9,9
10,10
11,11
12,12
13,13
14,14
15,15
16,16
17,17
18,18
19,19
20,20
21,21
22,22
41,23
24,24
25,25
26,26
27,27
28,28
29,29
30,30
31,31
32,32
33,33
34,34
35,35
36,36
37,37
38,38
39,39
40,40
41,41
42,42
43,43
44,44
45,45
46,46
47,47
48,48
105,49
50,50
51,51
52,52
53,53
54,54
55,55
56,56
57,57
58,58
59,59
0,0
1,1
2,2
3,3
4,4
5,5
6,6
7,7
8,8
9,9
29,10
11,11
12,12
13,13
14,14
15,15
16,16
17,17
18,18
19,19
20,20
21,21
22,22
23,23
1,24
25,25
26,26
27,27
28,28
29,29
30,30
31,31
32,32
33,33
34,34
35,35
36,36
37,37
38,38
39,39
40,40
41,41
42,42
43,43
44,44
45,45
46,46
40,47
48,48
49,49
50,50
51,51
52,52
53,53
54,54
55,55
56,56
57,57
58,58
59,59
0,0
1,1
2,2
3,3
4,4
5,5
6,6
7,7
8,8
9,9
10,10
11,11
28,12
13,13
14,14
15,15
16,16
17,17
18,18
19,19
20,20
21,21
22,22
23,23
24,24
25,25
26,26
27,27
28,28
29,29
30,30
31,31
32,32
33,33
34,34
35,35
36,36
27,37
38,38
39,39
40,40
41,41
42,42
43,43
44,44
45,45
46,46
47,47
48,48
105,49
50,50
51,51
52,52
53,53
54,54
117,55
56,56
57,57
58,58
59,59
0,0
1,1
2,2
3,3
4,4
5,5
6,6
7,7
8,8
9,9
28,10
1,11
12,12
13,13
14,14
15,15
16,16
17,17
18,18
19,19
20,20
21,21
22,22
23,23
1,24
25,25
26,26
27,27
28,28
29,29
30,30
31,31
32,32
33,33
34,34
35,35
36,36
37,37
38,38
39,39
40,40
41,41
42,42
43,43
44,44
45,45
46,46
47,47
48,48
49,49
50,50
51,51
52,52
53,53
54,54
55,55
56,56
57,57
58,58
59,59
0,0
1,1
2,2
3,3
4,4
5,5
6,6
7,7
8,8
9,9
10,10
11,11
12,12
13,13
14,14
15,15
23,16
17,17
18,18
19,19
20,20
21,21
22,22
23,23
24,24
25,25
26,26
27,27
28,28
29,29
30,30
31,31
32,32
33,33
34,34
35,35
36,36
37,37
38,38
39,39
40,40
41,41
42,42
43,43
44,44
45,45
46,46
47,47
48,48
105,49
50,50
51,51
52,52
53,53
54,54
55,55
56,56
57,57
58,58
59,59
0,0
1,1
2,2
3,3
4,4
5,5
14,6
7,7
8,8
9,9
29,10
11,11
12,12
13,13
14,14
15,15
16,16
17,17
18,18
19,19
20,20
21,21
21,22
23,23
1,24
25,25
26,26
102,27
28,28
1,29
30,30
31,31
0,32
9,33
34,34
35,35
46,36
37,37
38,38
39,39
40,40
41,41
42,42
43,43
44,44
45,45
3,46
40,47
48,48
49,49
49,50
51,51
52,52
53,53
54,54
55,55
56,56
57,57
58,58
59,59
0,0
1,1
2,2
3,3
4,4
5,5
6,6
7,7
8,8
9,9
28,10
11,11
12,12
13,13
14,14
15,15
16,16
17,17
18,18
19,19
20,20
21,21
22,22
23,23
87,24
25,25
26,26
27,27
28,28
29,29
30,30
31,31
32,32
33,33
34,34
35,35
36,36
37,37
38,38
39,39
40,40
41,41
42,42
43,43
44,44
45,45
46,46
6,47
48,48
49,49
50,50
51,51
52,52
53,53
54,54
55,55
56,56
57,57
58,58
59,59
0,0
1,1
2,2
3,3
4,4
5,5
6,6
7,7
8,8
9,9
75,10
10,11
12,12
13,13
14,14
15,15
23,16
17,17
18,18
19,19
20,20
21,21
22,22
23,23
60,24
25,25
26,26
27,27
28,28
29,29
68,30
31,31
32,32
33,33
34,34
35,35
84,36
37,37
38,38
39,39
40,40
41,41
42,42
43,43
44,44
45,45
46,46
116,47
48,48
49,49
50,50
51,51
52,52
53,53
54,54
55,55
56,56
57,57
58,58
59,59
17,0
85,1
2,2
3,3
4,4
5,5
6,6
7,7
8,8
9,9
10,10
29,11
13,13
13,14
15,15
16,16
17,17
18,18
19,19
20,20
21,21
21,22
23,23
18,24
25,25
26,26
27,27
28,28
29,29
30,30
31,31
32,32
33,33
34,34
35,35
36,36
37,37
38,38
39,39
40,40
41,41
42,42
43,43
44,44
45,45
46,46
63,47
48,48
49,49
50,50
51,51
52,52
53,53
54,54
55,55
56,56
57,57
58,58
59,59
0,0
1,1
2,2
3,3
4,4
5,5
6,6
7,7
8,8
9,9
10,10
11,11
12,12
13,13
14,14
15,15
23,16
17,17
18,18
19,19
20,20
21,21
22,22
23,23
24,24
25,25
26,26
27,27
28,28
29,29
30,30
31,31
52,32
33,33
34,34
35,35
84,36
37,37
38,38
39,39
40,40
41,41
42,42
43,43
44,44
45,45
46,46
116,47
48,48
49,49
50,50
51,51
52,52
53,53
54,54
55,55
56,56
57,57
58,58
59,59
0,0
1,1
2,2
3,3
4,4
5,5
6,6
7,7
8,8
9,9
10,10
29,11
10,12
13,13
14,14
15,15
16,16
17,17
18,18
19,19
20,20
21,21
22,22
23,23
18,24
25,25
26,26
27,27
28,28
29,29
30,30
31,31
32,32
33,33
34,34
35,35
36,36
37,37
38,38
39,39
38,40
41,41
42,42
43,43
44,44
45,45
46,46
6,47
48,48
49,49
50,50
51,51
52,52
53,53
54,54
55,55
56,56
57,57
58,58
59,59
0,0
1,1
43,2
3,3
4,4
5,5
6,6
7,7
8,8
9,9
10,10
28,11
12,12
13,13
14,14
15,15
23,16
17,17
61,18
19,19
20,20
21,21
22,22
50,23
46,24
25,25
26,26
27,27
83,28
28,29
30,30
31,31
52,32
33,33
34,34
35,35
36,36
37,37
38,38
39,39
40,40
41,41
42,42
104,43
40,44
45,45
46,46
40,47
48,48
49,49
50,50
51,51
52,52
53,53
54,54
55,55
56,56
57,57
58,58
59,59
0,0
1,1
2,2
3,3
4,4
5,5
6,6
7,7
8,8
9,9
10,10
11,11
12,12
13,13
14,14
15,15
4,16
17,17
18,18
19,19
20,20
21,21
22,22
23,23
24,24
25,25
26,26
27,27
28,28
29,29
30,30
31,31
32,32
33,33
34,34
35,35
36,36
37,37
38,38
39,39
40,40
41,41
42,42
43,43
44,44
45,45
46,46
47,47
48,48
49,49
50,50
51,51
52,52
53,53
54,54
55,55
56,56
57,57
58,58
59,59
0,0
1,1
2,2
3,3
4,4
5,5
6,6
7,7
8,8
9,9
10,10
11,11
12,12
13,13
14,14
23,15
23,16
17,17
18,18
19,19
20,20
21,21
22,22
23,23
24,24
25,25
26,26
27,27
28,28
29,29
30,30
31,31
32,32
85,33
101,34
35,35
36,36
37,37
38,38
39,39
40,40
41,41
42,42
43,43
44,44
45,45
46,46
47,47
48,48
49,49
50,50
51,51
52,52
53,53
54,54
55,55
56,56
57,57
58,58
59,59
0,0
1,1
2,2
3,3
4,4
5,5
6,6
7,7
8,8
9,9
10,10
11,11
12,12
13,13
14,14
16,15
88,16
17,17
18,18
19,19
20,20
21,21
22,22
23,23
24,24
25,25
26,26
27,27
85,28
29,29
30,30
31,31
32,32
33,33
34,34
35,35
36,36
37,37
44,38
39,39
40,40
41,41
42,42
43,43
44,44
24,45
46,46
47,47
48,48
49,49
50,50
51,51
52,52
53,53
54,54
55,55
56,56
57,57
58,58
59,59
0,0
1,1
2,2
3,3
4,4
5,5
6,6
7,7
8,8
9,9
10,10
11,11
12,12
13,13
14,14
15,15
23,16
17,17
18,18
19,19
20,20
21,21
22,22
23,23
24,24
25,25
26,26
27,27
28,28
29,29
30,30
31,31
32,32
85,33
34,34
35,35
36,36
37,37
78,38
39,39
40,40
41,41
42,42
37,43
44,44
45,45
27,46
47,47
48,48
49,49
50,50
51,51
52,52
53,53
54,54
55,55
56,56
57,57
58,58
59,59
0,0
1,1
2,2
3,3
4,4
5,5
6,6
7,7
8,8
9,9
10,10
10,11
12,12
13,13
14,14
16,15
23,16
17,17
18,18
19,19
20,20
21,21
22,22
23,23
24,24
25,25
26,26
27,27
28,28
29,29
30,30
31,31
32,32
33,33
34,34
35,35
36,36
37,37
38,38
39,39
40,40
41,41
42,42
43,43
44,44
45,45
46,46
47,47
48,48
49,49
50,50
51,51
52,52
53,53
54,54
55,55
56,56
57,57
58,58
59,59
0,0
1,1
2,2
3,3
4,4
5,5
6,6
7,7
8,8
9,9
75,10
11,11
12,12
13,13
14,14
24,15
24,16
60,17
61,18
19,19
20,20
21,21
22,22
23,23
24,24
25,25
26,26
27,27
28,28
72,29
30,30
93,31
32,32
85,33
34,34
35,35
36,36
37,37
38,38
62,39
40,40
115,41
42,42
43,43
44,44
101,45
67,46
47,47
48,48
49,49
50,50
51,51
52,52
53,53
54,54
117,55
56,56
57,57
58,58
59,59
2,0
1,1
2,2
3,3
4,4
5,5
22,6
7,7
8,8
9,9
73,10
29,11
12,12
13,13
14,14
16,15
16,16
17,17
37,18
19,19
20,20
21,21
22,22
23,23
24,24
25,25
26,26
27,27
29,28
29,29
30,30
31,31
32,32
85,33
34,34
35,35
36,36
37,37
38,38
39,39
40,40
41,41
42,42
43,43
44,44
45,45
46,46
47,47
48,48
49,49
50,50
51,51
52,52
53,53
54,54
117,55
56,56
57,57
58,58
59,59
0,0
1,1
2,2
3,3
4,4
5,5
6,6
7,7
8,8
9,9
10,10
72,11
12,12
13,13
14,14
15,15
16,16
17,17
61,18
19,19
20,20
21,21
22,22
23,23
24,24
25,25
26,26
27,27
28,28
28,29
30,30
31,31
32,32
85,33
34,34
35,35
36,36
37,37
38,38
39,39
40,40
41,41
42,42
43,43
44,44
45,45
3,46
34,47
48,48
49,49
50,50
51,51
52,52
53,53
54,54
55,55
56,56
57,57
58,58
59,59
2,0
1,1
2,2
3,3
4,4
5,5
6,6
8,8
9,9
10,10
74,11
12,12
13,13
14,14
16,15
16,16
17,17
37,18
19,19
20,20
21,21
22,22
23,23
24,24
25,25
26,26
27,27
29,28
74,29
30,30
31,31
32,32
9,33
34,34
35,35
36,36
37,37
38,38
39,39
40,40
41,41
42,42
104,43
44,44
45,45
67,46
47,47
48,48
49,49
50,50
51,51
52,52
53,53
54,54
117,55
56,56
57,57
58,58
115,59
2,0
1,1
2,2
3,3
4,4
16,5
6,6
7,7
8,8
9,9
10,10
74,11
12,12
13,13
14,14
15,15
16,16
60,17
61,18
19,19
20,20
21,21
22,22
23,23
24,24
25,25
26,26
104,27
74,28
29,29
68,30
31,31
32,32
85,33
34,34
35,35
36,36
37,37
38,38
95,39
104,40
41,41
42,42
104,43
47,44
45,45
67,46
45,47
48,48
106,49
110,50
51,51
52,52
53,53
54,54
117,55
56,56
57,57
58,58
59,59
2,0
1,1
37,2
3,3
4,4
5,5
22,6
7,7
8,8
9,9
10,10
28,11
12,12
13,13
14,14
16,15
16,16
17,17
37,18
19,19
20,20
21,21
22,22
23,23
24,24
25,25
26,26
27,27
28,28
29,29
30,30
30,31
32,32
85,33
34,34
35,35
36,36
37,37
38,38
39,39
40,40
41,41
42,42
43,43
44,44
45,45
67,46
47,47
48,48
49,49
50,50
51,51
52,52
53,53
54,54
117,55
56,56
57,57
58,58
59,59
0,0
1,1
2,2
3,3
4,4
5,5
6,6
8,8
9,9
74,10
28,11
12,12
13,13
14,14
15,15
16,16
17,17
18,18
19,19
20,20
21,21
22,22
23,23
24,24
25,25
26,26
104,27
74,28
28,29
30,30
31,31
32,32
85,33
34,34
35,35
36,36
37,37
38,38
95,39
40,40
41,41
42,42
104,43
44,44
45,45
3,46
47,47
48,48
49,49
110,50
51,51
52,52
53,53
54,54
55,55
56,56
57,57
58,58
59,59
60,60
61,61
62,62
63,63
64,64
65,65
66,66
67,67
68,68
69,69
68,70
68,71
75,72
74,73
74,74
75,75
76,76
77,77
78,78
79,79
93,80
81,81
82,82
83,83
84,84
85,85
86,86
87,87
88,88
117,89
90,90
91,91
92,92
93,93
94,94
95,95
96,96
97,97
98,98
99,99
100,100
101,101
104,102
103,103
104,104
106,105
108,106
107,107
108,108
91,109
110,110
111,111
112,112
113,113
114,114
115,115
116,116
117,117
115,118
119,119
60,60
61,61
62,62
63,63
64,64
65,65
66,66
67,67
68,68
69,69
70,70
68,71
75,72
73,73
74,74
75,75
76,76
77,77
78,78
79,79
80,80
81,81
85,82
83,83
84,84
85,85
86,86
87,87
88,88
88,89
90,90
91,91
92,92
93,93
94,94
95,95
96,96
97,97
98,98
99,99
34,100
101,101
102,102
94,103
104,104
105,105
106,106
107,107
108,108
109,109
110,110
111,111
112,112
113,113
114,114
115,115
116,116
117,117
118,118
119,119
60,60
61,61
62,62
63,63
108,64
65,65
66,66
67,67
68,68
69,69
68,70
68,71
75,72
74,73
74,74
75,75
76,76
77,77
78,78
79,79
93,80
90,81
85,82
90,83
84,84
85,85
35,86
87,87
89,88
89,89
90,90
113,91
92,92
62,93
94,94
95,95
96,96
97,97
98,98
99,99
100,100
101,101
66,102
62,103
104,104
69,105
106,106
107,107
108,108
91,109
110,110
111,111
112,112
113,113
114,114
115,115
116,116
117,117
118,118
119,119
60,60
61,61
62,62
63,63
64,64
65,65
66,66
67,67
68,68
69,69
70,70
68,71
75,72
85,73
74,74
75,75
76,76
77,77
78,78
79,79
80,80
90,81
85,82
83,83
84,84
85,85
86,86
87,87
88,88
89,89
90,90
91,91
92,92
93,93
94,94
95,95
96,96
97,97
98,98
99,99
34,100
101,101
102,102
94,103
66,104
105,105
106,106
107,107
108,108
109,109
110,110
111,111
112,112
113,113
114,114
115,115
116,116
117,117
118,118
119,119
60,60
61,61
62,62
63,63
64,64
65,65
66,66
67,67
68,68
69,69
68,70
68,71
75,72
73,73
74,74
75,75
76,76
77,77
78,78
79,79
80,80
72,81
82,82
83,83
84,84
85,85
86,86
87,87
88,88
89,89
90,90
91,91
92,92
93,93
94,94
95,95
96,96
97,97
98,98
99,99
100,100
101,101
104,102
103,103
104,104
88,105
42,106
107,107
108,108
113,109
110,110
106,111
112,112
118,113
68,114
115,115
116,116
117,117
107,118
119,119
60,60
61,61
62,62
64,63
64,64
65,65
66,66
67,67
106,68
69,69
70,70
70,71
75,72
74,73
74,74
75,75
4,76
90,77
78,78
79,79
80,80
81,81
117,82
83,83
84,84
85,85
86,86
87,87
88,88
88,89
89,90
91,91
92,92
93,93
94,94
95,95
96,96
97,97
98,98
99,99
100,100
101,101
102,102
103,103
104,104
105,105
106,106
107,107
108,108
109,109
110,110
111,111
112,112
113,113
114,114
115,115
116,116
117,117
118,118
119,119
60,60
61,61
62,62
63,63
64,64
98,65
66,66
67,67
68,68
69,69
70,70
68,71
75,72
74,73
28,74
75,75
76,76
77,77
78,78
79,79
80,80
82,81
85,82
85,83
84,84
85,85
86,86
87,87
90,88
89,89
85,90
113,91
92,92
93,93
94,94
95,95
96,96
97,97
98,98
99,99
100,100
101,101
66,102
103,103
104,104
105,105
106,106
107,107
108,108
109,109
110,110
111,111
112,112
113,113
114,114
115,115
116,116
117,117
118,118
119,119
60,60
61,61
62,62
63,63
64,64
65,65
66,66
67,67
68,68
69,69
70,70
68,71
75,72
83,73
74,74
83,75
76,76
77,77
78,78
79,79
80,80
81,81
9,82
83,83
84,84
85,85
86,86
87,87
88,88
89,89
90,90
118,91
92,92
93,93
94,94
95,95
96,96
97,97
98,98
99,99
100,100
101,101
102,102
94,103
104,104
105,105
105,106
107,107
108,108
109,109
110,110
111,111
112,112
113,113
114,114
115,115
116,116
117,117
118,118
119,119
60,60
61,61
62,62
63,63
64,64
65,65
66,66
67,67
80,68
69,69
70,70
70,71
75,72
74,73
74,74
75,75
76,76
77,77
78,78
79,79
80,80
81,81
9,82
83,83
84,84
85,85
86,86
87,87
88,88
88,89
85,90
91,91
92,92
93,93
94,94
95,95
96,96
97,97
98,98
99,99
100,100
101,101
66,102
103,103
104,104
105,105
105,106
107,107
108,108
109,109
110,110
111,111
112,112
113,113
114,114
115,115
116,116
117,117
118,118
119,119
60,60
61,61
62,62
63,63
64,64
65,65
66,66
67,67
68,68
69,69
70,70
71,71
74,72
73,73
74,74
75,75
76,76
77,77
78,78
79,79
80,80
81,81
9,82
83,83
84,84
85,85
86,86
87,87
88,88
89,89
90,90
118,91
92,92
93,93
94,94
95,95
96,96
97,97
98,98
99,99
100,100
101,101
104,102
103,103
104,104
105,105
105,106
107,107
108,108
109,109
110,110
111,111
112,112
113,113
114,114
115,115
116,116
117,117
118,118
119,119
60,60
61,61
62,62
63,63
64,64
65,65
66,66
67,67
68,68
69,69
70,70
68,71
75,72
83,73
28,74
75,75
76,76
77,77
78,78
79,79
80,80
82,81
85,82
83,83
84,84
85,85
86,86
87,87
88,88
89,89
90,90
91,91
92,92
93,93
79,94
95,95
96,96
97,97
98,98
99,99
100,100
101,101
104,102
103,103
104,104
92,105
87,106
105,107
108,108
109,109
110,110
111,111
112,112
113,113
114,114
115,115
116,116
55,117
118,118
119,119
60,60
61,61
62,62
63,63
64,64
65,65
66,66
67,67
68,68
69,69
70,70
69,71
75,72
73,73
72,74
72,75
76,76
12,77
78,78
79,79
80,80
81,81
9,82
73,83
84,84
85,85
86,86
87,87
88,88
89,89
90,90
91,91
92,92
93,93
94,94
95,95
96,96
97,97
98,98
99,99
100,100
87,101
102,102
103,103
104,104
93,105
106,106
107,107
108,108
109,109
110,110
111,111
112,112
113,113
114,114
115,115
116,116
117,117
118,118
119,119
60,60
61,61
62,62
63,63
64,64
65,65
66,66
67,67
68,68
69,69
70,70
71,71
75,72
73,73
74,74
75,75
80,76
77,77
78,78
79,79
93,80
73,81
9,82
83,83
84,84
85,85
86,86
87,87
88,88
89,89
90,90
118,91
92,92
93,93
94,94
95,95
96,96
97,97
98,98
99,99
100,100
101,101
102,102
21,103
116,104
105,105
106,106
107,107
108,108
109,109
110,110
111,111
112,112
113,113
114,114
115,115
116,116
117,117
118,118
119,119
60,60
61,61
62,62
63,63
64,64
65,65
66,66
67,67
68,68
69,69
70,70
68,71
75,72
74,73
74,74
75,75
76,76
77,77
78,78
79,79
80,80
81,81
82,82
83,83
84,84
85,85
86,86
87,87
88,88
89,89
90,90
118,91
92,92
93,93
94,94
95,95
96,96
97,97
98,98
99,99
100,100
101,101
102,102
103,103
104,104
109,105
106,106
107,107
108,108
109,109
110,110
111,111
112,112
118,113
114,114
115,115
116,116
117,117
118,118
119,119
60,60
61,61
62,62
63,63
64,64
65,65
66,66
67,67
68,68
69,69
70,70
68,71
75,72
73,73
74,74
75,75
80,76
77,77
78,78
79,79
93,80
73,81
85,82
83,83
84,84
85,85
105,86
87,87
88,88
89,89
90,90
91,91
92,92
62,93
94,94
95,95
96,96
97,97
98,98
99,99
100,100
101,101
102,102
62,103
104,104
105,105
107,106
107,107
108,108
109,109
110,110
111,111
112,112
113,113
114,114
115,115
116,116
117,117
118,118
119,119
60,60
61,61
62,62
63,63
64,64
65,65
66,66
67,67
68,68
69,69
70,70
70,71
75,72
73,73
74,74
75,75
76,76
77,77
78,78
79,79
80,80
81,81
82,82
83,83
84,84
85,85
86,86
87,87
88,88
89,89
90,90
91,91
92,92
93,93
94,94
95,95
96,96
97,97
98,98
99,99
100,100
101,101
104,102
103,103
104,104
105,105
106,106
107,107
108,108
109,109
110,110
111,111
112,112
113,113
114,114
115,115
116,116
117,117
118,118
119,119
60,60
61,61
62,62
63,63
64,64
65,65
66,66
67,67
68,68
69,69
70,70
71,71
75,72
83,73
74,74
75,75
76,76
77,77
78,78
79,79
80,80
81,81
82,82
83,83
84,84
85,85
86,86
87,87
88,88
89,89
90,90
91,91
92,92
93,93
94,94
95,95
96,96
97,97
98,98
99,99
100,100
101,101
102,102
21,103
116,104
105,105
106,106
107,107
108,108
109,109
110,110
111,111
112,112
113,113
114,114
115,115
116,116
117,117
118,118
119,119
60,60
61,61
62,62
63,63
101,64
65,65
66,66
92,67
68,68
69,69
70,70
70,71
75,72
73,73
74,74
75,75
76,76
77,77
78,78
79,79
80,80
81,81
82,82
83,83
84,84
85,85
86,86
87,87
88,88
89,89
90,90
91,91
92,92
93,93
94,94
95,95
96,96
97,97
98,98
99,99
100,100
101,101
102,102
103,103
104,104
109,105
107,106
107,107
108,108
109,109
110,110
111,111
112,112
118,113
114,114
115,115
116,116
117,117
118,118
119,119
0,0
1,1
2,2
3,3
4,4
5,5
6,6
7,7
8,8
9,9
10,10
28,11
12,12
13,13
14,14
15,15
16,16
17,17
18,18
19,19
20,20
21,21
22,22
23,23
24,24
25,25
26,26
84,27
81,28
29,29
30,30
31,31
32,32
33,33
34,34
35,35
36,36
37,37
38,38
39,39
43,40
41,41
42,42
3,43
44,44
45,45
46,46
47,47
48,48
49,49
50,50
51,51
52,52
53,53
54,54
55,55
56,56
57,57
58,58
59,59
0,0
1,1
2,2
3,3
4,4
5,5
6,6
7,7
8,8
9,9
11,10
11,11
12,12
13,13
14,14
15,15
16,16
17,17
18,18
15,19
20,20
21,21
22,22
23,23
24,24
25,25
26,26
27,27
10,28
29,29
30,30
31,31
32,32
33,33
34,34
35,35
36,36
37,37
38,38
39,39
40,40
41,41
42,42
43,43
44,44
45,45
46,46
47,47
48,48
49,49
50,50
51,51
52,52
53,53
54,54
55,55
56,56
57,57
58,58
59,59
2,0
1,1
2,2
3,3
4,4
5,5
6,6
7,7
8,8
9,9
28,10
29,11
12,12
13,13
14,14
16,15
16,16
17,17
18,18
19,19
20,20
21,21
22,22
23,23
24,24
25,25
26,26
27,27
28,28
29,29
30,30
31,31
32,32
33,33
34,34
35,35
36,36
37,37
38,38
39,39
43,40
41,41
42,42
43,43
44,44
45,45
46,46
47,47
48,48
49,49
50,50
51,51
52,52
53,53
54,54
55,55
56,56
57,57
58,58
59,59
0,0
1,1
2,2
3,3
63,4
5,5
6,6
7,7
8,8
9,9
10,10
83,11
12,12
13,13
14,14
16,15
16,16
17,17
18,18
18,19
20,20
21,21
22,22
23,23
24,24
25,25
26,26
27,27
84,28
29,29
30,30
31,31
32,32
85,33
34,34
35,35
36,36
37,37
38,38
39,39
40,40
41,41
42,42
43,43
44,44
45,45
46,46
47,47
48,48
6,49
50,50
51,51
52,52
53,53
54,54
55,55
56,56
57,57
58,58
115,59
0,0
1,1
2,2
3,3
4,4
5,5
6,6
7,7
8,8
9,9
10,10
29,11
12,12
13,13
14,14
16,15
16,16
17,17
18,18
19,19
20,20
21,21
22,22
23,23
24,24
25,25
26,26
1,27
83,28
29,29
30,30
31,31
32,32
33,33
34,34
35,35
36,36
37,37
38,38
39,39
2,40
41,41
42,42
43,43
44,44
45,45
46,46
47,47
48,48
49,49
50,50
51,51
52,52
53,53
54,54
55,55
56,56
57,57
58,58
59,59
0,0
1,1
2,2
3,3
4,4
5,5
6,6
7,7
8,8
9,9
10,10
28,11
12,12
13,13
14,14
15,15
15,16
17,17
18,18
19,19
20,20
21,21
22,22
41,23
24,24
25,25
26,26
0,27
65,28
29,29
30,30
31,31
32,32
33,33
34,34
35,35
36,36
37,37
38,38
39,39
40,40
41,41
42,42
43,43
44,44
45,45
46,46
47,47
48,48
49,49
50,50
51,51
52,52
53,53
54,54
55,55
56,56
57,57
58,58
59,59
0,0
1,1
2,2
3,3
4,4
5,5
6,6
7,7
8,8
9,9
10,10
29,11
33,12
13,13
14,14
15,15
16,16
17,17
18,18
19,19
20,20
21,21
22,22
23,23
24,24
25,25
26,26
27,27
28,28
29,29
30,30
31,31
77,32
33,33
34,34
53,35
36,36
37,37
38,38
39,39
40,40
41,41
42,42
43,43
44,44
45,45
46,46
47,47
48,48
49,49
50,50
51,51
52,52
53,53
54,54
55,55
56,56
57,57
58,58
59,59
0,0
1,1
2,2
3,3
4,4
5,5
6,6
7,7
8,8
9,9
10,10
29,11
12,12
13,13
14,14
15,15
16,16
17,17
18,18
19,19
20,20
21,21
22,22
23,23
24,24
25,25
26,26
27,27
29,28
29,29
30,30
31,31
32,32
33,33
34,34
35,35
36,36
37,37
38,38
39,39
40,40
41,41
42,42
43,43
44,44
45,45
46,46
47,47
48,48
49,49
50,50
51,51
52,52
53,53
54,54
55,55
56,56
57,57
58,58
59,59
0,0
1,1
2,2
3,3
4,4
5,5
6,6
7,7
8,8
9,9
10,10
29,11
12,12
13,13
14,14
15,15
16,16
17,17
18,18
19,19
20,20
21,21
22,22
23,23
24,24
25,25
26,26
27,27
29,28
29,29
30,30
31,31
32,32
33,33
34,34
53,35
36,36
37,37
38,38
39,39
40,40
41,41
42,42
17,43
44,44
45,45
46,46
47,47
48,48
49,49
50,50
51,51
52,52
53,53
54,54
55,55
56,56
57,57
58,58
59,59
0,0
1,1
2,2
3,3
4,4
5,5
6,6
7,7
8,8
9,9
10,10
11,11
12,12
13,13
14,14
15,15
16,16
17,17
18,18
19,19
20,20
21,21
22,22
23,23
24,24
25,25
26,26
27,27
83,28
29,29
30,30
31,31
32,32
33,33
34,34
35,35
36,36
37,37
38,38
39,39
40,40
41,41
42,42
43,43
44,44
45,45
46,46
47,47
48,48
49,49
50,50
51,51
52,52
53,53
54,54
55,55
56,56
57,57
58,58
59,59
0,0
1,1
2,2
3,3
4,4
5,5
6,6
7,7
8,8
33,9
10,10
11,11
12,12
13,13
14,14
15,15
16,16
17,17
18,18
19,19
20,20
21,21
22,22
23,23
24,24
25,25
26,26
27,27
28,28
29,29
30,30
31,31
32,32
33,33
34,34
35,35
36,36
37,37
38,38
39,39
40,40
41,41
42,42
43,43
44,44
45,45
46,46
47,47
48,48
49,49
50,50
51,51
52,52
53,53
54,54
55,55
56,56
57,57
58,58
59,59
0,0
1,1
2,2
3,3
4,4
5,5
49,6
7,7
8,8
9,9
10,10
29,11
12,12
13,13
14,14
15,15
91,16
1,17
1,18
19,19
20,20
21,21
22,22
23,23
24,24
25,25
26,26
27,27
29,28
29,29
30,30
31,31
32,32
85,33
34,34
35,35
36,36
37,37
38,38
39,39
40,40
41,41
42,42
43,43
44,44
45,45
46,46
47,47
48,48
49,49
50,50
51,51
52,52
53,53
54,54
55,55
56,56
57,57
58,58
59,59
0,0
1,1
2,2
3,3
4,4
5,5
6,6
7,7
8,8
9,9
10,10
29,11
12,12
13,13
14,14
15,15
16,16
17,17
40,18
19,19
20,20
21,21
22,22
23,23
24,24
25,25
26,26
27,27
83,28
29,29
30,30
31,31
32,32
33,33
34,34
35,35
36,36
37,37
38,38
39,39
40,40
41,41
42,42
17,43
44,44
45,45
46,46
47,47
48,48
49,49
50,50
51,51
52,52
53,53
54,54
55,55
56,56
57,57
58,58
59,59
2,0
18,1
2,2
3,3
4,4
5,5
103,6
7,7
8,8
9,9
90,10
88,11
12,12
13,13
14,14
14,15
16,16
17,17
18,18
19,19
20,20
21,21
22,22
23,23
24,24
25,25
26,26
27,27
29,28
29,29
30,30
31,31
32,32
33,33
34,34
35,35
36,36
37,37
38,38
39,39
40,40
41,41
42,42
43,43
44,44
45,45
46,46
47,47
48,48
49,49
50,50
51,51
52,52
53,53
54,54
55,55
56,56
57,57
58,58
59,59
0,0
1,1
2,2
3,3
4,4
5,5
6,6
7,7
8,8
9,9
10,10
29,11
12,12
13,13
14,14
15,15
16,16
17,17
18,18
19,19
40,20
21,21
22,22
23,23
24,24
25,25
26,26
27,27
72,28
29,29
30,30
31,31
32,32
33,33
34,34
35,35
36,36
37,37
38,38
39,39
40,40
41,41
42,42
43,43
44,44
45,45
46,46
47,47
48,48
49,49
50,50
51,51
52,52
53,53
54,54
55,55
56,56
57,57
58,58
59,59
0,0
1,1
2,2
3,3
4,4
5,5
103,6
7,7
8,8
33,9
10,10
11,11
12,12
13,13
14,14
15,15
16,16
17,17
18,18
19,19
20,20
21,21
22,22
23,23
24,24
25,25
26,26
27,27
29,28
29,29
30,30
31,31
32,32
33,33
34,34
35,35
36,36
37,37
38,38
39,39
40,40
41,41
42,42
43,43
44,44
45,45
46,46
47,47
48,48
49,49
50,50
51,51
52,52
53,53
54,54
55,55
56,56
57,57
58,58
59,59
0,0
1,1
2,2
3,3
4,4
5,5
6,6
7,7
8,8
9,9
74,10
72,11
12,12
13,13
14,14
15,15
16,16
17,17
18,18
19,19
20,20
21,21
22,22
23,23
24,24
25,25
26,26
27,27
83,28
29,29
30,30
31,31
32,32
33,33
34,34
35,35
36,36
37,37
38,38
39,39
40,40
41,41
42,42
17,43
44,44
45,45
46,46
47,47
48,48
49,49
50,50
51,51
52,52
53,53
54,54
117,55
56,56
57,57
58,58
59,59
0,0
1,1
2,2
3,3
4,4
5,5
62,6
114,7
58,8
114,9
88,10
11,11
117,12
13,13
87,14
55,15
55,16
17,17
18,18
114,19
114,20
21,21
22,22
101,23
24,24
25,25
26,26
27,27
73,28
114,29
53,30
31,31
114,32
109,33
34,34
114,35
36,36
37,37
38,38
39,39
40,40
41,41
42,42
43,43
44,44
45,45
46,46
47,47
48,48
49,49
50,50
51,51
52,52
53,53
54,54
55,55
56,56
57,57
58,58
59,59
0,0
1,1
2,2
3,3
4,4
5,5
6,6
7,7
8,8
9,9
11,10
11,11
12,12
13,13
14,14
15,15
16,16
17,17
18,18
19,19
20,20
21,21
22,22
23,23
24,24
25,25
26,26
27,27
83,28
29,29
30,30
31,31
32,32
33,33
34,34
35,35
36,36
37,37
38,38
39,39
40,40
41,41
42,42
43,43
44,44
45,45
46,46
47,47
48,48
49,49
50,50
51,51
52,52
53,53
54,54
55,55
56,56
57,57
58,58
59,59
0,0
1,1
2,2
3,3
4,4
5,5
6,6
7,7
8,8
9,9
10,10
11,11
12,12
13,13
14,14
16,15
16,16
17,17
18,18
19,19
20,20
19,21
22,22
62,23
24,24
25,25
26,26
27,27
28,28
29,29
30,30
31,31
32,32
33,33
34,34
35,35
36,36
37,37
38,38
39,39
40,40
41,41
42,42
43,43
44,44
45,45
46,46
47,47
48,48
49,49
50,50
51,51
52,52
53,53
54,54
55,55
56,56
57,57
58,58
59,59
0,0
1,1
2,2
3,3
44,4
5,5
6,6
7,7
8,8
9,9
10,10
11,11
90,12
13,13
13,14
15,15
16,16
17,17
18,18
19,19
20,20
21,21
21,22
23,23
45,24
25,25
26,26
27,27
90,28
29,29
30,30
31,31
32,32
33,33
34,34
1,35
36,36
103,37
38,38
39,39
40,40
41,41
42,42
40,43
24,44
45,45
46,46
47,47
48,48
106,49
50,50
51,51
52,52
53,53
54,54
55,55
56,56
57,57
58,58
59,59
0,0
1,1
2,2
3,3
4,4
5,5
6,6
7,7
8,8
9,9
10,10
28,11
12,12
13,13
14,14
15,15
16,16
17,17
18,18
19,19
20,20
21,21
22,22
6,23
24,24
25,25
26,26
27,27
83,28
28,29
30,30
31,31
32,32
33,33
34,34
1,35
36,36
37,37
38,38
39,39
40,40
41,41
42,42
43,43
44,44
45,45
46,46
47,47
48,48
49,49
50,50
51,51
114,52
53,53
54,54
55,55
56,56
57,57
58,58
59,59
0,0
1,1
2,2
3,3
4,4
5,5
6,6
7,7
8,8
9,9
28,10
11,11
12,12
13,13
14,14
15,15
16,16
17,17
18,18
19,19
20,20
21,21
22,22
23,23
24,24
25,25
26,26
27,27
83,28
29,29
30,30
31,31
32,32
33,33
34,34
35,35
36,36
37,37
38,38
39,39
40,40
41,41
42,42
43,43
44,44
45,45
46,46
47,47
48,48
49,49
50,50
51,51
52,52
53,53
54,54
55,55
56,56
57,57
58,58
59,59
9,0
1,1
2,2
3,3
4,4
5,5
6,6
7,7
8,8
9,9
10,10
10,11
12,12
13,13
14,14
15,15
16,16
18,17
18,18
19,19
20,20
21,21
22,22
101,23
24,24
25,25
26,26
27,27
29,28
29,29
30,30
31,31
32,32
9,33
34,34
29,35
36,36
37,37
38,38
39,39
43,40
41,41
42,42
43,43
44,44
45,45
46,46
47,47
48,48
49,49
50,50
51,51
52,52
53,53
54,54
55,55
56,56
57,57
58,58
59,59
0,0
1,1
2,2
3,3
4,4
5,5
6,6
7,7
8,8
9,9
10,10
11,11
12,12
13,13
14,14
15,15
16,16
17,17
18,18
19,19
20,20
21,21
22,22
23,23
24,24
25,25
26,26
27,27
83,28
29,29
30,30
31,31
32,32
33,33
34,34
35,35
36,36
37,37
97,38
39,39
40,40
41,41
42,42
43,43
44,44
45,45
46,46
47,47
48,48
49,49
50,50
51,51
52,52
109,53
54,54
55,55
56,56
57,57
58,58
59,59
0,0
1,1
2,2
3,3
4,4
5,5
6,6
7,7
8,8
9,9
10,10
11,11
12,12
13,13
14,14
15,15
16,16
17,17
18,18
19,19
20,20
21,21
22,22
23,23
14,24
25,25
26,26
27,27
28,28
29,29
30,30
31,31
32,32
33,33
34,34
35,35
36,36
37,37
38,38
39,39
104,40
41,41
42,42
43,43
44,44
45,45
46,46
47,47
48,48
49,49
50,50
51,51
52,52
53,53
54,54
55,55
56,56
57,57
58,58
59,59
0,0
1,1
0,2
3,3
6,6
7,7
8,8
9,9
48,10
11,11
12,12
13,13
14,14
15,15
16,16
17,17
18,18
19,19
20,20
21,21
97,22
23,23
24,24
25,25
26,26
27,27
28,28
29,29
30,30
31,31
104,32
33,33
34,34
35,35
36,36
37,37
38,38
39,39
40,40
41,41
42,42
43,43
29,44
45,45
46,46
47,47
48,48
49,49
50,50
51,51
52,52
53,53
54,54
55,55
56,56
57,57
58,58
59,59
0,0
1,1
2,2
3,3
4,4
5,5
6,6
7,7
8,8
9,9
10,10
10,11
12,12
13,13
14,14
15,15
16,16
17,17
18,18
19,19
20,20
21,21
22,22
23,23
14,24
25,25
26,26
27,27
28,28
29,29
31,30
31,31
32,32
9,33
34,34
35,35
36,36
37,37
38,38
39,39
104,40
41,41
42,42
43,43
44,44
45,45
46,46
47,47
48,48
49,49
50,50
51,51
52,52
53,53
54,54
55,55
56,56
57,57
58,58
59,59
0,0
1,1
0,2
3,3
56,4
5,5
6,6
7,7
8,8
9,9
10,10
29,11
12,12
13,13
14,14
15,15
16,16
17,17
18,18
19,19
20,20
21,21
22,22
23,23
24,24
25,25
26,26
27,27
83,28
29,29
30,30
31,31
32,32
33,33
34,34
35,35
84,36
37,37
97,38
39,39
40,40
41,41
42,42
43,43
44,44
45,45
46,46
47,47
48,48
49,49
50,50
51,51
52,52
53,53
54,54
55,55
56,56
57,57
59,58
58,59
0,0
1,1
3,2
3,3
4,4
5,5
49,6
42,7
77,10
10,11
12,12
13,13
87,14
15,15
16,16
17,17
18,18
93,19
20,20
21,21
22,22
23,23
25,25
26,26
60,27
88,28
10,29
30,30
31,31
32,32
33,33
34,34
35,35
36,36
37,37
38,38
114,39
104,40
35,41
42,42
43,43
44,44
45,45
46,46
47,47
48,48
49,49
50,50
51,51
52,52
53,53
54,54
55,55
56,56
57,57
58,58
59,59
0,0
1,1
2,2
3,3
4,4
5,5
6,6
7,7
8,8
9,9
10,10
28,11
12,12
13,13
14,14
16,15
16,16
17,17
18,18
19,19
20,20
21,21
22,22
23,23
24,24
25,25
26,26
27,27
83,28
29,29
31,30
31,31
32,32
33,33
34,34
35,35
36,36
37,37
38,38
39,39
38,40
41,41
42,42
43,43
44,44
45,45
3,46
47,47
48,48
49,49
50,50
51,51
52,52
53,53
54,54
55,55
56,56
57,57
58,58
59,59
0,0
1,1
2,2
3,3
4,4
5,5
6,6
7,7
8,8
9,9
10,10
28,11
12,12
13,13
13,14
15,15
10,16
17,17
18,18
19,19
20,20
21,21
22,22
23,23
24,24
25,25
26,26
27,27
109,28
29,29
31,30
31,31
32,32
33,33
34,34
35,35
36,36
37,37
38,38
39,39
40,40
41,41
42,42
43,43
44,44
45,45
46,46
47,47
48,48
49,49
50,50
51,51
52,52
53,53
54,54
55,55
56,56
57,57
58,58
59,59
0,0
1,1
2,2
3,3
4,4
5,5
6,6
7,7
8,8
9,9
10,10
28,11
12,12
49,13
14,14
16,15
16,16
17,17
18,18
19,19
20,20
21,21
22,22
23,23
24,24
25,25
26,26
27,27
28,28
29,29
30,30
31,31
32,32
33,33
34,34
35,35
36,36
37,37
38,38
39,39
40,40
41,41
42,42
43,43
44,44
45,45
17,46
47,47
48,48
49,49
50,50
51,51
52,52
53,53
54,54
55,55
56,56
57,57
58,58
59,59
0,0
1,1
2,2
3,3
4,4
5,5
6,6
7,7
8,8
9,9
10,10
11,11
12,12
13,13
13,14
15,15
16,16
17,17
18,18
19,19
20,20
21,21
22,22
23,23
24,24
25,25
26,26
27,27
31,28
29,29
31,30
2,31
32,32
33,33
34,34
35,35
36,36
37,37
38,38
39,39
40,40
41,41
42,42
43,43
44,44
45,45
46,46
47,47
48,48
49,49
50,50
51,51
52,52
53,53
54,54
55,55
56,56
57,57
58,58
59,59
0,0
2,2
4,4
5,5
6,6
7,7
8,8
33,9
10,10
11,11
12,12
13,13
14,14
15,15
15,16
17,17
18,18
19,19
20,20
21,21
22,22
23,23
24,24
25,25
26,26
27,27
72,28
29,29
31,30
31,31
32,32
33,33
34,34
35,35
36,36
37,37
38,38
39,39
38,40
41,41
42,42
43,43
44,44
45,45
46,46
47,47
48,48
49,49
50,50
51,51
52,52
53,53
54,54
55,55
56,56
57,57
58,58
59,59
0,0
1,1
2,2
3,3
4,4
5,5
6,6
7,7
8,8
9,9
10,10
29,11
12,12
13,13
13,14
15,15
16,16
17,17
18,18
19,19
20,20
21,21
22,22
23,23
24,24
25,25
26,26
27,27
109,28
29,29
30,30
31,31
32,32
33,33
34,34
35,35
36,36
37,37
38,38
39,39
40,40
41,41
42,42
43,43
44,44
45,45
46,46
47,47
48,48
49,49
50,50
51,51
52,52
53,53
54,54
55,55
56,56
57,57
58,58
59,59
0,0
1,1
2,2
3,3
14,4
5,5
6,6
7,7
8,8
9,9
10,10
81,11
12,12
13,13
14,14
15,15
15,16
43,17
18,18
93,19
19,20
21,21
22,22
23,23
10,24
25,25
26,26
10,27
13,28
28,29
30,30
31,31
32,32
33,33
34,34
35,35
36,36
37,37
38,38
39,39
40,40
41,41
42,42
43,43
44,44
45,45
46,46
47,47
48,48
49,49
50,50
51,51
52,52
53,53
54,54
55,55
56,56
57,57
58,58
59,59
0,0
1,1
2,2
3,3
4,4
5,5
6,6
7,7
8,8
9,9
10,10
29,11
12,12
13,13
14,14
15,15
16,16
17,17
1,18
19,19
20,20
21,21
22,22
23,23
15,24
25,25
26,26
102,27
27,28
29,29
30,30
32,31
32,32
33,33
34,34
35,35
36,36
37,37
38,38
39,39
43,40
41,41
42,42
43,43
44,44
45,45
46,46
47,47
48,48
49,49
50,50
51,51
52,52
53,53
54,54
55,55
56,56
57,57
58,58
59,59
0,0
1,1
2,2
3,3
14,4
5,5
6,6
7,7
8,8
9,9
28,10
29,11
12,12
13,13
14,14
16,15
16,16
17,17
18,18
19,19
20,20
21,21
22,22
23,23
24,24
25,25
26,26
17,27
10,28
29,29
30,30
31,31
32,32
33,33
34,34
35,35
36,36
37,37
38,38
39,39
40,40
41,41
42,42
43,43
44,44
45,45
46,46
47,47
48,48
49,49
50,50
51,51
52,52
53,53
54,54
55,55
56,56
57,57
58,58
59,59
0,0
1,1
2,2
3,3
4,4
5,5
6,6
7,7
8,8
21,9
11,10
11,11
12,12
13,13
14,14
15,15
16,16
17,17
18,18
19,19
20,20
21,21
22,22
23,23
11,24
25,25
26,26
10,27
28,28
29,29
30,30
103,31
32,32
21,33
34,34
35,35
36,36
37,37
38,38
39,39
43,40
41,41
42,42
17,43
44,44
45,45
46,46
47,47
48,48
49,49
50,50
51,51
52,52
53,53
54,54
55,55
56,56
57,57
58,58
59,59
31,0
29,1
10,2
10,3
4,4
5,5
6,6
79,7
39,9
11,10
73,11
13,12
13,13
14,14
4,23
26,26
15,29
30,30
18,31
10,32
21,33
34,34
18,35
10,36
69,37
17,38
64,39
40,40
41,41
42,42
43,43
44,44
45,45
46,46
47,47
48,48
49,49
50,50
51,51
52,52
53,53
54,54
55,55
56,56
57,57
58,58
59,59
90,0
1,1
3,3
4,4
5,5
6,6
7,7
8,8
39,9
11,10
29,11
12,12
13,13
14,14
15,15
16,16
18,17
18,18
19,19
20,20
21,21
35,22
23,23
15,24
25,25
26,26
46,27
31,28
29,29
106,30
45,31
33,32
33,33
34,34
35,35
3,36
52,37
38,38
39,39
35,40
41,41
42,42
46,43
44,44
86,45
18,46
47,47
48,48
49,49
50,50
51,51
52,52
30,53
54,54
55,55
56,56
57,57
58,58
59,59
0,0
84,1
2,2
3,3
4,4
5,5
6,6
7,7
8,8
9,9
10,10
10,11
12,12
13,13
14,14
15,15
15,16
17,17
18,18
19,19
20,20
48,21
22,22
23,23
24,24
25,25
26,26
27,27
47,28
29,29
31,30
31,31
32,32
33,33
34,34
35,35
36,36
37,37
38,38
39,39
40,40
41,41
42,42
2,43
44,44
45,45
3,46
47,47
48,48
49,49
50,50
51,51
52,52
53,53
54,54
55,55
56,56
57,57
58,58
59,59
0,0
1,1
2,2
3,3
24,4
5,5
103,6
7,7
8,8
33,9
10,10
29,11
12,12
13,13
14,14
15,15
16,16
17,17
18,18
19,19
20,20
48,21
22,22
23,23
45,24
25,25
26,26
27,27
90,28
29,29
22,30
31,31
32,32
33,33
34,34
35,35
36,36
37,37
38,38
39,39
40,40
41,41
42,42
43,43
44,44
45,45
46,46
47,47
48,48
49,49
50,50
51,51
52,52
53,53
54,54
55,55
56,56
57,57
58,58
59,59
36,1
3,3
4,4
5,5
6,6
7,7
8,8
9,9
10,10
29,11
12,12
14,14
15,15
16,16
17,17
18,18
19,19
20,20
48,21
22,22
23,23
24,24
25,25
26,26
27,27
47,28
29,29
30,30
31,31
32,32
33,33
34,34
35,35
36,36
37,37
38,38
39,39
40,40
41,41
42,42
43,43
44,44
45,45
3,46
15,47
48,48
35,49
51,50
51,51
52,52
53,53
54,54
55,55
56,56
57,57
58,58
59,59
0,0
1,1
43,2
3,3
40,4
5,5
103,6
7,7
8,8
9,9
10,10
29,11
12,12
13,13
14,14
15,15
16,16
17,17
18,18
19,19
20,20
48,21
22,22
23,23
14,24
25,25
26,26
27,27
90,28
29,29
22,30
31,31
32,32
33,33
34,34
35,35
36,36
37,37
38,38
39,39
40,40
41,41
42,42
43,43
44,44
45,45
46,46
47,47
48,48
51,49
50,50
51,51
52,52
53,53
54,54
55,55
56,56
57,57
58,58
59,59
0,0
1,1
2,2
3,3
4,4
5,5
6,6
7,7
8,8
9,9
10,10
29,11
12,12
13,13
14,14
15,15
15,16
17,17
18,18
19,19
20,20
48,21
22,22
23,23
24,24
25,25
26,26
0,27
63,28
29,29
31,30
31,31
32,32
33,33
34,34
35,35
36,36
37,37
38,38
39,39
40,40
41,41
42,42
43,43
44,44
45,45
3,46
47,47
48,48
53,49
50,50
51,51
52,52
53,53
54,54
55,55
56,56
57,57
58,58
59,59
0,0
2,1
2,2
3,3
4,4
5,5
13,6
7,7
8,8
33,9
28,10
29,11
33,12
13,13
14,14
7,15
44,16
17,17
18,18
19,19
20,20
31,21
22,22
59,23
15,24
25,25
26,26
27,27
90,28
29,29
22,30
31,31
32,32
33,33
34,34
35,35
36,36
37,37
38,38
39,39
40,40
41,41
42,42
43,43
44,44
45,45
46,46
47,47
48,48
49,49
50,50
51,51
52,52
53,53
54,54
55,55
56,56
57,57
58,58
59,59
0,0
1,1
2,2
3,3
4,4
5,5
6,6
7,7
8,8
9,9
10,10
10,11
12,12
13,13
14,14
16,15
16,16
17,17
18,18
19,19
20,20
48,21
22,22
23,23
24,24
25,25
26,26
2,27
28,28
29,29
31,30
31,31
32,32
33,33
34,34
35,35
36,36
37,37
38,38
39,39
40,40
41,41
42,42
3,43
44,44
45,45
46,46
47,47
48,48
49,49
50,50
51,51
52,52
53,53
54,54
55,55
56,56
57,57
58,58
59,59
0,0
1,1
2,2
3,3
4,4
5,5
6,6
7,7
8,8
9,9
31,10
31,11
12,12
13,13
14,14
15,15
16,16
1,17
18,18
20,20
21,21
96,22
23,23
24,24
25,25
26,26
27,27
10,28
29,29
31,30
31,31
32,32
12,33
34,34
35,35
36,36
37,37
38,38
39,39
40,40
41,41
42,42
43,43
44,44
45,45
46,46
47,47
48,48
49,49
50,50
51,51
52,52
53,53
54,54
55,55
56,56
57,57
58,58
59,59
0,0
1,1
2,2
3,3
4,4
5,5
6,6
7,7
8,8
9,9
10,10
29,11
12,12
13,13
14,14
16,15
16,16
17,17
18,18
19,19
20,20
48,21
22,22
23,23
24,24
25,25
26,26
27,27
28,28
29,29
31,30
31,31
9,32
9,33
34,34
35,35
36,36
37,37
38,38
39,39
40,40
41,41
42,42
43,43
44,44
45,45
46,46
47,47
48,48
49,49
50,50
51,51
52,52
53,53
54,54
55,55
56,56
57,57
58,58
59,59
0,0
1,1
2,2
3,3
14,4
5,5
6,6
7,7
8,8
9,9
31,10
31,11
12,12
93,13
14,14
15,15
16,16
17,17
18,18
19,19
20,20
21,21
97,22
23,23
14,24
25,25
26,26
2,27
28,28
29,29
30,30
31,31
32,32
33,33
34,34
35,35
36,36
37,37
38,38
39,39
40,40
41,41
42,42
43,43
44,44
45,45
46,46
47,47
48,48
49,49
50,50
51,51
52,52
53,53
54,54
55,55
56,56
57,57
58,58
59,59
0,0
1,1
2,2
3,3
4,4
5,5
6,6
7,7
8,8
9,9
11,10
29,11
12,12
13,13
14,14
16,15
16,16
17,17
18,18
19,19
20,20
21,21
22,22
23,23
24,24
25,25
26,26
27,27
28,28
56,29
31,30
31,31
32,32
33,33
34,34
35,35
36,36
37,37
38,38
39,39
40,40
41,41
42,42
43,43
44,44
45,45
46,46
47,47
48,48
49,49
50,50
51,51
52,52
53,53
54,54
55,55
56,56
57,57
58,58
59,59
0,0
1,1
2,2
19,3
86,4
5,5
23,6
7,7
8,8
9,9
10,10
10,11
12,12
13,13
14,14
15,15
16,16
17,17
19,18
19,19
20,20
21,21
22,22
41,23
27,24
25,25
26,26
27,27
12,28
1,29
31,30
31,31
31,32
33,33
34,34
35,35
36,36
37,37
38,38
39,39
40,40
41,41
43,43
44,44
45,45
46,46
47,47
48,48
49,49
50,50
61,51
54,52
93,53
54,54
55,55
56,56
57,57
58,58
59,59
0,0
1,1
2,2
3,3
4,4
5,5
6,6
7,7
8,8
9,9
29,10
29,11
12,12
13,13
14,14
16,15
16,16
17,17
18,18
19,19
20,20
21,21
22,22
23,23
24,24
25,25
26,26
27,27
28,28
29,29
31,30
31,31
32,32
33,33
34,34
35,35
36,36
37,37
38,38
39,39
40,40
41,41
42,42
2,43
44,44
45,45
46,46
47,47
9,48
49,49
50,50
51,51
52,52
53,53
54,54
55,55
56,56
57,57
58,58
59,59
0,0
1,1
2,2
3,3
4,4
5,5
6,6
7,7
8,8
33,9
28,10
29,11
12,12
13,13
14,14
16,15
16,16
17,17
18,18
19,19
20,20
21,21
22,22
23,23
24,24
25,25
26,26
27,27
28,28
29,29
64,30
31,31
32,32
33,33
34,34
35,35
36,36
37,37
38,38
39,39
40,40
41,41
42,42
43,43
44,44
45,45
46,46
47,47
48,48
49,49
50,50
51,51
52,52
53,53
54,54
55,55
56,56
57,57
58,58
59,59
0,0
1,1
2,2
3,3
4,4
5,5
6,6
7,7
8,8
9,9
10,10
11,11
12,12
13,13
14,14
15,15
16,16
17,17
18,18
19,19
20,20
21,21
22,22
23,23
24,24
25,25
26,26
27,27
28,28
29,29
31,30
31,31
32,32
33,33
34,34
35,35
36,36
37,37
38,38
39,39
40,40
41,41
42,42
17,43
16,44
45,45
46,46
47,47
48,48
49,49
50,50
51,51
52,52
53,53
54,54
55,55
56,56
57,57
58,58
59,59
0,0
1,1
2,2
3,3
4,4
5,5
6,6
7,7
8,8
9,9
11,10
11,11
12,12
13,13
14,14
15,15
16,16
17,17
18,18
19,19
20,20
21,21
22,22
23,23
24,24
25,25
26,26
27,27
27,28
29,29
22,30
31,31
32,32
33,33
34,34
35,35
36,36
37,37
38,38
39,39
40,40
41,41
42,42
43,43
44,44
45,45
46,46
47,47
48,48
49,49
50,50
51,51
52,52
53,53
54,54
55,55
56,56
57,57
58,58
59,59
0,0
1,1
2,2
3,3
4,4
5,5
6,6
7,7
8,8
9,9
11,10
29,11
12,12
13,13
14,14
15,15
16,16
17,17
18,18
19,19
20,20
21,21
22,22
23,23
14,24
25,25
26,26
27,27
28,28
29,29
31,30
31,31
32,32
33,33
34,34
35,35
36,36
37,37
38,38
39,39
40,40
41,41
42,42
43,43
44,44
45,45
46,46
47,47
48,48
49,49
50,50
51,51
52,52
53,53
54,54
55,55
56,56
57,57
58,58
59,59
0,0
1,1
2,2
3,3
4,4
5,5
49,6
7,7
8,8
9,9
11,10
72,11
12,12
13,13
14,14
15,15
16,16
17,17
18,18
60,19
20,20
21,21
22,22
23,23
24,24
25,25
26,26
27,27
65,28
29,29
22,30
31,31
32,32
33,33
34,34
35,35
46,36
37,37
38,38
39,39
116,40
41,41
42,42
43,43
44,44
45,45
46,46
47,47
48,48
49,49
50,50
51,51
52,52
53,53
54,54
58,55
56,56
57,57
58,58
59,59
0,0
1,1
2,2
3,3
4,4
5,5
49,6
7,7
8,8
9,9
10,10
29,11
12,12
13,13
14,14
16,15
16,16
17,17
18,18
19,19
20,20
21,21
22,22
23,23
17,24
25,25
26,26
27,27
85,28
29,29
30,30
31,31
32,32
33,33
34,34
35,35
36,36
37,37
38,38
39,39
40,40
41,41
42,42
43,43
44,44
45,45
46,46
47,47
48,48
49,49
50,50
51,51
52,52
53,53
54,54
55,55
56,56
57,57
58,58
59,59
0,0
1,1
2,2
3,3
4,4
34,5
41,6
7,7
8,8
9,9
10,10
28,11
12,12
13,13
14,14
15,15
15,16
17,17
18,18
19,19
20,20
21,21
22,22
23,23
24,24
25,25
26,26
27,27
28,28
29,29
30,30
31,31
31,32
33,33
34,34
35,35
36,36
37,37
38,38
39,39
20,40
41,41
42,42
2,43
14,44
45,45
46,46
47,47
48,48
49,49
50,50
51,51
52,52
53,53
54,54
55,55
56,56
57,57
58,58
59,59
0,0
1,1
2,2
3,3
4,4
5,5
49,6
7,7
8,8
9,9
10,10
29,11
12,12
13,13
14,14
15,15
16,16
17,17
18,18
19,19
20,20
21,21
22,22
23,23
17,24
25,25
26,26
2,27
29,28
29,29
30,30
31,31
32,32
33,33
34,34
35,35
36,36
37,37
38,38
39,39
43,40
41,41
42,42
43,43
44,44
45,45
46,46
47,47
48,48
49,49
50,50
51,51
52,52
53,53
54,54
55,55
56,56
57,57
58,58
59,59
0,0
1,1
2,2
3,3
4,4
5,5
6,6
7,7
8,8
9,9
10,10
29,11
12,12
13,13
14,14
15,15
15,16
17,17
18,18
19,19
20,20
21,21
22,22
23,23
24,24
25,25
26,26
27,27
74,28
29,29
30,30
31,31
32,32
33,33
34,34
35,35
36,36
37,37
38,38
39,39
40,40
41,41
42,42
43,43
45,44
45,45
3,46
47,47
48,48
49,49
50,50
51,51
52,52
53,53
54,54
55,55
56,56
57,57
58,58
59,59
0,0
10,1
2,2
3,3
4,4
5,5
49,6
7,7
8,8
9,9
10,10
29,11
12,12
13,13
14,14
15,15
16,16
17,17
18,18
19,19
20,20
21,21
22,22
23,23
17,24
25,25
26,26
27,27
85,28
29,29
30,30
31,31
32,32
33,33
34,34
35,35
36,36
37,37
38,38
39,39
40,40
41,41
42,42
43,43
44,44
45,45
46,46
47,47
48,48
49,49
50,50
51,51
52,52
53,53
54,54
55,55
56,56
53,57
58,58
59,59
0,0
1,1
2,2
3,3
4,4
5,5
41,6
7,7
8,8
9,9
10,10
29,11
12,12
13,13
14,14
16,15
15,16
17,17
18,18
19,19
20,20
21,21
22,22
23,23
3,24
25,25
26,26
27,27
10,28
29,29
30,30
2,31
32,32
33,33
34,34
35,35
36,36
37,37
38,38
39,39
20,40
41,41
42,42
15,43
16,44
45,45
3,46
15,47
48,48
49,49
50,50
51,51
52,52
53,53
54,54
55,55
56,56
57,57
58,58
59,59
0,0
1,1
2,2
3,3
4,4
5,5
49,6
7,7
21,8
9,9
10,10
11,11
12,12
13,13
14,14
16,15
16,16
17,17
18,18
19,19
20,20
21,21
22,22
23,23
24,24
25,25
26,26
27,27
55,28
4,29
30,30
31,31
82,32
33,33
34,34
35,35
102,36
37,37
38,38
39,39
1,40
41,41
42,42
43,43
44,44
45,45
46,46
47,47
48,48
49,49
50,50
51,51
52,52
53,53
54,54
55,55
56,56
57,57
58,58
59,59
0,0
1,1
0,2
3,3
4,4
5,5
6,6
7,7
8,8
33,9
10,10
29,11
13,12
13,13
14,14
15,15
16,16
17,17
18,18
19,19
20,20
21,21
22,22
23,23
24,24
25,25
26,26
27,27
28,28
29,29
30,30
31,31
32,32
33,33
34,34
35,35
36,36
37,37
38,38
39,39
40,40
41,41
42,42
46,43
44,44
45,45
46,46
47,47
48,48
50,49
50,50
51,51
52,52
53,53
54,54
117,55
56,56
57,57
58,58
59,59
0,0
1,1
2,2
3,3
1,4
5,5
49,6
7,7
98,8
9,9
10,10
11,11
12,12
13,13
14,14
15,15
16,16
17,17
18,18
19,19
20,20
21,21
22,22
23,23
24,24
25,25
26,26
27,27
12,28
2,29
30,30
31,31
82,32
33,33
34,34
35,35
1,36
37,37
38,38
39,39
1,40
41,41
42,42
43,43
44,44
45,45
46,46
47,47
48,48
49,49
50,50
51,51
52,52
53,53
54,54
55,55
56,56
57,57
58,58
59,59
0,0
1,1
2,2
3,3
4,4
5,5
6,6
7,7
8,8
33,9
10,10
11,11
89,12
13,13
14,14
15,15
16,16
17,17
18,18
19,19
20,20
21,21
22,22
23,23
24,24
25,25
26,26
27,27
29,28
29,29
30,30
31,31
32,32
33,33
34,34
110,35
36,36
37,37
38,38
39,39
40,40
41,41
42,42
43,43
44,44
45,45
46,46
47,47
48,48
56,49
50,50
51,51
52,52
53,53
54,54
117,55
56,56
57,57
58,58
59,59
0,0
1,1
2,2
3,3
88,4
5,5
6,6
7,7
8,8
9,9
10,10
29,11
12,12
13,13
14,14
15,15
16,16
17,17
18,18
19,19
20,20
21,21
22,22
23,23
24,24
25,25
26,26
27,27
10,28
24,29
30,30
31,31
32,32
33,33
34,34
35,35
36,36
37,37
38,38
39,39
40,40
41,41
42,42
43,43
44,44
45,45
46,46
47,47
48,48
49,49
50,50
51,51
52,52
53,53
54,54
55,55
56,56
57,57
58,58
59,59
0,0
1,1
2,2
19,3
4,4
100,5
6,6
7,7
8,8
33,9
10,10
11,11
12,12
13,13
14,14
16,15
16,16
17,17
18,18
19,19
20,20
21,21
22,22
23,23
2,24
25,25
26,26
27,27
28,28
29,29
30,30
31,31
32,32
33,33
34,34
35,35
36,36
37,37
38,38
39,39
40,40
41,41
42,42
43,43
44,44
45,45
0,46
47,47
48,48
50,49
50,50
51,51
52,52
53,53
54,54
117,55
56,56
57,57
58,58
59,59
0,0
1,1
2,2
3,3
4,4
5,5
6,6
7,7
8,8
9,9
10,10
29,11
12,12
13,13
14,14
15,15
16,16
17,17
18,18
19,19
20,20
21,21
22,22
23,23
24,24
25,25
26,26
27,27
82,28
10,29
55,30
31,31
32,32
33,33
34,34
35,35
84,36
37,37
38,38
39,39
40,40
41,41
42,42
27,43
44,44
45,45
46,46
47,47
48,48
49,49
110,50
51,51
52,52
53,53
54,54
55,55
56,56
57,57
58,58
59,59
0,0
1,1
2,2
3,3
4,4
5,5
6,6
7,7
8,8
9,9
81,10
72,11
12,12
13,13
14,14
16,15
16,16
17,17
18,18
19,19
20,20
21,21
22,22
23,23
24,24
25,25
26,26
27,27
28,28
29,29
30,30
31,31
32,32
33,33
34,34
35,35
36,36
37,37
38,38
39,39
40,40
41,41
42,42
43,43
47,44
45,45
46,46
47,47
48,48
49,49
50,50
51,51
52,52
53,53
54,54
55,55
56,56
57,57
58,58
59,59
0,0
40,1
2,2
48,3
4,4
5,5
49,6
7,7
8,8
9,9
10,10
11,11
12,12
13,13
14,14
16,15
16,16
17,17
18,18
19,19
20,20
21,21
22,22
41,23
24,24
25,25
26,26
27,27
28,28
29,29
56,30
31,31
32,32
9,33
34,34
35,35
84,36
37,37
38,38
39,39
40,40
41,41
42,42
27,43
44,44
45,45
46,46
47,47
48,48
49,49
50,50
51,51
54,52
53,53
54,54
55,55
56,56
57,57
58,58
59,59
0,0
1,1
2,2
3,3
4,4
5,5
6,6
7,7
8,8
85,9
10,10
29,11
12,12
13,13
14,14
16,15
16,16
17,17
18,18
19,19
20,20
21,21
22,22
23,23
24,24
25,25
26,26
27,27
29,28
29,29
30,30
31,31
32,32
33,33
34,34
35,35
36,36
37,37
38,38
39,39
40,40
41,41
42,42
43,43
44,44
45,45
46,46
47,47
48,48
49,49
50,50
51,51
52,52
53,53
54,54
55,55
56,56
57,57
58,58
59,59
0,0
1,1
2,2
3,3
4,4
5,5
6,6
7,7
8,8
9,9
10,10
29,11
12,12
13,13
14,14
16,15
16,16
17,17
18,18
19,19
20,20
21,21
22,22
23,23
24,24
25,25
26,26
27,27
83,28
11,29
55,30
31,31
32,32
33,33
34,34
35,35
84,36
37,37
38,38
39,39
40,40
41,41
42,42
17,43
44,44
45,45
46,46
47,47
48,48
49,49
110,50
51,51
52,52
53,53
54,54
55,55
56,56
57,57
59,58
59,59
0,0
99,1
2,2
3,3
4,4
34,5
6,6
7,7
8,8
48,9
10,10
83,11
81,12
13,13
14,14
15,15
16,16
17,17
18,18
19,19
20,20
48,21
22,22
59,23
24,24
25,25
26,26
27,27
28,28
85,29
30,30
31,31
32,32
33,33
34,34
35,35
36,36
37,37
84,38
39,39
40,40
41,41
42,42
43,43
44,44
45,45
46,46
47,47
48,48
49,49
50,50
51,51
52,52
53,53
54,54
55,55
56,56
57,57
59,59
3,0
1,1
2,2
3,3
4,4
5,5
6,6
7,7
8,8
9,9
10,10
29,11
12,12
13,13
14,14
15,15
16,16
17,17
18,18
19,19
20,20
21,21
22,22
23,23
24,24
25,25
26,26
27,27
55,28
29,29
30,30
31,31
32,32
33,33
34,34
35,35
3,36
37,37
38,38
39,39
40,40
41,41
42,42
1,43
44,44
45,45
3,46
15,47
9,48
49,49
50,50
51,51
52,52
53,53
54,54
55,55
56,56
57,57
58,58
59,59
0,0
1,1
0,2
3,3
4,4
5,5
6,6
7,7
8,8
9,9
10,10
29,11
12,12
13,13
14,14
15,15
15,16
2,17
18,18
19,19
20,20
21,21
22,22
8,23
24,24
25,25
26,26
27,27
28,28
29,29
31,30
30,31
2,32
9,33
34,34
35,35
22,36
32,37
38,38
39,39
104,40
41,41
42,42
17,43
44,44
45,45
0,46
47,47
48,48
49,49
50,50
51,51
52,52
53,53
54,54
55,55
56,56
57,57
58,58
59,59
0,0
17,1
2,2
3,3
4,4
5,5
6,6
7,7
8,8
9,9
10,10
75,11
12,12
13,13
14,14
16,15
16,16
17,17
18,18
19,19
20,20
21,21
22,22
23,23
24,24
25,25
26,26
27,27
55,28
29,29
30,30
31,31
32,32
33,33
34,34
35,35
36,36
37,37
38,38
39,39
40,40
41,41
42,42
3,43
44,44
88,45
0,46
15,47
48,48
49,49
50,50
51,51
52,52
53,53
54,54
55,55
56,56
57,57
115,59
0,0
1,1
2,2
3,3
4,4
5,5
6,6
7,7
8,8
9,9
28,10
28,11
12,12
13,13
14,14
15,15
15,16
2,17
18,18
19,19
20,20
21,21
22,22
23,23
24,24
25,25
26,26
27,27
28,28
1,29
2,30
31,31
32,32
9,33
34,34
35,35
84,36
37,37
38,38
39,39
0,40
41,41
42,42
43,43
44,44
45,45
46,46
47,47
48,48
49,49
50,50
51,51
52,52
53,53
54,54
55,55
56,56
57,57
58,58
59,59
0,0
1,1
2,2
3,3
4,4
5,5
6,6
7,7
8,8
9,9
29,10
29,11
12,12
13,13
14,14
15,15
15,16
17,17
18,18
19,19
20,20
21,21
22,22
23,23
24,24
25,25
26,26
27,27
10,28
29,29
30,30
31,31
32,32
33,33
34,34
35,35
36,36
37,37
38,38
39,39
40,40
41,41
42,42
17,43
45,44
45,45
46,46
15,47
48,48
49,49
50,50
51,51
52,52
53,53
54,54
55,55
56,56
57,57
58,58
59,59
0,0
1,1
0,2
3,3
4,4
5,5
6,6
7,7
8,8
9,9
10,10
10,11
12,12
13,13
14,14
15,15
12,16
17,17
18,18
19,19
20,20
21,21
17,22
23,23
24,24
25,25
26,26
27,27
28,28
29,29
93,30
22,31
32,32
9,33
34,34
35,35
36,36
37,37
17,38
39,39
20,40
41,41
42,42
0,43
44,44
86,45
0,46
47,47
48,48
49,49
50,50
51,51
52,52
53,53
54,54
55,55
56,56
57,57
58,58
59,59
0,0
1,1
2,2
3,3
4,4
5,5
6,6
7,7
8,8
9,9
10,10
11,11
12,12
13,13
14,14
15,15
16,16
17,17
18,18
19,19
20,20
21,21
22,22
23,23
24,24
25,25
26,26
27,27
90,28
29,29
30,30
31,31
32,32
33,33
34,34
35,35
36,36
37,37
38,38
39,39
104,40
41,41
42,42
43,43
44,44
45,45
46,46
47,47
48,48
49,49
50,50
51,51
52,52
53,53
54,54
55,55
56,56
57,57
58,58
59,59
1,0
1,1
2,2
3,3
4,4
5,5
6,6
79,7
8,8
33,9
75,10
29,11
12,12
13,13
14,14
15,15
16,16
17,17
18,18
19,19
20,20
21,21
22,22
23,23
24,24
25,25
26,26
27,27
28,28
11,29
30,30
31,31
69,32
33,33
5,34
35,35
36,36
37,37
38,38
39,39
40,40
41,41
42,42
43,43
44,44
45,45
46,46
47,47
48,48
49,49
50,50
51,51
52,52
53,53
54,54
55,55
56,56
57,57
58,58
59,59
0,0
1,1
2,2
3,3
4,4
5,5
6,6
7,7
8,8
82,9
10,10
11,11
12,12
13,13
14,14
15,15
16,16
17,17
18,18
19,19
20,20
21,21
22,22
23,23
24,24
25,25
26,26
27,27
72,28
29,29
30,30
31,31
32,32
33,33
79,34
35,35
36,36
37,37
38,38
39,39
104,40
41,41
42,42
48,43
44,44
45,45
46,46
47,47
48,48
49,49
50,50
51,51
52,52
53,53
54,54
55,55
56,56
57,57
58,58
59,59
1,0
1,1
2,2
3,3
4,4
5,5
6,6
7,7
8,8
9,9
10,10
29,11
12,12
13,13
14,14
15,15
16,16
17,17
18,18
19,19
20,20
21,21
30,22
23,23
24,24
25,25
26,26
27,27
28,28
28,29
52,30
31,31
32,32
33,33
34,34
35,35
36,36
37,37
9,38
39,39
40,40
41,41
42,42
43,43
44,44
45,45
46,46
47,47
48,48
49,49
50,50
51,51
52,52
53,53
54,54
55,55
56,56
57,57
58,58
59,59
0,0
1,1
2,2
3,3
118,4
5,5
64,6
7,7
8,8
9,9
75,10
11,11
12,12
13,13
14,14
15,15
16,16
17,17
18,18
19,19
20,20
21,21
22,22
23,23
24,24
25,25
26,26
27,27
10,28
29,29
30,30
31,31
32,32
33,33
107,34
35,35
36,36
37,37
38,38
39,39
40,40
41,41
42,42
43,43
44,44
45,45
46,46
47,47
48,48
116,49
110,50
51,51
52,52
57,53
54,54
55,55
56,56
57,57
58,58
59,59
1,0
1,1
43,2
3,3
4,4
5,5
6,6
7,7
8,8
9,9
10,10
10,11
12,12
13,13
14,14
15,15
16,16
17,17
18,18
19,19
20,20
21,21
22,22
23,23
24,24
25,25
26,26
27,27
90,28
11,29
30,30
31,31
37,32
33,33
34,34
35,35
36,36
37,37
38,38
39,39
40,40
41,41
42,42
43,43
44,44
45,45
46,46
47,47
48,48
49,49
50,50
51,51
52,52
53,53
54,54
55,55
56,56
57,57
58,58
59,59
0,0
1,1
2,2
3,3
4,4
5,5
6,6
7,7
8,8
9,9
10,10
11,11
12,12
13,13
14,14
15,15
99,16
17,17
18,18
19,19
20,20
21,21
22,22
23,23
24,24
25,25
26,26
2,27
81,28
10,29
31,30
31,31
32,32
33,33
34,34
35,35
36,36
37,37
38,38
39,39
40,40
41,41
42,42
43,43
44,44
45,45
46,46
47,47
48,48
49,49
50,50
51,51
52,52
53,53
54,54
55,55
56,56
57,57
58,58
59,59
0,0
1,1
2,2
3,3
4,4
5,5
6,6
7,7
8,8
9,9
10,10
85,11
12,12
13,13
14,14
15,15
16,16
17,17
18,18
19,19
20,20
21,21
22,22
23,23
24,24
25,25
26,26
27,27
72,28
29,29
30,30
31,31
32,32
33,33
34,34
35,35
36,36
37,37
38,38
39,39
104,40
41,41
42,42
17,43
44,44
45,45
46,46
47,47
48,48
105,49
50,50
51,51
52,52
53,53
54,54
55,55
108,56
57,57
58,58
59,59
0,0
1,1
2,2
3,3
4,4
5,5
13,6
7,7
8,8
9,9
10,10
11,11
13,13
14,14
15,15
23,16
17,17
18,18
19,19
20,20
21,21
22,22
23,23
24,24
25,25
26,26
1,27
90,28
75,29
31,30
31,31
32,32
33,33
34,34
35,35
36,36
37,37
38,38
39,39
40,40
41,41
42,42
43,43
44,44
45,45
46,46
47,47
48,48
49,49
50,50
51,51
52,52
53,53
54,54
117,55
56,56
57,57
58,58
59,59
0,0
1,1
2,2
3,3
4,4
5,5
6,6
7,7
8,8
9,9
10,10
11,11
12,12
13,13
14,14
15,15
16,16
17,17
18,18
19,19
20,20
21,21
22,22
23,23
24,24
25,25
26,26
27,27
90,28
29,29
30,30
31,31
32,32
33,33
34,34
35,35
36,36
37,37
38,38
39,39
40,40
41,41
42,42
17,43
44,44
45,45
46,46
47,47
48,48
105,49
50,50
51,51
52,52
53,53
54,54
55,55
116,56
57,57
58,58
59,59
0,0
1,1
2,2
3,3
4,4
5,5
6,6
7,7
8,8
9,9
10,10
29,11
12,12
13,13
14,14
15,15
16,16
17,17
18,18
19,19
20,20
21,21
22,22
23,23
24,24
25,25
26,26
27,27
12,28
11,29
31,30
31,31
32,32
33,33
34,34
35,35
36,36
37,37
38,38
39,39
40,40
41,41
42,42
43,43
44,44
45,45
46,46
47,47
48,48
105,49
50,50
51,51
52,52
112,53
54,54
55,55
56,56
57,57
58,58
59,59
0,0
1,1
0,2
3,3
4,4
5,5
6,6
7,7
8,8
9,9
10,10
75,11
13,13
14,14
15,15
16,16
17,17
18,18
19,19
20,20
21,21
22,22
23,23
24,24
25,25
26,26
27,27
72,28
29,29
30,30
31,31
32,32
33,33
34,34
35,35
36,36
92,37
38,38
39,39
104,40
41,41
42,42
0,43
44,44
45,45
46,46
47,47
48,48
49,49
50,50
51,51
52,52
53,53
54,54
55,55
110,56
57,57
58,58
59,59
0,0
1,1
2,2
3,3
4,4
5,5
37,6
7,7
8,8
9,9
29,10
29,11
12,12
13,13
14,14
15,15
16,16
17,17
18,18
19,19
20,20
21,21
22,22
23,23
14,24
99,25
26,26
27,27
28,28
29,29
30,30
31,31
32,32
9,33
34,34
35,35
36,36
37,37
38,38
31,39
40,40
41,41
91,42
43,43
44,44
45,45
46,46
40,47
48,48
49,49
50,50
51,51
52,52
53,53
54,54
55,55
56,56
57,57
58,58
59,59
1,0
1,1
2,2
3,3
4,4
5,5
6,6
7,7
8,8
9,9
28,10
29,11
12,12
13,13
14,14
15,15
16,16
17,17
18,18
19,19
20,20
21,21
22,22
23,23
24,24
41,25
26,26
27,27
28,28
29,29
30,30
31,31
32,32
33,33
34,34
35,35
36,36
37,37
38,38
39,39
40,40
41,41
91,42
43,43
44,44
45,45
46,46
40,47
48,48
49,49
50,50
51,51
52,52
53,53
54,54
55,55
56,56
57,57
58,58
59,59
0,0
1,1
2,2
3,3
4,4
5,5
6,6
7,7
8,8
9,9
29,10
29,11
12,12
13,13
14,14
15,15
16,16
17,17
18,18
19,19
20,20
21,21
22,22
23,23
27,24
99,25
26,26
27,27
29,28
29,29
30,30
31,31
1,32
9,33
34,34
35,35
36,36
37,37
38,38
31,39
40,40
41,41
42,42
43,43
7,44
45,45
0,46
16,47
48,48
49,49
50,50
51,51
52,52
53,53
54,54
55,55
56,56
57,57
58,58
59,59
1,0
1,1
2,2
3,3
4,4
5,5
6,6
7,7
8,8
9,9
28,10
29,11
77,12
13,13
14,14
15,15
16,16
17,17
18,18
19,19
20,20
21,21
22,22
23,23
24,24
25,25
26,26
27,27
28,28
29,29
30,30
31,31
32,32
33,33
34,34
35,35
36,36
37,37
38,38
39,39
40,40
41,41
42,42
43,43
44,44
45,45
46,46
40,47
48,48
49,49
50,50
51,51
52,52
53,53
54,54
55,55
56,56
57,57
58,58
59,59
0,0
1,1
2,2
3,3
4,4
5,5
6,6
7,7
8,8
10,9
10,10
11,11
12,12
13,13
14,14
15,15
16,16
17,17
18,18
19,19
20,20
21,21
22,22
23,23
24,24
23,25
26,26
0,27
28,28
29,29
30,30
31,31
32,32
33,33
34,34
35,35
36,36
37,37
38,38
39,39
40,40
41,41
42,42
43,43
44,44
45,45
2,46
40,47
48,48
49,49
50,50
51,51
52,52
53,53
54,54
55,55
56,56
57,57
58,58
59,59
0,0
1,1
2,2
3,3
4,4
5,5
6,6
7,7
8,8
10,10
29,11
12,12
13,13
14,14
15,15
16,16
17,17
18,18
19,19
20,20
21,21
22,22
23,23
24,24
25,25
26,26
27,27
28,28
28,29
30,30
31,31
32,32
33,33
34,34
35,35
36,36
37,37
38,38
39,39
40,40
41,41
42,42
43,43
44,44
45,45
46,46
40,47
48,48
49,49
50,50
52,51
52,52
53,53
54,54
55,55
56,56
57,57
58,58
59,59
0,0
1,1
2,2
3,3
80,4
5,5
6,6
7,7
8,8
9,9
10,10
11,11
12,12
13,13
14,14
15,15
16,16
17,17
18,18
19,19
20,20
21,21
22,22
23,23
24,24
25,25
26,26
27,27
28,28
29,29
30,30
31,31
77,32
33,33
34,34
35,35
36,36
37,37
38,38
39,39
1,40
41,41
42,42
2,43
16,44
45,45
43,46
47,47
22,48
49,49
50,50
51,51
52,52
53,53
54,54
55,55
56,56
57,57
58,58
59,59
0,0
2,1
2,2
3,3
4,4
5,5
6,6
7,7
8,8
9,9
11,10
29,11
12,12
13,13
14,14
15,15
16,16
17,17
18,18
19,19
20,20
21,21
22,22
23,23
24,24
25,25
26,26
27,27
28,28
29,29
30,30
31,31
77,32
9,33
34,34
35,35
36,36
37,37
38,38
39,39
40,40
41,41
42,42
43,43
44,44
24,45
46,46
47,47
48,48
49,49
50,50
49,51
52,52
53,53
54,54
55,55
56,56
57,57
58,58
59,59
17,0
1,1
2,2
3,3
4,4
5,5
6,6
7,7
8,8
9,9
11,10
10,11
12,12
13,13
14,14
1,17
18,18
19,19
20,20
21,21
22,22
23,23
24,24
25,25
26,26
27,27
28,28
29,29
30,30
31,31
32,32
33,33
34,34
35,35
36,36
37,37
74,38
39,39
40,40
41,41
59,42
31,43
16,44
45,45
19,46
51,49
105,50
106,51
92,52
52,53
54,54
55,55
56,56
57,57
58,58
59,59
0,0
2,1
2,2
3,3
4,4
5,5
6,6
7,7
8,8
9,9
10,10
29,11
12,12
13,13
14,14
15,15
16,16
17,17
18,18
19,19
20,20
21,21
22,22
23,23
24,24
25,25
26,26
27,27
28,28
29,29
30,30
30,31
32,32
9,33
34,34
35,35
36,36
37,37
78,38
39,39
40,40
41,41
42,42
43,43
44,44
45,45
46,46
47,47
48,48
111,49
50,50
49,51
52,52
53,53
54,54
55,55
56,56
57,57
58,58
59,59
17,0
1,1
2,2
3,3
63,4
5,5
6,6
7,7
8,8
9,9
10,10
28,11
12,12
13,13
14,14
15,15
16,16
17,17
18,18
19,19
20,20
21,21
22,22
23,23
24,24
25,25
26,26
27,27
28,28
29,29
30,30
31,31
32,32
9,33
34,34
35,35
36,36
37,37
38,38
39,39
1,40
41,41
91,42
2,43
44,44
45,45
46,46
16,47
48,48
49,49
50,50
51,51
52,52
53,53
54,54
55,55
56,56
57,57
58,58
59,59
0,0
66,1
2,2
67,3
4,4
5,5
6,6
7,7
8,8
9,9
75,10
72,11
12,12
13,13
87,14
15,15
16,16
61,17
18,18
19,19
20,20
21,21
22,22
23,23
24,24
25,25
26,26
27,27
74,28
11,29
30,30
31,31
32,32
9,33
34,34
35,35
36,36
104,37
114,38
102,39
40,40
41,41
42,42
92,43
24,44
2,45
3,46
47,47
37,48
49,49
50,50
49,51
52,52
53,53
54,54
55,55
56,56
56,57
58,58
59,59
0,0
1,1
19,2
36,3
4,4
5,5
6,6
7,7
8,8
10,9
11,10
11,11
12,12
13,13
14,14
15,15
16,16
17,17
18,18
19,19
20,20
21,21
22,22
23,23
24,24
25,25
26,26
24,27
11,28
11,29
16,30
2,31
10,32
9,33
34,34
35,35
36,36
37,37
12,38
39,39
40,40
41,41
42,42
36,43
44,44
45,45
43,46
47,47
48,48
49,49
50,50
51,51
52,52
55,53
54,54
55,55
56,56
57,57
58,58
59,59
0,0
10,1
2,2
36,3
29,4
40,5
6,6
7,7
8,8
30,9
10,10
10,11
3,12
13,13
14,14
15,15
16,16
17,17
18,18
19,19
20,20
21,21
22,22
23,23
24,24
25,25
26,26
27,27
28,28
29,29
30,30
31,31
32,32
33,33
34,34
35,35
36,36
37,37
38,38
39,39
40,40
41,41
42,42
43,43
44,44
45,45
46,46
47,47
48,48
49,49
50,50
51,51
52,52
49,53
54,54
55,55
56,56
57,57
58,58
59,59
0,0
11,1
3,2
3,3
4,4
5,5
6,6
7,7
8,8
28,9
11,10
11,11
12,12
13,13
14,14
15,15
16,16
17,17
18,18
19,19
20,20
21,21
33,22
23,23
24,24
25,25
26,26
27,27
28,28
29,29
31,30
31,31
12,32
9,33
34,34
35,35
36,36
48,37
12,38
39,39
36,40
41,41
42,42
36,43
44,44
45,45
14,46
47,47
48,48
49,49
50,50
51,51
52,52
55,53
54,54
55,55
52,56
57,57
58,58
59,59
0,0
90,1
2,2
3,3
4,4
5,5
6,6
7,7
8,8
9,9
11,10
11,11
12,12
13,13
14,14
16,15
16,16
17,17
18,18
19,19
20,20
21,21
22,22
23,23
24,24
25,25
26,26
27,27
28,28
30,30
31,31
32,32
33,33
34,34
35,35
36,36
37,37
38,38
39,39
40,40
41,41
42,42
43,43
44,44
45,45
46,46
47,47
48,48
49,49
50,50
51,51
52,52
49,53
54,54
55,55
56,56
57,57
58,58
59,59
2,0
12,1
2,2
36,3
4,4
5,5
6,6
7,7
8,8
28,9
11,10
11,11
10,12
13,13
14,14
16,15
16,16
17,17
1,18
19,19
20,20
21,21
22,22
23,23
24,24
25,25
26,26
27,27
11,28
10,29
31,30
31,31
32,32
9,33
34,34
35,35
36,36
37,37
12,38
39,39
40,40
41,41
42,42
43,43
44,44
45,45
46,46
47,47
48,48
49,49
50,50
117,51
52,52
49,53
54,54
55,55
56,56
57,57
58,58
59,59
0,0
1,1
2,2
1,3
12,4
5,5
7,7
8,8
9,9
11,11
12,12
13,13
14,14
16,15
16,16
17,17
18,18
19,19
20,20
21,21
22,22
23,23
24,24
25,25
26,26
27,27
10,28
29,29
30,30
31,31
32,32
33,33
34,34
35,35
36,36
37,37
38,38
39,39
40,40
41,41
42,42
43,43
44,44
45,45
46,46
47,47
48,48
49,49
50,50
49,51
52,52
49,53
54,54
55,55
56,56
57,57
58,58
59,59
60,60
61,61
62,62
63,63
64,64
65,65
66,66
67,67
76,68
69,69
70,70
92,71
72,72
73,73
74,74
10,75
76,76
77,77
78,78
79,79
80,80
77,81
82,82
83,83
84,84
77,85
86,86
87,87
88,88
89,89
90,90
91,91
21,92
93,93
94,94
95,95
96,96
97,97
98,98
99,99
100,100
101,101
102,102
103,103
102,104
105,105
109,106
107,107
108,108
109,109
110,110
111,111
112,112
113,113
114,114
115,115
116,116
117,117
118,118
119,119
60,60
61,61
62,62
63,63
80,64
65,65
66,66
67,67
76,68
69,69
70,70
94,71
74,72
83,73
31,74
75,75
76,76
77,77
38,78
79,79
80,80
81,81
82,82
83,83
1,84
33,85
86,86
87,87
72,88
89,89
90,90
91,91
21,92
62,93
94,94
95,95
96,96
97,97
98,98
99,99
100,100
107,101
66,102
103,103
104,104
105,105
106,106
107,107
108,108
109,109
110,110
111,111
112,112
113,113
114,114
115,115
116,116
117,117
118,118
119,119
60,60
61,61
62,62
63,63
64,64
65,65
66,66
67,67
92,68
69,69
70,70
70,71
75,72
29,73
74,74
10,75
66,76
77,77
78,78
79,79
80,80
81,81
82,82
83,83
84,84
90,85
86,86
87,87
88,88
88,89
90,90
91,91
22,92
62,93
94,94
95,95
96,96
97,97
98,98
99,99
100,100
101,101
102,102
21,103
78,104
105,105
109,106
107,107
106,108
109,109
110,110
111,111
112,112
113,113
114,114
115,115
116,116
117,117
118,118
119,119
60,60
61,61
62,62
63,63
64,64
65,65
66,66
67,67
76,68
69,69
92,70
94,71
75,72
28,73
0,74
78,75
76,76
12,77
38,78
79,79
80,80
81,81
82,82
83,83
84,84
85,85
86,86
87,87
88,88
89,89
90,90
91,91
21,92
62,93
94,94
95,95
96,96
97,97
98,98
99,99
100,100
101,101
66,102
103,103
104,104
105,105
105,106
107,107
108,108
109,109
110,110
111,111
112,112
113,113
114,114
115,115
116,116
117,117
118,118
119,119
60,60
61,61
62,62
63,63
64,64
65,65
66,66
67,67
76,68
69,69
92,70
92,71
72,72
12,73
74,74
10,75
76,76
77,77
78,78
79,79
80,80
81,81
77,82
83,83
84,84
33,85
86,86
87,87
88,88
89,89
90,90
91,91
21,92
62,93
94,94
95,95
96,96
97,97
98,98
99,99
100,100
101,101
102,102
103,103
102,104
111,105
109,106
107,107
108,108
109,109
110,110
111,111
112,112
113,113
114,114
115,115
116,116
106,117
118,118
119,119
60,60
61,61
62,62
63,63
64,64
65,65
66,66
67,67
76,68
69,69
35,70
94,71
74,72
83,73
72,74
74,75
76,76
77,77
78,78
79,79
80,80
81,81
75,82
83,83
1,84
90,85
86,86
67,87
88,88
89,89
90,90
91,91
21,92
64,93
94,94
95,95
96,96
97,97
98,98
99,99
100,100
101,101
92,102
103,103
43,104
105,105
106,106
107,107
108,108
109,109
110,110
111,111
112,112
113,113
109,114
115,115
116,116
55,117
118,118
119,119
60,60
61,61
64,62
63,63
64,64
65,65
66,66
67,67
76,68
69,69
76,70
70,71
72,72
83,73
74,74
75,75
76,76
77,77
78,78
79,79
80,80
81,81
82,82
83,83
84,84
90,85
86,86
87,87
89,88
89,89
90,90
15,91
92,92
93,93
94,94
95,95
96,96
96,97
98,98
99,99
100,100
38,101
102,102
31,103
104,104
105,105
105,106
107,107
107,108
109,109
110,110
111,111
112,112
113,113
114,114
115,115
116,116
117,117
118,118
119,119
60,60
87,61
62,62
63,63
64,64
65,65
66,66
92,67
76,68
69,69
70,70
94,71
90,72
83,73
74,74
72,75
76,76
77,77
78,78
79,79
80,80
81,81
82,82
83,83
84,84
85,85
86,86
63,87
88,88
15,89
90,90
91,91
92,92
93,93
94,94
95,95
96,96
96,97
98,98
99,99
100,100
101,101
104,102
103,103
104,104
111,105
106,106
107,107
108,108
109,109
110,110
111,111
112,112
113,113
114,114
115,115
116,116
117,117
118,118
119,119
60,60
61,61
6,62
63,63
64,64
118,65
66,66
102,67
68,68
69,69
76,70
70,71
75,72
83,73
74,74
72,75
48,76
77,77
78,78
79,79
80,80
81,81
78,82
83,83
84,84
85,85
86,86
87,87
88,88
89,89
90,90
91,91
92,92
93,93
94,94
95,95
96,96
96,97
98,98
99,99
100,100
40,101
102,102
103,103
92,104
109,105
109,106
107,107
110,108
109,109
110,110
111,111
112,112
118,113
114,114
115,115
116,116
117,117
118,118
119,119
60,60
61,61
62,62
63,63
105,64
65,65
104,66
64,67
76,68
69,69
70,70
94,71
72,72
74,73
74,74
72,75
76,76
77,77
78,78
79,79
80,80
81,81
82,82
83,83
84,84
85,85
86,86
87,87
88,88
89,89
90,90
41,91
92,92
93,93
94,94
95,95
96,96
96,97
98,98
99,99
100,100
101,101
104,102
103,103
104,104
105,105
109,106
107,107
109,108
109,109
110,110
111,111
111,112
113,113
114,114
115,115
116,116
117,117
118,118
119,119
60,60
61,61
6,62
63,63
64,64
65,65
66,66
61,67
76,68
69,69
76,70
70,71
75,72
73,73
75,74
75,75
76,76
77,77
78,78
79,79
80,80
81,81
82,82
83,83
84,84
85,85
86,86
87,87
88,88
16,89
90,90
91,91
21,92
93,93
94,94
95,95
96,96
96,97
98,98
99,99
100,100
101,101
46,102
103,103
104,104
105,105
109,106
107,107
110,108
109,109
110,110
111,111
112,112
118,113
114,114
115,115
116,116
117,117
118,118
119,119
84,60
87,61
62,62
63,63
64,64
65,65
104,66
104,67
76,68
69,69
70,70
94,71
77,72
74,73
74,74
77,75
48,76
77,77
71,78
79,79
80,80
90,81
33,82
83,83
84,84
81,85
86,86
99,87
88,88
15,89
90,90
91,91
21,92
93,93
94,94
95,95
96,96
96,97
98,98
99,99
100,100
101,101
104,102
103,103
104,104
111,105
105,106
107,107
108,108
109,109
110,110
111,111
112,112
113,113
114,114
115,115
116,116
117,117
118,118
119,119
17,0
1,1
2,2
3,3
4,4
5,5
6,6
7,7
8,8
9,9
10,10
11,11
12,12
13,13
14,14
16,15
16,16
17,17
18,18
19,19
20,20
21,21
22,22
23,23
24,24
25,25
26,26
0,27
11,28
29,29
30,30
31,31
32,32
33,33
34,34
35,35
36,36
37,37
38,38
39,39
40,40
41,41
42,42
43,43
44,44
45,45
46,46
47,47
48,48
49,49
50,50
51,51
56,52
53,53
54,54
55,55
56,56
57,57
58,58
59,59
0,0
0,1
2,2
3,3
4,4
5,5
6,6
7,7
8,8
9,9
10,10
11,11
12,12
13,13
14,14
16,15
16,16
17,17
18,18
19,19
20,20
21,21
22,22
23,23
24,24
25,25
26,26
27,27
28,28
29,29
46,30
31,31
32,32
33,33
34,34
35,35
36,36
37,37
38,38
39,39
40,40
41,41
42,42
43,43
44,44
44,45
46,46
47,47
48,48
49,49
50,50
51,51
52,52
53,53
54,54
55,55
56,56
57,57
58,58
59,59
0,0
1,1
2,2
3,3
4,4
5,5
6,6
7,7
8,8
9,9
10,10
11,11
12,12
13,13
14,14
16,15
16,16
17,17
18,18
19,19
20,20
21,21
22,22
23,23
24,24
25,25
26,26
27,27
11,28
29,29
30,30
31,31
32,32
9,33
34,34
35,35
1,36
37,37
38,38
39,39
40,40
41,41
42,42
43,43
16,44
45,45
46,46
47,47
48,48
49,49
50,50
51,51
55,52
53,53
54,54
55,55
56,56
57,57
58,58
59,59
0,0
0,1
2,2
3,3
4,4
5,5
6,6
7,7
8,8
9,9
10,10
10,11
12,12
13,13
14,14
15,15
16,16
17,17
18,18
19,19
20,20
21,21
22,22
23,23
24,24
25,25
26,26
27,27
28,28
29,29
30,30
31,31
32,32
33,33
34,34
35,35
36,36
37,37
38,38
39,39
40,40
41,41
42,42
43,43
44,44
45,45
46,46
47,47
48,48
49,49
50,50
51,51
56,52
53,53
54,54
55,55
56,56
57,57
58,58
59,59
0,0
1,1
2,2
3,3
4,4
5,5
6,6
7,7
8,8
9,9
32,10
11,11
12,12
13,13
14,14
16,15
16,16
17,17
18,18
19,19
20,20
21,21
22,22
23,23
24,24
25,25
26,26
27,27
28,28
29,29
30,30
31,31
32,32
33,33
34,34
35,35
36,36
37,37
38,38
39,39
40,40
41,41
42,42
43,43
44,44
45,45
46,46
47,47
48,48
49,49
50,50
51,51
52,52
53,53
54,54
55,55
56,56
57,57
58,58
59,59
0,0
0,1
2,2
36,3
4,4
5,5
6,6
7,7
8,8
0,9
10,10
10,11
12,12
13,13
14,14
15,15
16,16
17,17
18,18
19,19
20,20
21,21
22,22
23,23
44,24
25,25
26,26
27,27
28,28
29,29
31,30
31,31
32,32
33,33
34,34
35,35
36,36
37,37
38,38
39,39
40,40
41,41
42,42
43,43
44,44
45,45
46,46
47,47
48,48
49,49
50,50
51,51
56,52
53,53
54,54
55,55
56,56
57,57
58,58
59,59
0,0
1,1
2,2
3,3
41,4
5,5
62,6
7,7
8,8
9,9
10,10
11,11
12,12
13,13
14,14
15,15
16,16
17,17
18,18
19,19
20,20
21,21
22,22
23,23
24,24
25,25
26,26
1,27
28,28
29,29
92,30
31,31
32,32
83,33
34,34
35,35
36,36
37,37
38,38
39,39
40,40
41,41
42,42
43,43
44,44
45,45
46,46
47,47
48,48
49,49
50,50
51,51
52,52
53,53
54,54
55,55
56,56
57,57
58,58
59,59
2,0
78,1
2,2
3,3
101,4
5,5
6,6
7,7
8,8
9,9
10,10
75,11
72,12
13,13
14,14
15,15
16,16
17,17
18,18
19,19
20,20
21,21
22,22
23,23
24,24
25,25
26,26
1,27
28,28
73,29
30,30
31,31
39,32
82,33
34,34
35,35
36,36
37,37
38,38
39,39
40,40
41,41
42,42
67,43
44,44
45,45
67,46
47,47
48,48
49,49
50,50
51,51
52,52
53,53
54,54
55,55
56,56
57,57
58,58
59,59
0,0
1,1
115,4
5,5
62,6
7,7
8,8
9,9
10,10
12,12
13,13
14,14
15,15
16,16
29,17
29,18
21,21
22,22
23,23
24,24
25,25
26,26
27,27
28,28
29,29
92,30
31,31
32,32
83,33
34,34
104,36
37,37
66,38
39,39
40,40
41,41
42,42
43,43
44,44
45,45
46,46
47,47
48,48
49,49
50,50
51,51
52,52
53,53
54,54
55,55
56,56
57,57
58,58
59,59
43,0
1,1
2,2
3,3
4,4
5,5
6,6
7,7
8,8
38,9
10,10
11,11
12,12
13,13
14,14
16,15
16,16
17,17
18,18
19,19
20,20
21,21
22,22
23,23
24,24
25,25
26,26
27,27
28,28
29,29
31,30
31,31
39,32
9,33
34,34
35,35
36,36
37,37
38,38
39,39
40,40
41,41
42,42
37,43
44,44
45,45
46,46
47,47
48,48
49,49
50,50
51,51
52,52
53,53
54,54
57,55
56,56
57,57
58,58
59,59
0,0
1,1
2,2
3,3
56,4
5,5
62,6
7,7
8,8
9,9
10,10
11,11
12,12
13,13
14,14
15,15
16,16
17,17
18,18
19,19
20,20
21,21
22,22
23,23
24,24
25,25
26,26
1,27
28,28
29,29
30,30
31,31
32,32
28,33
34,34
35,35
36,36
37,37
38,38
39,39
40,40
41,41
42,42
43,43
44,44
45,45
46,46
47,47
48,48
49,49
50,50
51,51
52,52
53,53
54,54
55,55
56,56
55,57
58,58
59,59
104,0
17,1
0,2
3,3
108,4
5,5
102,6
7,7
8,8
38,9
90,10
75,11
12,12
13,13
14,14
16,15
15,16
17,17
18,18
60,19
20,20
21,21
92,22
23,23
24,24
25,25
26,26
84,27
28,28
83,29
30,30
77,31
39,32
38,33
34,34
35,35
36,36
70,37
38,38
39,39
40,40
41,41
42,42
2,43
44,44
45,45
46,46
47,47
2,48
49,49
50,50
51,51
114,52
53,53
54,54
57,55
56,56
57,57
58,58
59,59
0,0
1,1
2,2
3,3
4,4
5,5
6,6
7,7
8,8
9,9
10,10
11,11
12,12
13,13
14,14
16,15
16,16
17,17
18,18
19,19
20,20
21,21
22,22
23,23
24,24
25,25
26,26
27,27
28,28
29,29
30,30
31,31
32,32
33,33
34,34
35,35
36,36
37,37
38,38
38,39
40,40
41,41
79,42
43,43
44,44
45,45
43,46
47,47
48,48
105,49
110,50
51,51
110,52
53,53
54,54
57,55
56,56
57,57
58,58
59,59
17,0
1,1
2,2
3,3
4,4
5,5
6,6
7,7
8,8
9,9
81,10
11,11
12,12
13,13
14,14
15,15
15,16
17,17
18,18
19,19
20,20
21,21
22,22
23,23
24,24
25,25
26,26
27,27
28,28
29,29
69,30
31,31
32,32
33,33
34,34
35,35
36,36
37,37
38,38
39,39
40,40
41,41
42,42
43,43
44,44
45,45
43,46
47,47
48,48
105,49
50,50
51,51
52,52
106,53
54,54
55,55
56,56
57,57
58,58
59,59
78,0
1,1
2,2
3,3
4,4
5,5
6,6
7,7
8,8
9,9
75,10
72,11
85,12
13,13
14,14
15,15
16,16
17,17
61,18
19,19
20,20
21,21
22,22
23,23
24,24
25,25
26,26
27,27
28,28
29,29
30,30
31,31
32,32
33,33
34,34
35,35
36,36
37,37
38,38
95,39
40,40
41,41
42,42
43,43
44,44
45,45
46,46
47,47
48,48
105,49
50,50
109,51
52,52
53,53
54,54
55,55
56,56
57,57
58,58
59,59
0,0
1,1
2,2
3,3
4,4
5,5
6,6
7,7
8,8
9,9
10,10
11,11
12,12
13,13
14,14
15,15
15,16
17,17
18,18
19,19
20,20
21,21
22,22
23,23
24,24
25,25
26,26
27,27
28,28
29,29
69,30
31,31
32,32
33,33
34,34
35,35
36,36
37,37
38,38
39,39
40,40
41,41
42,42
43,43
44,44
45,45
46,46
47,47
48,48
49,49
50,50
51,51
52,52
53,53
54,54
55,55
56,56
57,57
58,58
59,59
0,0
1,1
2,2
67,3
4,4
5,5
71,6
7,7
8,8
9,9
10,10
11,11
81,12
13,13
14,14
15,15
15,16
17,17
18,18
19,19
20,20
21,21
22,22
23,23
24,24
25,25
26,26
1,27
29,28
29,29
30,30
28,31
32,32
33,33
34,34
35,35
36,36
37,37
38,38
38,39
40,40
41,41
42,42
43,43
44,44
45,45
46,46
47,47
48,48
105,49
110,50
51,51
52,52
53,53
54,54
57,55
56,56
57,57
59,59
1,0
40,1
2,2
3,3
4,4
5,5
6,6
7,7
8,8
9,9
10,10
11,11
81,12
13,13
14,14
15,15
15,16
17,17
18,18
19,19
20,20
21,21
70,22
101,23
56,24
67,25
26,26
27,27
28,28
29,29
68,30
31,31
32,32
33,33
34,34
35,35
36,36
70,37
38,38
39,39
40,40
41,41
42,42
43,43
44,44
45,45
24,46
47,47
48,48
49,49
50,50
51,51
52,52
110,53
54,54
55,55
56,56
57,57
58,58
59,59
2,0
1,1
2,2
3,3
4,4
5,5
6,6
7,7
8,8
9,9
11,10
74,11
12,12
13,13
14,14
16,15
15,16
17,17
18,18
19,19
20,20
21,21
22,22
23,23
24,24
25,25
26,26
27,27
2,28
74,29
30,30
31,31
32,32
33,33
34,34
35,35
36,36
37,37
38,38
39,39
40,40
41,41
42,42
43,43
44,44
45,45
46,46
47,47
48,48
49,49
50,50
51,51
52,52
53,53
54,54
55,55
56,56
57,57
58,58
59,59
0,0
1,1
47,2
3,3
4,4
5,5
6,6
7,7
8,8
9,9
11,10
43,11
12,12
13,13
14,14
15,15
16,16
3,17
61,18
19,19
20,20
21,21
22,22
23,23
24,24
25,25
26,26
27,27
28,28
29,29
30,30
31,31
32,32
33,33
34,34
35,35
36,36
37,37
38,38
39,39
40,40
41,41
42,42
43,43
44,44
45,45
46,46
47,47
48,48
49,49
50,50
51,51
52,52
53,53
54,54
55,55
56,56
57,57
58,58
59,59
0,0
1,1
2,2
3,3
4,4
5,5
6,6
7,7
8,8
9,9
10,10
74,11
12,12
13,13
14,14
16,15
15,16
17,17
18,18
19,19
20,20
21,21
22,22
23,23
24,24
25,25
26,26
27,27
11,28
29,29
30,30
31,31
32,32
33,33
34,34
35,35
36,36
37,37
38,38
39,39
40,40
41,41
42,42
43,43
44,44
45,45
46,46
47,47
48,48
49,49
50,50
51,51
52,52
53,53
54,54
55,55
56,56
55,57
58,58
59,59
0,0
1,1
47,2
3,3
4,4
5,5
6,6
7,7
8,8
9,9
10,10
29,11
12,12
13,13
14,14
15,15
16,16
3,17
61,18
19,19
20,20
21,21
22,22
23,23
24,24
25,25
26,26
27,27
28,28
29,29
30,30
31,31
32,32
33,33
34,34
35,35
36,36
37,37
38,38
39,39
40,40
41,41
42,42
43,43
44,44
45,45
46,46
47,47
48,48
49,49
50,50
51,51
52,52
53,53
54,54
55,55
56,56
57,57
58,58
59,59
0,0
1,1
2,2
3,3
4,4
5,5
6,6
7,7
8,8
9,9
11,10
11,11
12,12
13,13
14,14
16,15
15,16
17,17
18,18
19,19
20,20
21,21
22,22
23,23
24,24
25,25
26,26
27,27
74,28
29,29
30,30
31,31
32,32
33,33
47,34
35,35
36,36
37,37
38,38
39,39
40,40
41,41
42,42
43,43
44,44
45,45
46,46
47,47
48,48
49,49
50,50
51,51
52,52
53,53
54,54
55,55
56,56
117,57
58,58
59,59
0,0
1,1
47,2
3,3
4,4
5,5
6,6
7,7
8,8
11,9
11,10
43,11
12,12
13,13
14,14
15,15
16,16
46,17
61,18
19,19
20,20
21,21
22,22
23,23
88,24
25,25
26,26
27,27
74,28
29,29
30,30
31,31
32,32
33,33
47,34
35,35
36,36
37,37
38,38
39,39
40,40
41,41
42,42
43,43
24,44
45,45
46,46
47,47
48,48
49,49
50,50
51,51
52,52
53,53
54,54
55,55
57,57
58,58
58,59
0,0
1,1
2,2
3,3
4,4
5,5
6,6
7,7
8,8
9,9
28,10
29,11
12,12
13,13
14,14
15,15
16,16
17,17
18,18
19,19
20,20
21,21
22,22
23,23
24,24
25,25
26,26
27,27
85,28
28,29
30,30
31,31
32,32
33,33
34,34
35,35
36,36
37,37
38,38
39,39
40,40
41,41
42,42
43,43
44,44
45,45
46,46
47,47
48,48
49,49
50,50
51,51
52,52
114,53
54,54
55,55
56,56
57,57
58,58
59,59
0,0
1,1
43,2
3,3
4,4
5,5
6,6
7,7
8,8
9,9
10,10
11,11
12,12
13,13
14,14
16,15
16,16
17,17
18,18
19,19
20,20
21,21
22,22
23,23
24,24
25,25
26,26
27,27
28,28
29,29
30,30
31,31
32,32
33,33
34,34
35,35
36,36
37,37
38,38
39,39
40,40
41,41
5,42
43,43
44,44
45,45
46,46
47,47
48,48
49,49
50,50
51,51
52,52
53,53
54,54
55,55
56,56
57,57
58,58
59,59
0,0
1,1
2,2
3,3
4,4
5,5
6,6
7,7
8,8
9,9
11,10
29,11
12,12
13,13
14,14
15,15
15,16
17,17
18,18
19,19
20,20
21,21
22,22
23,23
24,24
25,25
26,26
43,27
33,28
29,29
31,30
31,31
32,32
33,33
34,34
35,35
36,36
37,37
38,38
39,39
43,40
41,41
5,42
43,43
44,44
45,45
46,46
47,47
48,48
49,49
50,50
51,51
52,52
114,53
54,54
55,55
56,56
57,57
58,58
59,59
0,0
1,1
43,2
3,3
4,4
5,5
6,6
7,7
8,8
9,9
10,10
11,11
12,12
13,13
14,14
15,15
16,16
17,17
18,18
19,19
20,20
21,21
22,22
23,23
24,24
25,25
26,26
27,27
28,28
29,29
30,30
31,31
32,32
33,33
34,34
35,35
36,36
37,37
38,38
39,39
40,40
41,41
42,42
43,43
44,44
45,45
46,46
47,47
48,48
49,49
50,50
51,51
52,52
53,53
54,54
55,55
56,56
57,57
58,58
59,59
0,0
1,1
43,2
3,3
4,4
5,5
6,6
7,7
8,8
9,9
11,10
28,11
12,12
13,13
14,14
15,15
15,16
17,17
18,18
19,19
20,20
21,21
22,22
23,23
24,24
25,25
26,26
27,27
74,28
28,29
30,30
31,31
32,32
33,33
34,34
35,35
36,36
37,37
38,38
39,39
40,40
41,41
42,42
43,43
44,44
45,45
46,46
47,47
48,48
49,49
50,50
51,51
52,52
53,53
54,54
55,55
56,56
57,57
58,58
59,59
43,0
1,1
2,2
46,3
4,4
5,5
6,6
7,7
8,8
9,9
10,10
28,11
12,12
13,13
14,14
16,15
16,16
17,17
18,18
19,19
20,20
21,21
22,22
23,23
44,24
25,25
26,26
27,27
11,28
29,29
71,30
31,31
32,32
33,33
34,34
35,35
36,36
37,37
38,38
39,39
40,40
41,41
42,42
3,43
4,44
45,45
46,46
47,47
48,48
49,49
50,50
51,51
52,52
53,53
54,54
55,55
56,56
57,57
58,58
59,59
0,0
1,1
2,2
3,3
4,4
34,5
6,6
7,7
8,8
9,9
11,10
11,11
12,12
13,13
14,14
15,15
15,16
17,17
18,18
19,19
20,20
48,21
22,22
99,23
24,24
25,25
26,26
27,27
83,28
29,29
71,30
31,31
32,32
33,33
15,34
35,35
36,36
37,37
38,38
39,39
47,40
41,41
42,42
43,43
44,44
45,45
46,46
47,47
48,48
49,49
50,50
51,51
52,52
53,53
54,54
55,55
56,56
57,57
58,58
115,59
0,0
1,1
36,2
3,3
74,4
5,5
6,6
7,7
8,8
9,9
11,10
10,11
12,12
13,13
14,14
15,15
15,16
17,17
18,18
19,19
20,20
21,21
22,22
23,23
24,24
25,25
26,26
27,27
83,28
29,29
30,30
31,31
32,32
33,33
34,34
35,35
36,36
37,37
38,38
39,39
47,40
41,41
63,42
43,43
44,44
45,45
46,46
47,47
48,48
49,49
50,50
51,51
52,52
53,53
54,54
55,55
56,56
57,57
58,58
59,59
0,0
29,1
1,2
2,3
4,4
5,5
6,6
7,7
8,8
9,9
10,10
11,11
12,12
13,13
14,14
15,15
15,16
17,17
18,18
19,19
20,20
48,21
22,22
23,23
24,24
25,25
26,26
27,27
29,28
29,29
6,30
31,31
39,32
33,33
34,34
35,35
36,36
37,37
38,38
39,39
46,40
41,41
42,42
43,43
44,44
45,45
46,46
47,47
48,48
49,49
50,50
51,51
52,52
53,53
54,54
55,55
56,56
57,57
58,58
115,59
2,0
1,1
43,2
3,3
4,4
5,5
103,6
7,7
8,8
9,9
10,10
11,11
12,12
13,13
14,14
15,15
16,16
17,17
18,18
19,19
20,20
21,21
22,22
23,23
24,24
25,25
26,26
27,27
28,28
29,29
71,30
31,31
32,32
33,33
15,34
35,35
36,36
37,37
38,38
39,39
47,40
41,41
42,42
43,43
44,44
45,45
46,46
47,47
48,48
49,49
50,50
51,51
52,52
53,53
54,54
55,55
56,56
57,57
58,58
59,59
0,0
1,1
2,2
3,3
4,4
5,5
6,6
7,7
8,8
9,9
11,10
11,11
12,12
13,13
14,14
16,15
15,16
17,17
18,18
19,19
20,20
48,21
22,22
23,23
24,24
25,25
26,26
27,27
29,28
29,29
6,30
31,31
32,32
33,33
15,34
35,35
36,36
37,37
38,38
39,39
47,40
41,41
42,42
43,43
44,44
45,45
46,46
47,47
48,48
49,49
50,50
51,51
52,52
53,53
54,54
117,55
56,56
57,57
59,58
115,59
3,0
1,1
36,2
3,3
57,4
5,5
103,6
7,7
8,8
9,9
10,10
11,11
12,12
13,13
14,14
16,15
16,16
17,17
18,18
19,19
20,20
21,21
22,22
23,23
24,24
25,25
26,26
27,27
28,28
29,29
30,30
31,31
32,32
33,33
34,34
35,35
36,36
37,37
38,38
39,39
47,40
41,41
42,42
43,43
44,44
45,45
46,46
47,47
48,48
49,49
50,50
51,51
52,52
53,53
54,54
55,55
56,56
57,57
58,58
59,59
0,0
1,1
2,2
3,3
4,4
5,5
6,6
7,7
8,8
9,9
10,10
28,11
12,12
13,13
14,14
15,15
15,16
17,17
18,18
19,19
20,20
21,21
22,22
23,23
24,24
25,25
26,26
27,27
28,28
11,29
0,30
31,31
77,32
33,33
34,34
35,35
36,36
37,37
38,38
39,39
40,40
41,41
42,42
43,43
44,44
45,45
46,46
47,47
48,48
49,49
50,50
51,51
52,52
53,53
54,54
55,55
56,56
57,57
58,58
59,59
0,0
1,1
2,2
3,3
4,4
5,5
6,6
7,7
8,8
9,9
11,10
10,11
12,12
13,13
14,14
15,15
15,16
17,17
18,18
19,19
20,20
21,21
22,22
23,23
24,24
25,25
26,26
27,27
28,28
11,29
31,30
31,31
28,32
33,33
34,34
35,35
36,36
37,37
38,38
39,39
40,40
41,41
42,42
43,43
44,44
45,45
46,46
47,47
48,48
51,49
50,50
51,51
52,52
53,53
54,54
55,55
56,56
57,57
58,58
59,59
0,0
1,1
2,2
3,3
4,4
5,5
6,6
7,7
8,8
9,9
10,10
12,12
13,13
14,14
15,15
15,16
17,17
18,18
19,19
20,20
21,21
22,22
23,23
45,24
25,25
26,26
27,27
28,28
29,29
46,30
31,31
32,32
33,33
34,34
35,35
36,36
37,37
38,38
39,39
40,40
41,41
42,42
43,43
44,44
45,45
46,46
47,47
48,48
49,49
50,50
51,51
52,52
53,53
54,54
55,55
56,56
57,57
58,58
59,59
0,0
1,1
2,2
3,3
4,4
5,5
6,6
7,7
8,8
38,9
10,10
11,11
12,12
13,13
14,14
15,15
15,16
17,17
18,18
19,19
20,20
21,21
48,22
23,23
24,24
25,25
26,26
27,27
28,28
29,29
31,30
31,31
32,32
33,33
34,34
35,35
36,36
37,37
38,38
39,39
40,40
41,41
42,42
43,43
44,44
45,45
46,46
47,47
48,48
51,49
50,50
51,51
52,52
53,53
54,54
55,55
56,56
57,57
58,58
59,59
0,0
1,1
2,2
3,3
4,4
5,5
6,6
7,7
8,8
9,9
10,10
11,11
12,12
13,13
14,14
15,15
15,16
17,17
18,18
19,19
20,20
21,21
22,22
23,23
24,24
25,25
26,26
27,27
28,28
29,29
2,30
31,31
32,32
9,33
34,34
35,35
36,36
37,37
38,38
39,39
40,40
41,41
42,42
43,43
44,44
45,45
46,46
47,47
48,48
49,49
50,50
51,51
52,52
53,53
54,54
55,55
56,56
57,57
58,58
59,59
0,0
1,1
44,2
3,3
35,4
5,5
6,6
7,7
8,8
9,9
11,10
11,11
13,13
14,14
15,15
15,16
29,17
29,18
19,19
67,20
21,21
48,22
23,23
13,24
25,25
26,26
27,27
29,28
11,29
2,30
31,31
28,32
33,33
34,34
35,35
36,36
2,37
38,38
39,39
40,40
41,41
42,42
43,43
47,44
24,45
46,46
47,47
48,48
51,49
50,50
54,51
52,52
66,53
54,54
55,55
56,56
57,57
58,58
59,59
0,0
0,1
2,2
3,3
4,4
5,5
6,6
7,7
8,8
85,9
10,10
11,11
12,12
13,13
14,14
15,15
15,16
17,17
18,18
19,19
20,20
21,21
22,22
23,23
24,24
25,25
26,26
27,27
28,28
29,29
31,30
31,31
32,32
33,33
34,34
35,35
36,36
37,37
38,38
39,39
104,40
98,41
42,42
43,43
44,44
45,45
116,46
47,47
48,48
49,49
50,50
51,51
52,52
53,53
54,54
55,55
56,56
57,57
58,58
59,59
0,0
36,1
2,2
3,3
4,4
5,5
6,6
7,7
8,8
9,9
10,10
11,11
12,12
13,13
14,14
15,15
16,16
17,17
18,18
19,19
20,20
21,21
22,22
23,23
4,24
25,25
26,26
27,27
28,28
29,29
30,30
31,31
32,32
33,33
34,34
35,35
36,36
67,37
38,38
39,39
104,40
41,41
42,42
104,43
44,44
45,45
46,46
47,47
48,48
49,49
50,50
51,51
52,52
53,53
54,54
57,55
56,56
57,57
58,58
59,59
0,0
1,1
2,2
3,3
4,4
5,5
6,6
7,7
8,8
11,9
11,10
11,11
12,12
14,13
14,14
15,15
15,16
17,17
18,18
99,23
24,24
25,25
26,26
27,27
28,28
11,29
31,30
48,31
11,32
33,33
34,34
35,35
36,36
102,37
38,38
39,39
40,40
98,41
42,42
43,43
44,44
45,45
52,46
47,47
85,48
49,49
50,50
51,51
52,52
53,53
54,54
55,55
56,56
57,57
58,58
59,59
0,0
40,1
2,2
3,3
4,4
5,5
6,6
7,7
8,8
9,9
10,10
11,11
12,12
13,13
14,14
15,15
15,16
17,17
18,18
19,19
20,20
21,21
22,22
23,23
4,24
25,25
26,26
27,27
28,28
29,29
30,30
31,31
32,32
33,33
34,34
35,35
36,36
37,37
38,38
39,39
40,40
41,41
42,42
43,43
44,44
45,45
46,46
47,47
48,48
49,49
50,50
51,51
52,52
53,53
54,54
55,55
56,56
57,57
58,58
59,59
0,0
17,1
2,2
3,3
4,4
5,5
6,6
7,7
8,8
48,9
11,10
11,11
12,12
13,13
14,14
15,15
15,16
17,17
18,18
19,19
20,20
21,21
22,22
23,23
24,24
25,25
26,26
27,27
28,28
29,29
30,30
31,31
32,32
33,33
34,34
35,35
36,36
37,37
38,38
39,39
40,40
98,41
42,42
43,43
44,44
45,45
104,46
47,47
48,48
49,49
50,50
51,51
52,52
53,53
54,54
55,55
56,56
57,57
58,58
59,59
0,0
36,1
2,2
3,3
4,4
5,5
6,6
7,7
8,8
9,9
10,10
11,11
81,12
13,13
14,14
15,15
16,16
17,17
18,18
19,19
20,20
21,21
22,22
23,23
1,24
25,25
26,26
27,27
28,28
29,29
68,30
31,31
2,32
33,33
34,34
35,35
36,36
52,37
38,38
39,39
104,40
41,41
91,42
43,43
44,44
45,45
43,46
44,47
48,48
49,49
50,50
51,51
52,52
53,53
54,54
55,55
56,56
57,57
58,58
59,59
0,0
27,1
2,2
3,3
4,4
5,5
6,6
7,7
8,8
38,9
28,10
27,11
12,12
13,13
14,14
15,15
15,16
17,17
18,18
19,19
20,20
21,21
22,22
23,23
24,24
25,25
26,26
27,27
28,28
29,29
30,30
31,31
32,32
38,33
34,34
35,35
46,36
37,37
38,38
39,39
40,40
41,41
42,42
43,43
44,44
45,45
46,46
47,47
48,48
49,49
50,50
51,51
52,52
53,53
54,54
55,55
56,56
57,57
58,58
59,59
17,0
1,1
2,2
3,3
4,4
5,5
6,6
7,7
8,8
9,9
10,10
11,11
12,12
13,13
14,14
15,15
15,16
17,17
17,18
19,19
20,20
21,21
22,22
23,23
24,24
25,25
26,26
27,27
28,28
29,29
30,30
31,31
32,32
0,33
47,34
20,35
18,36
37,37
38,38
33,39
48,40
41,41
42,42
60,43
44,44
45,45
46,46
47,47
48,48
49,49
50,50
51,51
56,52
53,53
54,54
55,55
56,56
57,57
58,58
115,59
0,0
43,1
2,2
3,3
4,4
5,5
6,6
7,7
8,8
9,9
28,10
11,11
12,12
13,13
14,14
15,15
15,16
19,19
20,20
21,21
22,22
23,23
24,24
25,25
26,26
28,27
28,28
29,29
32,30
31,31
35,32
33,33
34,34
35,35
36,36
37,37
38,38
39,39
40,40
41,41
42,42
43,43
44,44
45,45
46,46
47,47
48,48
49,49
50,50
51,51
52,52
53,53
54,54
55,55
56,56
57,57
58,58
59,59
0,0
66,1
2,2
3,3
4,4
5,5
6,6
7,7
8,8
9,9
10,10
28,11
12,12
13,13
14,14
15,15
15,16
17,17
18,18
19,19
20,20
21,21
22,22
23,23
24,24
25,25
26,26
27,27
28,28
29,29
57,30
31,31
30,32
33,33
34,34
22,35
36,36
37,37
38,38
39,39
40,40
41,41
42,42
43,43
44,44
45,45
46,46
47,47
48,48
49,49
50,50
51,51
52,52
53,53
57,54
56,55
55,56
57,57
58,58
59,59
0,0
2,1
2,2
3,3
4,4
5,5
6,6
7,7
8,8
38,9
11,10
10,11
12,12
13,13
14,14
15,15
16,16
17,17
18,18
19,19
20,20
21,21
22,22
23,23
24,24
25,25
26,26
36,27
28,28
12,29
30,30
31,31
32,32
38,33
34,34
35,35
36,36
37,37
38,38
39,39
40,40
41,41
42,42
43,43
44,44
45,45
46,46
47,47
48,48
49,49
50,50
51,51
52,52
53,53
54,54
55,55
56,56
57,57
58,58
59,59
0,0
1,1
2,2
3,3
4,4
5,5
6,6
7,7
8,8
44,9
28,10
11,11
12,12
13,13
14,14
15,15
15,16
17,17
18,18
19,19
20,20
21,21
22,22
23,23
24,24
25,25
26,26
27,27
28,28
29,29
30,30
30,31
32,32
33,33
47,34
35,35
3,36
37,37
38,38
18,39
27,40
41,41
91,42
43,43
44,44
45,45
46,46
47,47
48,48
49,49
50,50
51,51
52,52
53,53
54,54
55,55
56,56
57,57
58,58
59,59
0,0
1,1
2,2
3,3
4,4
5,5
6,6
7,7
8,8
9,9
11,10
11,11
12,12
13,13
14,14
15,15
16,16
17,17
18,18
19,19
20,20
21,21
22,22
23,23
24,24
25,25
26,26
27,27
28,28
29,29
30,30
31,31
32,32
28,33
34,34
35,35
36,36
37,37
38,38
39,39
40,40
41,41
42,42
43,43
44,44
45,45
43,46
47,47
43,48
49,49
50,50
56,51
52,52
53,53
54,54
55,55
56,56
57,57
58,58
59,59
2,0
1,1
2,2
3,3
4,4
5,5
6,6
7,7
8,8
9,9
10,10
29,11
12,12
13,13
14,14
15,15
16,16
17,17
18,18
19,19
20,20
21,21
22,22
23,23
24,24
25,25
26,26
27,27
1,28
29,29
69,30
31,31
32,32
33,33
34,34
35,35
40,36
37,37
38,38
39,39
40,40
41,41
42,42
43,43
44,44
45,45
46,46
47,47
48,48
49,49
23,50
51,51
52,52
53,53
54,54
55,55
56,56
57,57
58,58
59,59
0,0
18,1
2,2
36,3
4,4
5,5
6,6
12,12
13,13
14,14
15,15
15,16
18,17
18,18
19,19
14,20
21,21
22,22
23,23
24,24
25,25
26,26
27,27
11,28
14,29
30,30
31,31
32,32
33,33
34,34
35,35
40,36
37,37
38,38
39,39
47,40
41,41
42,42
43,43
44,44
45,45
46,46
47,47
48,48
37,50
51,51
52,52
53,53
54,54
55,55
56,56
57,57
58,58
59,59
0,0
1,1
2,2
3,3
4,4
5,5
6,6
7,7
8,8
9,9
10,10
29,11
12,12
13,13
14,14
15,15
16,16
17,17
18,18
19,19
20,20
21,21
22,22
23,23
24,24
25,25
26,26
27,27
28,28
29,29
30,30
31,31
32,32
33,33
34,34
35,35
40,36
37,37
38,38
39,39
36,40
41,41
42,42
43,43
44,44
45,45
46,46
47,47
48,48
49,49
50,50
56,51
52,52
53,53
54,54
55,55
56,56
57,57
58,58
59,59
0,0
37,1
2,2
3,3
4,4
5,5
6,6
7,7
8,8
9,9
10,10
29,11
12,12
13,13
14,14
15,15
15,16
17,17
18,18
19,19
20,20
21,21
22,22
23,23
24,24
25,25
26,26
27,27
28,28
29,29
30,30
31,31
32,32
33,33
34,34
35,35
43,36
37,37
38,38
39,39
40,40
41,41
42,42
43,43
44,44
45,45
46,46
47,47
48,48
49,49
50,50
51,51
52,52
53,53
54,54
55,55
56,56
57,57
58,58
59,59
2,0
0,1
2,2
3,3
4,4
5,5
6,6
7,7
8,8
9,9
29,10
29,11
1,12
13,13
14,14
15,15
15,16
17,17
18,18
19,19
20,20
21,21
22,22
23,23
27,24
25,25
26,26
27,27
29,28
11,29
30,30
31,31
32,32
33,33
34,34
35,35
38,36
37,37
38,38
39,39
38,40
41,41
42,42
43,43
44,44
45,45
46,46
47,47
19,48
49,49
50,50
51,51
52,52
53,53
54,54
55,55
56,56
57,57
58,58
59,59
0,0
1,1
2,2
3,3
4,4
5,5
6,6
7,7
8,8
9,9
11,10
11,11
12,12
13,13
14,14
15,15
15,16
17,17
18,18
19,19
20,20
96,21
22,22
23,23
24,24
25,25
26,26
27,27
28,28
29,29
30,30
31,31
32,32
33,33
34,34
35,35
36,36
37,37
38,38
39,39
34,40
41,41
42,42
43,43
38,44
24,45
67,46
47,47
48,48
52,49
50,50
51,51
52,52
53,53
54,54
55,55
56,56
57,57
58,58
59,59
0,0
1,1
2,2
3,3
4,4
5,5
6,6
7,7
8,8
9,9
10,10
11,11
12,12
13,13
14,14
15,15
15,16
17,17
18,18
19,19
20,20
21,21
22,22
23,23
24,24
25,25
26,26
27,27
28,28
29,29
93,30
31,31
32,32
33,33
34,34
35,35
36,36
37,37
38,38
39,39
34,40
41,41
42,42
20,43
44,44
45,45
102,46
47,47
48,48
52,49
50,50
51,51
52,52
53,53
54,54
55,55
56,56
57,57
58,58
59,59
1,0
1,1
2,2
4,4
5,5
6,6
7,7
8,8
9,9
11,10
11,11
12,12
13,13
14,14
15,15
16,16
17,17
18,18
19,19
20,20
93,21
92,22
23,23
24,24
25,25
26,26
27,27
28,28
29,29
94,30
31,31
32,32
33,33
34,34
35,35
3,36
37,37
38,38
39,39
34,40
41,41
42,42
67,43
44,44
67,45
67,46
47,47
48,48
52,49
50,50
51,51
52,52
53,53
54,54
55,55
56,56
55,57
58,58
59,59
0,0
1,1
2,2
3,3
78,4
5,5
100,6
7,7
8,8
9,9
90,10
90,11
87,12
13,13
14,14
15,15
16,16
17,17
18,18
19,19
20,20
21,21
22,22
23,23
24,24
25,25
26,26
27,27
28,28
29,29
93,30
31,31
32,32
33,33
34,34
35,35
36,36
37,37
38,38
39,39
34,40
41,41
42,42
43,43
44,44
45,45
46,46
47,47
48,48
52,49
50,50
51,51
52,52
53,53
54,54
55,55
56,56
57,57
58,58
59,59
0,0
1,1
2,2
3,3
4,4
5,5
6,6
45,7
59,8
9,9
11,10
11,11
90,12
13,13
14,14
10,15
13,16
17,17
18,18
19,19
20,20
96,21
22,22
23,23
40,24
25,25
26,26
27,27
11,28
11,29
93,30
31,31
32,32
33,33
34,34
35,35
36,36
37,37
38,38
39,39
34,40
41,41
42,42
46,43
44,44
45,45
102,46
47,47
48,48
49,49
50,50
51,51
52,52
53,53
54,54
52,55
56,56
57,57
58,58
59,59
0,0
1,1
0,2
36,3
4,4
5,5
5,6
16,7
8,8
9,9
90,10
11,11
12,12
13,13
14,14
15,15
15,16
24,17
18,18
19,19
20,20
21,21
22,22
64,23
24,24
25,25
26,26
27,27
28,28
11,29
2,30
92,31
32,32
33,33
34,34
3,35
36,36
70,37
38,38
39,39
40,40
41,41
42,42
20,43
44,44
45,45
3,46
16,47
48,48
111,49
111,50
51,51
52,52
53,53
54,54
55,55
56,56
57,57
58,58
59,59
0,0
1,1
2,2
3,3
4,4
5,5
6,6
7,7
8,8
9,9
72,10
74,11
12,12
13,13
14,14
15,15
16,16
17,17
18,18
19,19
20,20
21,21
22,22
23,23
24,24
25,25
26,26
27,27
28,28
29,29
68,30
31,31
32,32
33,33
34,34
35,35
36,36
37,37
38,38
39,39
47,40
41,41
42,42
43,43
44,44
45,45
46,46
44,47
48,48
49,49
50,50
51,51
52,52
53,53
54,54
55,55
56,56
57,57
58,58
59,59
0,0
1,1
2,2
3,3
4,4
5,5
6,6
7,7
8,8
9,9
72,10
75,11
12,12
13,13
14,14
15,15
16,16
17,17
18,18
19,19
20,20
21,21
22,22
23,23
24,24
25,25
26,26
37,27
28,28
29,29
30,30
31,31
32,32
33,33
34,34
35,35
36,36
37,37
38,38
39,39
47,40
41,41
42,42
43,43
44,44
45,45
46,46
44,47
48,48
49,49
50,50
51,51
52,52
53,53
54,54
55,55
56,56
57,57
58,58
59,59
0,0
1,1
2,2
67,3
4,4
5,5
6,6
6,7
8,8
9,9
32,10
11,11
12,12
13,13
14,14
15,15
16,16
17,17
18,18
19,19
20,20
21,21
22,22
23,23
24,24
25,25
26,26
27,27
28,28
29,29
109,30
31,31
4,32
33,33
34,34
35,35
36,36
37,37
38,38
39,39
40,40
41,41
42,42
43,43
44,44
45,45
45,46
44,47
92,48
49,49
50,50
51,51
52,52
53,53
54,54
55,55
56,56
57,57
58,58
59,59
0,0
1,1
2,2
3,3
4,4
5,5
6,6
7,7
8,8
9,9
72,10
72,11
12,12
13,13
14,14
15,15
16,16
17,17
18,18
19,19
20,20
21,21
22,22
23,23
24,24
25,25
26,26
37,27
74,28
29,29
68,30
31,31
69,32
33,33
34,34
35,35
36,36
37,37
38,38
39,39
44,40
41,41
42,42
43,43
44,44
45,45
46,46
44,47
48,48
53,49
50,50
51,51
52,52
53,53
54,54
55,55
56,56
57,57
58,58
59,59
102,0
1,1
2,2
3,3
4,4
5,5
6,6
7,7
8,8
9,9
10,10
11,11
12,12
13,13
14,14
15,15
16,16
17,17
18,18
19,19
20,20
21,21
22,22
23,23
24,24
25,25
26,26
27,27
83,28
29,29
68,30
31,31
32,32
33,33
34,34
35,35
36,36
37,37
38,38
39,39
40,40
41,41
42,42
43,43
44,44
45,45
46,46
44,47
21,48
49,49
50,50
51,51
52,52
53,53
54,54
55,55
56,56
57,57
58,58
59,59
0,0
90,1
4,2
67,3
4,4
5,5
49,6
7,7
8,8
9,9
28,10
28,11
12,12
13,13
14,14
15,15
16,16
17,17
18,18
19,19
20,20
21,21
92,22
23,23
24,24
25,25
26,26
66,27
28,28
29,29
30,30
31,31
32,32
33,33
34,34
2,35
36,36
37,37
38,38
39,39
56,40
41,41
42,42
104,43
44,44
46,45
3,46
44,47
92,48
117,49
117,50
55,51
52,52
53,53
54,54
55,55
56,56
57,57
58,58
59,59
0,0
1,1
40,2
36,3
4,4
5,5
6,6
7,7
8,8
38,9
10,10
29,11
12,12
13,13
14,14
15,15
16,16
17,17
18,18
1,19
20,20
21,21
46,22
23,23
24,24
25,25
26,26
102,27
74,28
11,29
30,30
68,31
32,32
33,33
34,34
35,35
36,36
43,37
38,38
39,39
40,40
41,41
42,42
63,43
44,44
45,45
46,46
47,47
48,48
49,49
50,50
51,51
52,52
53,53
54,54
55,55
56,56
55,57
58,58
59,59
0,0
1,1
102,2
3,3
4,4
5,5
6,6
7,7
8,8
9,9
11,10
11,11
12,12
13,13
14,14
15,15
16,16
17,17
18,18
19,19
20,20
21,21
92,22
23,23
1,24
98,25
26,26
32,27
74,28
29,29
30,30
30,31
32,32
33,33
34,34
84,35
36,36
76,37
38,38
39,39
40,40
41,41
42,42
21,43
44,44
45,45
60,46
34,47
48,48
49,49
50,50
49,51
52,52
53,53
54,54
55,55
52,56
57,57
58,58
59,59
0,0
1,1
36,2
3,3
4,4
5,5
6,6
7,7
8,8
11,9
11,10
10,11
12,12
13,13
14,14
15,15
16,16
18,18
19,19
20,20
21,21
61,22
23,23
24,24
25,25
26,26
27,27
28,28
11,29
30,30
68,31
32,32
33,33
34,34
35,35
36,36
4,37
38,38
39,39
40,40
41,41
42,42
40,43
44,44
44,45
29,46
47,47
48,48
49,49
50,50
51,51
52,52
109,53
54,54
55,55
56,56
57,57
58,58
59,59
0,0
1,1
102,2
3,3
4,4
5,5
6,6
7,7
8,8
9,9
10,10
75,11
13,12
13,13
13,14
15,15
16,16
17,17
18,18
19,19
20,20
21,21
48,22
23,23
24,24
25,25
26,26
46,27
28,28
29,29
30,30
68,31
38,32
33,33
34,34
35,35
36,36
76,37
38,38
39,39
40,40
41,41
42,42
63,43
44,44
45,45
46,46
34,47
48,48
49,49
50,50
50,51
52,52
53,53
54,54
55,55
52,56
57,57
58,58
59,59
0,0
102,1
2,2
3,3
4,4
5,5
6,6
7,7
8,8
9,9
11,10
11,11
12,12
13,13
14,14
15,15
16,16
17,17
61,18
19,19
20,20
21,21
48,22
101,23
24,24
25,25
26,26
27,27
28,28
11,29
30,30
30,31
38,32
33,33
34,34
35,35
36,36
37,37
38,38
95,39
40,40
41,41
42,42
3,43
44,44
45,45
46,46
47,47
48,48
49,49
50,50
51,51
49,52
53,53
54,54
55,55
56,56
57,57
58,58
59,59
24,0
2,1
2,2
3,3
38,4
5,5
6,6
7,7
8,8
43,9
10,10
11,11
13,13
13,14
16,15
15,16
27,17
17,18
19,19
20,20
21,21
2,22
23,23
52,24
98,25
26,26
27,27
74,28
11,29
27,30
30,31
46,32
33,33
34,34
35,35
18,36
18,37
38,38
38,39
40,40
41,41
42,42
43,43
44,44
45,45
46,46
47,47
37,48
6,49
23,50
54,51
57,52
53,53
54,54
55,55
56,56
57,57
58,58
59,59
0,0
1,1
2,2
3,3
4,4
5,5
6,6
7,7
8,8
9,9
11,10
11,11
12,12
13,13
14,14
16,15
16,16
17,17
18,18
19,19
104,20
21,21
92,22
23,23
24,24
25,25
26,26
27,27
28,28
29,29
69,30
31,31
32,32
33,33
34,34
35,35
36,36
37,37
38,38
39,39
40,40
41,41
42,42
43,43
44,44
109,45
46,46
47,47
48,48
49,49
50,50
51,51
52,52
53,53
54,54
55,55
113,56
57,57
58,58
59,59
0,0
1,1
2,2
3,3
110,4
5,5
6,6
7,7
8,8
9,9
74,10
75,11
12,12
13,13
14,14
15,15
15,16
17,17
18,18
19,19
20,20
21,21
92,22
23,23
24,24
25,25
26,26
27,27
28,28
29,29
68,30
68,31
32,32
33,33
34,34
35,35
36,36
37,37
38,38
39,39
40,40
41,41
42,42
43,43
44,44
45,45
46,46
47,47
48,48
49,49
50,50
51,51
52,52
53,53
54,54
55,55
56,56
57,57
58,58
59,59
0,0
43,1
2,2
43,3
4,4
5,5
6,6
7,7
8,8
9,9
28,10
11,11
12,12
13,13
14,14
15,15
16,16
17,17
18,18
19,19
18,20
21,21
22,22
23,23
24,24
25,25
26,26
27,27
28,28
29,29
69,30
31,31
78,32
33,33
34,34
37,35
36,36
37,37
38,38
39,39
40,40
41,41
42,42
43,43
44,44
109,45
46,46
47,47
48,48
49,49
50,50
51,51
52,52
53,53
54,54
56,55
105,56
57,57
58,58
59,59
0,0
1,1
2,2
3,3
4,4
5,5
6,6
7,7
8,8
9,9
10,10
11,11
12,12
13,13
14,14
15,15
16,16
17,17
18,18
19,19
20,20
21,21
92,22
23,23
24,24
25,25
26,26
27,27
28,28
29,29
68,30
30,31
32,32
33,33
34,34
35,35
84,36
37,37
38,38
39,39
40,40
41,41
42,42
43,43
44,44
45,45
46,46
40,47
48,48
49,49
50,50
51,51
52,52
53,53
54,54
55,55
113,56
57,57
58,58
59,59
0,0
1,1
2,2
3,3
4,4
5,5
6,6
7,7
8,8
9,9
72,10
11,11
12,12
13,13
14,14
16,15
16,16
17,17
18,18
19,19
20,20
21,21
92,22
23,23
24,24
25,25
26,26
27,27
28,28
11,29
30,30
31,31
32,32
33,33
34,34
35,35
46,36
37,37
38,38
39,39
40,40
41,41
42,42
43,43
44,44
45,45
46,46
34,47
48,48
49,49
50,50
51,51
52,52
53,53
54,54
55,55
113,56
57,57
58,58
59,59
37,1
4,2
40,3
104,4
5,5
6,6
7,7
8,8
9,9
12,12
13,13
14,14
15,15
15,16
1,17
1,18
45,19
24,20
21,21
37,22
23,23
24,24
25,25
26,26
27,27
29,28
29,29
66,30
39,31
32,32
33,33
34,34
102,35
36,36
37,37
38,38
39,39
24,40
107,41
42,42
43,43
44,44
45,45
40,46
47,47
52,48
53,49
23,50
56,51
53,52
53,53
54,54
36,55
15,56
56,57
58,58
59,59
1,0
1,1
2,2
3,3
4,4
5,5
6,6
7,7
8,8
9,9
10,10
11,11
12,12
13,13
14,14
15,15
15,16
17,17
18,18
19,19
20,20
21,21
22,22
23,23
24,24
25,25
26,26
27,27
11,28
11,29
30,30
31,31
39,32
33,33
34,34
35,35
36,36
37,37
40,38
39,39
40,40
41,41
42,42
43,43
44,44
45,45
46,46
47,47
92,48
49,49
50,50
51,51
52,52
53,53
54,54
53,55
56,56
57,57
58,58
59,59
0,0
1,1
0,2
67,3
4,4
5,5
6,6
7,7
8,8
9,9
90,10
38,11
12,12
13,13
14,14
16,15
15,16
17,17
18,18
19,19
20,20
21,21
22,22
23,23
24,24
25,25
26,26
27,27
28,28
29,29
71,30
31,31
32,32
33,33
34,34
35,35
36,36
37,37
38,38
39,39
40,40
41,41
42,42
43,43
44,44
45,45
46,46
47,47
48,48
49,49
50,50
51,51
52,52
53,53
54,54
55,55
56,56
57,57
58,58
59,59
77,0
1,1
2,2
3,3
32,4
5,5
6,6
7,7
8,8
9,9
72,10
11,11
12,12
13,13
14,14
15,15
5,16
17,17
18,18
19,19
20,20
21,21
22,22
23,23
24,24
25,25
26,26
43,27
74,28
46,29
30,30
30,31
39,32
33,33
34,34
37,35
36,36
37,37
40,38
38,39
40,40
41,41
42,42
67,43
44,44
45,45
46,46
44,47
92,48
49,49
50,50
51,51
52,52
53,53
54,54
53,55
56,56
57,57
58,58
59,59
0,0
24,1
2,2
67,3
4,4
5,5
6,6
7,7
8,8
38,9
11,10
74,11
12,12
13,13
14,14
15,15
15,16
17,17
18,18
19,19
20,20
21,21
22,22
23,23
24,24
25,25
26,26
27,27
28,28
29,29
30,30
31,31
32,32
39,33
34,34
35,35
36,36
37,37
38,38
39,39
40,40
41,41
42,42
67,43
44,44
45,45
46,46
47,47
48,48
49,49
50,50
51,51
52,52
53,53
54,54
55,55
56,56
57,57
58,58
59,59
0,0
1,1
2,2
3,3
4,4
5,5
6,6
7,7
8,8
9,9
11,10
11,11
12,12
13,13
14,14
15,15
15,16
17,17
18,18
19,19
20,20
21,21
22,22
23,23
24,24
25,25
26,26
43,27
38,28
11,29
30,30
31,31
39,32
33,33
34,34
35,35
36,36
37,37
40,38
39,39
40,40
41,41
42,42
43,43
44,44
32,45
46,46
47,47
92,48
49,49
50,50
51,51
52,52
53,53
54,54
55,55
56,56
57,57
58,58
59,59
0,0
24,1
35,2
80,3
4,4
5,5
6,6
7,7
8,8
9,9
90,10
38,11
93,12
13,13
14,14
15,15
16,16
17,17
18,18
19,19
35,20
21,21
37,22
23,23
24,24
25,25
26,26
9,27
28,28
24,29
95,30
31,31
32,32
22,33
34,34
35,35
43,36
4,37
66,38
39,39
40,40
59,41
42,42
39,43
44,44
54,45
50,46
47,47
30,48
49,49
49,50
51,51
24,52
53,53
54,54
55,55
34,56
35,57
58,58
59,59
0,0
1,1
2,2
3,3
4,4
5,5
6,6
7,7
8,8
9,9
10,10
11,11
12,12
13,13
14,14
15,15
16,16
17,17
18,18
19,19
20,20
21,21
22,22
23,23
24,24
25,25
26,26
27,27
28,28
29,29
30,30
31,31
32,32
33,33
34,34
35,35
36,36
37,37
38,38
39,39
43,40
41,41
42,42
43,43
29,44
45,45
43,46
47,47
48,48
49,49
50,50
51,51
52,52
53,53
54,54
55,55
56,56
57,57
58,58
59,59
2,0
18,1
2,2
3,3
4,4
5,5
6,6
7,7
8,8
9,9
10,10
11,11
12,12
13,13
14,14
15,15
16,16
17,17
18,18
19,19
20,20
21,21
22,22
23,23
24,24
25,25
26,26
27,27
28,28
29,29
30,30
31,31
32,32
33,33
34,34
35,35
36,36
37,37
38,38
39,39
43,40
41,41
42,42
43,43
44,44
45,45
46,46
47,47
48,48
49,49
50,50
51,51
52,52
53,53
54,54
55,55
56,56
57,57
58,58
59,59
0,0
18,1
2,2
3,3
4,4
5,5
6,6
7,7
8,8
9,9
10,10
72,11
12,12
13,13
14,14
15,15
16,16
17,17
18,18
19,19
20,20
21,21
22,22
23,23
24,24
25,25
26,26
27,27
28,28
29,29
30,30
114,31
32,32
33,33
34,34
35,35
36,36
37,37
38,38
39,39
43,40
41,41
42,42
43,43
44,44
45,45
46,46
47,47
48,48
49,49
50,50
51,51
52,52
53,53
54,54
55,55
56,56
57,57
58,58
59,59
2,0
18,1
2,2
3,3
4,4
5,5
6,6
7,7
8,8
9,9
10,10
11,11
12,12
13,13
14,14
15,15
16,16
17,17
18,18
19,19
20,20
21,21
22,22
23,23
24,24
25,25
26,26
27,27
28,28
29,29
30,30
31,31
32,32
33,33
34,34
35,35
36,36
37,37
38,38
39,39
43,40
41,41
42,42
43,43
44,44
45,45
19,46
47,47
48,48
49,49
50,50
51,51
52,52
52,53
54,54
55,55
56,56
57,57
58,58
59,59
0,0
18,1
2,2
3,3
4,4
5,5
6,6
7,7
8,8
9,9
10,10
29,11
12,12
13,13
14,14
15,15
16,16
17,17
18,18
19,19
20,20
21,21
22,22
23,23
24,24
25,25
26,26
27,27
28,28
11,29
30,30
31,31
32,32
33,33
34,34
35,35
36,36
37,37
38,38
39,39
2,40
41,41
42,42
43,43
29,44
45,45
46,46
47,47
48,48
49,49
50,50
51,51
52,52
53,53
54,54
55,55
56,56
57,57
58,58
59,59
17,0
1,1
2,2
3,3
4,4
5,5
6,6
7,7
8,8
9,9
10,10
11,11
12,12
13,13
14,14
15,15
16,16
17,17
18,18
19,19
20,20
21,21
22,22
23,23
24,24
25,25
26,26
27,27
28,28
11,29
30,30
0,31
32,32
82,33
34,34
35,35
36,36
4,37
38,38
39,39
2,40
41,41
42,42
43,43
24,44
45,45
19,46
47,47
48,48
49,49
50,50
51,51
52,52
53,53
54,54
55,55
56,56
57,57
58,58
59,59
2,0
27,1
2,2
3,3
4,4
5,5
6,6
7,7
8,8
9,9
10,10
11,11
12,12
13,13
14,14
15,15
16,16
17,17
18,18
19,19
20,20
21,21
22,22
23,23
24,24
25,25
26,26
27,27
28,28
29,29
30,30
31,31
32,32
33,33
34,34
35,35
36,36
37,37
38,38
39,39
43,40
41,41
42,42
43,43
44,44
45,45
46,46
47,47
48,48
49,49
50,50
51,51
52,52
53,53
54,54
55,55
56,56
57,57
58,58
59,59
17,0
27,1
2,2
3,3
4,4
5,5
6,6
7,7
8,8
9,9
10,10
10,11
12,12
13,13
14,14
15,15
16,16
17,17
18,18
19,19
20,20
21,21
22,22
23,23
24,24
25,25
26,26
27,27
28,28
29,29
30,30
31,31
32,32
82,33
34,34
35,35
36,36
37,37
38,38
39,39
43,40
115,41
42,42
43,43
29,44
45,45
43,46
47,47
48,48
49,49
50,50
51,51
52,52
53,53
54,54
55,55
56,56
57,57
58,58
59,59
1,0
43,1
2,2
3,3
4,4
5,5
6,6
7,7
8,8
9,9
10,10
75,11
81,12
13,13
14,14
16,15
16,16
17,17
18,18
19,19
20,20
92,21
22,22
23,23
24,24
25,25
26,26
27,27
28,28
29,29
30,30
31,31
32,32
33,33
34,34
35,35
36,36
37,37
38,38
39,39
43,40
41,41
42,42
43,43
44,44
45,45
46,46
44,47
48,48
49,49
50,50
51,51
52,52
109,53
54,54
55,55
56,56
57,57
58,58
59,59
0,0
27,1
2,2
3,3
4,4
5,5
6,6
7,7
8,8
9,9
11,10
10,11
12,12
13,13
14,14
15,15
16,16
17,17
18,18
19,19
20,20
21,21
22,22
23,23
24,24
25,25
26,26
27,27
28,28
29,29
30,30
31,31
32,32
33,33
34,34
35,35
36,36
37,37
38,38
39,39
40,40
41,41
42,42
43,43
44,44
45,45
46,46
47,47
48,48
105,49
50,50
51,51
52,52
109,53
54,54
117,55
56,56
57,57
58,58
59,59
27,0
27,1
2,2
3,3
4,4
5,5
6,6
7,7
8,8
9,9
10,10
29,11
12,12
13,13
14,14
15,15
16,16
17,17
18,18
19,19
20,20
21,21
22,22
23,23
24,24
25,25
26,26
27,27
28,28
29,29
30,30
31,31
32,32
33,33
34,34
35,35
36,36
37,37
38,38
39,39
104,40
41,41
42,42
43,43
44,44
45,45
46,46
44,47
48,48
49,49
50,50
51,51
52,52
53,53
54,54
55,55
56,56
57,57
58,58
59,59
0,0
27,1
2,2
19,3
37,4
5,5
6,6
7,7
8,8
9,9
77,10
28,11
12,12
13,13
14,14
15,15
16,16
17,17
61,18
19,19
20,20
21,21
22,22
23,23
24,24
25,25
26,26
27,27
28,28
29,29
30,30
31,31
32,32
82,33
34,34
35,35
27,36
37,37
38,38
39,39
104,40
41,41
42,42
43,43
24,44
45,45
46,46
47,47
48,48
49,49
50,50
51,51
52,52
53,53
54,54
117,55
56,56
57,57
58,58
59,59
0,0
2,1
2,2
3,3
4,4
5,5
6,6
7,7
8,8
9,9
10,10
11,11
12,12
13,13
14,14
15,15
16,16
17,17
18,18
19,19
20,20
21,21
22,22
23,23
24,24
25,25
26,26
27,27
28,28
29,29
30,30
31,31
32,32
33,33
34,34
35,35
36,36
37,37
38,38
39,39
43,40
41,41
42,42
43,43
44,44
45,45
43,46
47,47
48,48
49,49
50,50
51,51
52,52
53,53
54,54
55,55
56,56
57,57
58,58
59,59
0,0
27,1
2,2
3,3
4,4
5,5
6,6
7,7
8,8
9,9
10,10
10,11
12,12
13,13
14,14
15,15
16,16
17,17
18,18
19,19
20,20
21,21
22,22
23,23
24,24
25,25
26,26
27,27
28,28
29,29
30,30
31,31
32,32
33,33
34,34
35,35
36,36
37,37
38,38
39,39
43,40
41,41
42,42
43,43
44,44
45,45
43,46
47,47
48,48
49,49
50,50
51,51
52,52
53,53
54,54
55,55
56,56
57,57
58,58
59,59
0,0
43,1
2,2
3,3
4,4
16,5
6,6
7,7
8,8
9,9
10,10
10,11
12,12
13,13
14,14
16,15
16,16
27,17
18,18
19,19
20,20
21,21
22,22
23,23
24,24
25,25
26,26
27,27
28,28
29,29
30,30
31,31
32,32
33,33
34,34
35,35
36,36
37,37
38,38
39,39
43,40
41,41
42,42
43,43
45,44
45,45
46,46
47,47
48,48
49,49
50,50
51,51
52,52
53,53
54,54
55,55
56,56
57,57
58,58
59,59
0,0
2,1
2,2
3,3
4,4
5,5
6,6
7,7
8,8
9,9
10,10
10,11
12,12
13,13
14,14
15,15
16,16
17,17
18,18
19,19
20,20
21,21
22,22
23,23
24,24
25,25
26,26
27,27
28,28
11,29
30,30
31,31
32,32
33,33
34,34
35,35
36,36
37,37
38,38
39,39
2,40
41,41
42,42
43,43
44,44
45,45
43,46
47,47
48,48
49,49
50,50
51,51
52,52
53,53
54,54
55,55
56,56
57,57
58,58
59,59
0,0
2,1
2,2
3,3
4,4
5,5
6,6
7,7
8,8
9,9
72,10
10,11
12,12
13,13
14,14
15,15
16,16
17,17
18,18
19,19
20,20
21,21
22,22
23,23
24,24
25,25
26,26
27,27
29,28
11,29
30,30
31,31
32,32
85,33
34,34
35,35
36,36
37,37
38,38
39,39
43,40
41,41
42,42
43,43
44,44
45,45
46,46
47,47
48,48
49,49
50,50
51,51
52,52
53,53
54,54
55,55
56,56
57,57
59,58
59,59
43,0
2,1
2,2
3,3
4,4
5,5
6,6
7,7
8,8
9,9
9,10
10,11
12,12
13,13
14,14
15,15
16,16
17,17
61,18
19,19
20,20
21,21
22,22
23,23
24,24
25,25
26,26
78,27
28,28
11,29
30,30
31,31
32,32
33,33
34,34
35,35
36,36
35,37
38,38
39,39
43,40
41,41
42,42
43,43
44,44
45,45
43,46
47,47
48,48
105,49
50,50
51,51
52,52
53,53
54,54
55,55
56,56
57,57
58,58
59,59
0,0
1,1
2,2
3,3
4,4
5,5
6,6
7,7
8,8
9,9
10,10
10,11
12,12
13,13
14,14
16,15
16,16
17,17
18,18
19,19
20,20
21,21
22,22
23,23
24,24
25,25
26,26
27,27
28,28
29,29
30,30
31,31
32,32
33,33
34,34
35,35
36,36
37,37
38,38
39,39
43,40
41,41
42,42
43,43
44,44
45,45
43,46
47,47
48,48
49,49
50,50
51,51
52,52
53,53
107,54
55,55
56,56
57,57
58,58
59,59
0,0
1,1
2,2
3,3
4,4
5,5
6,6
7,7
8,8
9,9
10,10
28,11
12,12
13,13
14,14
15,15
16,16
17,17
18,18
19,19
20,20
21,21
22,22
23,23
24,24
25,25
26,26
27,27
28,28
11,29
30,30
31,31
32,32
33,33
34,34
35,35
36,36
37,37
38,38
39,39
40,40
41,41
42,42
43,43
44,44
45,45
43,46
47,47
48,48
49,49
50,50
51,51
52,52
52,53
54,54
55,55
52,56
57,57
58,58
59,59
0,0
1,1
2,2
3,3
4,4
5,5
6,6
7,7
7,8
9,9
10,10
10,11
12,12
13,13
14,14
16,15
16,16
17,17
18,18
19,19
20,20
21,21
22,22
101,23
24,24
25,25
26,26
27,27
28,28
29,29
30,30
31,31
32,32
33,33
34,34
35,35
36,36
37,37
31,38
39,39
43,40
41,41
42,42
43,43
44,44
45,45
43,46
47,47
48,48
49,49
50,50
51,51
52,52
53,53
54,54
55,55
56,56
57,57
58,58
59,59
0,0
1,1
2,2
3,3
4,4
5,5
6,6
7,7
8,8
9,9
10,10
90,11
12,12
13,13
14,14
15,15
16,16
17,17
18,18
19,19
20,20
21,21
22,22
23,23
24,24
25,25
26,26
27,27
28,28
10,29
30,30
31,31
32,32
33,33
34,34
35,35
3,36
37,37
38,38
39,39
40,40
41,41
42,42
43,43
44,44
45,45
46,46
47,47
48,48
49,49
50,50
51,51
52,52
53,53
54,54
55,55
56,56
57,57
58,58
59,59
0,0
1,1
2,2
3,3
4,4
5,5
6,6
7,7
8,8
9,9
10,10
10,11
12,12
13,13
14,14
15,15
16,16
17,17
18,18
19,19
20,20
21,21
22,22
23,23
24,24
25,25
26,26
27,27
28,28
29,29
30,30
31,31
32,32
85,33
34,34
35,35
36,36
37,37
38,38
39,39
40,40
41,41
42,42
43,43
44,44
45,45
46,46
47,47
48,48
49,49
50,50
51,51
52,52
53,53
54,54
55,55
56,56
57,57
58,58
59,59
27,0
1,1
2,2
3,3
4,4
5,5
6,6
7,7
16,8
9,9
10,10
11,11
12,12
13,13
14,14
15,15
16,16
17,17
61,18
19,19
20,20
21,21
22,22
23,23
24,24
25,25
26,26
17,27
28,28
10,29
30,30
31,31
32,32
33,33
34,34
35,35
36,36
37,37
38,38
39,39
40,40
41,41
42,42
43,43
44,44
45,45
46,46
47,47
48,48
105,49
50,50
51,51
52,52
53,53
54,54
55,55
56,56
57,57
59,58
59,59
0,0
1,1
2,2
3,3
4,4
5,5
6,6
7,7
8,8
84,9
10,10
11,11
12,12
13,13
14,14
15,15
15,16
17,17
18,18
19,19
20,20
21,21
22,22
23,23
24,24
25,25
26,26
27,27
28,28
29,29
30,30
31,31
32,32
33,33
34,34
35,35
3,36
37,37
38,38
39,39
40,40
41,41
42,42
43,43
44,44
45,45
46,46
47,47
48,48
49,49
50,50
51,51
52,52
53,53
54,54
112,55
56,56
57,57
58,58
59,59
0,0
84,1
2,2
3,3
4,4
5,5
6,6
7,7
8,8
9,9
11,10
11,11
12,12
13,13
14,14
15,15
16,16
17,17
18,18
19,19
20,20
21,21
22,22
23,23
24,24
25,25
26,26
27,27
74,28
29,29
30,30
31,31
32,32
33,33
34,34
35,35
36,36
37,37
38,38
39,39
40,40
41,41
42,42
43,43
44,44
45,45
46,46
47,47
48,48
49,49
50,50
51,51
52,52
53,53
54,54
55,55
56,56
57,57
58,58
59,59
0,0
1,1
2,2
3,3
4,4
5,5
6,6
7,7
8,8
9,9
75,10
10,11
12,12
13,13
14,14
15,15
15,16
17,17
18,18
19,19
20,20
21,21
22,22
23,23
24,24
25,25
26,26
43,27
28,28
29,29
30,30
31,31
37,32
33,33
34,34
35,35
3,36
37,37
38,38
39,39
38,40
41,41
42,42
43,43
44,44
45,45
45,46
47,47
48,48
50,50
116,51
52,52
53,53
54,54
117,55
56,56
57,57
58,58
59,59
0,0
1,1
2,2
3,3
4,4
5,5
6,6
7,7
8,8
9,9
29,10
11,11
90,12
13,13
14,14
15,15
16,16
17,17
18,18
19,19
20,20
21,21
22,22
23,23
24,24
25,25
26,26
27,27
28,28
29,29
30,30
31,31
32,32
33,33
34,34
35,35
36,36
37,37
38,38
39,39
40,40
41,41
42,42
43,43
44,44
45,45
46,46
47,47
48,48
49,49
50,50
51,51
52,52
53,53
54,54
55,55
56,56
57,57
58,58
58,59
0,0
1,1
2,2
3,3
4,4
16,5
6,6
7,7
8,8
29,9
29,10
11,11
12,12
13,13
14,14
15,15
15,16
17,17
18,18
19,19
20,20
21,21
22,22
23,23
24,24
25,25
26,26
27,27
28,28
29,29
30,30
30,31
32,32
33,33
34,34
35,35
3,36
37,37
38,38
39,39
104,40
41,41
42,42
43,43
44,44
45,45
46,46
47,47
48,48
105,49
50,50
106,51
52,52
53,53
54,54
106,55
56,56
57,57
58,58
59,59
0,0
83,1
2,2
67,3
76,4
5,5
6,6
7,7
8,8
9,9
10,10
11,11
12,12
13,13
14,14
15,15
16,16
17,17
61,18
19,19
20,20
21,21
22,22
23,23
24,24
25,25
26,26
2,27
72,28
29,29
30,30
31,31
32,32
33,33
34,34
35,35
3,36
37,37
38,38
103,39
40,40
41,41
42,42
61,43
44,44
24,45
46,46
47,47
74,48
49,49
56,50
51,51
52,52
53,53
54,54
55,55
56,56
57,57
58,58
59,59
0,0
18,1
2,2
2,3
4,4
5,5
6,6
7,7
8,8
9,9
74,10
11,11
12,12
13,13
14,14
15,15
16,16
17,17
18,18
19,19
20,20
21,21
22,22
23,23
29,24
25,25
26,26
84,27
11,28
29,29
30,30
31,31
32,32
85,33
34,34
35,35
3,36
37,37
38,38
39,39
40,40
41,41
42,42
43,43
44,44
45,45
46,46
47,47
48,48
49,49
50,50
51,51
52,52
53,53
54,54
55,55
56,56
57,57
58,58
59,59
0,0
1,1
2,2
3,3
75,4
5,5
6,6
7,7
8,8
9,9
10,10
11,11
12,12
13,13
14,14
15,15
99,16
36,17
18,18
19,19
93,20
21,21
48,22
23,23
24,24
25,25
26,26
2,27
28,28
75,29
30,30
31,31
32,32
33,33
34,34
35,35
36,36
37,37
38,38
39,39
40,40
41,41
42,42
48,43
47,44
3,45
46,46
47,47
48,48
49,49
50,50
51,51
52,52
53,53
54,54
55,55
56,56
57,57
58,58
59,59
0,0
3,1
0,2
3,3
4,4
5,5
6,6
7,7
8,8
9,9
28,10
10,11
22,12
13,13
14,14
15,15
16,16
17,17
18,18
19,19
20,20
21,21
22,22
23,23
35,24
25,25
26,26
27,27
28,28
28,29
71,30
31,31
39,32
2,33
34,34
35,35
3,36
37,37
38,38
39,39
40,40
41,41
42,42
43,43
44,44
45,45
46,46
47,47
48,48
49,49
50,50
51,51
52,52
53,53
54,54
55,55
56,56
57,57
58,58
59,59
0,0
1,1
2,2
3,3
28,4
5,5
6,6
7,7
8,8
9,9
85,10
11,11
12,12
13,13
14,14
15,15
23,16
17,17
18,18
19,19
20,20
21,21
48,22
23,23
24,24
25,25
26,26
2,27
28,28
28,29
30,30
31,31
32,32
33,33
34,34
35,35
36,36
37,37
38,38
39,39
40,40
41,41
42,42
3,43
47,44
45,45
46,46
47,47
48,48
49,49
50,50
51,51
52,52
53,53
107,54
55,55
56,56
57,57
58,58
59,59
0,0
1,1
2,2
3,3
4,4
5,5
6,6
7,7
8,8
9,9
10,10
11,11
12,12
13,13
14,14
15,15
16,16
17,17
18,18
19,19
20,20
21,21
22,22
23,23
24,24
25,25
26,26
27,27
28,28
29,29
30,30
31,31
32,32
33,33
47,34
35,35
36,36
37,37
38,38
39,39
40,40
41,41
42,42
43,43
47,44
45,45
46,46
47,47
48,48
49,49
50,50
51,51
53,52
53,53
54,54
55,55
56,56
57,57
58,58
59,59
0,0
1,1
2,2
3,3
27,4
16,5
6,6
44,7
8,8
33,9
10,10
11,11
12,12
13,13
14,14
0,16
17,17
17,18
19,19
20,20
103,21
22,22
45,23
28,24
25,25
26,26
3,27
28,28
28,29
30,30
31,31
32,32
33,33
34,34
35,35
3,36
37,37
38,38
39,39
1,40
41,41
79,42
3,43
47,44
100,45
46,46
47,47
48,48
49,49
50,50
51,51
52,52
52,53
54,54
4,55
56,56
57,57
58,58
59,59
2,0
1,1
2,2
3,3
4,4
5,5
6,6
7,7
8,8
33,9
10,10
11,11
12,12
13,13
14,14
15,15
15,16
17,17
18,18
19,19
20,20
21,21
22,22
23,23
24,24
25,25
26,26
27,27
28,28
29,29
30,30
31,31
32,32
33,33
34,34
35,35
36,36
37,37
38,38
39,39
40,40
41,41
42,42
43,43
44,44
24,45
43,46
47,47
48,48
49,49
50,50
51,51
52,52
53,53
55,55
56,56
57,57
58,58
59,59
0,0
18,1
43,2
3,3
4,4
5,5
6,6
7,7
8,8
9,9
10,10
11,11
12,12
13,13
14,14
16,15
16,16
17,17
18,18
19,19
20,20
21,21
22,22
23,23
24,24
25,25
26,26
27,27
10,28
11,29
30,30
31,31
32,32
33,33
34,34
40,35
36,36
37,37
38,38
39,39
40,40
41,41
42,42
43,43
44,44
45,45
46,46
47,47
48,48
49,49
50,50
51,51
110,52
53,53
89,55
100,56
119,57
58,58
59,59
0,0
1,1
2,2
3,3
4,4
5,5
6,6
7,7
8,8
9,9
10,10
11,11
13,12
13,13
14,14
15,15
15,16
17,17
18,18
19,19
20,20
21,21
22,22
23,23
24,24
25,25
26,26
17,27
11,28
10,29
30,30
31,31
32,32
33,33
34,34
35,35
36,36
37,37
66,38
39,39
40,40
41,41
42,42
43,43
44,44
16,45
46,46
47,47
48,48
49,49
50,50
51,51
52,52
52,53
54,54
55,55
56,56
57,57
58,58
59,59
0,0
1,1
2,2
3,3
4,4
5,5
6,6
7,7
8,8
33,9
10,10
11,11
12,12
13,13
14,14
15,15
16,16
17,17
65,18
19,19
20,20
21,21
22,22
23,23
24,24
25,25
26,26
43,27
81,28
10,29
30,30
31,31
32,32
33,33
34,34
40,35
36,36
37,37
38,38
39,39
47,40
41,41
42,42
43,43
44,44
44,45
46,46
47,47
48,48
49,49
50,50
51,51
52,52
53,53
54,54
55,55
56,56
57,57
58,58
59,59
2,0
1,1
2,2
3,3
4,4
5,5
6,6
7,7
8,8
33,9
28,10
11,11
12,12
13,13
14,14
15,15
16,16
17,17
18,18
19,19
20,20
92,21
22,22
23,23
24,24
25,25
26,26
27,27
28,28
11,29
66,30
31,31
32,32
33,33
34,34
35,35
36,36
37,37
38,38
39,39
40,40
41,41
42,42
43,43
44,44
45,45
46,46
47,47
48,48
49,49
50,50
51,51
52,52
57,53
54,54
55,55
56,56
57,57
58,58
59,59
0,0
18,1
2,2
3,3
4,4
5,5
6,6
7,7
8,8
9,9
10,10
10,11
12,12
13,13
14,14
16,15
16,16
17,17
18,18
19,19
20,20
21,21
22,22
23,23
46,24
25,25
26,26
27,27
28,28
11,29
30,30
31,31
32,32
33,33
34,34
4,35
36,36
76,37
38,38
39,39
40,40
41,41
42,42
43,43
44,44
47,45
46,46
47,47
48,48
49,49
50,50
51,51
52,52
53,53
54,54
55,55
56,56
57,57
58,58
59,59
60,60
61,61
62,62
63,63
64,64
65,65
66,66
67,67
68,68
69,69
70,70
30,71
74,72
83,73
74,74
28,75
76,76
81,77
1,78
79,79
80,80
81,81
73,82
83,83
84,84
85,85
86,86
87,87
88,88
56,89
90,90
91,91
92,92
6,93
94,94
95,95
96,96
97,97
98,98
99,99
100,100
101,101
102,102
103,103
40,104
105,105
49,106
107,107
105,108
109,109
110,110
111,111
112,112
113,113
53,114
115,115
116,116
117,117
118,118
119,119
60,60
61,61
62,62
63,63
6,64
65,65
66,66
67,67
68,68
69,69
70,70
68,71
74,72
83,73
74,74
10,75
76,76
85,77
17,78
79,79
80,80
81,81
82,82
83,83
84,84
85,85
86,86
87,87
89,88
89,89
90,90
91,91
92,92
93,93
94,94
95,95
96,96
97,97
98,98
99,99
100,100
101,101
43,102
103,103
40,104
49,105
106,106
107,107
56,108
109,109
110,110
111,111
112,112
113,113
53,114
115,115
116,116
117,117
118,118
119,119
60,60
61,61
62,62
63,63
64,64
65,65
66,66
67,67
68,68
49,69
71,70
30,71
75,72
73,73
74,74
72,75
76,76
83,77
1,78
79,79
80,80
81,81
73,82
83,83
84,84
85,85
86,86
87,87
89,88
89,89
90,90
91,91
45,92
62,93
94,94
84,95
96,96
97,97
98,98
99,99
100,100
101,101
102,102
103,103
40,104
105,105
106,106
107,107
106,108
109,109
110,110
111,111
112,112
113,113
53,114
115,115
116,116
117,117
118,118
119,119
60,60
61,61
62,62
63,63
6,64
65,65
66,66
67,67
68,68
69,69
70,70
70,71
74,72
73,73
74,74
10,75
76,76
85,77
78,78
79,79
80,80
81,81
82,82
83,83
84,84
85,85
86,86
87,87
89,88
89,89
90,90
91,91
92,92
93,93
94,94
95,95
96,96
97,97
98,98
99,99
100,100
101,101
0,102
103,103
104,104
105,105
105,106
107,107
108,108
109,109
116,110
111,111
112,112
113,113
53,114
115,115
116,116
117,117
118,118
119,119
60,60
61,61
62,62
63,63
64,64
65,65
66,66
67,67
68,68
69,69
70,70
68,71
11,72
73,73
74,74
75,75
76,76
77,77
40,78
79,79
80,80
81,81
83,82
83,83
84,84
85,85
86,86
87,87
88,88
89,89
90,90
91,91
92,92
93,93
94,94
95,95
96,96
97,97
98,98
99,99
100,100
101,101
102,102
103,103
40,104
105,105
49,106
107,107
108,108
109,109
110,110
111,111
112,112
113,113
31,114
115,115
116,116
117,117
118,118
119,119
60,60
103,61
62,62
63,63
6,64
65,65
66,66
67,67
68,68
69,69
70,70
76,71
75,72
73,73
74,74
10,75
76,76
82,77
78,78
79,79
80,80
81,81
82,82
83,83
84,84
85,85
86,86
87,87
89,88
89,89
90,90
91,91
45,92
93,93
94,94
95,95
96,96
97,97
98,98
99,99
100,100
101,101
46,102
103,103
40,104
105,105
105,106
107,107
108,108
109,109
110,110
111,111
112,112
113,113
53,114
115,115
116,116
117,117
118,118
119,119
60,60
61,61
62,62
63,63
64,64
65,65
66,66
67,67
68,68
69,69
70,70
68,71
75,72
83,73
74,74
75,75
76,76
85,77
17,78
79,79
80,80
83,81
77,82
83,83
84,84
77,85
86,86
87,87
89,88
89,89
90,90
91,91
92,92
93,93
94,94
95,95
96,96
97,97
98,98
99,99
100,100
101,101
66,102
103,103
104,104
105,105
106,106
107,107
108,108
109,109
110,110
111,111
112,112
113,113
114,114
115,115
116,116
117,117
118,118
119,119
60,60
61,61
62,62
63,63
64,64
65,65
66,66
67,67
109,68
69,69
70,70
68,71
75,72
28,73
74,74
72,75
76,76
77,77
66,78
79,79
80,80
81,81
82,82
83,83
84,84
82,85
86,86
87,87
89,88
89,89
90,90
91,91
92,92
93,93
94,94
95,95
96,96
97,97
98,98
99,99
100,100
101,101
102,102
103,103
104,104
105,105
106,106
107,107
108,108
109,109
110,110
111,111
112,112
113,113
114,114
115,115
116,116
117,117
118,118
119,119
60,60
61,61
62,62
63,63
64,64
65,65
66,66
67,67
66,68
69,69
71,70
68,71
72,72
74,73
74,74
75,75
76,76
77,77
66,78
79,79
64,80
81,81
77,82
28,83
84,84
88,85
86,86
87,87
88,88
89,89
90,90
91,91
103,92
93,93
94,94
95,95
96,96
97,97
98,98
99,99
100,100
101,101
66,102
103,103
104,104
105,105
106,106
107,107
108,108
109,109
110,110
111,111
112,112
113,113
114,114
115,115
116,116
117,117
118,118
119,119
60,60
61,61
62,62
63,63
64,64
65,65
66,66
67,67
109,68
30,69
71,70
68,71
72,72
73,73
74,74
75,75
76,76
77,77
116,78
79,79
80,80
81,81
82,82
83,83
84,84
85,85
86,86
87,87
89,88
89,89
90,90
91,91
92,92
93,93
94,94
95,95
96,96
97,97
98,98
99,99
100,100
101,101
66,102
103,103
104,104
105,105
106,106
107,107
108,108
109,109
110,110
111,111
112,112
113,113
114,114
115,115
116,116
117,117
118,118
119,119
60,60
61,61
62,62
63,63
64,64
65,65
66,66
67,67
68,68
69,69
70,70
68,71
72,72
83,73
74,74
75,75
76,76
85,77
17,78
79,79
80,80
83,81
83,82
83,83
84,84
85,85
86,86
87,87
89,88
89,89
90,90
91,91
92,92
93,93
94,94
95,95
96,96
97,97
98,98
99,99
100,100
101,101
66,102
103,103
104,104
105,105
106,106
107,107
108,108
109,109
110,110
111,111
112,112
113,113
114,114
115,115
116,116
117,117
118,118
119,119
60,60
61,61
62,62
63,63
64,64
65,65
66,66
67,67
68,68
69,69
70,70
68,71
75,72
74,73
74,74
75,75
64,76
81,77
66,78
79,79
80,80
75,81
82,82
75,83
84,84
85,85
86,86
87,87
23,88
89,89
86,90
91,91
94,92
93,93
94,94
95,95
96,96
97,97
98,98
99,99
100,100
101,101
102,102
103,103
104,104
109,105
106,106
107,107
108,108
109,109
110,110
111,111
112,112
113,113
114,114
115,115
116,116
117,117
118,118
119,119
60,60
61,61
62,62
63,63
108,64
65,65
66,66
93,67
68,68
69,69
71,70
68,71
72,72
73,73
74,74
75,75
112,76
77,77
78,78
79,79
80,80
81,81
82,82
77,83
84,84
85,85
86,86
87,87
88,88
89,89
90,90
91,91
92,92
93,93
94,94
95,95
96,96
97,97
98,98
99,99
100,100
101,101
102,102
103,103
104,104
105,105
105,106
107,107
108,108
109,109
110,110
111,111
112,112
113,113
114,114
115,115
116,116
117,117
118,118
119,119
60,60
61,61
62,62
63,63
64,64
65,65
66,66
67,67
68,68
69,69
70,70
71,71
28,72
73,73
10,74
74,75
76,76
77,77
66,78
79,79
80,80
81,81
82,82
28,83
84,84
33,85
86,86
87,87
88,88
89,89
88,90
91,91
92,92
93,93
94,94
95,95
96,96
97,97
98,98
99,99
100,100
101,101
102,102
103,103
104,104
105,105
106,106
107,107
108,108
114,109
110,110
111,111
112,112
113,113
114,114
115,115
116,116
117,117
118,118
119,119
60,60
61,61
64,64
71,65
66,66
67,67
68,68
69,69
70,70
68,71
72,72
27,73
74,74
88,75
64,76
82,77
70,78
79,79
64,80
81,81
82,82
74,83
84,84
85,85
86,86
87,87
88,88
89,89
90,90
91,91
102,92
93,93
94,94
95,95
96,96
97,97
98,98
99,99
100,100
101,101
102,102
103,103
66,104
105,105
106,106
107,107
108,108
106,109
110,110
111,111
112,112
113,113
116,114
115,115
116,116
117,117
118,118
119,119
60,60
61,61
103,62
63,63
64,64
65,65
66,66
67,67
68,68
69,69
70,70
70,71
28,72
73,73
11,74
75,75
76,76
77,77
78,78
79,79
80,80
9,81
82,82
28,83
84,84
33,85
86,86
87,87
88,88
89,89
90,90
91,91
93,92
93,93
94,94
95,95
96,96
97,97
98,98
99,99
100,100
101,101
102,102
103,103
66,104
49,105
106,106
107,107
108,108
109,109
110,110
111,111
112,112
113,113
114,114
115,115
116,116
117,117
118,118
119,119
60,60
61,61
62,62
63,63
6,64
65,65
66,66
67,67
68,68
69,69
70,70
71,71
72,72
28,73
74,74
72,75
112,76
77,77
78,78
79,79
80,80
81,81
82,82
28,83
84,84
85,85
86,86
87,87
88,88
89,89
10,90
91,91
92,92
93,93
94,94
95,95
96,96
97,97
98,98
99,99
100,100
101,101
0,102
103,103
104,104
105,105
49,106
107,107
108,108
114,109
110,110
111,111
112,112
113,113
114,114
115,115
116,116
117,117
118,118
119,119
60,60
61,61
62,62
16,63
64,64
65,65
1,66
0,67
68,68
64,69
70,70
70,71
29,72
83,73
29,74
28,75
30,76
32,77
17,78
79,79
95,80
73,81
82,82
29,83
27,84
1,85
86,86
87,87
16,88
89,89
89,90
91,91
45,92
93,93
94,94
95,95
96,96
97,97
98,98
99,99
100,100
101,101
102,102
103,103
43,104
49,105
106,106
107,107
108,108
109,109
110,110
111,111
112,112
113,113
114,114
115,115
116,116
117,117
118,118
119,119
60,60
61,61
62,62
72,63
64,64
65,65
66,66
67,67
68,68
69,69
70,70
68,71
10,72
74,73
72,74
10,75
76,76
77,77
78,78
79,79
80,80
81,81
82,82
28,83
27,84
85,85
86,86
87,87
88,88
89,89
90,90
91,91
92,92
93,93
94,94
95,95
96,96
97,97
98,98
99,99
100,100
101,101
102,102
103,103
104,104
105,105
106,106
107,107
108,108
114,109
110,110
111,111
112,112
113,113
114,114
115,115
116,116
117,117
118,118
119,119
60,60
61,61
62,62
63,63
64,64
65,65
66,66
67,67
68,68
69,69
68,70
68,71
10,72
73,73
74,74
72,75
76,76
77,77
78,78
79,79
80,80
81,81
82,82
83,83
84,84
77,85
109,86
87,87
91,88
88,89
90,90
91,91
92,92
93,93
94,94
95,95
96,96
97,97
98,98
99,99
100,100
101,101
102,102
103,103
104,104
49,105
49,106
50,107
116,108
53,109
50,110
111,111
112,112
113,113
109,114
115,115
116,116
117,117
118,118
119,119
60,60
61,61
62,62
63,63
64,64
65,65
66,66
104,67
64,68
69,69
70,70
71,71
2,72
74,73
72,74
75,75
76,76
30,77
78,78
79,79
71,80
90,81
72,82
1,83
46,84
32,85
86,86
86,87
89,88
64,89
12,90
91,91
80,92
93,93
94,94
95,95
96,96
97,97
98,98
99,99
100,100
101,101
102,102
103,103
102,104
105,105
106,106
107,107
108,108
109,109
110,110
111,111
112,112
113,113
114,114
115,115
107,116
117,117
118,118
119,119
60,60
61,61
62,62
63,63
64,64
65,65
66,66
104,67
68,68
69,69
71,70
68,71
10,72
83,73
74,74
74,75
76,76
77,77
78,78
79,79
80,80
81,81
82,82
83,83
84,84
77,85
86,86
87,87
88,88
89,89
90,90
91,91
92,92
93,93
94,94
95,95
96,96
97,97
98,98
99,99
100,100
101,101
102,102
103,103
104,104
105,105
106,106
107,107
108,108
109,109
110,110
111,111
112,112
113,113
109,114
115,115
116,116
117,117
118,118
119,119
60,60
61,61
62,62
63,63
64,64
65,65
66,66
67,67
68,68
69,69
68,70
68,71
11,72
29,73
10,74
28,75
68,76
85,77
78,78
79,79
80,80
29,81
72,82
28,83
27,84
85,85
13,86
87,87
15,88
89,89
17,90
91,91
93,92
93,93
94,94
95,95
96,96
97,97
98,98
99,99
100,100
101,101
102,102
103,103
66,104
105,105
106,106
107,107
108,108
114,109
110,110
111,111
112,112
113,113
114,114
115,115
116,116
55,117
118,118
119,119
60,60
93,61
62,62
63,63
64,64
65,65
66,66
46,67
68,68
69,69
71,70
66,71
81,72
10,73
74,74
75,75
76,76
90,77
78,78
79,79
102,80
81,81
88,82
83,83
84,84
85,85
13,86
89,87
88,88
89,89
90,90
91,91
22,92
86,93
94,94
95,95
96,96
97,97
98,98
99,99
100,100
101,101
102,102
103,103
104,104
49,105
53,106
107,107
56,108
109,109
110,110
111,111
112,112
113,113
53,114
115,115
116,116
117,117
118,118
92,119
60,60
61,61
62,62
63,63
64,64
65,65
66,66
67,67
68,68
69,69
70,70
114,71
72,72
32,73
74,74
75,75
94,76
85,77
78,78
79,79
93,80
81,81
82,82
83,83
102,84
77,85
86,86
87,87
88,88
89,89
90,90
91,91
92,92
93,93
94,94
95,95
96,96
97,97
98,98
99,99
100,100
101,101
0,102
103,103
104,104
105,105
106,106
107,107
108,108
109,109
110,110
111,111
112,112
113,113
114,114
115,115
116,116
117,117
118,118
119,119
60,60
20,61
62,62
63,63
64,64
65,65
70,66
67,67
68,68
69,69
68,70
70,71
90,72
10,73
74,74
75,75
92,76
77,77
78,78
79,79
93,80
81,81
82,82
83,83
17,84
90,85
86,86
87,87
117,88
89,89
90,90
91,91
92,92
93,93
94,94
95,95
96,96
97,97
98,98
99,99
100,100
101,101
102,102
103,103
104,104
106,105
106,106
107,107
108,108
109,109
110,110
111,111
112,112
113,113
114,114
115,115
116,116
117,117
118,118
119,119
60,60
67,61
62,62
63,63
64,64
80,65
66,66
102,67
68,68
69,69
70,70
68,71
72,72
72,73
32,74
72,75
94,76
88,77
78,78
79,79
80,80
81,81
82,82
83,83
102,84
68,85
86,86
87,87
95,88
49,89
77,90
91,91
94,92
93,93
94,94
95,95
96,96
97,97
98,98
99,99
100,100
101,101
0,102
103,103
104,104
105,105
106,106
107,107
108,108
109,109
110,110
111,111
112,112
113,113
114,114
115,115
116,116
117,117
118,118
119,119
60,60
20,61
62,62
63,63
64,64
65,65
102,66
67,67
80,68
69,69
70,70
71,71
72,72
83,73
74,74
75,75
71,76
77,77
78,78
79,79
93,80
82,81
82,82
83,83
84,84
77,85
86,86
87,87
88,88
89,89
90,90
91,91
92,92
93,93
94,94
95,95
96,96
97,97
98,98
99,99
100,100
101,101
102,102
103,103
104,104
111,105
106,106
107,107
108,108
53,109
110,110
105,111
112,112
113,113
114,114
115,115
116,116
117,117
118,118
119,119
60,60
60,61
62,62
63,63
64,64
65,65
66,66
67,67
68,68
69,69
71,70
114,71
72,72
83,73
74,74
75,75
71,76
33,77
78,78
79,79
80,80
81,81
82,82
83,83
62,84
77,85
86,86
87,87
88,88
89,89
77,90
91,91
22,92
93,93
94,94
95,95
96,96
97,97
98,98
99,99
100,100
101,101
0,102
103,103
66,104
105,105
106,106
107,107
108,108
109,109
105,110
111,111
112,112
113,113
114,114
115,115
116,116
55,117
118,118
119,119
94,60
20,61
111,62
63,63
64,64
65,65
66,66
67,67
68,68
69,69
92,70
70,71
75,72
74,73
74,74
64,75
9,76
77,77
78,78
79,79
80,80
90,81
82,82
75,83
84,84
81,85
87,87
88,88
89,89
90,90
91,91
21,92
94,93
94,94
95,95
96,96
97,97
25,98
99,99
100,100
101,101
67,102
103,103
104,104
116,105
106,106
107,107
108,108
109,109
110,110
111,111
112,112
113,113
114,114
115,115
116,116
117,117
118,118
119,119
60,60
61,61
60,62
63,63
64,64
65,65
66,66
67,67
70,68
69,69
71,70
71,71
72,72
28,73
32,74
75,75
76,76
77,77
78,78
79,79
80,80
12,81
82,82
28,83
33,84
33,85
86,86
87,87
88,88
89,89
90,90
91,91
92,92
93,93
94,94
95,95
96,96
97,97
98,98
99,99
100,100
101,101
102,102
103,103
104,104
105,105
106,106
107,107
108,108
109,109
110,110
111,111
112,112
113,113
114,114
115,115
116,116
117,117
118,118
119,119
60,60
20,61
62,62
63,63
108,64
65,65
66,66
67,67
68,68
69,69
68,70
68,71
10,72
83,73
74,74
75,75
68,76
77,77
78,78
79,79
80,80
90,81
82,82
81,83
84,84
77,85
86,86
87,87
88,88
89,89
90,90
91,91
21,92
93,93
94,94
95,95
96,96
97,97
98,98
99,99
100,100
101,101
66,102
103,103
66,104
105,105
106,106
107,107
108,108
109,109
110,110
111,111
112,112
113,113
109,114
115,115
116,116
117,117
118,118
119,119
60,60
61,61
62,62
63,63
64,64
90,65
38,66
92,67
35,68
71,69
66,70
71,71
32,72
10,73
32,74
11,75
68,76
77,77
78,78
79,79
93,80
12,81
82,82
28,83
17,84
83,85
86,86
87,87
88,88
8,89
91,91
21,92
93,93
93,94
38,95
96,96
97,97
98,98
99,99
100,100
101,101
102,102
103,103
92,104
105,105
106,106
107,107
107,108
109,109
110,110
111,111
112,112
113,113
114,114
115,115
107,116
117,117
118,118
119,119
60,60
20,61
62,62
63,63
64,64
65,65
66,66
67,67
68,68
69,69
68,70
68,71
72,72
83,73
74,74
75,75
80,76
78,77
78,78
79,79
80,80
10,81
82,82
83,83
84,84
77,85
86,86
87,87
88,88
89,89
90,90
91,91
92,92
93,93
94,94
95,95
96,96
97,97
98,98
99,99
100,100
101,101
66,102
103,103
66,104
105,105
106,106
107,107
108,108
109,109
110,110
111,111
112,112
113,113
109,114
115,115
116,116
117,117
118,118
119,119
60,60
61,61
62,62
63,63
64,64
65,65
66,66
67,67
70,68
69,69
70,70
70,71
10,72
28,73
28,74
75,75
76,76
77,77
78,78
79,79
80,80
12,81
82,82
28,83
84,84
33,85
86,86
87,87
88,88
5,89
27,90
91,91
92,92
93,93
94,94
95,95
96,96
97,97
98,98
99,99
100,100
101,101
0,102
103,103
104,104
105,105
106,106
107,107
108,108
109,109
110,110
111,111
112,112
113,113
114,114
115,115
116,116
117,117
118,118
119,119
103,60
93,61
62,62
63,63
64,64
65,65
66,66
46,67
114,68
69,69
71,70
68,71
75,72
83,73
74,74
75,75
76,76
77,77
78,78
79,79
80,80
81,81
80,82
90,83
27,84
90,85
86,86
87,87
88,88
91,89
90,90
91,91
109,92
93,93
94,94
95,95
96,96
97,97
98,98
99,99
100,100
101,101
66,102
103,103
66,104
107,105
106,106
107,107
108,108
109,109
110,110
111,111
112,112
113,113
109,114
115,115
116,116
117,117
118,118
119,119
103,60
61,61
62,62
63,63
64,64
65,65
102,66
46,67
68,68
69,69
71,70
95,71
24,72
73,73
28,74
75,75
76,76
77,77
78,78
79,79
80,80
81,81
55,82
82,83
84,84
72,85
86,86
87,87
89,88
24,89
90,90
91,91
92,92
93,93
94,94
95,95
96,96
97,97
98,98
99,99
100,100
101,101
38,102
103,103
66,104
105,105
106,106
107,107
106,108
109,109
110,110
111,111
109,112
113,113
114,114
115,115
116,116
117,117
118,118
119,119
19,60
20,61
62,62
63,63
64,64
65,65
66,66
67,67
68,68
69,69
71,70
68,71
72,72
83,73
74,74
81,75
76,76
83,77
78,78
79,79
80,80
81,81
55,82
83,83
84,84
85,85
86,86
87,87
88,88
88,89
85,90
91,91
92,92
93,93
94,94
95,95
96,96
97,97
116,98
99,99
100,100
101,101
102,102
62,103
104,104
105,105
106,106
107,107
108,108
109,109
110,110
111,111
112,112
113,113
114,114
115,115
116,116
117,117
118,118
119,119
67,60
61,61
62,62
63,63
64,64
103,65
66,66
43,67
68,68
69,69
68,70
44,71
88,72
74,74
75,75
80,76
77,77
78,78
79,79
80,80
90,81
90,82
84,84
73,85
86,86
87,87
24,88
89,89
90,90
91,91
66,92
93,93
94,94
95,95
96,96
97,97
98,98
99,99
100,100
101,101
104,102
103,103
102,104
105,105
106,106
116,107
108,108
109,109
110,110
111,111
112,112
113,113
114,114
115,115
116,116
117,117
118,118
119,119
60,60
67,61
62,62
63,63
64,64
64,65
64,66
67,67
64,68
68,69
78,70
108,71
72,72
83,73
74,74
91,75
111,76
77,77
78,78
79,79
80,80
81,81
55,82
83,83
84,84
77,85
86,86
87,87
88,88
88,89
72,90
91,91
92,92
93,93
94,94
95,95
96,96
97,97
107,98
99,99
100,100
101,101
102,102
103,103
104,104
105,105
106,106
107,107
108,108
109,109
110,110
111,111
112,112
113,113
114,114
115,115
116,116
117,117
118,118
119,119
60,60
67,61
114,62
63,63
64,64
65,65
66,66
43,67
68,68
69,69
111,70
68,71
88,72
73,73
74,74
75,75
38,76
90,77
78,78
79,79
80,80
81,81
57,82
28,83
84,84
77,85
86,86
87,87
24,89
90,90
91,91
92,92
93,93
94,94
95,95
96,96
97,97
98,98
41,99
100,100
101,101
17,102
103,103
66,104
105,105
106,106
107,107
108,108
109,109
110,110
92,111
112,112
91,113
94,114
115,115
116,116
117,117
118,118
119,119
61,60
92,61
62,62
16,63
63,64
30,65
93,66
2,67
95,68
69,69
69,70
109,71
73,72
73,73
74,74
10,75
76,76
77,77
78,78
79,79
93,80
81,81
55,82
77,83
84,84
77,85
86,86
87,87
88,88
89,89
72,90
91,91
92,92
93,93
94,94
2,95
96,96
97,97
63,98
99,99
100,100
101,101
102,102
103,103
2,104
64,105
64,106
107,107
101,108
109,109
106,110
111,111
112,112
113,113
114,114
115,115
116,116
117,117
118,118
119,119
60,60
61,61
62,62
63,63
64,64
65,65
76,66
67,67
80,68
69,69
70,70
68,71
72,72
83,73
74,74
75,75
109,76
9,77
66,78
79,79
80,80
81,81
57,82
83,83
84,84
85,85
86,86
87,87
90,88
89,89
90,90
41,91
92,92
93,93
94,94
95,95
96,96
97,97
98,98
99,99
100,100
101,101
102,102
103,103
102,104
106,105
106,106
107,107
108,108
109,109
110,110
111,111
112,112
113,113
114,114
115,115
116,116
117,117
118,118
119,119
60,60
60,61
62,62
63,63
100,64
65,65
66,66
67,67
68,68
64,69
68,70
68,71
75,72
73,73
28,74
72,75
76,76
77,77
78,78
79,79
80,80
81,81
82,82
83,83
84,84
77,85
86,86
87,87
88,88
89,89
90,90
91,91
92,92
93,93
94,94
95,95
96,96
97,97
98,98
99,99
100,100
101,101
102,102
103,103
102,104
105,105
105,106
107,107
108,108
109,109
110,110
111,111
112,112
113,113
114,114
115,115
116,116
117,117
118,118
119,119
60,60
93,61
62,62
63,63
64,64
65,65
92,66
104,67
70,68
69,69
70,70
70,71
72,72
83,73
74,74
75,75
32,76
9,77
78,78
79,79
80,80
81,81
57,82
83,83
84,84
84,85
86,86
87,87
90,88
89,89
90,90
91,91
92,92
62,93
94,94
95,95
96,96
97,97
98,98
99,99
100,100
101,101
102,102
103,103
67,104
109,105
106,106
107,107
108,108
109,109
110,110
111,111
112,112
113,113
114,114
115,115
116,116
117,117
118,118
92,119
60,60
60,61
62,62
63,63
108,64
65,65
66,66
67,67
68,68
6,69
71,70
68,71
72,72
73,73
28,74
75,75
76,76
77,77
78,78
79,79
80,80
81,81
82,82
83,83
84,84
77,85
86,86
87,87
88,88
89,89
90,90
91,91
92,92
93,93
94,94
95,95
96,96
97,97
98,98
99,99
100,100
101,101
102,102
103,103
66,104
106,105
105,106
107,107
108,108
107,109
110,110
111,111
112,112
113,113
114,114
115,115
116,116
117,117
116,118
119,119
60,60
61,61
62,62
63,63
64,64
65,65
102,66
3,67
69,68
69,69
70,70
68,71
75,72
28,73
11,74
75,75
68,76
9,77
78,78
79,79
80,80
81,81
117,82
83,83
84,84
84,85
86,86
87,87
90,88
89,89
90,90
91,91
92,92
93,93
94,94
95,95
96,96
97,97
98,98
99,99
100,100
101,101
102,102
103,103
43,104
106,105
106,106
107,107
108,108
109,109
110,110
111,111
112,112
56,113
114,114
115,115
116,116
117,117
118,118
119,119
45,60
87,61
62,62
63,63
13,64
65,65
66,66
3,67
66,68
6,69
71,70
69,71
72,72
83,73
74,74
72,75
76,76
77,77
78,78
79,79
93,80
81,81
82,82
81,83
84,84
85,85
86,86
87,87
16,88
89,89
90,90
91,91
92,92
93,93
94,94
95,95
96,96
97,97
98,98
99,99
100,100
101,101
102,102
103,103
102,104
105,105
105,106
107,107
108,108
107,109
110,110
111,111
112,112
113,113
114,114
115,115
116,116
117,117
118,118
119,119
60,60
61,61
62,62
63,63
64,64
65,65
66,66
67,67
68,68
69,69
70,70
70,71
72,72
73,73
74,74
74,75
76,76
77,77
66,78
79,79
80,80
10,81
72,82
74,83
84,84
77,85
86,86
87,87
90,88
89,89
90,90
91,91
92,92
93,93
94,94
95,95
96,96
97,97
98,98
99,99
100,100
101,101
102,102
76,103
66,104
105,105
105,106
107,107
106,108
109,109
110,110
111,111
112,112
113,113
114,114
115,115
116,116
117,117
118,118
119,119
60,60
61,61
62,62
63,63
64,64
65,65
66,66
67,67
68,68
69,69
68,70
66,71
72,72
73,73
74,74
75,75
68,76
77,77
78,78
79,79
80,80
81,81
80,82
73,83
84,84
90,85
86,86
87,87
88,88
89,89
90,90
91,91
92,92
93,93
94,94
95,95
96,96
97,97
98,98
99,99
100,100
101,101
66,102
103,103
66,104
105,105
108,106
107,107
108,108
109,109
110,110
111,111
112,112
113,113
114,114
115,115
116,116
117,117
118,118
119,119
60,60
93,61
62,62
63,63
64,64
65,65
66,66
67,67
68,68
69,69
68,70
70,71
74,72
73,73
74,74
74,75
76,76
77,77
78,78
79,79
80,80
90,81
75,82
90,83
84,84
28,85
86,86
87,87
90,88
89,89
90,90
91,91
92,92
93,93
94,94
95,95
96,96
97,97
98,98
99,99
100,100
101,101
66,102
103,103
102,104
105,105
106,106
107,107
108,108
109,109
110,110
111,111
112,112
113,113
114,114
115,115
116,116
117,117
118,118
119,119
60,60
61,61
62,62
63,63
64,64
65,65
66,66
67,67
68,68
69,69
68,70
102,71
32,72
73,73
28,74
75,75
76,76
77,77
78,78
79,79
93,80
90,81
80,82
73,83
84,84
85,85
86,86
87,87
88,88
88,89
90,90
91,91
92,92
93,93
94,94
95,95
96,96
97,97
98,98
99,99
100,100
101,101
66,102
103,103
66,104
105,105
106,106
107,107
108,108
109,109
110,110
111,111
112,112
113,113
114,114
115,115
116,116
117,117
118,118
119,119
60,60
61,61
62,62
63,63
64,64
65,65
66,66
67,67
71,68
69,69
70,70
70,71
72,72
10,73
74,74
72,75
76,76
77,77
78,78
79,79
80,80
10,81
90,82
83,83
84,84
12,85
86,86
87,87
88,88
89,89
90,90
91,91
92,92
93,93
94,94
95,95
96,96
97,97
98,98
99,99
100,100
101,101
66,102
103,103
66,104
105,105
105,106
107,107
56,108
109,109
110,110
111,111
112,112
113,113
114,114
115,115
116,116
117,117
118,118
119,119
60,60
61,61
62,62
63,63
64,64
65,65
66,66
67,67
68,68
69,69
71,70
66,71
75,72
72,73
28,74
75,75
68,76
77,77
78,78
79,79
68,80
82,81
65,82
84,83
84,84
85,85
86,86
87,87
88,88
89,89
90,90
91,91
21,92
93,93
94,94
95,95
96,96
97,97
25,98
99,99
100,100
42,101
66,102
103,103
102,104
105,105
106,106
107,107
107,108
109,109
110,110
111,111
112,112
113,113
114,114
115,115
116,116
117,117
118,118
119,119
60,60
61,61
103,62
63,63
64,64
65,65
66,66
46,67
68,68
69,69
70,70
68,71
75,72
9,73
83,74
75,75
76,76
77,77
78,78
79,79
80,80
10,81
82,82
83,83
84,84
85,85
86,86
87,87
88,88
89,89
90,90
91,91
92,92
93,93
94,94
95,95
96,96
97,97
98,98
99,99
100,100
101,101
66,102
103,103
104,104
106,105
106,106
107,107
108,108
109,109
110,110
111,111
112,112
113,113
114,114
115,115
116,116
117,117
118,118
119,119
60,60
61,61
62,62
63,63
64,64
65,65
66,66
103,67
68,68
85,69
71,70
114,71
72,72
73,73
74,74
75,75
76,76
77,77
78,78
79,79
80,80
12,81
82,82
83,83
84,84
82,85
86,86
87,87
88,88
89,89
90,90
91,91
92,92
93,93
94,94
95,95
96,96
97,97
98,98
99,99
100,100
101,101
66,102
103,103
37,104
109,105
106,106
107,107
108,108
109,109
110,110
111,111
112,112
113,113
114,114
115,115
116,116
117,117
118,118
119,119
60,60
20,61
62,62
63,63
64,64
65,65
66,66
67,67
68,68
49,69
70,70
68,71
75,72
9,73
77,74
75,75
111,76
77,77
78,78
79,79
80,80
78,81
82,82
83,83
84,84
33,85
86,86
87,87
88,88
89,89
90,90
91,91
92,92
93,93
94,94
95,95
96,96
97,97
98,98
99,99
100,100
101,101
66,102
103,103
104,104
105,105
106,106
107,107
108,108
109,109
110,110
111,111
112,112
113,113
114,114
115,115
116,116
117,117
118,118
119,119
60,60
61,61
6,62
63,63
64,64
65,65
66,66
103,67
114,68
69,69
71,70
76,71
73,72
83,73
74,74
75,75
76,76
77,77
78,78
79,79
80,80
12,81
82,82
28,83
84,84
33,85
86,86
87,87
88,88
89,89
81,90
91,91
92,92
93,93
94,94
95,95
96,96
97,97
98,98
99,99
100,100
23,101
66,102
103,103
37,104
109,105
106,106
107,107
108,108
53,109
110,110
111,111
112,112
113,113
114,114
115,115
116,116
117,117
118,118
119,119
60,60
61,61
62,62
63,63
64,64
65,65
66,66
46,67
68,68
69,69
70,70
68,71
75,72
9,73
72,74
75,75
76,76
77,77
78,78
79,79
80,80
10,81
82,82
83,83
84,84
85,85
86,86
87,87
88,88
89,89
90,90
91,91
92,92
93,93
94,94
95,95
96,96
97,97
98,98
99,99
100,100
101,101
66,102
103,103
104,104
106,105
106,106
107,107
108,108
109,109
110,110
111,111
112,112
113,113
114,114
115,115
116,116
117,117
118,118
119,119
60,60
61,61
62,62
63,63
64,64
65,65
66,66
103,67
68,68
77,69
70,70
94,71
73,72
73,73
74,74
72,75
76,76
77,77
78,78
79,79
93,80
90,81
82,82
72,83
84,84
82,85
86,86
87,87
88,88
89,89
90,90
91,91
92,92
93,93
94,94
95,95
96,96
97,97
98,98
99,99
100,100
101,101
66,102
103,103
37,104
105,105
106,106
107,107
108,108
53,109
110,110
111,111
112,112
113,113
114,114
115,115
116,116
117,117
118,118
119,119
60,60
61,61
62,62
63,63
64,64
65,65
104,66
67,67
30,68
69,69
71,70
30,71
75,72
73,73
74,74
75,75
76,76
77,77
40,78
79,79
80,80
81,81
77,82
83,83
84,84
85,85
86,86
87,87
88,88
88,89
90,90
91,91
92,92
93,93
94,94
95,95
96,96
97,97
98,98
99,99
100,100
101,101
43,102
103,103
36,104
106,105
106,106
107,107
106,108
109,109
110,110
111,111
112,112
113,113
114,114
115,115
116,116
117,117
118,118
119,119
60,60
61,61
39,62
63,63
49,64
65,65
104,66
3,67
71,68
69,69
71,70
30,71
10,72
83,73
74,74
74,75
76,76
77,77
84,78
79,79
70,80
81,81
82,82
83,83
84,84
85,85
86,86
87,87
88,88
88,89
90,90
91,91
92,92
93,93
94,94
95,95
96,96
97,97
98,98
99,99
100,100
101,101
102,102
103,103
36,104
105,105
106,106
107,107
108,108
114,109
110,110
111,111
112,112
113,113
114,114
115,115
116,116
117,117
118,118
119,119
60,60
61,61
62,62
63,63
64,64
65,65
104,66
3,67
30,68
30,69
71,70
68,71
75,72
73,73
74,74
11,75
63,76
77,77
36,78
79,79
80,80
48,81
77,82
74,83
84,84
85,85
86,86
87,87
88,88
88,89
90,90
91,91
92,92
93,93
94,94
95,95
96,96
97,97
98,98
99,99
100,100
101,101
46,102
103,103
36,104
106,105
106,106
107,107
106,108
109,109
110,110
111,111
112,112
113,113
114,114
115,115
116,116
117,117
118,118
119,119
60,60
61,61
39,62
63,63
64,64
65,65
104,66
3,67
68,68
69,69
71,70
69,71
75,72
74,73
74,74
75,75
92,76
77,77
36,78
79,79
70,80
81,81
77,82
83,83
84,84
85,85
86,86
87,87
88,88
89,89
90,90
91,91
92,92
93,93
94,94
95,95
96,96
97,97
98,98
99,99
100,100
101,101
102,102
103,103
40,104
105,105
106,106
107,107
108,108
114,109
110,110
111,111
112,112
113,113
114,114
115,115
116,116
117,117
118,118
119,119
60,60
61,61
62,62
63,63
49,64
65,65
66,66
67,67
30,68
69,69
71,70
68,71
81,72
73,73
74,74
75,75
76,76
77,77
40,78
79,79
80,80
81,81
83,82
83,83
84,84
85,85
86,86
87,87
88,88
88,89
90,90
91,91
92,92
93,93
94,94
95,95
96,96
97,97
98,98
99,99
100,100
101,101
102,102
103,103
36,104
106,105
106,106
107,107
108,108
109,109
110,110
111,111
112,112
113,113
114,114
115,115
116,116
117,117
118,118
119,119
60,60
61,61
39,62
63,63
64,64
65,65
78,66
3,67
70,68
69,69
70,70
71,71
75,72
73,73
74,74
75,75
92,76
77,77
78,78
79,79
93,80
81,81
82,82
83,83
84,84
85,85
86,86
87,87
88,88
89,89
90,90
91,91
92,92
93,93
94,94
95,95
96,96
97,97
98,98
99,99
100,100
101,101
102,102
103,103
43,104
105,105
109,106
101,107
108,108
114,109
110,110
111,111
112,112
113,113
114,114
115,115
116,116
117,117
118,118
119,119
60,60
18,61
62,62
63,63
64,64
65,65
80,66
60,67
30,68
69,69
71,70
70,71
75,72
28,73
74,74
75,75
76,76
77,77
78,78
79,79
71,80
81,81
82,82
11,83
84,84
85,85
86,86
87,87
88,88
89,89
10,90
91,91
92,92
93,93
94,94
95,95
96,96
97,97
98,98
99,99
100,100
101,101
102,102
103,103
104,104
106,105
106,106
107,107
108,108
109,109
110,110
111,111
112,112
113,113
114,114
115,115
116,116
117,117
118,118
119,119
60,60
61,61
62,62
63,63
64,64
65,65
66,66
67,67
69,68
69,69
71,70
71,71
72,72
74,73
74,74
11,75
76,76
12,77
40,78
79,79
68,80
73,81
33,82
74,83
84,84
85,85
86,86
87,87
88,88
89,89
90,90
91,91
92,92
76,93
94,94
95,95
96,96
97,97
98,98
99,99
100,100
101,101
102,102
103,103
104,104
106,105
106,106
107,107
108,108
109,109
110,110
111,111
112,112
113,113
114,114
115,115
116,116
117,117
118,118
119,119
17,60
61,61
62,62
63,63
64,64
48,65
66,66
67,67
31,68
69,69
71,70
71,71
10,72
28,73
11,74
11,75
76,76
10,77
43,78
79,79
71,80
81,81
81,82
73,83
36,84
77,85
86,86
87,87
88,88
88,89
90,90
91,91
22,92
102,102
103,103
40,104
106,105
106,106
107,107
108,108
109,109
110,110
111,111
112,112
113,113
114,114
115,115
116,116
117,117
118,118
119,119
60,60
61,61
39,62
63,63
64,64
65,65
66,66
67,67
68,68
69,69
71,70
30,71
10,72
73,73
43,74
10,75
76,76
2,77
78,78
79,79
71,80
81,81
95,82
83,83
84,84
85,85
86,86
87,87
88,88
89,89
90,90
91,91
92,92
93,93
94,94
95,95
96,96
97,97
98,98
99,99
100,100
101,101
102,102
103,103
40,104
106,105
106,106
107,107
108,108
109,109
110,110
111,111
112,112
113,113
114,114
115,115
116,116
117,117
118,118
119,119
60,60
18,61
62,62
63,63
64,64
65,65
66,66
67,67
30,68
69,69
71,70
71,71
75,72
28,73
74,74
75,75
76,76
2,77
78,78
79,79
76,80
81,81
82,82
0,83
36,84
33,85
86,86
87,87
88,88
89,89
90,90
91,91
92,92
93,93
94,94
95,95
96,96
97,97
98,98
99,99
100,100
101,101
102,102
103,103
104,104
106,105
106,106
107,107
108,108
114,109
110,110
111,111
112,112
113,113
114,114
115,115
116,116
117,117
118,118
119,119
60,60
18,61
62,62
63,63
64,64
65,65
66,66
67,67
68,68
69,69
71,70
70,71
10,72
73,73
74,74
10,75
76,76
78,77
104,78
79,79
68,80
73,81
82,82
83,83
84,84
90,85
86,86
87,87
88,88
89,89
88,90
91,91
92,92
93,93
94,94
39,95
96,96
97,97
98,98
99,99
100,100
101,101
102,102
103,103
40,104
106,105
106,106
107,107
108,108
109,109
110,110
111,111
112,112
113,113
114,114
115,115
116,116
117,117
118,118
119,119
60,60
61,61
62,62
63,63
64,64
65,65
66,66
67,67
68,68
69,69
71,70
71,71
75,72
73,73
74,74
75,75
76,76
77,77
78,78
79,79
68,80
81,81
82,82
83,83
84,84
85,85
86,86
87,87
88,88
89,89
90,90
91,91
92,92
93,93
94,94
95,95
96,96
97,97
98,98
99,99
100,100
101,101
102,102
103,103
104,104
105,105
106,106
107,107
108,108
109,109
110,110
111,111
112,112
113,113
114,114
115,115
116,116
117,117
118,118
119,119
60,60
61,61
62,62
63,63
64,64
65,65
66,66
67,67
71,68
69,69
71,70
71,71
74,72
73,73
74,74
75,75
76,76
77,77
78,78
79,79
71,80
81,81
82,82
83,83
84,84
85,85
86,86
87,87
88,88
89,89
90,90
91,91
92,92
93,93
94,94
95,95
96,96
97,97
98,98
99,99
100,100
101,101
102,102
103,103
104,104
105,105
106,106
107,107
108,108
109,109
110,110
111,111
112,112
113,113
114,114
115,115
116,116
117,117
118,118
119,119
60,60
61,61
62,62
63,63
64,64
65,65
66,66
67,67
68,68
69,69
70,70
71,71
74,72
83,73
74,74
75,75
76,76
77,77
78,78
79,79
71,80
81,81
90,82
83,83
84,84
77,85
86,86
87,87
88,88
89,89
90,90
91,91
92,92
62,93
94,94
95,95
96,96
97,97
98,98
99,99
100,100
101,101
102,102
103,103
104,104
105,105
63,106
107,107
108,108
77,109
110,110
111,111
112,112
113,113
114,114
115,115
116,116
117,117
118,118
119,119
60,60
61,61
62,62
63,63
64,64
65,65
66,66
67,67
68,68
69,69
71,70
71,71
74,72
73,73
74,74
75,75
76,76
77,77
78,78
79,79
71,80
81,81
77,82
83,83
84,84
85,85
86,86
87,87
88,88
89,89
90,90
91,91
92,92
93,93
94,94
95,95
96,96
97,97
98,98
99,99
100,100
101,101
102,102
103,103
104,104
105,105
106,106
107,107
108,108
109,109
110,110
111,111
112,112
113,113
114,114
115,115
116,116
117,117
118,118
119,119
60,60
61,61
62,62
63,63
64,64
65,65
66,66
67,67
30,68
69,69
71,70
71,71
72,72
73,73
74,74
75,75
76,76
77,77
78,78
79,79
68,80
81,81
82,82
83,83
84,84
85,85
86,86
87,87
88,88
89,89
90,90
91,91
92,92
93,93
94,94
95,95
96,96
97,97
98,98
99,99
100,100
101,101
102,102
103,103
104,104
106,105
63,106
107,107
108,108
109,109
110,110
111,111
112,112
113,113
114,114
115,115
116,116
117,117
118,118
119,119
60,60
61,61
62,62
64,64
65,65
66,66
67,67
71,68
69,69
71,70
71,71
75,72
28,73
74,74
75,75
76,76
90,77
78,78
79,79
71,80
81,81
81,82
83,83
84,84
85,85
86,86
87,87
88,88
89,89
10,90
91,91
92,92
31,93
94,94
95,95
96,96
97,97
98,98
99,99
100,100
101,101
102,102
103,103
104,104
109,105
106,106
107,107
105,108
109,109
110,110
111,111
112,112
113,113
114,114
115,115
116,116
117,117
118,118
119,119
60,60
61,61
62,62
63,63
64,64
65,65
102,66
67,67
71,68
69,69
71,70
71,71
75,72
83,73
74,74
75,75
76,76
77,77
78,78
79,79
76,80
81,81
82,82
83,83
84,84
85,85
86,86
87,87
89,88
89,89
90,90
91,91
92,92
93,93
94,94
95,95
96,96
97,97
98,98
99,99
100,100
101,101
102,102
103,103
104,104
105,105
107,106
107,107
108,108
116,109
110,110
111,111
112,112
113,113
114,114
115,115
107,116
117,117
118,118
119,119
60,60
61,61
93,62
63,63
64,64
65,65
66,66
67,67
71,68
69,69
71,70
71,71
75,72
74,73
74,74
75,75
92,76
77,77
104,78
79,79
68,80
81,81
82,82
83,83
84,84
85,85
86,86
87,87
88,88
89,89
90,90
91,91
92,92
93,93
94,94
95,95
96,96
97,97
98,98
99,99
100,100
101,101
102,102
103,103
104,104
106,105
106,106
107,107
108,108
109,109
110,110
111,111
112,112
113,113
114,114
115,115
116,116
117,117
118,118
119,119
60,60
61,61
62,62
63,63
64,64
65,65
66,66
104,67
71,68
69,69
70,70
71,71
75,72
83,73
74,74
75,75
76,76
77,77
78,78
79,79
70,80
81,81
85,82
83,83
84,84
90,85
86,86
87,87
89,88
89,89
90,90
107,91
92,92
93,93
94,94
95,95
96,96
97,97
98,98
99,99
100,100
101,101
102,102
103,103
104,104
54,105
116,106
107,107
108,108
116,109
111,111
112,112
113,113
112,114
115,115
116,116
117,117
118,118
119,119
60,60
61,61
62,62
63,63
64,64
65,65
102,66
67,67
71,68
69,69
71,70
71,71
75,72
73,73
74,74
75,75
92,76
77,77
78,78
79,79
68,80
81,81
82,82
83,83
84,84
85,85
86,86
87,87
88,88
89,89
90,90
91,91
92,92
93,93
94,94
95,95
96,96
97,97
98,98
99,99
100,100
101,101
102,102
103,103
104,104
106,105
106,106
107,107
108,108
109,109
110,110
111,111
112,112
113,113
114,114
115,115
116,116
117,117
118,118
119,119
60,60
61,61
62,62
63,63
64,64
65,65
66,66
67,67
68,68
69,69
71,70
71,71
75,72
83,73
74,74
75,75
76,76
77,77
78,78
79,79
68,80
81,81
82,82
83,83
84,84
85,85
86,86
87,87
89,88
89,89
90,90
91,91
92,92
93,93
94,94
95,95
96,96
97,97
98,98
99,99
100,100
101,101
102,102
103,103
104,104
105,105
106,106
107,107
108,108
116,109
110,110
111,111
112,112
113,113
114,114
115,115
116,116
117,117
118,118
119,119
60,60
61,61
62,62
63,63
64,64
65,65
102,66
104,67
71,68
69,69
71,70
71,71
75,72
74,73
74,74
75,75
92,76
90,77
78,78
79,79
76,80
81,81
82,82
83,83
84,84
85,85
86,86
87,87
88,88
89,89
11,90
91,91
35,92
93,93
43,94
95,95
96,96
97,97
98,98
99,99
100,100
101,101
102,102
103,103
104,104
105,105
105,106
107,107
108,108
109,109
110,110
111,111
112,112
113,113
114,114
115,115
116,116
117,117
118,118
55,119
60,60
61,61
62,62
63,63
64,64
65,65
66,66
67,67
68,68
69,69
68,70
71,71
75,72
28,73
74,74
10,75
76,76
77,77
78,78
79,79
80,80
81,81
82,82
28,83
84,84
85,85
86,86
87,87
88,88
89,89
90,90
91,91
92,92
93,93
94,94
95,95
96,96
97,97
98,98
99,99
100,100
101,101
102,102
103,103
104,104
49,105
105,106
107,107
108,108
109,109
110,110
111,111
112,112
113,113
114,114
115,115
116,116
117,117
118,118
119,119
60,60
61,61
62,62
63,63
49,64
65,65
66,66
67,67
68,68
69,69
71,70
71,71
81,72
83,73
74,74
75,75
76,76
77,77
78,78
79,79
80,80
81,81
82,82
28,83
84,84
85,85
86,86
87,87
88,88
89,89
90,90
91,91
92,92
93,93
94,94
95,95
96,96
97,97
98,98
99,99
100,100
101,101
104,102
103,103
104,104
105,105
108,106
107,107
108,108
53,109
110,110
111,111
112,112
113,113
114,114
115,115
116,116
117,117
118,118
119,119
60,60
18,61
62,62
63,63
64,64
65,65
66,66
43,67
68,68
69,69
68,70
71,71
72,72
83,73
74,74
10,75
12,76
77,77
78,78
79,79
80,80
10,81
29,82
28,83
84,84
85,85
86,86
87,87
89,88
89,89
90,90
91,91
92,92
93,93
94,94
95,95
96,96
97,97
98,98
99,99
100,100
101,101
46,102
103,103
102,104
105,105
106,106
107,107
108,108
109,109
116,110
111,111
112,112
113,113
114,114
115,115
116,116
117,117
118,118
119,119
60,60
61,61
62,62
63,63
64,64
65,65
66,66
67,67
68,68
69,69
68,70
68,71
72,72
73,73
74,74
75,75
76,76
77,77
78,78
79,79
80,80
81,81
82,82
83,83
84,84
85,85
86,86
87,87
88,88
89,89
90,90
91,91
92,92
93,93
94,94
95,95
96,96
97,97
98,98
99,99
100,100
101,101
66,102
103,103
104,104
105,105
106,106
107,107
108,108
109,109
110,110
111,111
112,112
113,113
114,114
115,115
116,116
117,117
118,118
119,119
60,60
61,61
62,62
63,63
64,64
65,65
66,66
67,67
68,68
69,69
68,70
68,71
75,72
74,73
74,74
10,75
76,76
77,77
78,78
79,79
80,80
81,81
82,82
83,83
84,84
85,85
86,86
87,87
88,88
89,89
10,90
91,91
92,92
93,93
94,94
95,95
96,96
97,97
98,98
99,99
100,100
101,101
102,102
103,103
102,104
105,105
106,106
107,107
108,108
109,109
110,110
111,111
112,112
113,113
114,114
115,115
116,116
117,117
118,118
119,119
60,60
61,61
62,62
63,63
64,64
65,65
102,66
37,67
68,68
69,69
71,70
71,71
72,72
73,73
74,74
72,75
76,76
85,77
78,78
79,79
80,80
90,81
72,82
83,83
84,84
85,85
86,86
87,87
88,88
89,89
90,90
91,91
92,92
93,93
94,94
95,95
96,96
97,97
98,98
99,99
100,100
101,101
104,102
103,103
104,104
105,105
106,106
107,107
108,108
109,109
110,110
111,111
112,112
113,113
114,114
115,115
116,116
117,117
118,118
119,119
60,60
61,61
62,62
63,63
64,64
65,65
104,66
67,67
68,68
69,69
71,70
68,71
72,72
73,73
75,74
75,75
76,76
77,77
78,78
79,79
80,80
81,81
72,82
83,83
84,84
85,85
86,86
87,87
88,88
89,89
90,90
91,91
92,92
80,93
94,94
95,95
96,96
97,97
98,98
99,99
100,100
101,101
102,102
103,103
104,104
105,105
106,106
107,107
108,108
109,109
110,110
111,111
112,112
113,113
114,114
115,115
116,116
117,117
118,118
119,119
60,60
34,61
62,62
63,63
64,64
65,65
66,66
67,67
68,68
69,69
71,70
71,71
11,72
29,73
11,74
11,75
76,76
85,77
78,78
79,79
80,80
1,81
72,82
83,83
84,84
85,85
86,86
87,87
89,88
89,89
90,90
91,91
92,92
93,93
94,94
95,95
96,96
97,97
98,98
99,99
100,100
101,101
102,102
103,103
104,104
64,105
106,106
107,107
108,108
90,109
110,110
111,111
112,112
113,113
114,114
115,115
116,116
117,117
118,118
119,119
60,60
61,61
62,62
63,63
105,64
65,65
104,66
67,67
68,68
69,69
71,70
71,71
72,72
73,73
74,74
75,75
76,76
77,77
78,78
79,79
80,80
81,81
82,82
83,83
84,84
85,85
86,86
87,87
88,88
89,89
90,90
91,91
92,92
119,93
94,94
95,95
96,96
97,97
98,98
99,99
100,100
101,101
102,102
103,103
43,104
105,105
106,106
107,107
108,108
109,109
110,110
111,111
112,112
113,113
114,114
115,115
116,116
117,117
118,118
119,119
60,60
40,61
62,62
63,63
64,64
65,65
66,66
67,67
68,68
69,69
70,70
71,71
75,72
29,73
74,74
10,75
71,76
85,77
78,78
79,79
80,80
90,81
29,82
28,83
36,84
33,85
86,86
87,87
88,88
89,89
90,90
91,91
92,92
93,93
94,94
95,95
96,96
97,97
98,98
99,99
100,100
101,101
102,102
103,103
104,104
105,105
106,106
107,107
108,108
85,109
110,110
111,111
112,112
113,113
116,114
115,115
116,116
117,117
118,118
119,119
60,60
61,61
62,62
63,63
64,64
65,65
66,66
67,67
68,68
69,69
30,70
68,71
72,72
74,73
74,74
75,75
68,76
77,77
78,78
79,79
80,80
81,81
82,82
83,83
84,84
85,85
86,86
87,87
88,88
89,89
90,90
91,91
92,92
80,93
94,94
95,95
96,96
97,97
98,98
99,99
100,100
101,101
102,102
103,103
104,104
105,105
106,106
107,107
108,108
109,109
110,110
111,111
112,112
113,113
114,114
115,115
116,116
117,117
118,118
119,119
60,60
18,61
62,62
63,63
6,64
65,65
66,66
43,67
68,68
69,69
71,70
68,71
11,72
11,73
11,74
10,75
71,76
77,77
78,78
79,79
80,80
83,81
29,82
10,83
1,84
33,85
86,86
87,87
89,88
88,89
90,90
91,91
52,92
80,93
94,94
95,95
96,96
97,97
98,98
99,99
100,100
101,101
102,102
103,103
43,104
106,105
106,106
107,107
108,108
109,109
110,110
111,111
112,112
113,113
114,114
115,115
116,116
117,117
118,118
119,119
60,60
61,61
62,62
63,63
106,64
65,65
66,66
67,67
68,68
69,69
71,70
71,71
72,72
85,73
74,74
75,75
76,76
72,77
78,78
79,79
80,80
81,81
72,82
83,83
84,84
85,85
87,86
87,87
89,88
89,89
90,90
91,91
92,92
93,93
94,94
95,95
96,96
97,97
98,98
99,99
100,100
101,101
102,102
103,103
104,104
105,105
106,106
107,107
108,108
109,109
110,110
111,111
112,112
113,113
114,114
115,115
116,116
117,117
118,118
119,119
60,60
61,61
62,62
63,63
64,64
65,65
66,66
67,67
68,68
69,69
68,70
71,71
75,72
73,73
74,74
75,75
71,76
73,77
78,78
79,79
80,80
81,81
82,82
83,83
84,84
85,85
86,86
87,87
89,88
88,89
90,90
91,91
92,92
93,93
94,94
95,95
96,96
97,97
98,98
99,99
100,100
101,101
104,102
103,103
104,104
109,105
106,106
107,107
108,108
109,109
110,110
111,111
112,112
113,113
114,114
115,115
116,116
117,117
118,118
119,119
78,60
18,61
62,62
63,63
90,64
65,65
66,66
67,67
68,68
69,69
71,70
71,71
72,72
85,73
74,74
75,75
76,76
72,77
78,78
79,79
80,80
81,81
72,82
29,83
84,84
85,85
86,86
87,87
89,88
89,89
90,90
91,91
92,92
93,93
71,94
95,95
96,96
97,97
98,98
99,99
100,100
101,101
102,102
94,103
104,104
105,105
106,106
107,107
108,108
109,109
110,110
111,111
112,112
113,113
114,114
115,115
116,116
117,117
118,118
119,119
60,60
61,61
62,62
63,63
64,64
65,65
104,66
67,67
68,68
69,69
71,70
68,71
72,72
74,73
74,74
75,75
71,76
83,77
78,78
79,79
80,80
81,81
81,82
83,83
84,84
85,85
86,86
87,87
89,88
89,89
90,90
91,91
92,92
93,93
94,94
95,95
96,96
97,97
98,98
99,99
100,100
101,101
104,102
103,103
104,104
105,105
106,106
107,107
108,108
109,109
110,110
111,111
112,112
113,113
78,114
115,115
116,116
117,117
118,118
119,119
60,60
61,61
62,62
63,63
64,64
65,65
66,66
67,67
68,68
69,69
71,70
71,71
72,72
74,73
74,74
75,75
76,76
74,77
78,78
79,79
80,80
81,81
81,82
83,83
84,84
85,85
86,86
87,87
89,88
89,89
88,90
91,91
92,92
93,93
94,94
95,95
96,96
97,97
98,98
99,99
100,100
101,101
102,102
103,103
66,104
105,105
106,106
107,107
108,108
109,109
110,110
111,111
112,112
113,113
114,114
115,115
116,116
117,117
118,118
119,119
60,60
61,61
62,62
63,63
12,64
65,65
66,66
67,67
68,68
69,69
71,70
71,71
75,72
73,73
74,74
75,75
71,76
77,77
78,78
79,79
80,80
81,81
82,82
83,83
84,84
85,85
86,86
87,87
88,88
88,89
90,90
91,91
68,92
93,93
94,94
95,95
96,96
97,97
98,98
99,99
100,100
101,101
104,102
103,103
104,104
106,105
106,106
107,107
108,108
109,109
110,110
111,111
112,112
113,113
109,114
115,115
116,116
117,117
118,118
119,119
60,60
61,61
62,62
63,63
64,64
65,65
66,66
67,67
68,68
69,69
68,70
71,71
72,72
73,73
74,74
75,75
76,76
77,77
78,78
79,79
80,80
81,81
82,82
74,83
84,84
85,85
86,86
89,87
89,88
89,89
90,90
91,91
92,92
93,93
94,94
95,95
96,96
97,97
98,98
99,99
100,100
101,101
66,102
103,103
104,104
105,105
106,106
107,107
108,108
109,109
110,110
111,111
112,112
113,113
114,114
115,115
116,116
117,117
118,118
119,119
60,60
61,61
62,62
63,63
64,64
65,65
66,66
67,67
68,68
69,69
70,70
71,71
72,72
74,73
74,74
75,75
76,76
77,77
78,78
79,79
80,80
81,81
4,82
73,83
84,84
85,85
86,86
87,87
88,88
89,89
90,90
91,91
92,92
93,93
94,94
95,95
96,96
97,97
98,98
99,99
100,100
101,101
102,102
103,103
104,104
105,105
105,106
107,107
108,108
109,109
110,110
111,111
112,112
113,113
114,114
115,115
116,116
117,117
118,118
119,119
27,60
61,61
62,62
63,63
64,64
65,65
102,66
67,67
102,68
69,69
68,70
68,71
75,72
73,73
74,74
75,75
76,76
77,77
78,78
79,79
80,80
73,81
82,82
74,83
84,84
85,85
86,86
88,87
88,88
89,89
90,90
91,91
70,92
93,93
94,94
95,95
96,96
97,97
98,98
99,99
100,100
101,101
66,102
103,103
104,104
105,105
106,106
107,107
108,108
114,109
110,110
111,111
112,112
113,113
114,114
115,115
116,116
117,117
118,118
119,119
27,60
61,61
62,62
63,63
64,64
65,65
66,66
67,67
68,68
69,69
70,70
68,71
72,72
73,73
74,74
72,75
76,76
77,77
78,78
79,79
80,80
81,81
72,82
83,83
84,84
85,85
86,86
61,87
88,88
89,89
90,90
91,91
92,92
93,93
94,94
95,95
96,96
97,97
98,98
99,99
100,100
101,101
104,102
103,103
104,104
105,105
64,106
107,107
108,108
109,109
110,110
111,111
112,112
113,113
114,114
115,115
116,116
117,117
118,118
119,119
60,60
17,61
62,62
63,63
64,64
65,65
102,66
67,67
68,68
69,69
71,70
71,71
83,72
73,73
74,74
75,75
76,76
77,77
78,78
79,79
80,80
81,81
82,82
83,83
84,84
85,85
86,86
89,87
88,88
89,89
90,90
91,91
92,92
93,93
94,94
95,95
96,96
97,97
98,98
99,99
100,100
101,101
66,102
103,103
104,104
105,105
106,106
107,107
108,108
114,109
110,110
111,111
112,112
113,113
114,114
115,115
116,116
117,117
118,118
119,119
84,60
61,61
62,62
63,63
108,64
65,65
66,66
67,67
68,68
69,69
68,70
71,71
75,72
72,73
75,74
72,75
76,76
77,77
78,78
79,79
80,80
72,81
90,82
83,83
84,84
85,85
86,86
87,87
88,88
89,89
90,90
91,91
92,92
93,93
94,94
95,95
96,96
97,97
98,98
99,99
100,100
101,101
104,102
103,103
104,104
105,105
109,106
107,107
108,108
109,109
110,110
111,111
112,112
113,113
114,114
115,115
106,116
55,117
118,118
119,119
17,60
61,61
62,62
63,63
64,64
65,65
66,66
67,67
68,68
69,69
71,70
71,71
75,72
73,73
74,74
75,75
76,76
1,77
78,78
79,79
80,80
81,81
82,82
74,83
84,84
85,85
86,86
87,87
88,88
89,89
90,90
91,91
92,92
93,93
94,94
95,95
96,96
97,97
98,98
99,99
100,100
101,101
102,102
103,103
40,104
105,105
106,106
107,107
108,108
109,109
110,110
111,111
112,112
113,113
114,114
115,115
116,116
117,117
118,118
119,119
60,60
61,61
62,62
63,63
6,64
65,65
104,66
67,67
68,68
69,69
71,70
71,71
72,72
74,73
74,74
29,75
76,76
77,77
78,78
79,79
80,80
81,81
82,82
73,83
84,84
85,85
86,86
87,87
89,88
89,89
90,90
92,92
93,93
94,94
95,95
96,96
97,97
98,98
99,99
47,100
101,101
84,102
103,103
104,104
105,105
106,106
107,107
108,108
109,109
110,110
111,111
112,112
113,113
114,114
59,115
116,116
117,117
118,118
119,119
80,60
18,61
62,62
63,63
64,64
65,65
66,66
43,67
68,68
69,69
109,70
68,71
75,72
73,73
74,74
75,75
76,76
83,77
78,78
79,79
80,80
81,81
82,82
28,83
84,84
85,85
86,86
87,87
88,88
89,89
10,90
91,91
93,92
93,93
94,94
95,95
96,96
97,97
98,98
99,99
100,100
101,101
102,102
103,103
104,104
105,105
106,106
107,107
108,108
105,109
119,110
111,111
112,112
113,113
114,114
107,115
44,116
117,117
113,118
119,119
60,60
61,61
62,62
63,63
105,64
65,65
104,66
67,67
68,68
69,69
68,70
71,71
75,72
73,73
74,74
75,75
106,76
77,77
78,78
79,79
80,80
81,81
82,82
83,83
84,84
85,85
86,86
87,87
89,88
89,89
90,90
91,91
92,92
93,93
94,94
95,95
96,96
97,97
98,98
99,99
100,100
101,101
78,102
103,103
104,104
105,105
106,106
107,107
108,108
109,109
110,110
111,111
112,112
113,113
114,114
115,115
116,116
117,117
118,118
119,119
60,60
61,61
62,62
63,63
64,64
65,65
66,66
67,67
68,68
69,69
68,70
68,71
75,72
83,73
74,74
75,75
76,76
74,77
78,78
80,80
90,81
29,82
83,83
84,84
85,85
86,86
87,87
88,88
89,89
90,90
71,92
93,93
94,94
95,95
96,96
97,97
98,98
99,99
107,100
101,101
102,102
103,103
105,105
106,106
107,107
108,108
105,109
110,110
111,111
112,112
113,113
114,114
91,115
116,116
117,117
118,118
119,119
60,60
61,61
62,62
63,63
6,64
65,65
66,66
67,67
68,68
30,69
71,70
71,71
74,72
73,73
74,74
75,75
76,76
77,77
78,78
79,79
80,80
81,81
81,82
83,83
13,86
87,87
89,88
89,89
83,90
91,91
114,92
93,93
94,94
95,95
96,96
97,97
98,98
99,99
100,100
101,101
67,102
103,103
104,104
105,105
106,106
58,107
110,108
106,109
101,110
111,111
112,112
113,113
114,114
118,115
110,116
89,117
91,118
119,119
60,60
61,61
62,62
63,63
64,64
65,65
104,66
67,67
68,68
69,69
71,70
71,71
10,72
83,73
74,74
75,75
76,76
77,77
78,78
79,79
93,80
90,81
82,82
83,83
84,84
85,85
86,86
87,87
89,88
89,89
90,90
91,91
92,92
93,93
94,94
95,95
96,96
97,97
98,98
99,99
100,100
101,101
102,102
103,103
104,104
105,105
106,106
107,107
108,108
114,109
110,110
111,111
112,112
113,113
114,114
115,115
116,116
117,117
118,118
119,119
84,60
61,61
62,62
63,63
105,64
65,65
66,66
67,67
68,68
69,69
68,70
71,71
74,72
74,73
74,74
75,75
76,76
77,77
78,78
79,79
80,80
90,81
82,82
73,83
84,84
85,85
86,86
87,87
77,88
89,89
90,90
106,91
92,92
93,93
94,94
95,95
96,96
97,97
98,98
99,99
100,100
101,101
66,102
103,103
104,104
105,105
106,106
107,107
108,108
109,109
110,110
111,111
112,112
113,113
114,114
115,115
116,116
117,117
118,118
119,119
36,60
18,61
62,62
63,63
64,64
65,65
66,66
43,67
68,68
69,69
68,70
68,71
28,72
73,73
74,74
75,75
76,76
72,77
78,78
79,79
93,80
10,81
81,82
28,83
84,84
85,85
86,86
87,87
89,88
89,89
90,90
91,91
92,92
93,93
94,94
95,95
96,96
97,97
98,98
99,99
100,100
101,101
102,102
103,103
104,104
105,105
106,106
107,107
108,108
114,109
110,110
111,111
112,112
113,113
114,114
59,115
116,116
117,117
118,118
119,119
84,60
61,61
62,62
63,63
105,64
65,65
66,66
67,67
68,68
69,69
69,70
68,71
72,72
73,73
74,74
75,75
76,76
77,77
78,78
79,79
80,80
10,81
82,82
28,83
84,84
85,85
86,86
87,87
88,88
89,89
77,90
91,91
92,92
93,93
94,94
95,95
96,96
97,97
98,98
99,99
100,100
101,101
102,102
103,103
66,104
105,105
105,106
107,107
108,108
114,109
110,110
111,111
112,112
113,113
114,114
115,115
116,116
117,117
118,118
119,119
60,60
61,61
62,62
63,63
64,64
65,65
104,66
67,67
68,68
69,69
68,70
71,71
75,72
74,73
74,74
75,75
76,76
77,77
78,78
79,79
80,80
90,81
82,82
83,83
84,84
85,85
86,86
87,87
89,88
89,89
90,90
91,91
92,92
93,93
94,94
95,95
96,96
97,97
98,98
99,99
100,100
101,101
102,102
103,103
40,104
105,105
105,106
107,107
108,108
109,109
110,110
111,111
112,112
113,113
114,114
115,115
116,116
117,117
118,118
119,119
84,60
61,61
62,62
63,63
105,64
80,65
102,66
67,67
68,68
69,69
71,70
71,71
75,72
72,73
11,74
75,75
76,76
85,77
78,78
79,79
80,80
81,81
82,82
74,83
84,84
85,85
86,86
87,87
89,88
89,89
90,90
91,91
92,92
93,93
94,94
95,95
96,96
97,97
98,98
99,99
100,100
101,101
66,102
103,103
104,104
105,105
106,106
107,107
108,108
114,109
110,110
111,111
112,112
113,113
114,114
115,115
116,116
117,117
118,118
119,119
60,60
61,61
62,62
63,63
64,64
65,65
66,66
67,67
68,68
69,69
71,70
68,71
75,72
83,73
28,74
75,75
76,76
77,77
78,78
79,79
80,80
81,81
82,82
73,83
84,84
85,85
86,86
87,87
88,88
89,89
90,90
91,91
92,92
93,93
94,94
95,95
96,96
97,97
98,98
99,99
100,100
101,101
66,102
103,103
78,104
105,105
106,106
107,107
108,108
109,109
110,110
111,111
112,112
113,113
114,114
115,115
116,116
117,117
118,118
119,119
60,60
61,61
62,62
63,63
64,64
65,65
78,66
60,67
71,68
69,69
71,70
71,71
75,72
74,73
77,74
75,75
71,76
85,77
64,78
79,79
80,80
81,81
82,82
83,83
84,84
85,85
86,86
87,87
90,88
90,89
90,90
91,91
92,92
93,93
94,94
95,95
96,96
97,97
98,98
99,99
100,100
101,101
78,102
103,103
104,104
105,105
106,106
107,107
108,108
109,109
110,110
111,111
112,112
113,113
114,114
115,115
116,116
106,117
118,118
119,119
60,60
61,61
62,62
63,63
64,64
65,65
102,66
104,67
68,68
69,69
71,70
71,71
75,72
83,73
28,74
10,75
76,76
74,77
78,78
79,79
80,80
81,81
90,82
83,83
84,84
85,85
86,86
87,87
63,88
89,89
73,90
91,91
92,92
93,93
94,94
66,95
96,96
97,97
98,98
99,99
100,100
101,101
66,102
103,103
78,104
105,105
106,106
107,107
108,108
109,109
110,110
111,111
112,112
113,113
114,114
115,115
116,116
117,117
118,118
119,119
60,60
61,61
62,62
63,63
64,64
65,65
66,66
67,67
68,68
69,69
71,70
71,71
10,72
73,73
74,74
10,75
68,76
77,77
78,78
79,79
80,80
10,81
82,82
72,83
84,84
85,85
86,86
87,87
88,88
90,89
90,90
91,91
92,92
93,93
94,94
95,95
96,96
97,97
98,98
99,99
100,100
101,101
102,102
103,103
104,104
105,105
106,106
107,107
108,108
109,109
110,110
111,111
112,112
113,113
114,114
115,115
116,116
105,117
118,118
119,119
60,60
61,61
62,62
63,63
64,64
65,65
102,66
67,67
68,68
69,69
71,70
68,71
72,72
73,73
74,74
90,75
76,76
77,77
78,78
79,79
80,80
81,81
81,82
83,83
84,84
85,85
86,86
87,87
88,88
89,89
90,90
91,91
92,92
93,93
94,94
95,95
96,96
97,97
98,98
99,99
100,100
101,101
66,102
103,103
78,104
105,105
105,106
107,107
108,108
109,109
110,110
111,111
112,112
113,113
114,114
115,115
116,116
117,117
118,118
119,119
60,60
61,61
62,62
63,63
105,64
65,65
71,66
60,67
68,68
30,69
71,70
71,71
10,72
10,75
62,76
33,77
78,78
79,79
80,80
10,81
10,82
10,83
84,84
33,85
86,86
87,87
88,88
89,89
90,90
91,91
92,92
93,93
94,94
95,95
96,96
97,97
98,98
99,99
100,100
101,101
78,102
103,103
104,104
105,105
106,106
107,107
108,108
105,109
110,110
111,111
112,112
113,113
114,114
115,115
116,116
117,117
118,118
119,119
60,60
61,61
62,62
63,63
64,64
65,65
104,66
67,67
68,68
69,69
71,70
71,71
72,72
73,73
28,74
75,75
76,76
77,77
78,78
79,79
80,80
81,81
82,82
28,83
84,84
85,85
86,86
87,87
88,88
24,89
90,90
91,91
92,92
93,93
94,94
95,95
96,96
97,97
98,98
99,99
100,100
101,101
104,102
103,103
104,104
105,105
106,106
107,107
108,108
109,109
110,110
111,111
112,112
118,113
114,114
115,115
116,116
117,117
118,118
119,119
60,60
61,61
62,62
63,63
106,64
65,65
104,66
67,67
68,68
69,69
71,70
71,71
72,72
28,73
74,74
75,75
76,76
77,77
78,78
79,79
80,80
81,81
82,82
83,83
84,84
85,85
86,86
87,87
88,88
88,89
90,90
91,91
92,92
93,93
94,94
95,95
96,96
97,97
98,98
99,99
100,100
101,101
102,102
103,103
78,104
105,105
106,106
107,107
108,108
109,109
110,110
111,111
112,112
113,113
114,114
115,115
116,116
117,117
118,118
119,119
60,60
61,61
62,62
63,63
64,64
65,65
104,66
67,67
68,68
69,69
71,70
71,71
75,72
28,73
28,74
75,75
76,76
77,77
78,78
79,79
80,80
81,81
29,82
28,83
84,84
85,85
86,86
87,87
88,88
89,89
90,90
91,91
92,92
93,93
94,94
95,95
96,96
97,97
98,98
99,99
100,100
101,101
104,102
103,103
104,104
105,105
106,106
107,107
108,108
109,109
110,110
111,111
112,112
113,113
114,114
115,115
116,116
117,117
118,118
119,119
60,60
61,61
62,62
63,63
105,64
65,65
104,66
67,67
68,68
69,69
70,70
71,71
77,72
83,73
74,74
75,75
76,76
85,77
78,78
79,79
80,80
81,81
82,82
83,83
84,84
85,85
86,86
87,87
88,88
90,89
90,90
91,91
92,92
93,93
94,94
95,95
96,96
97,97
98,98
99,99
100,100
101,101
102,102
103,103
78,104
105,105
106,106
107,107
108,108
109,109
110,110
111,111
112,112
113,113
114,114
115,115
116,116
117,117
118,118
119,119
60,60
61,61
62,62
63,63
64,64
65,65
78,66
67,67
68,68
69,69
71,70
71,71
75,72
83,73
74,74
75,75
76,76
77,77
78,78
79,79
80,80
81,81
82,82
83,83
84,84
85,85
86,86
87,87
88,88
89,89
90,90
91,91
92,92
93,93
94,94
95,95
96,96
97,97
98,98
99,99
100,100
101,101
66,102
103,103
104,104
105,105
106,106
107,107
108,108
109,109
110,110
111,111
112,112
113,113
114,114
115,115
116,116
117,117
118,118
119,119
60,60
61,61
62,62
63,63
64,64
65,65
66,66
67,67
68,68
69,69
70,70
71,71
75,72
28,73
28,74
75,75
76,76
85,77
78,78
79,79
80,80
81,81
82,82
83,83
84,84
85,85
86,86
87,87
72,88
88,89
90,90
91,91
92,92
93,93
94,94
95,95
96,96
97,97
98,98
99,99
100,100
101,101
66,102
103,103
78,104
105,105
106,106
107,107
108,108
109,109
110,110
111,111
112,112
113,113
114,114
115,115
116,116
55,117
118,118
119,119
60,60
61,61
62,62
63,63
64,64
65,65
66,66
67,67
102,68
69,69
70,70
102,71
75,72
83,73
74,74
74,75
64,76
77,77
104,78
79,79
80,80
90,81
82,82
83,83
84,84
85,85
86,86
87,87
88,88
89,89
90,90
91,91
92,92
93,93
94,94
95,95
96,96
97,97
98,98
99,99
100,100
101,101
102,102
103,103
104,104
49,105
49,106
107,107
108,108
109,109
110,110
111,111
112,112
113,113
53,114
115,115
116,116
117,117
118,118
119,119
17,60
61,61
62,62
63,63
64,64
65,65
66,66
67,67
76,68
69,69
70,70
70,71
10,72
83,73
74,74
75,75
92,76
3,77
78,78
79,79
80,80
81,81
82,82
83,83
84,84
85,85
86,86
87,87
88,88
89,89
90,90
91,91
92,92
93,93
94,94
95,95
96,96
97,97
98,98
99,99
100,100
101,101
102,102
103,103
102,104
105,105
116,106
107,107
108,108
109,109
110,110
111,111
112,112
113,113
114,114
59,115
116,116
117,117
118,118
119,119
60,60
61,61
62,62
63,63
64,64
65,65
66,66
46,67
76,68
37,69
70,70
70,71
75,72
0,73
74,74
74,75
6,76
77,77
78,78
79,79
80,80
81,81
90,82
83,83
84,84
33,85
86,86
87,87
12,88
89,89
90,90
91,91
37,92
93,93
94,94
95,95
96,96
97,97
98,98
99,99
100,100
101,101
102,102
103,103
104,104
49,105
116,106
107,107
107,108
109,109
52,110
111,111
112,112
113,113
114,114
115,115
116,116
117,117
118,118
119,119
17,60
61,61
6,62
63,63
64,64
65,65
66,66
67,67
76,68
69,69
66,70
70,71
75,72
83,73
74,74
77,75
92,76
3,77
78,78
79,79
80,80
81,81
85,82
83,83
84,84
85,85
86,86
87,87
88,88
89,89
90,90
91,91
92,92
93,93
94,94
95,95
96,96
97,97
98,98
99,99
100,100
101,101
102,102
103,103
102,104
105,105
116,106
107,107
108,108
109,109
110,110
111,111
112,112
113,113
114,114
115,115
116,116
117,117
118,118
119,119
60,60
61,61
62,62
63,63
64,64
65,65
104,66
67,67
71,68
69,69
70,70
70,71
75,72
1,73
74,74
74,75
64,76
77,77
78,78
79,79
80,80
81,81
82,82
83,83
84,84
85,85
86,86
87,87
90,88
89,89
90,90
91,91
92,92
93,93
94,94
95,95
96,96
97,97
98,98
99,99
100,100
101,101
102,102
103,103
104,104
49,105
116,106
107,107
108,108
109,109
110,110
111,111
112,112
113,113
114,114
115,115
116,116
117,117
118,118
119,119
89,60
61,61
62,62
63,63
64,64
65,65
66,66
67,67
70,68
70,69
70,70
70,71
75,72
74,73
74,74
72,75
92,76
85,77
78,78
79,79
80,80
81,81
82,82
73,83
84,84
85,85
86,86
87,87
88,88
89,89
90,90
91,91
101,92
93,93
94,94
95,95
96,96
97,97
98,98
99,99
100,100
98,101
102,102
103,103
67,104
105,105
107,106
107,107
108,108
109,109
110,110
111,111
112,112
113,113
114,114
115,115
116,116
117,117
118,118
119,119
60,60
61,61
62,62
63,63
64,64
65,65
66,66
67,67
68,68
69,69
70,70
70,71
72,72
83,73
74,74
72,75
64,76
77,77
78,78
79,79
80,80
10,81
85,82
83,83
84,84
85,85
86,86
87,87
88,88
89,89
10,90
91,91
70,92
93,93
94,94
95,95
96,96
97,97
98,98
99,99
100,100
101,101
66,102
103,103
104,104
105,105
105,106
107,107
108,108
109,109
110,110
111,111
112,112
113,113
114,114
115,115
116,116
117,117
118,118
119,119
61,60
61,61
62,62
63,63
64,64
65,65
66,66
67,67
68,68
69,69
70,70
71,71
74,72
83,73
74,74
75,75
105,76
77,77
78,78
79,79
80,80
81,81
82,82
83,83
84,84
85,85
86,86
87,87
88,88
89,89
90,90
91,91
92,92
93,93
94,94
95,95
96,96
97,97
98,98
99,99
100,100
101,101
102,102
103,103
104,104
49,105
109,106
107,107
108,108
109,109
110,110
111,111
112,112
113,113
114,114
115,115
116,116
117,117
118,118
119,119
60,60
61,61
64,64
66,66
102,67
76,68
69,69
68,70
66,71
75,72
85,73
74,74
74,75
64,76
78,77
78,78
79,79
80,80
90,81
33,82
33,84
33,85
86,86
87,87
88,88
1,89
90,90
91,91
92,92
93,93
94,94
95,95
96,96
97,97
98,98
99,99
100,100
64,101
102,102
103,103
104,104
105,105
107,106
107,107
108,108
109,109
110,110
111,111
112,112
113,113
114,114
115,115
116,116
117,117
59,118
119,119
60,60
61,61
62,62
63,63
64,64
65,65
66,66
67,67
69,68
69,69
70,70
71,71
74,72
73,73
74,74
75,75
64,76
77,77
78,78
79,79
80,80
81,81
82,82
83,83
84,84
85,85
86,86
87,87
88,88
89,89
90,90
91,91
92,92
93,93
94,94
95,95
96,96
97,97
98,98
99,99
100,100
101,101
102,102
103,103
104,104
106,105
106,106
107,107
108,108
109,109
110,110
111,111
112,112
113,113
114,114
115,115
116,116
117,117
118,118
119,119
60,60
61,61
62,62
63,63
64,64
65,65
66,66
67,67
66,68
69,69
70,70
66,71
72,72
29,73
74,74
72,75
64,76
32,77
78,78
79,79
80,80
10,81
33,82
83,83
84,84
33,85
86,86
87,87
88,88
12,89
10,90
91,91
92,92
93,93
94,94
95,95
96,96
97,97
98,98
99,99
100,100
101,101
104,102
103,103
104,104
6,105
49,106
107,107
108,108
109,109
110,110
111,111
112,112
113,113
114,114
115,115
116,116
117,117
118,118
119,119
60,60
61,61
62,62
63,63
6,64
65,65
104,66
67,67
68,68
70,69
70,70
70,71
74,72
73,73
74,74
75,75
64,76
77,77
78,78
79,79
80,80
81,81
85,82
73,83
84,84
85,85
86,86
87,87
89,88
89,89
90,90
91,91
92,92
93,93
94,94
95,95
96,96
97,97
98,98
99,99
100,100
101,101
102,102
94,103
104,104
105,105
107,106
107,107
108,108
109,109
110,110
111,111
112,112
113,113
114,114
115,115
116,116
117,117
118,118
119,119
60,60
61,61
62,62
63,63
64,64
65,65
66,66
67,67
68,68
69,69
70,70
70,71
74,72
73,73
74,74
75,75
76,76
77,77
78,78
79,79
80,80
81,81
82,82
74,83
84,84
85,85
86,86
87,87
89,88
89,89
90,90
91,91
92,92
93,93
94,94
95,95
96,96
97,97
98,98
99,99
100,100
101,101
102,102
103,103
104,104
106,105
106,106
107,107
108,108
109,109
110,110
111,111
112,112
113,113
114,114
115,115
116,116
117,117
118,118
119,119
60,60
67,61
62,62
63,63
64,64
65,65
104,66
67,67
70,68
69,69
70,70
70,71
72,72
74,73
74,74
74,75
76,76
77,77
78,78
79,79
80,80
72,81
82,82
73,83
84,84
85,85
86,86
87,87
89,88
89,89
90,90
91,91
92,92
80,93
94,94
95,95
96,96
97,97
98,98
99,99
100,100
101,101
102,102
103,103
104,104
105,105
109,106
107,107
108,108
106,109
110,110
111,111
112,112
113,113
114,114
115,115
116,116
117,117
118,118
119,119
62,62
63,63
64,64
65,65
66,66
67,67
70,68
69,69
70,70
70,71
74,72
74,73
74,74
75,75
76,76
74,77
78,78
79,79
80,80
81,81
82,82
74,83
84,84
85,85
86,86
87,87
88,88
89,89
90,90
91,91
92,92
93,93
94,94
95,95
96,96
97,97
98,98
99,99
100,100
101,101
102,102
103,103
104,104
105,105
106,106
107,107
108,108
109,109
110,110
111,111
112,112
113,113
114,114
115,115
116,116
117,117
118,118
119,119
60,60
67,61
62,62
63,63
6,64
65,65
104,66
67,67
70,68
69,69
70,70
71,71
74,72
83,73
74,74
77,75
76,76
77,77
78,78
79,79
80,80
81,81
82,82
73,83
84,84
85,85
86,86
87,87
89,88
89,89
90,90
91,91
70,92
93,93
94,94
95,95
96,96
97,97
98,98
99,99
100,100
101,101
102,102
103,103
104,104
105,105
108,106
107,107
108,108
109,109
110,110
111,111
112,112
113,113
114,114
115,115
116,116
117,117
118,118
119,119
60,60
61,61
62,62
63,63
64,64
65,65
104,66
67,67
68,68
69,69
70,70
70,71
75,72
74,73
74,74
72,75
76,76
77,77
104,78
79,79
80,80
81,81
82,82
83,83
84,84
85,85
86,86
87,87
88,88
89,89
90,90
91,91
92,92
93,93
94,94
95,95
96,96
97,97
98,98
99,99
100,100
98,101
102,102
103,103
104,104
106,105
49,106
107,107
108,108
109,109
110,110
111,111
112,112
113,113
114,114
115,115
116,116
117,117
118,118
119,119
60,60
18,61
62,62
63,63
64,64
65,65
104,66
67,67
70,68
69,69
70,70
70,71
75,72
28,73
74,74
74,75
76,76
77,77
78,78
79,79
80,80
81,81
82,82
73,83
84,84
85,85
86,86
87,87
88,88
89,89
90,90
91,91
92,92
93,93
94,94
95,95
96,96
97,97
98,98
99,99
100,100
101,101
102,102
103,103
104,104
105,105
113,106
107,107
108,108
109,109
110,110
111,111
112,112
113,113
114,114
115,115
116,116
117,117
118,118
119,119
60,60
61,61
62,62
63,63
64,64
65,65
66,66
67,67
70,68
69,69
70,70
92,71
72,72
73,73
74,74
74,75
111,76
77,77
78,78
79,79
80,80
82,81
82,82
83,83
84,84
85,85
86,86
87,87
88,88
89,89
90,90
91,91
92,92
93,93
94,94
95,95
96,96
97,97
98,98
99,99
100,100
101,101
102,102
103,103
104,104
105,105
107,106
107,107
108,108
109,109
110,110
111,111
112,112
113,113
114,114
115,115
116,116
117,117
118,118
119,119
60,60
60,61
62,62
63,63
64,64
80,65
66,66
67,67
70,68
92,69
70,70
70,71
72,72
83,73
74,74
72,75
92,76
77,77
78,78
79,79
80,80
81,81
82,82
83,83
84,84
85,85
86,86
87,87
88,88
89,89
90,90
91,91
92,92
93,93
94,94
95,95
96,96
97,97
98,98
99,99
100,100
101,101
102,102
103,103
104,104
105,105
107,106
107,107
108,108
109,109
110,110
111,111
112,112
113,113
114,114
115,115
116,116
117,117
118,118
119,119
60,60
61,61
62,62
63,63
6,64
65,65
66,66
24,67
94,68
94,69
70,70
70,71
74,72
73,73
74,74
74,75
6,76
77,77
78,78
79,79
80,80
77,81
82,82
83,83
84,84
85,85
86,86
87,87
88,88
89,89
90,90
91,91
92,92
93,93
94,94
95,95
96,96
97,97
98,98
99,99
100,100
101,101
102,102
103,103
102,104
105,105
107,106
107,107
108,108
109,109
110,110
111,111
112,112
113,113
114,114
115,115
116,116
117,117
59,118
119,119
60,60
60,61
62,62
63,63
64,64
65,65
66,66
67,67
70,68
69,69
70,70
70,71
72,72
83,73
74,74
75,75
92,76
77,77
78,78
79,79
80,80
81,81
77,82
73,83
84,84
85,85
86,86
87,87
88,88
89,89
65,90
92,92
93,93
94,94
95,95
96,96
97,97
98,98
99,99
100,100
101,101
102,102
103,103
104,104
105,105
109,106
107,107
108,108
109,109
110,110
111,111
112,112
113,113
114,114
115,115
116,116
116,117
118,118
119,119
60,60
61,61
62,62
63,63
6,64
65,65
66,66
67,67
37,68
69,69
70,70
71,71
75,72
73,73
74,74
74,75
6,76
77,77
78,78
79,79
67,80
85,81
84,82
83,83
84,84
85,85
86,86
87,87
88,88
89,89
83,90
91,91
70,92
93,93
94,94
95,95
96,96
97,97
98,98
99,99
100,100
101,101
102,102
103,103
104,104
105,105
107,106
107,107
108,108
109,109
110,110
111,111
112,112
113,113
114,114
115,115
93,116
117,117
118,118
119,119
61,60
61,61
62,62
63,63
64,64
65,65
66,66
76,67
70,68
70,69
69,70
71,71
74,72
83,73
74,74
81,75
69,76
77,77
78,78
79,79
80,80
81,81
82,82
83,83
84,84
85,85
86,86
87,87
88,88
89,89
90,90
91,91
94,92
93,93
94,94
95,95
96,96
97,97
98,98
99,99
100,100
101,101
102,102
103,103
102,104
105,105
107,106
107,107
108,108
109,109
110,110
111,111
112,112
91,113
114,114
115,115
116,116
117,117
118,118
119,119
60,60
61,61
62,62
63,63
64,64
65,65
66,66
67,67
70,68
69,69
70,70
37,71
73,72
73,73
83,74
75,75
76,76
77,77
78,78
79,79
80,80
81,81
82,82
83,83
84,84
85,85
86,86
87,87
88,88
89,89
90,90
91,91
92,92
80,93
94,94
95,95
96,96
97,97
98,98
99,99
100,100
101,101
102,102
103,103
102,104
105,105
106,106
107,107
108,108
109,109
110,110
111,111
112,112
113,113
114,114
115,115
116,116
117,117
118,118
119,119
60,60
61,61
62,62
63,63
64,64
65,65
66,66
67,67
92,68
69,69
92,70
92,71
74,72
83,73
74,74
75,75
76,76
77,77
78,78
79,79
80,80
90,81
81,82
73,83
84,84
85,85
86,86
87,87
88,88
89,89
90,90
92,92
93,93
94,94
95,95
96,96
97,97
98,98
101,99
100,100
101,101
102,102
103,103
67,104
106,105
107,106
107,107
108,108
109,109
110,110
111,111
112,112
113,113
114,114
115,115
101,116
117,117
118,118
119,119
60,60
61,61
62,62
63,63
64,64
65,65
66,66
110,67
70,68
69,69
70,70
70,71
75,72
73,73
28,74
75,75
76,76
78,77
78,78
79,79
80,80
81,81
82,82
28,83
84,84
33,85
86,86
87,87
88,88
89,89
113,91
92,92
93,93
94,94
95,95
96,96
97,97
98,98
99,99
100,100
101,101
102,102
103,103
67,104
106,105
106,106
107,107
108,108
109,109
110,110
111,111
112,112
113,113
114,114
115,115
107,116
117,117
118,118
119,119
60,60
61,61
62,62
63,63
64,64
65,65
66,66
110,67
92,68
69,69
92,70
92,71
115,72
83,73
74,74
75,75
76,76
77,77
78,78
79,79
80,80
81,81
82,82
83,83
84,84
85,85
86,86
87,87
88,88
89,89
90,90
91,91
92,92
93,93
94,94
95,95
96,96
97,97
98,98
99,99
100,100
101,101
102,102
103,103
102,104
107,105
116,106
107,107
108,108
109,109
110,110
111,111
112,112
113,113
114,114
115,115
116,116
117,117
118,118
119,119
60,60
61,61
62,62
63,63
64,64
65,65
66,66
67,67
68,68
69,69
70,70
92,71
74,72
73,73
28,74
75,75
76,76
77,77
78,78
79,79
80,80
81,81
82,82
83,83
84,84
85,85
86,86
87,87
88,88
89,89
90,90
91,91
92,92
93,93
94,94
95,95
96,96
97,97
98,98
99,99
100,100
101,101
104,102
103,103
104,104
105,105
109,106
107,107
108,108
109,109
110,110
111,111
112,112
113,113
114,114
115,115
116,116
117,117
118,118
119,119
60,60
61,61
62,62
63,63
64,64
65,65
66,66
67,67
70,68
67,69
70,70
92,71
72,72
29,73
83,74
75,75
92,76
77,77
104,78
79,79
80,80
81,81
81,82
83,83
84,84
73,85
86,86
87,87
88,88
89,89
90,90
91,91
92,92
73,93
94,94
95,95
96,96
97,97
98,98
99,99
100,100
101,101
102,102
103,103
104,104
107,106
107,107
118,108
109,109
110,110
111,111
112,112
113,113
114,114
115,115
116,116
117,117
118,118
119,119
60,60
61,61
62,62
63,63
64,64
65,65
66,66
67,67
70,68
69,69
70,70
70,71
75,72
83,73
28,74
75,75
76,76
77,77
78,78
79,79
80,80
81,81
82,82
83,83
84,84
85,85
86,86
87,87
88,88
89,89
10,90
91,91
92,92
80,93
94,94
95,95
96,96
97,97
98,98
99,99
100,100
101,101
102,102
103,103
102,104
106,105
116,106
107,107
108,108
109,109
110,110
111,111
112,112
113,113
114,114
115,115
116,116
117,117
118,118
119,119
60,60
61,61
62,62
63,63
64,64
65,65
104,66
67,67
37,68
69,69
70,70
70,71
75,72
73,73
83,74
75,75
76,76
77,77
78,78
79,79
80,80
81,81
82,82
83,83
84,84
85,85
86,86
87,87
89,88
89,89
90,90
91,91
92,92
93,93
94,94
95,95
96,96
97,97
98,98
99,99
100,100
101,101
102,102
103,103
102,104
105,105
116,106
107,107
108,108
109,109
110,110
111,111
112,112
113,113
114,114
115,115
116,116
117,117
118,118
119,119
60,60
67,61
62,62
63,63
64,64
65,65
66,66
67,67
70,68
69,69
70,70
70,71
72,72
28,73
29,74
74,75
76,76
74,77
78,78
79,79
80,80
83,81
82,82
73,83
84,84
85,85
86,86
87,87
88,88
89,89
90,90
91,91
92,92
80,93
94,94
95,95
96,96
97,97
98,98
99,99
100,100
101,101
102,102
103,103
92,104
106,105
116,106
107,107
108,108
109,109
110,110
111,111
112,112
113,113
114,114
115,115
116,116
117,117
118,118
119,119
60,60
61,61
62,62
63,63
64,64
65,65
104,66
67,67
102,68
69,69
37,70
70,71
75,72
73,73
85,74
75,75
76,76
77,77
78,78
79,79
63,80
81,81
82,82
83,83
84,84
85,85
86,86
87,87
88,88
89,89
90,90
91,91
92,92
93,93
94,94
95,95
96,96
97,97
98,98
99,99
100,100
101,101
102,102
103,103
104,104
105,105
116,106
107,107
108,108
109,109
110,110
111,111
112,112
113,113
114,114
59,115
116,116
117,117
118,118
119,119
60,60
61,61
62,62
63,63
64,64
65,65
66,66
67,67
71,68
69,69
70,70
70,71
75,72
73,73
28,74
75,75
76,76
77,77
78,78
79,79
80,80
81,81
82,82
83,83
84,84
85,85
86,86
87,87
88,88
89,89
90,90
91,91
92,92
93,93
94,94
95,95
96,96
97,97
98,98
99,99
100,100
101,101
104,102
103,103
104,104
106,105
107,106
107,107
108,108
109,109
110,110
111,111
112,112
113,113
114,114
115,115
116,116
117,117
118,118
119,119
61,60
61,61
62,62
87,63
69,65
104,66
67,67
102,68
70,69
92,70
70,71
75,72
73,73
81,74
75,75
76,76
77,77
78,78
79,79
81,81
81,82
84,84
85,85
86,86
87,87
88,88
89,89
90,90
91,91
92,92
93,93
94,94
95,95
96,96
97,97
98,98
99,99
100,100
101,101
32,102
103,103
67,104
105,105
106,106
107,107
108,108
109,109
110,110
111,111
112,112
113,113
114,114
115,115
116,116
117,117
118,118
119,119
60,60
61,61
62,62
63,63
64,64
65,65
66,66
67,67
37,68
69,69
37,70
92,71
75,72
83,73
74,74
90,75
76,76
77,77
78,78
79,79
62,80
81,81
82,82
83,83
84,84
85,85
86,86
87,87
89,88
89,89
90,90
91,91
92,92
93,93
94,94
95,95
96,96
97,97
98,98
99,99
100,100
101,101
102,102
103,103
102,104
105,105
106,106
107,107
108,108
109,109
110,110
111,111
112,112
113,113
114,114
115,115
116,116
117,117
118,118
119,119
60,60
61,61
62,62
63,63
64,64
65,65
116,66
21,67
92,68
69,69
92,70
70,71
11,72
73,73
73,74
72,75
106,76
77,77
78,78
79,79
80,80
81,81
82,82
83,83
84,84
85,85
86,86
87,87
88,88
89,89
90,90
91,91
92,92
80,93
94,94
95,95
96,96
97,97
98,98
99,99
100,100
101,101
102,102
103,103
102,104
105,105
116,106
107,107
108,108
109,109
110,110
111,111
112,112
113,113
114,114
115,115
116,116
117,117
118,118
119,119
61,60
61,61
62,62
63,63
64,64
65,65
66,66
67,67
94,68
69,69
94,70
94,71
75,72
83,73
28,74
75,75
6,76
77,77
78,78
79,79
62,80
90,81
82,82
29,83
84,84
85,85
86,86
87,87
88,88
89,89
90,90
91,91
92,92
93,93
94,94
95,95
96,96
97,97
98,98
99,99
100,100
99,101
102,102
103,103
102,104
105,105
106,106
107,107
108,108
109,109
110,110
111,111
112,112
91,113
114,114
115,115
108,116
117,117
118,118
119,119
60,60
61,61
103,62
63,63
64,64
65,65
66,66
21,67
92,68
69,69
92,70
92,71
72,72
73,73
73,74
75,75
67,76
77,77
78,78
79,79
62,80
81,81
82,82
83,83
84,84
85,85
86,86
87,87
88,88
89,89
90,90
91,91
92,92
80,93
94,94
95,95
96,96
97,97
98,98
99,99
100,100
101,101
102,102
103,103
102,104
105,105
106,106
107,107
108,108
109,109
110,110
111,111
112,112
113,113
114,114
115,115
116,116
117,117
118,118
119,119
60,60
61,61
62,62
63,63
64,64
65,65
66,66
67,67
37,68
69,69
37,70
70,71
75,72
83,73
85,74
75,75
76,76
77,77
78,78
79,79
80,80
81,81
82,82
83,83
84,84
85,85
86,86
87,87
88,88
89,89
90,90
91,91
92,92
93,93
94,94
95,95
96,96
97,97
98,98
99,99
100,100
101,101
102,102
103,103
102,104
105,105
109,106
107,107
108,108
109,109
110,110
111,111
112,112
113,113
114,114
115,115
116,116
117,117
118,118
119,119
60,60
61,61
103,62
63,63
64,64
65,65
116,66
67,67
102,68
71,69
71,70
70,71
11,72
73,73
74,74
75,75
76,76
77,77
78,78
79,79
112,80
82,81
82,82
83,83
84,84
85,85
86,86
87,87
89,88
89,89
85,90
91,91
94,92
94,94
95,95
96,96
97,97
98,98
99,99
100,100
101,101
102,102
103,103
102,104
105,105
105,106
107,107
108,108
109,109
110,110
111,111
112,112
113,113
114,114
115,115
116,116
117,117
118,118
119,119
60,60
61,61
62,62
63,63
64,64
65,65
66,66
67,67
67,68
69,69
102,70
70,71
75,72
74,73
83,74
75,75
76,76
77,77
78,78
79,79
80,80
81,81
85,82
83,83
84,84
85,85
86,86
87,87
88,88
89,89
90,90
91,91
92,92
93,93
94,94
95,95
96,96
97,97
98,98
99,99
100,100
101,101
102,102
103,103
104,104
105,105
106,106
107,107
108,108
109,109
110,110
111,111
112,112
113,113
114,114
115,115
116,116
117,117
118,118
119,119
60,60
61,61
62,62
63,63
64,64
65,65
102,66
67,67
92,68
69,69
37,70
37,71
75,72
83,73
83,74
75,75
61,76
77,77
104,78
79,79
80,80
81,81
82,82
83,83
84,84
85,85
86,86
87,87
88,88
89,89
90,90
91,91
37,92
93,93
94,94
95,95
96,96
97,97
98,98
99,99
100,100
101,101
102,102
103,103
104,104
105,105
116,106
107,107
108,108
109,109
110,110
111,111
112,112
113,113
114,114
115,115
116,116
117,117
118,118
119,119
60,60
61,61
62,62
63,63
64,64
65,65
116,66
67,67
37,68
69,69
37,70
70,71
75,72
73,73
74,74
75,75
76,76
77,77
78,78
79,79
80,80
81,81
82,82
83,83
84,84
85,85
86,86
87,87
88,88
89,89
90,90
91,91
37,92
93,93
94,94
95,95
96,96
97,97
98,98
99,99
100,100
101,101
102,102
103,103
104,104
105,105
106,106
107,107
108,108
109,109
110,110
111,111
112,112
113,113
114,114
115,115
116,116
117,117
118,118
119,119
60,60
61,61
62,62
63,63
64,64
65,65
66,66
67,67
92,68
69,69
37,70
37,71
75,72
83,73
83,74
75,75
76,76
77,77
78,78
79,79
80,80
81,81
82,82
83,83
84,84
85,85
86,86
87,87
88,88
89,89
90,90
91,91
37,92
62,93
94,94
95,95
96,96
97,97
98,98
99,99
100,100
101,101
102,102
103,103
102,104
105,105
116,106
107,107
108,108
109,109
110,110
111,111
112,112
113,113
114,114
115,115
116,116
117,117
118,118
119,119
60,60
61,61
62,62
63,63
64,64
65,65
116,66
67,67
37,68
69,69
37,70
70,71
75,72
83,73
74,74
75,75
76,76
77,77
78,78
79,79
67,80
81,81
83,82
83,83
84,84
85,85
86,86
87,87
88,88
89,89
90,90
91,91
92,92
93,93
94,94
95,95
96,96
97,97
98,98
99,99
100,100
101,101
102,102
103,103
104,104
109,105
106,106
107,107
108,108
109,109
110,110
111,111
112,112
113,113
114,114
115,115
116,116
117,117
118,118
119,119
60,60
61,61
62,62
63,63
54,64
65,65
66,66
61,67
92,68
69,69
70,70
70,71
75,72
28,73
83,74
75,75
61,76
90,77
78,78
79,79
80,80
81,81
82,82
83,83
84,84
85,85
86,86
87,87
88,88
93,89
90,90
91,91
37,92
93,93
94,94
95,95
96,96
97,97
98,98
99,99
100,100
101,101
66,102
103,103
104,104
109,105
107,106
107,107
108,108
109,109
110,110
111,111
112,112
113,113
114,114
115,115
116,116
117,117
118,118
119,119
60,60
61,61
62,62
63,63
64,64
65,65
66,66
67,67
71,68
69,69
70,70
76,71
75,72
73,73
74,74
75,75
76,76
77,77
78,78
79,79
80,80
81,81
82,82
83,83
84,84
72,85
86,86
87,87
88,88
88,89
90,90
91,91
92,92
93,93
94,94
95,95
96,96
97,97
98,98
99,99
100,100
101,101
66,102
103,103
78,104
105,105
106,106
107,107
108,108
109,109
110,110
111,111
112,112
113,113
114,114
115,115
116,116
117,117
118,118
119,119
60,60
61,61
62,62
63,63
64,64
65,65
66,66
67,67
30,68
69,69
70,70
71,71
81,72
73,73
74,74
75,75
76,76
83,77
78,78
79,79
80,80
81,81
82,82
83,83
84,84
85,85
86,86
87,87
88,88
88,89
90,90
91,91
92,92
93,93
94,94
95,95
96,96
97,97
98,98
99,99
100,100
101,101
102,102
103,103
104,104
105,105
106,106
107,107
108,108
109,109
110,110
111,111
112,112
113,113
114,114
115,115
116,116
117,117
118,118
119,119
61,60
61,61
62,62
63,63
64,64
65,65
66,66
67,67
68,68
69,69
70,70
70,71
81,72
73,73
74,74
75,75
76,76
77,77
78,78
34,79
80,80
81,81
82,82
83,83
84,84
77,85
86,86
87,87
88,88
88,89
90,90
91,91
92,92
93,93
94,94
95,95
96,96
97,97
98,98
99,99
100,100
101,101
104,102
103,103
104,104
105,105
109,106
107,107
108,108
109,109
110,110
111,111
112,112
113,113
114,114
115,115
116,116
117,117
118,118
119,119
61,60
61,61
62,62
63,63
64,64
65,65
66,66
67,67
71,68
69,69
70,70
71,71
90,72
73,73
74,74
75,75
76,76
73,77
78,78
79,79
80,80
81,81
82,82
83,83
84,84
81,85
86,86
87,87
88,88
89,89
90,90
91,91
92,92
93,93
94,94
95,95
96,96
97,97
98,98
99,99
100,100
101,101
102,102
103,103
104,104
105,105
106,106
107,107
108,108
109,109
110,110
111,111
112,112
113,113
74,114
115,115
116,116
117,117
118,118
119,119
60,60
61,61
62,62
63,63
64,64
65,65
66,66
67,67
68,68
69,69
70,70
71,71
10,72
73,73
74,74
75,75
76,76
83,77
78,78
79,79
80,80
81,81
82,82
83,83
84,84
85,85
86,86
87,87
90,88
90,89
90,90
91,91
76,92
93,93
94,94
95,95
96,96
97,97
98,98
99,99
100,100
101,101
66,102
103,103
66,104
105,105
106,106
107,107
108,108
109,109
110,110
111,111
112,112
113,113
114,114
115,115
116,116
117,117
118,118
119,119
18,60
61,61
62,62
63,63
64,64
65,65
66,66
67,67
68,68
69,69
70,70
71,71
72,72
73,73
74,74
75,75
76,76
77,77
78,78
79,79
80,80
81,81
82,82
74,83
84,84
73,85
86,86
87,87
88,88
88,89
90,90
91,91
92,92
93,93
94,94
95,95
96,96
97,97
98,98
99,99
100,100
101,101
102,102
103,103
102,104
105,105
106,106
107,107
108,108
109,109
110,110
111,111
112,112
113,113
114,114
115,115
116,116
117,117
118,118
119,119
61,60
61,61
62,62
63,63
64,64
65,65
102,66
67,67
68,68
69,69
76,70
71,71
75,72
73,73
74,74
75,75
76,76
77,77
78,78
79,79
80,80
81,81
77,82
83,83
84,84
85,85
86,86
87,87
88,88
89,89
81,90
91,91
92,92
93,93
94,94
95,95
96,96
97,97
98,98
99,99
100,100
101,101
102,102
103,103
104,104
105,105
106,106
107,107
108,108
109,109
110,110
111,111
112,112
113,113
114,114
115,115
116,116
117,117
118,118
119,119
3,60
61,61
62,62
63,63
64,64
65,65
66,66
3,67
68,68
69,69
70,70
22,71
72,72
72,73
28,74
72,75
76,76
12,77
78,78
79,79
80,80
10,81
33,82
11,83
84,84
33,85
86,86
87,87
88,88
89,89
90,90
91,91
92,92
111,93
94,94
95,95
96,96
97,97
98,98
99,99
100,100
101,101
104,102
103,103
104,104
105,105
106,106
107,107
108,108
109,109
110,110
111,111
112,112
113,113
114,114
115,115
116,116
117,117
118,118
119,119
61,60
61,61
62,62
63,63
64,64
65,65
66,66
67,67
68,68
69,69
92,70
71,71
75,72
73,73
74,74
75,75
76,76
77,77
78,78
79,79
80,80
81,81
82,82
83,83
84,84
85,85
86,86
87,87
88,88
89,89
90,90
91,91
92,92
93,93
94,94
95,95
96,96
97,97
98,98
99,99
100,100
101,101
102,102
103,103
66,104
105,105
106,106
107,107
93,108
109,109
108,110
111,111
112,112
113,113
114,114
115,115
116,116
117,117
118,118
119,119
60,60
61,61
62,62
63,63
64,64
65,65
66,66
3,67
70,68
69,69
22,70
22,71
77,72
72,73
32,74
32,75
76,76
77,77
66,78
79,79
80,80
81,81
33,82
32,83
84,84
33,85
86,86
87,87
88,88
89,89
81,90
91,91
92,92
93,93
94,94
95,95
96,96
97,97
98,98
99,99
100,100
101,101
66,102
103,103
66,104
105,105
106,106
107,107
108,108
109,109
110,110
111,111
112,112
113,113
114,114
115,115
116,116
117,117
118,118
119,119
61,60
61,61
93,62
63,63
64,64
65,65
102,66
67,67
68,68
69,69
70,70
71,71
10,72
73,73
74,74
75,75
76,76
77,77
78,78
79,79
80,80
81,81
82,82
83,83
84,84
85,85
86,86
87,87
88,88
88,89
90,90
91,91
92,92
93,93
94,94
95,95
96,96
97,97
98,98
99,99
100,100
101,101
66,102
103,103
66,104
105,105
106,106
107,107
108,108
109,109
110,110
111,111
112,112
113,113
114,114
115,115
116,116
117,117
118,118
119,119
92,62
63,63
64,64
65,65
78,66
17,67
68,68
69,69
70,70
22,71
29,73
10,74
72,75
76,76
10,77
78,78
79,79
80,80
10,81
10,82
11,83
84,84
33,85
86,86
87,87
88,88
89,89
90,90
91,91
92,92
93,93
94,94
95,95
96,96
97,97
98,98
99,99
100,100
101,101
102,102
103,103
104,104
105,105
106,106
107,107
108,108
109,109
110,110
111,111
112,112
113,113
114,114
115,115
116,116
117,117
118,118
119,119
60,60
61,61
62,62
63,63
64,64
65,65
66,66
67,67
68,68
69,69
92,70
71,71
73,73
78,74
75,75
76,76
77,77
78,78
79,79
80,80
81,81
82,82
83,83
84,84
85,85
86,86
87,87
88,88
89,89
90,90
91,91
92,92
93,93
94,94
95,95
96,96
97,97
98,98
99,99
100,100
101,101
102,102
103,103
104,104
105,105
106,106
107,107
108,108
109,109
110,110
111,111
112,112
113,113
114,114
115,115
116,116
117,117
118,118
119,119
60,60
61,61
62,62
63,63
64,64
65,65
104,66
67,67
76,68
69,69
70,70
71,71
72,72
73,73
74,74
75,75
76,76
85,77
78,78
79,79
80,80
81,81
82,82
83,83
84,84
85,85
86,86
87,87
89,88
89,89
90,90
91,91
92,92
93,93
94,94
95,95
96,96
97,97
98,98
99,99
100,100
101,101
104,102
103,103
104,104
105,105
106,106
107,107
108,108
109,109
110,110
111,111
112,112
113,113
114,114
115,115
116,116
117,117
118,118
119,119
60,60
61,61
62,62
63,63
64,64
65,65
66,66
67,67
68,68
69,69
92,70
71,71
75,72
73,73
75,75
76,76
83,77
78,78
79,79
81,81
82,82
83,83
84,84
85,85
86,86
87,87
88,88
89,89
90,90
91,91
92,92
71,93
94,94
95,95
96,96
97,97
98,98
99,99
100,100
101,101
104,102
103,103
104,104
105,105
106,106
107,107
108,108
109,109
110,110
111,111
112,112
113,113
114,114
59,115
78,116
117,117
118,118
119,119
60,60
61,61
62,62
63,63
64,64
65,65
104,66
67,67
76,68
69,69
70,70
71,71
72,72
73,73
74,74
83,75
76,76
85,77
78,78
79,79
80,80
81,81
82,82
83,83
84,84
85,85
86,86
87,87
88,88
88,89
90,90
91,91
92,92
93,93
94,94
95,95
96,96
97,97
98,98
99,99
100,100
101,101
104,102
103,103
104,104
105,105
106,106
107,107
108,108
106,109
110,110
111,111
112,112
113,113
114,114
115,115
116,116
117,117
118,118
119,119
60,60
61,61
62,62
63,63
65,65
104,66
67,67
68,68
69,69
92,70
71,71
75,72
83,73
74,74
74,75
71,76
83,77
78,78
79,79
80,80
81,81
82,82
83,83
84,84
85,85
86,86
87,87
88,88
89,89
90,90
91,91
92,92
93,93
94,94
95,95
96,96
97,97
98,98
41,99
100,100
101,101
104,102
103,103
104,104
105,105
106,106
107,107
108,108
109,109
110,110
111,111
112,112
113,113
114,114
115,115
116,116
117,117
118,118
119,119
60,60
61,61
62,62
27,63
64,64
65,65
104,66
67,67
76,68
69,69
70,70
70,71
76,76
85,77
78,78
79,79
80,80
81,81
82,82
83,83
84,84
85,85
86,86
87,87
89,88
89,89
90,90
66,92
94,94
95,95
96,96
97,97
98,98
99,99
100,100
101,101
66,102
103,103
78,104
105,105
107,106
107,107
108,108
109,109
110,110
111,111
112,112
113,113
114,114
115,115
116,116
117,117
118,118
119,119
61,60
61,61
62,62
63,63
64,64
65,65
68,66
67,67
68,68
69,69
70,70
71,71
75,72
73,73
74,74
75,75
76,76
77,77
78,78
79,79
80,80
81,81
82,82
83,83
84,84
85,85
86,86
87,87
88,88
89,89
90,90
91,91
92,92
93,93
94,94
95,95
96,96
97,97
98,98
99,99
100,100
101,101
102,102
103,103
104,104
105,105
106,106
107,107
108,108
109,109
110,110
111,111
112,112
113,113
114,114
115,115
116,116
117,117
118,118
119,119
60,60
61,61
62,62
63,63
64,64
65,65
66,66
67,67
68,68
69,69
70,70
71,71
72,72
73,73
28,74
73,75
76,76
83,77
78,78
79,79
80,80
82,81
82,82
83,83
84,84
33,85
86,86
87,87
88,88
89,89
90,90
91,91
92,92
93,93
94,94
95,95
96,96
97,97
98,98
99,99
100,100
101,101
104,102
103,103
104,104
105,105
105,106
107,107
108,108
109,109
110,110
111,111
112,112
113,113
114,114
115,115
116,116
117,117
118,118
119,119
43,60
61,61
62,62
63,63
64,64
65,65
66,66
67,67
68,68
69,69
70,70
71,71
72,72
73,73
74,74
75,75
76,76
73,77
78,78
79,79
80,80
81,81
82,82
73,83
84,84
85,85
86,86
87,87
88,88
89,89
90,90
91,91
92,92
93,93
94,94
95,95
96,96
97,97
98,98
99,99
100,100
101,101
104,102
103,103
104,104
105,105
106,106
107,107
108,108
109,109
110,110
111,111
112,112
113,113
114,114
115,115
116,116
117,117
118,118
119,119
78,60
61,61
62,62
63,63
64,64
65,65
102,66
67,67
68,68
69,69
70,70
68,71
72,72
73,73
73,74
75,75
76,76
73,77
78,78
79,79
80,80
81,81
82,82
83,83
84,84
33,85
86,86
87,87
88,88
89,89
90,90
91,91
92,92
93,93
94,94
95,95
96,96
97,97
98,98
99,99
100,100
101,101
104,102
103,103
66,104
105,105
105,106
107,107
108,108
109,109
110,110
111,111
112,112
113,113
114,114
115,115
116,116
117,117
118,118
119,119
61,60
61,61
62,62
63,63
64,64
65,65
66,66
67,67
68,68
69,69
70,70
71,71
72,72
73,73
73,74
72,75
76,76
83,77
78,78
79,79
80,80
81,81
82,82
83,83
84,84
85,85
86,86
87,87
88,88
89,89
90,90
91,91
92,92
93,93
94,94
95,95
96,96
97,97
98,98
99,99
100,100
101,101
104,102
103,103
104,104
105,105
106,106
107,107
108,108
109,109
110,110
111,111
112,112
113,113
114,114
115,115
116,116
117,117
118,118
119,119
78,60
61,61
62,62
36,63
64,64
65,65
104,66
67,67
68,68
69,69
70,70
71,71
75,72
73,73
74,74
72,75
76,76
77,77
78,78
79,79
109,80
81,81
90,82
28,83
84,84
9,85
86,86
87,87
88,88
89,89
90,90
91,91
92,92
93,93
94,94
95,95
96,96
97,97
98,98
99,99
100,100
101,101
104,102
103,103
104,104
106,105
105,106
107,107
108,108
109,109
110,110
111,111
112,112
113,113
114,114
115,115
116,116
117,117
118,118
119,119
60,60
61,61
62,62
63,63
64,64
65,65
66,66
67,67
68,68
69,69
71,70
31,71
10,72
73,73
74,74
75,75
76,76
77,77
78,78
79,79
80,80
81,81
82,82
83,83
84,84
85,85
86,86
87,87
88,88
89,89
90,90
91,91
92,92
93,93
94,94
95,95
96,96
97,97
98,98
99,99
100,100
101,101
102,102
103,103
104,104
105,105
106,106
107,107
106,108
109,109
110,110
111,111
112,112
113,113
114,114
115,115
116,116
117,117
118,118
119,119
60,60
61,61
93,62
63,63
64,64
65,65
66,66
67,67
68,68
69,69
68,70
71,71
11,72
74,73
74,74
72,75
71,76
82,77
78,78
79,79
80,80
81,81
82,82
83,83
84,84
85,85
86,86
87,87
88,88
88,89
90,90
91,91
92,92
93,93
94,94
95,95
96,96
97,97
98,98
99,99
100,100
101,101
102,102
103,103
104,104
105,105
106,106
107,107
108,108
109,109
110,110
111,111
112,112
113,113
114,114
115,115
116,116
117,117
118,118
119,119
61,61
62,62
63,63
64,64
65,65
66,66
61,67
68,68
69,69
71,70
71,71
10,72
73,73
74,74
75,75
76,76
77,77
78,78
79,79
80,80
81,81
82,82
83,83
84,84
85,85
86,86
87,87
88,88
89,89
90,90
91,91
92,92
93,93
94,94
95,95
96,96
97,97
98,98
99,99
100,100
101,101
43,102
103,103
104,104
105,105
106,106
107,107
108,108
109,109
110,110
111,111
112,112
113,113
109,114
115,115
116,116
117,117
118,118
119,119
60,60
61,61
93,62
63,63
64,64
65,65
66,66
67,67
68,68
68,69
68,70
68,71
75,72
83,73
74,74
75,75
76,76
77,77
78,78
79,79
80,80
81,81
82,82
83,83
84,84
85,85
86,86
87,87
88,88
89,89
90,90
91,91
92,92
93,93
94,94
95,95
96,96
97,97
98,98
99,99
100,100
101,101
102,102
103,103
104,104
105,105
106,106
107,107
108,108
109,109
110,110
111,111
112,112
113,113
114,114
115,115
116,116
117,117
118,118
119,119
60,60
61,61
62,62
63,63
64,64
65,65
66,66
18,67
76,68
69,69
71,70
71,71
90,72
28,73
74,74
75,75
76,76
77,77
78,78
79,79
80,80
81,81
82,82
83,83
84,84
85,85
86,86
87,87
88,88
89,89
90,90
91,91
22,92
93,93
103,94
95,95
96,96
97,97
98,98
99,99
100,100
101,101
102,102
103,103
104,104
105,105
106,106
107,107
108,108
109,109
110,110
111,111
112,112
113,113
114,114
115,115
116,116
117,117
118,118
119,119
60,60
61,61
93,62
88,63
64,64
65,65
66,66
67,67
68,68
69,69
70,70
70,71
11,72
73,73
74,74
75,75
76,76
73,77
78,78
79,79
80,80
81,81
82,82
72,83
84,84
85,85
86,86
87,87
88,88
89,89
90,90
91,91
35,92
93,93
94,94
95,95
96,96
97,97
98,98
99,99
100,100
101,101
102,102
103,103
43,104
105,105
106,106
107,107
108,108
109,109
110,110
111,111
112,112
113,113
114,114
115,115
116,116
117,117
118,118
119,119
60,60
61,61
62,62
63,63
64,64
65,65
66,66
67,67
71,68
69,69
71,70
70,71
75,72
73,73
74,74
75,75
76,76
77,77
78,78
79,79
80,80
81,81
82,82
83,83
84,84
85,85
86,86
87,87
89,88
89,89
90,90
91,91
92,92
93,93
94,94
95,95
96,96
97,97
98,98
99,99
100,100
101,101
102,102
103,103
104,104
105,105
106,106
107,107
108,108
109,109
110,110
111,111
112,112
113,113
114,114
115,115
116,116
117,117
118,118
119,119
60,60
61,61
62,62
63,63
64,64
65,65
66,66
67,67
68,68
69,69
71,70
71,71
72,72
73,73
73,74
75,75
76,76
77,77
78,78
79,79
80,80
81,81
82,82
83,83
36,84
85,85
87,86
87,87
89,88
89,89
90,90
91,91
92,92
93,93
94,94
95,95
96,96
97,97
98,98
99,99
100,100
101,101
102,102
103,103
104,104
105,105
106,106
107,107
108,108
109,109
110,110
111,111
112,112
113,113
114,114
115,115
116,116
117,117
118,118
119,119
60,60
61,61
62,62
63,63
39,64
65,65
66,66
67,67
71,68
69,69
71,70
70,71
75,72
73,73
74,74
75,75
76,76
77,77
78,78
79,79
80,80
90,81
82,82
83,83
84,84
85,85
86,86
87,87
88,88
89,89
90,90
91,91
92,92
93,93
94,94
95,95
96,96
97,97
98,98
99,99
100,100
101,101
102,102
103,103
104,104
105,105
106,106
107,107
108,108
109,109
110,110
111,111
112,112
113,113
114,114
115,115
116,116
117,117
118,118
119,119
60,60
61,61
93,62
63,63
64,64
65,65
66,66
67,67
68,68
69,69
71,70
71,71
72,72
83,73
74,74
75,75
76,76
77,77
78,78
79,79
80,80
81,81
73,82
83,83
36,84
85,85
86,86
87,87
89,88
89,89
90,90
91,91
92,92
93,93
94,94
95,95
96,96
97,97
98,98
99,99
100,100
101,101
102,102
103,103
104,104
106,105
108,106
107,107
108,108
109,109
110,110
111,111
112,112
113,113
114,114
115,115
116,116
117,117
118,118
119,119
60,60
61,61
62,62
63,63
64,64
65,65
66,66
67,67
71,68
69,69
71,70
70,71
75,72
73,73
74,74
75,75
76,76
77,77
78,78
79,79
80,80
81,81
82,82
83,83
84,84
85,85
86,86
87,87
89,88
89,89
90,90
91,91
92,92
93,93
94,94
95,95
96,96
97,97
98,98
99,99
100,100
101,101
102,102
103,103
104,104
105,105
106,106
107,107
108,108
109,109
110,110
111,111
112,112
113,113
114,114
115,115
116,116
117,117
118,118
119,119
60,60
61,61
93,62
63,63
64,64
65,65
66,66
67,67
68,68
69,69
71,70
71,71
75,72
74,73
74,74
75,75
76,76
77,77
78,78
79,79
80,80
81,81
82,82
83,83
84,84
85,85
86,86
87,87
89,88
89,89
77,90
91,91
92,92
93,93
94,94
95,95
96,96
97,97
98,98
99,99
100,100
101,101
67,102
103,103
66,104
105,105
106,106
107,107
108,108
109,109
110,110
111,111
112,112
113,113
114,114
115,115
116,116
117,117
118,118
119,119
60,60
61,61
93,62
63,63
64,64
65,65
66,66
67,67
69,68
69,69
71,70
70,71
72,72
73,73
74,74
75,75
76,76
77,77
78,78
79,79
80,80
81,81
82,82
83,83
84,84
85,85
86,86
87,87
88,88
89,89
90,90
91,91
92,92
93,93
94,94
95,95
96,96
97,97
98,98
99,99
100,100
101,101
102,102
103,103
104,104
106,105
106,106
107,107
108,108
109,109
110,110
111,111
112,112
113,113
114,114
115,115
116,116
117,117
118,118
119,119
60,60
61,61
62,62
63,63
64,64
65,65
66,66
67,67
68,68
69,69
70,70
71,71
75,72
73,73
74,74
72,75
76,76
77,77
78,78
79,79
80,80
81,81
82,82
83,83
84,84
85,85
86,86
87,87
88,88
89,89
90,90
91,91
92,92
93,93
94,94
95,95
96,96
97,97
98,98
99,99
100,100
99,101
102,102
103,103
104,104
105,105
106,106
107,107
108,108
109,109
110,110
111,111
112,112
113,113
103,114
115,115
66,116
117,117
118,118
119,119
60,60
61,61
62,62
63,63
95,64
65,65
104,66
67,67
68,68
69,69
71,70
94,71
75,72
73,73
28,74
75,75
76,76
77,77
78,78
79,79
80,80
81,81
82,82
83,83
84,84
85,85
86,86
87,87
88,88
89,89
77,90
91,91
92,92
93,93
94,94
95,95
96,96
97,97
98,98
99,99
100,100
101,101
102,102
94,103
104,104
105,105
116,106
107,107
108,108
112,109
28,110
93,111
112,112
113,113
109,114
115,115
116,116
117,117
113,118
119,119
60,60
61,61
92,62
63,63
106,64
65,65
66,66
67,67
68,68
69,69
70,70
70,71
75,72
90,73
74,74
75,75
76,76
77,77
78,78
79,79
76,80
81,81
82,82
73,83
84,84
85,85
86,86
87,87
88,88
89,89
90,90
91,91
92,92
93,93
94,94
95,95
96,96
97,97
98,98
99,99
100,100
101,101
102,102
103,103
104,104
105,105
106,106
107,107
108,108
109,109
110,110
62,111
112,112
113,113
114,114
115,115
105,116
117,117
118,118
119,119
60,60
61,61
62,62
63,63
64,64
65,65
104,66
67,67
69,68
69,69
71,70
70,71
72,72
83,73
83,74
75,75
92,76
77,77
78,78
79,79
80,80
81,81
82,82
28,83
84,84
85,85
86,86
87,87
88,88
89,89
90,90
91,91
92,92
93,93
94,94
95,95
96,96
97,97
98,98
99,99
100,100
101,101
102,102
103,103
104,104
106,105
110,106
107,107
108,108
109,109
35,110
111,111
112,112
113,113
72,114
115,115
116,116
117,117
118,118
119,119
60,60
61,61
92,62
63,63
49,64
65,65
102,66
67,67
68,68
69,69
70,70
70,71
86,86
87,87
88,88
89,89
90,90
91,91
92,92
93,93
94,94
95,95
96,96
97,97
98,98
99,99
100,100
99,101
102,102
103,103
76,104
105,105
107,106
107,107
56,108
110,110
111,111
112,112
113,113
114,114
115,115
116,116
117,117
106,118
119,119
60,60
61,61
93,62
63,63
64,64
65,65
66,66
67,67
68,68
69,69
70,70
70,71
75,72
73,73
74,74
75,75
76,76
77,77
78,78
79,79
80,80
81,81
82,82
12,83
84,84
85,85
86,86
87,87
88,88
89,89
90,90
91,91
92,92
93,93
94,94
95,95
96,96
97,97
98,98
101,99
100,100
101,101
102,102
103,103
66,104
105,105
106,106
107,107
108,108
109,109
110,110
111,111
112,112
113,113
114,114
115,115
116,116
117,117
118,118
119,119
60,60
61,61
93,62
63,63
64,64
65,65
66,66
67,67
68,68
69,69
68,70
71,71
75,72
83,73
28,74
75,75
76,76
77,77
66,78
79,79
80,80
81,81
82,82
83,83
84,84
85,85
86,86
87,87
88,88
89,89
90,90
91,91
92,92
93,93
94,94
95,95
96,96
97,97
98,98
99,99
100,100
101,101
102,102
103,103
104,104
105,105
106,106
107,107
108,108
109,109
110,110
111,111
112,112
113,113
114,114
115,115
116,116
117,117
118,118
119,119
62,62
63,63
64,64
65,65
66,66
67,67
68,68
69,69
70,70
70,71
75,72
73,73
74,74
75,75
76,76
77,77
78,78
79,79
80,80
81,81
82,82
12,83
84,84
85,85
86,86
87,87
88,88
89,89
90,90
91,91
92,92
94,93
94,94
95,95
96,96
97,97
98,98
101,99
100,100
101,101
102,102
93,103
66,104
105,105
107,106
107,107
108,108
109,109
107,110
111,111
112,112
113,113
109,114
115,115
116,116
117,117
107,118
109,119
60,60
61,61
62,62
63,63
64,64
65,65
66,66
67,67
68,68
69,69
70,70
71,71
75,72
83,73
74,74
74,75
76,76
77,77
78,78
79,79
80,80
81,81
82,82
83,83
84,84
85,85
86,86
87,87
88,88
89,89
90,90
91,91
92,92
93,93
94,94
95,95
96,96
97,97
98,98
99,99
100,100
101,101
102,102
103,103
104,104
105,105
106,106
107,107
108,108
109,109
110,110
111,111
112,112
113,113
114,114
115,115
116,116
117,117
118,118
119,119
60,60
61,61
93,62
63,63
64,64
65,65
66,66
67,67
68,68
69,69
70,70
70,71
72,72
73,73
74,74
75,75
76,76
77,77
78,78
79,79
80,80
81,81
73,82
12,83
84,84
85,85
86,86
87,87
88,88
89,89
90,90
91,91
92,92
93,93
94,94
95,95
96,96
97,97
98,98
99,99
100,100
101,101
102,102
103,103
66,104
105,105
106,106
107,107
108,108
109,109
110,110
111,111
112,112
113,113
114,114
115,115
116,116
117,117
118,118
119,119
60,60
61,61
93,62
63,63
64,64
65,65
66,66
67,67
68,68
69,69
70,70
70,71
72,72
29,73
74,74
74,75
76,76
77,77
71,78
79,79
76,80
83,81
82,82
73,83
84,84
85,85
86,86
87,87
88,88
88,89
90,90
91,91
92,92
93,93
94,94
95,95
96,96
97,97
98,98
99,99
100,100
101,101
102,102
103,103
66,104
105,105
106,106
107,107
108,108
109,109
110,110
111,111
112,112
113,113
114,114
115,115
116,116
117,117
118,118
119,119
60,60
61,61
62,62
63,63
64,64
65,65
66,66
67,67
68,68
69,69
70,70
70,71
75,72
83,73
74,74
72,75
76,76
77,77
78,78
79,79
80,80
81,81
82,82
83,83
84,84
85,85
86,86
87,87
88,88
89,89
90,90
91,91
92,92
93,93
94,94
95,95
96,96
97,97
98,98
99,99
100,100
101,101
102,102
103,103
104,104
106,105
106,106
107,107
108,108
53,109
110,110
111,111
112,112
113,113
114,114
115,115
116,116
117,117
118,118
119,119
60,60
61,61
62,62
63,63
64,64
65,65
66,66
67,67
68,68
69,69
70,70
70,71
72,72
83,73
74,74
75,75
76,76
77,77
104,78
79,79
80,80
81,81
82,82
83,83
84,84
85,85
86,86
87,87
88,88
89,89
90,90
91,91
92,92
93,93
94,94
95,95
96,96
97,97
98,98
99,99
100,100
101,101
102,102
103,103
104,104
93,105
105,106
107,107
108,108
109,109
110,110
111,111
112,112
113,113
114,114
115,115
116,116
117,117
118,118
119,119
60,60
61,61
62,62
63,63
64,64
65,65
66,66
67,67
68,68
69,69
70,70
70,71
72,72
73,73
74,74
83,75
76,76
77,77
71,78
79,79
80,80
81,81
85,82
83,83
84,84
85,85
86,86
87,87
88,88
89,89
90,90
91,91
92,92
93,93
94,94
95,95
96,96
97,97
98,98
99,99
100,100
101,101
102,102
103,103
104,104
105,105
106,106
107,107
108,108
109,109
110,110
111,111
112,112
113,113
114,114
115,115
116,116
117,117
118,118
119,119
60,60
61,61
62,62
63,63
64,64
65,65
66,66
67,67
68,68
69,69
70,70
70,71
83,72
83,73
74,74
75,75
76,76
77,77
104,78
79,79
80,80
81,81
82,82
83,83
84,84
85,85
86,86
87,87
89,88
89,89
90,90
91,91
92,92
93,93
94,94
95,95
96,96
97,97
98,98
99,99
100,100
101,101
102,102
103,103
104,104
105,105
105,106
107,107
108,108
109,109
110,110
111,111
112,112
113,113
114,114
115,115
116,116
117,117
118,118
119,119
60,60
61,61
62,62
63,63
64,64
65,65
66,66
67,67
68,68
69,69
70,70
70,71
74,72
73,73
74,74
75,75
76,76
77,77
78,78
79,79
80,80
81,81
82,82
83,83
84,84
85,85
86,86
87,87
88,88
89,89
90,90
91,91
92,92
93,93
94,94
95,95
96,96
97,97
98,98
99,99
100,100
101,101
102,102
103,103
104,104
106,105
106,106
107,107
108,108
109,109
110,110
111,111
112,112
113,113
114,114
115,115
116,116
117,117
118,118
119,119
60,60
61,61
93,62
63,63
64,64
65,65
70,66
67,67
68,68
69,69
70,70
70,71
72,72
74,73
74,74
72,75
76,76
85,77
78,78
79,79
93,80
81,81
82,82
83,83
84,84
85,85
86,86
87,87
89,88
89,89
90,90
91,91
92,92
93,93
94,94
95,95
96,96
97,97
98,98
99,99
100,100
101,101
102,102
103,103
104,104
105,105
105,106
118,107
108,108
53,109
110,110
111,111
112,112
113,113
114,114
115,115
116,116
55,117
118,118
119,119
60,60
61,61
62,62
63,63
64,64
65,65
66,66
67,67
68,68
69,69
70,70
70,71
72,72
83,73
77,74
75,75
76,76
77,77
78,78
79,79
93,80
81,81
81,82
83,83
84,84
85,85
86,86
87,87
88,88
89,89
90,90
91,91
92,92
93,93
94,94
95,95
96,96
97,97
98,98
101,99
100,100
101,101
102,102
103,103
104,104
105,105
105,106
107,107
108,108
109,109
110,110
111,111
112,112
113,113
114,114
115,115
116,116
117,117
118,118
119,119
60,60
61,61
62,62
63,63
64,64
65,65
66,66
67,67
68,68
69,69
70,70
70,71
72,72
83,73
74,74
75,75
76,76
77,77
67,78
79,79
80,80
81,81
82,82
83,83
84,84
85,85
86,86
87,87
88,88
89,89
90,90
91,91
92,92
93,93
94,94
95,95
96,96
97,97
98,98
101,99
100,100
101,101
102,102
103,103
104,104
105,105
106,106
107,107
110,108
110,109
110,110
111,111
112,112
113,113
114,114
115,115
116,116
117,117
118,118
119,119
60,60
61,61
62,62
63,63
64,64
65,65
66,66
67,67
68,68
69,69
70,70
70,71
72,72
83,73
74,74
75,75
76,76
77,77
76,78
79,79
80,80
81,81
81,82
83,83
84,84
85,85
86,86
87,87
88,88
89,89
90,90
91,91
92,92
93,93
94,94
95,95
96,96
97,97
98,98
101,99
100,100
101,101
102,102
103,103
104,104
105,105
105,106
107,107
108,108
109,109
110,110
111,111
112,112
113,113
114,114
115,115
116,116
117,117
118,118
119,119
60,60
61,61
62,62
63,63
64,64
65,65
66,66
67,67
68,68
69,69
70,70
70,71
72,72
83,73
74,74
85,75
76,76
77,77
67,78
79,79
80,80
48,81
82,82
83,83
84,84
85,85
86,86
87,87
88,88
89,89
90,90
91,91
92,92
93,93
94,94
95,95
96,96
97,97
98,98
101,99
100,100
101,101
102,102
103,103
104,104
105,105
106,106
107,107
108,108
114,109
110,110
111,111
112,112
113,113
114,114
115,115
116,116
117,117
118,118
119,119
60,60
61,61
62,62
63,63
64,64
65,65
66,66
67,67
68,68
69,69
70,70
70,71
29,72
77,73
74,74
75,75
76,76
77,77
78,78
79,79
80,80
12,81
82,82
28,83
84,84
85,85
86,86
87,87
88,88
89,89
90,90
91,91
92,92
93,93
94,94
95,95
96,96
97,97
98,98
99,99
100,100
101,101
102,102
103,103
104,104
106,105
106,106
107,107
109,108
114,109
110,110
111,111
112,112
113,113
114,114
115,115
116,116
117,117
118,118
119,119
60,60
61,61
62,62
63,63
64,64
65,65
70,66
67,67
68,68
69,69
70,70
70,71
72,72
83,73
83,74
73,75
76,76
77,77
69,78
79,79
80,80
81,81
77,82
83,83
84,84
85,85
86,86
89,87
89,88
89,89
90,90
91,91
92,92
93,93
94,94
95,95
96,96
97,97
98,98
99,99
100,100
101,101
102,102
103,103
104,104
49,105
106,106
107,107
108,108
53,109
110,110
111,111
112,112
113,113
114,114
115,115
116,116
55,117
118,118
119,119
60,60
61,61
62,62
63,63
64,64
65,65
66,66
67,67
68,68
69,69
70,70
70,71
106,72
77,73
78,74
75,75
76,76
77,77
78,78
79,79
93,80
81,81
72,82
74,83
84,84
85,85
86,86
87,87
88,88
89,89
77,90
91,91
92,92
93,93
94,94
95,95
96,96
97,97
98,98
101,99
100,100
101,101
102,102
103,103
104,104
105,105
106,106
107,107
108,108
109,109
110,110
111,111
112,112
113,113
114,114
115,115
107,116
117,117
118,118
119,119
60,60
60,61
62,62
63,63
64,64
65,65
66,66
60,67
68,68
69,69
71,70
71,71
74,72
83,73
78,74
75,75
76,76
77,77
78,78
79,79
80,80
85,81
82,82
83,83
84,84
85,85
86,86
87,87
88,88
89,89
90,90
91,91
92,92
93,93
94,94
95,95
96,96
97,97
98,98
100,99
100,100
101,101
102,102
103,103
104,104
53,105
106,106
107,107
108,108
109,109
110,110
111,111
112,112
113,113
114,114
115,115
116,116
117,117
118,118
119,119
60,60
61,61
62,62
63,63
64,64
65,65
66,66
67,67
68,68
69,69
68,70
70,71
72,72
83,73
74,74
75,75
76,76
76,77
78,78
79,79
80,80
81,81
82,82
83,83
84,84
85,85
86,86
87,87
88,88
88,89
85,90
91,91
92,92
93,93
94,94
95,95
96,96
97,97
98,98
108,99
100,100
101,101
102,102
103,103
104,104
105,105
106,106
107,107
108,108
109,109
110,110
111,111
112,112
113,113
114,114
115,115
116,116
117,117
118,118
119,119
60,60
61,61
62,62
63,63
64,64
65,65
66,66
67,67
68,68
69,69
70,70
70,71
75,72
85,73
74,74
75,75
76,76
77,77
78,78
79,79
80,80
81,81
82,82
83,83
84,84
85,85
86,86
87,87
88,88
89,89
90,90
91,91
92,92
93,93
94,94
39,95
96,96
97,97
98,98
101,99
100,100
101,101
102,102
103,103
104,104
105,105
106,106
107,107
108,108
109,109
110,110
111,111
112,112
113,113
114,114
115,115
116,116
117,117
118,118
119,119
60,60
61,61
62,62
63,63
64,64
65,65
66,66
67,67
68,68
69,69
70,70
70,71
83,72
83,73
72,74
75,75
76,76
77,77
78,78
79,79
80,80
81,81
81,82
83,83
84,84
85,85
86,86
87,87
88,88
89,89
90,90
91,91
92,92
93,93
94,94
39,95
96,96
97,97
98,98
101,99
100,100
101,101
66,102
103,103
104,104
106,105
106,106
107,107
108,108
106,109
110,110
111,111
112,112
113,113
114,114
115,115
116,116
117,117
118,118
119,119
60,60
61,61
80,62
63,63
64,64
65,65
108,66
67,67
68,68
68,69
68,70
66,71
73,72
11,73
28,74
72,75
30,76
17,77
78,78
79,79
93,80
81,81
82,82
83,83
84,84
85,85
86,86
87,87
88,88
89,89
90,90
91,91
80,92
93,93
94,94
95,95
96,96
97,97
98,98
99,99
100,100
101,101
102,102
103,103
104,104
105,105
106,106
107,107
108,108
114,109
110,110
111,111
112,112
113,113
114,114
115,115
116,116
117,117
118,118
119,119
60,60
61,61
6,62
63,63
64,64
65,65
66,66
67,67
68,68
30,69
68,70
68,71
28,72
73,73
28,74
72,75
76,76
77,77
78,78
79,79
80,80
81,81
82,82
83,83
84,84
29,85
86,86
87,87
88,88
89,89
90,90
91,91
92,92
80,93
94,94
95,95
96,96
97,97
98,98
99,99
100,100
101,101
102,102
103,103
104,104
64,105
106,106
107,107
108,108
53,109
110,110
111,111
112,112
113,113
114,114
115,115
116,116
117,117
118,118
119,119
60,60
61,61
6,62
63,63
64,64
65,65
66,66
67,67
71,68
69,69
71,70
71,71
9,72
33,73
28,74
10,75
9,76
77,77
9,78
79,79
80,80
33,81
33,82
83,83
9,84
9,85
86,86
14,87
88,88
90,89
90,90
91,91
92,92
93,93
94,94
30,95
96,96
97,97
98,98
99,99
100,100
101,101
102,102
103,103
43,104
106,105
105,106
107,107
108,108
106,109
110,110
111,111
112,112
113,113
114,114
115,115
116,116
117,117
115,118
119,119
60,60
53,61
6,62
63,63
64,64
65,65
53,66
67,67
68,68
53,69
111,70
109,71
84,72
73,73
84,74
83,75
114,76
114,77
114,78
79,79
53,80
28,81
82,82
58,83
84,84
85,85
86,86
87,87
58,88
53,89
90,90
113,91
92,92
53,93
94,94
53,95
96,96
97,97
98,98
99,99
16,100
50,101
53,102
96,103
53,104
49,105
106,106
107,107
108,108
109,109
110,110
111,111
113,113
114,114
115,115
116,116
117,117
106,118
119,119
60,60
61,61
6,62
63,63
64,64
65,65
66,66
67,67
109,68
109,69
71,70
109,71
28,72
28,73
28,74
75,75
30,76
73,77
78,78
79,79
64,80
33,81
33,82
28,83
36,84
9,85
86,86
14,87
30,88
111,89
90,90
91,91
53,92
93,93
94,94
95,95
69,96
97,97
50,98
50,99
100,100
101,101
50,102
53,103
53,104
106,105
106,106
116,107
108,108
109,109
110,110
111,111
112,112
113,113
114,114
115,115
116,116
117,117
115,118
119,119
60,60
61,61
6,62
63,63
64,64
65,65
66,66
67,67
68,68
68,69
68,70
71,71
11,72
83,73
28,74
75,75
68,76
77,77
78,78
79,79
80,80
81,81
82,82
83,83
84,84
85,85
86,86
87,87
88,88
89,89
90,90
91,91
92,92
93,93
94,94
95,95
96,96
97,97
98,98
99,99
100,100
101,101
102,102
103,103
102,104
106,105
106,106
101,107
93,108
119,109
110,110
111,111
112,112
113,113
114,114
115,115
116,116
117,117
118,118
119,119
6,62
63,63
69,64
65,65
68,66
17,67
71,68
68,69
71,70
68,71
28,72
10,73
28,74
81,75
30,76
32,77
0,78
79,79
80,80
33,81
12,82
29,83
2,84
33,85
86,86
87,87
90,88
90,89
12,90
91,91
92,92
93,93
39,94
18,95
96,96
97,97
98,98
99,99
100,100
101,101
66,102
103,103
38,104
106,105
106,106
54,107
56,108
53,109
50,110
111,111
112,112
113,113
114,114
59,115
116,116
117,117
59,118
119,119
60,60
61,61
6,62
63,63
64,64
65,65
66,66
67,67
68,68
69,69
70,70
71,71
72,72
73,73
77,74
75,75
76,76
77,77
71,78
79,79
80,80
81,81
82,82
83,83
84,84
85,85
86,86
87,87
88,88
89,89
90,90
91,91
92,92
80,93
94,94
95,95
96,96
97,97
98,98
99,99
100,100
101,101
102,102
103,103
104,104
105,105
105,106
107,107
108,108
109,109
110,110
111,111
112,112
113,113
114,114
115,115
116,116
117,117
118,118
119,119
60,60
61,61
62,62
63,63
64,64
65,65
66,66
67,67
68,68
30,69
71,70
71,71
90,72
33,73
83,74
81,75
30,76
77,77
78,78
79,79
80,80
83,81
33,82
83,83
109,84
33,85
86,86
87,87
12,88
89,89
81,90
91,91
92,92
93,93
94,94
95,95
96,96
97,97
98,98
99,99
5,100
101,101
102,102
103,103
102,104
106,105
106,106
107,107
108,108
109,109
110,110
111,111
112,112
113,113
114,114
115,115
116,116
117,117
118,118
119,119
60,60
61,61
62,62
63,63
64,64
65,65
66,66
67,67
71,68
71,69
71,70
70,71
28,72
73,73
77,74
75,75
76,76
77,77
102,78
79,79
80,80
83,81
82,82
83,83
84,84
77,85
86,86
87,87
88,88
89,89
90,90
91,91
92,92
80,93
94,94
95,95
96,96
97,97
98,98
99,99
100,100
101,101
102,102
62,103
104,104
105,105
106,106
105,107
108,108
109,109
50,110
111,111
112,112
113,113
114,114
115,115
116,116
117,117
59,118
119,119
60,60
61,61
6,62
63,63
64,64
65,65
66,66
67,67
69,68
69,69
71,70
71,71
77,72
73,73
83,74
75,75
76,76
77,77
70,78
79,79
80,80
77,81
33,82
83,83
102,84
85,85
86,86
87,87
88,88
88,89
90,90
91,91
92,92
93,93
94,94
95,95
96,96
97,97
98,98
99,99
100,100
101,101
102,102
103,103
102,104
106,105
106,106
107,107
108,108
109,109
110,110
111,111
112,112
113,113
114,114
115,115
116,116
117,117
115,118
119,119
60,60
61,61
6,62
63,63
64,64
65,65
66,66
67,67
68,68
69,69
71,70
71,71
75,72
73,73
77,74
75,75
76,76
77,77
66,78
79,79
80,80
81,81
82,82
28,83
36,84
85,85
86,86
87,87
88,88
89,89
10,90
91,91
92,92
93,93
94,94
95,95
96,96
97,97
98,98
99,99
100,100
101,101
66,102
103,103
104,104
105,105
105,106
107,107
108,108
109,109
110,110
111,111
112,112
113,113
114,114
115,115
116,116
117,117
118,118
119,119
17,61
6,62
63,63
64,64
65,65
78,66
67,67
62,68
30,69
71,70
30,71
73,72
2,73
28,74
81,75
76,76
77,77
38,78
79,79
80,80
81,81
33,82
85,83
0,84
33,85
17,86
14,87
12,88
30,89
29,90
91,91
21,92
93,93
94,94
62,95
96,96
97,97
98,98
99,99
47,100
101,101
102,102
103,103
43,104
49,105
106,106
107,107
108,108
109,109
110,110
111,111
112,112
113,113
114,114
115,115
116,116
117,117
118,118
119,119
60,60
61,61
62,62
63,63
64,64
65,65
78,66
67,67
71,68
69,69
71,70
71,71
81,72
73,73
74,74
75,75
76,76
77,77
78,78
79,79
80,80
81,81
82,82
83,83
102,84
85,85
86,86
87,87
88,88
89,89
90,90
91,91
92,92
80,93
94,94
95,95
96,96
97,97
98,98
99,99
113,100
101,101
102,102
103,103
102,104
106,105
106,106
107,107
108,108
109,109
110,110
111,111
112,112
113,113
114,114
115,115
107,116
117,117
115,118
119,119
60,60
61,61
62,62
63,63
64,64
65,65
102,66
67,67
69,68
69,69
69,70
71,71
82,72
73,73
74,74
82,75
76,76
77,77
78,78
79,79
80,80
83,81
82,82
74,83
78,84
85,85
86,86
87,87
88,88
88,89
90,90
91,91
92,92
93,93
94,94
95,95
96,96
97,97
98,98
99,99
100,100
101,101
102,102
103,103
66,104
53,105
106,106
107,107
108,108
109,109
110,110
111,111
112,112
113,113
114,114
115,115
107,116
117,117
115,118
119,119
60,60
61,61
62,62
63,63
64,64
65,65
66,66
67,67
68,68
69,69
70,70
71,71
72,72
73,73
74,74
75,75
68,76
77,77
78,78
79,79
80,80
81,81
82,82
83,83
84,84
9,85
86,86
87,87
88,88
88,89
77,90
91,91
92,92
76,93
94,94
95,95
96,96
97,97
98,98
99,99
100,100
101,101
104,102
103,103
104,104
106,105
106,106
107,107
108,108
109,109
50,110
111,111
112,112
113,113
114,114
115,115
116,116
117,117
118,118
119,119
60,60
61,61
6,62
63,63
64,64
65,65
102,66
67,67
71,68
69,69
71,70
71,71
74,72
73,73
74,74
74,75
76,76
77,77
70,78
79,79
80,80
81,81
82,82
83,83
38,84
85,85
86,86
87,87
88,88
89,89
90,90
91,91
92,92
93,93
94,94
95,95
96,96
97,97
98,98
99,99
100,100
101,101
102,102
103,103
104,104
108,105
106,106
107,107
107,108
106,109
110,110
111,111
112,112
113,113
114,114
115,115
107,116
117,117
115,118
119,119
60,60
61,61
62,62
63,63
64,64
65,65
66,66
67,67
68,68
69,69
71,70
70,71
75,72
73,73
83,74
75,75
76,76
77,77
78,78
79,79
80,80
81,81
82,82
83,83
84,84
85,85
86,86
87,87
88,88
89,89
90,90
91,91
92,92
93,93
94,94
95,95
96,96
97,97
98,98
99,99
47,100
101,101
102,102
103,103
66,104
108,105
106,106
53,107
108,108
109,109
110,110
111,111
111,112
118,113
114,114
115,115
116,116
117,117
118,118
119,119
60,60
61,61
6,62
63,63
64,64
65,65
66,66
67,67
68,68
68,69
70,70
71,71
75,72
83,73
74,74
75,75
68,76
76,77
78,78
79,79
80,80
81,81
82,82
83,83
76,84
85,85
13,86
14,87
88,88
84,89
90,90
91,91
92,92
93,93
94,94
95,95
96,96
97,97
98,98
99,99
100,100
101,101
102,102
103,103
66,104
53,105
106,106
107,107
56,108
53,109
110,110
111,111
105,112
113,113
114,114
115,115
116,116
55,117
118,118
119,119
60,60
61,61
6,62
63,63
64,64
65,65
66,66
67,67
68,68
69,69
71,70
71,71
74,72
73,73
74,74
75,75
76,76
77,77
78,78
79,79
80,80
28,81
82,82
83,83
84,84
90,85
86,86
87,87
88,88
89,89
90,90
113,91
92,92
93,93
94,94
95,95
96,96
97,97
98,98
99,99
100,100
101,101
102,102
103,103
104,104
119,105
106,106
107,107
108,108
53,109
110,110
111,111
112,112
113,113
114,114
115,115
116,116
117,117
118,118
119,119
60,60
61,61
62,62
63,63
64,64
65,65
102,66
60,67
68,68
69,69
70,70
71,71
28,72
73,73
28,74
28,75
64,76
77,77
78,78
79,79
80,80
73,81
82,82
83,83
1,84
85,85
86,86
87,87
88,88
89,89
16,90
91,91
92,92
93,93
94,94
95,95
96,96
97,97
98,98
99,99
100,100
101,101
102,102
103,103
66,104
49,105
53,106
107,107
108,108
109,109
110,110
111,111
112,112
113,113
114,114
59,115
116,116
117,117
118,118
119,119
67,60
61,61
111,62
63,63
64,64
65,65
104,66
67,67
68,68
53,69
71,70
53,71
53,72
28,73
28,74
28,75
76,76
53,77
53,78
79,79
106,80
28,81
82,82
83,83
36,84
83,85
86,86
87,87
88,88
89,89
90,90
113,91
94,92
93,93
94,94
95,95
96,96
97,97
98,98
99,99
91,100
101,101
110,102
103,103
110,104
53,105
108,106
107,107
108,108
114,109
110,110
111,111
112,112
113,113
114,114
59,115
116,116
53,117
106,118
106,119
60,60
61,61
62,62
63,63
64,64
65,65
102,66
67,67
68,68
69,69
70,70
71,71
75,72
73,73
28,74
75,75
76,76
77,77
78,78
79,79
80,80
73,81
82,82
83,83
84,84
85,85
86,86
87,87
88,88
89,89
30,90
113,91
53,92
93,93
94,94
95,95
96,96
97,97
50,98
99,99
58,100
50,101
102,102
103,103
104,104
106,105
105,106
107,107
108,108
109,109
110,110
111,111
112,112
113,113
114,114
115,115
108,116
106,117
118,118
119,119
60,60
61,61
62,62
63,63
64,64
65,65
66,66
67,67
68,68
69,69
70,70
71,71
75,72
73,73
28,74
75,75
76,76
77,77
78,78
79,79
76,80
81,81
82,82
83,83
84,84
83,85
86,86
87,87
88,88
89,89
48,90
91,91
92,92
93,93
94,94
95,95
96,96
97,97
98,98
99,99
100,100
101,101
102,102
103,103
66,104
53,105
106,106
107,107
108,108
53,109
110,110
111,111
112,112
113,113
114,114
115,115
116,116
117,117
118,118
119,119
60,60
61,61
26,62
63,63
105,64
65,65
66,66
67,67
37,68
37,69
37,70
37,71
29,72
73,73
29,74
29,75
78,76
76,77
78,78
79,79
53,80
73,81
82,82
29,83
28,84
85,85
86,86
87,87
89,88
89,89
16,90
91,91
46,92
93,93
94,94
95,95
96,96
97,97
98,98
99,99
100,100
101,101
102,102
103,103
104,104
110,105
114,106
107,107
108,108
109,109
110,110
111,111
112,112
113,113
114,114
115,115
116,116
117,117
118,118
119,119
60,60
61,61
62,62
63,63
64,64
65,65
66,66
67,67
68,68
69,69
71,70
71,71
72,72
73,73
29,74
75,75
76,76
77,77
78,78
79,79
93,80
72,81
82,82
83,83
36,84
74,85
86,86
87,87
88,88
90,89
16,90
91,91
92,92
93,93
94,94
95,95
96,96
97,97
98,98
99,99
100,100
101,101
102,102
103,103
104,104
105,105
106,106
107,107
108,108
109,109
110,110
111,111
112,112
113,113
114,114
115,115
116,116
117,117
118,118
109,119
60,60
61,61
62,62
63,63
64,64
65,65
66,66
67,67
68,68
69,69
70,70
71,71
72,72
28,73
29,74
29,75
76,76
77,77
78,78
79,79
80,80
29,81
68,82
28,83
27,84
85,85
86,86
12,87
82,88
89,89
15,90
91,91
21,92
93,93
94,94
95,95
96,96
97,97
98,98
23,99
100,100
101,101
102,102
103,103
104,104
105,105
109,106
107,107
108,108
109,109
110,110
111,111
112,112
113,113
114,114
115,115
116,116
117,117
118,118
119,119
60,60
61,61
62,62
63,63
70,64
65,65
66,66
67,67
68,68
93,69
71,70
71,71
29,72
74,73
29,74
29,75
76,76
77,77
78,78
79,79
80,80
29,81
78,82
29,83
1,84
73,85
86,86
61,87
90,88
77,89
16,90
91,91
94,92
93,93
94,94
95,95
96,96
97,97
98,98
99,99
100,100
101,101
102,102
103,103
104,104
105,105
109,106
107,107
109,108
94,109
108,110
111,111
112,112
113,113
114,114
115,115
116,116
117,117
118,118
119,119
60,60
61,61
62,62
63,63
64,64
65,65
66,66
67,67
68,68
69,69
70,70
70,71
75,72
73,73
28,74
75,75
76,76
77,77
78,78
79,79
80,80
75,81
82,82
28,83
28,84
85,85
84,86
87,87
88,88
89,89
15,90
91,91
92,92
93,93
94,94
95,95
96,96
97,97
98,98
101,99
100,100
101,101
102,102
103,103
66,104
119,105
106,106
107,107
108,108
109,109
110,110
111,111
112,112
113,113
114,114
115,115
116,116
117,117
118,118
119,119
60,60
61,61
62,62
63,63
64,64
65,65
66,66
67,67
68,68
69,69
70,70
68,71
75,72
29,73
11,74
90,75
76,76
90,77
78,78
79,79
80,80
83,81
72,82
28,83
27,84
85,85
86,86
87,87
88,88
89,89
15,90
91,91
92,92
93,93
94,94
95,95
96,96
97,97
98,98
99,99
5,100
101,101
102,102
103,103
66,104
105,105
109,106
107,107
108,108
109,109
110,110
111,111
112,112
113,113
114,114
115,115
116,116
117,117
118,118
119,119
60,60
61,61
62,62
63,63
93,64
12,65
66,66
20,67
68,68
69,69
70,70
92,71
11,72
29,73
43,74
11,75
69,76
12,77
78,78
79,79
80,80
29,81
4,82
29,83
27,84
10,85
13,86
87,87
12,88
90,89
16,90
91,91
21,92
93,93
94,94
38,95
96,96
97,97
98,98
99,99
100,100
101,101
102,102
103,103
104,104
105,105
106,106
107,107
108,108
109,109
110,110
111,111
112,112
113,113
114,114
59,115
116,116
117,117
118,118
119,119
60,60
61,61
62,62
63,63
64,64
65,65
66,66
17,67
68,68
69,69
68,70
68,71
77,72
73,73
75,74
75,75
76,76
77,77
78,78
79,79
80,80
73,81
72,82
11,83
43,84
76,85
86,86
64,87
88,88
89,89
4,90
91,91
92,92
93,93
94,94
80,95
96,96
97,97
98,98
99,99
100,100
101,101
102,102
103,103
66,104
106,105
106,106
107,107
107,108
106,109
109,110
111,111
112,112
108,113
111,114
115,115
116,116
117,117
110,118
119,119
94,60
61,61
62,62
63,63
64,64
80,65
66,66
60,67
68,68
69,69
71,70
71,71
85,72
71,73
90,74
73,75
76,76
77,77
78,78
79,79
80,80
90,81
77,82
90,83
84,84
85,85
86,86
87,87
109,88
114,89
81,90
91,91
92,92
93,93
94,94
95,95
96,96
97,97
98,98
99,99
100,100
101,101
102,102
103,103
104,104
53,105
106,106
107,107
107,108
109,109
110,110
111,111
112,112
113,113
114,114
115,115
116,116
117,117
118,118
119,119
60,60
61,61
62,62
63,63
64,64
65,65
66,66
67,67
68,68
69,69
94,70
68,71
72,72
72,73
74,74
72,75
71,76
77,77
78,78
79,79
80,80
29,81
29,82
29,83
63,84
78,85
86,86
87,87
88,88
89,89
29,90
91,91
92,92
80,93
94,94
95,95
96,96
97,97
98,98
99,99
5,100
101,101
102,102
103,103
78,104
106,105
53,106
107,107
108,108
109,109
110,110
111,111
112,112
113,113
114,114
115,115
116,116
117,117
59,118
119,119
60,60
61,61
62,62
63,63
64,64
65,65
66,66
67,67
68,68
69,69
70,70
68,71
72,72
75,74
75,75
76,76
77,77
78,78
79,79
80,80
73,81
82,82
29,83
40,84
74,85
86,86
61,87
88,88
61,89
29,90
91,91
92,92
93,93
94,94
95,95
96,96
97,97
98,98
99,99
100,100
101,101
102,102
103,103
104,104
53,105
53,106
107,107
108,108
109,109
110,110
111,111
112,112
113,113
114,114
115,115
116,116
117,117
118,118
119,119
60,60
61,61
62,62
63,63
64,64
65,65
66,66
17,67
68,68
69,69
68,70
69,71
74,72
73,73
74,74
73,75
76,76
77,77
78,78
79,79
67,80
10,81
73,82
29,83
28,84
77,85
86,86
87,87
88,88
89,89
10,90
91,91
92,92
93,93
94,94
95,95
96,96
97,97
98,98
99,99
100,100
101,101
102,102
103,103
66,104
106,105
106,106
107,107
108,108
109,109
110,110
111,111
112,112
113,113
114,114
115,115
116,116
117,117
118,118
119,119
30,60
76,61
102,62
17,63
64,64
10,65
64,66
17,67
68,68
70,69
70,70
70,71
29,72
29,74
11,75
94,76
76,77
78,78
79,79
76,80
2,81
32,82
2,83
32,84
17,85
86,86
87,87
76,88
77,89
29,90
91,91
37,92
93,93
94,94
95,95
96,96
97,97
98,98
23,99
100,100
101,101
102,102
103,103
104,104
53,105
53,106
107,107
108,108
53,109
110,110
111,111
112,112
113,113
114,114
59,115
116,116
55,117
118,118
119,119
60,60
61,61
62,62
63,63
64,64
65,65
66,66
67,67
71,68
69,69
71,70
71,71
75,72
73,73
74,74
75,75
92,76
77,77
78,78
79,79
80,80
81,81
82,82
74,83
84,84
85,85
86,86
87,87
88,88
89,89
90,90
91,91
92,92
93,93
94,94
95,95
96,96
97,97
98,98
99,99
100,100
101,101
102,102
103,103
104,104
105,105
106,106
107,107
108,108
109,109
110,110
111,111
112,112
113,113
114,114
115,115
116,116
117,117
118,118
119,119
60,60
61,61
62,62
63,63
64,64
65,65
102,66
67,67
71,68
69,69
70,70
71,71
75,72
83,73
74,74
75,75
76,76
77,77
78,78
79,79
80,80
81,81
82,82
83,83
84,84
85,85
86,86
87,87
88,88
89,89
90,90
91,91
92,92
93,93
94,94
95,95
96,96
97,97
98,98
99,99
100,100
101,101
102,102
103,103
43,104
105,105
53,106
107,107
106,108
109,109
110,110
111,111
111,112
113,113
114,114
115,115
116,116
117,117
118,118
119,119
60,60
53,61
114,62
53,63
106,64
57,65
53,66
67,67
106,68
109,69
109,70
109,71
10,72
83,73
74,74
114,75
53,76
114,77
109,78
106,79
114,80
83,81
82,82
83,83
84,84
53,85
86,86
49,87
53,88
117,89
114,90
113,91
92,92
93,93
94,94
109,95
96,96
97,97
119,98
115,99
113,100
50,101
114,102
103,103
109,104
105,105
111,106
107,107
108,108
109,109
110,110
111,111
112,112
113,113
114,114
115,115
116,116
117,117
115,118
119,119
114,60
61,61
109,62
63,63
105,64
119,65
109,66
67,67
109,68
114,69
70,70
109,71
109,72
73,73
114,74
75,75
114,76
77,77
114,78
106,79
109,80
82,81
114,82
83,83
114,84
114,85
114,86
119,87
106,88
114,89
90,90
58,91
92,92
93,93
114,94
109,95
114,96
114,97
119,98
109,99
113,100
50,101
114,102
114,103
58,104
119,105
105,106
106,107
106,108
109,109
110,110
111,111
112,112
113,113
114,114
115,115
116,116
117,117
118,118
114,119
60,60
61,61
62,62
63,63
64,64
65,65
66,66
67,67
71,68
69,69
70,70
71,71
75,72
73,73
74,74
72,75
92,76
77,77
78,78
79,79
80,80
81,81
82,82
83,83
84,84
85,85
86,86
87,87
88,88
89,89
90,90
91,91
92,92
93,93
94,94
95,95
96,96
97,97
98,98
99,99
100,100
101,101
102,102
103,103
104,104
105,105
53,106
107,107
108,108
53,109
50,110
111,111
112,112
113,113
114,114
115,115
116,116
55,117
118,118
119,119
64,64
27,65
70,66
102,67
109,68
53,69
53,70
53,71
72,72
28,73
52,74
28,75
76,76
114,78
79,79
66,80
81,81
82,82
119,83
2,84
85,85
86,86
86,87
88,88
89,89
77,90
91,91
92,92
67,93
94,94
95,95
96,96
97,97
98,98
99,99
16,100
101,101
102,102
103,103
92,104
53,105
53,106
107,107
108,108
114,109
110,110
111,111
112,112
113,113
114,114
115,115
116,116
55,117
118,118
119,119
60,60
61,61
62,62
63,63
64,64
65,65
66,66
67,67
30,68
69,69
71,70
71,71
72,72
83,73
74,74
75,75
76,76
77,77
71,78
79,79
80,80
81,81
82,82
83,83
84,84
85,85
86,86
87,87
88,88
89,89
90,90
91,91
92,92
93,93
94,94
95,95
96,96
97,97
98,98
99,99
100,100
101,101
67,102
103,103
104,104
119,105
106,106
107,107
108,108
109,109
110,110
111,111
112,112
113,113
114,114
115,115
116,116
55,117
107,118
119,119
60,60
61,61
62,62
63,63
64,64
65,65
66,66
67,67
71,68
69,69
71,70
71,71
83,72
83,73
74,74
75,75
76,76
77,77
66,78
79,79
80,80
81,81
82,82
83,83
84,84
85,85
86,86
87,87
88,88
89,89
90,90
91,91
92,92
93,93
94,94
95,95
96,96
97,97
98,98
99,99
100,100
101,101
102,102
103,103
0,104
111,105
106,106
107,107
108,108
108,109
110,110
111,111
112,112
113,113
114,114
115,115
116,116
117,117
115,118
119,119
60,60
61,61
62,62
63,63
64,64
85,65
66,66
67,67
68,68
69,69
71,70
71,71
72,72
83,73
72,75
76,76
77,77
32,78
79,79
80,80
81,81
81,82
83,83
84,84
85,85
86,86
87,87
88,88
89,89
85,90
91,91
92,92
93,93
94,94
95,95
96,96
97,97
98,98
99,99
100,100
101,101
67,102
103,103
102,104
52,105
53,106
107,107
108,108
109,109
110,110
111,111
112,112
113,113
114,114
59,115
116,116
117,117
118,118
119,119
60,60
61,61
62,62
63,63
64,64
65,65
66,66
67,67
71,68
71,69
70,70
71,71
72,72
83,73
74,74
75,75
76,76
77,77
78,78
79,79
80,80
81,81
82,82
83,83
84,84
85,85
86,86
87,87
88,88
89,89
81,90
91,91
92,92
93,93
94,94
95,95
96,96
97,97
98,98
99,99
100,100
101,101
102,102
103,103
0,104
52,105
53,106
107,107
108,108
108,109
50,110
111,111
112,112
113,113
114,114
115,115
116,116
117,117
115,118
119,119
60,60
61,61
62,62
63,63
64,64
65,65
66,66
67,67
71,68
69,69
71,70
71,71
81,72
73,73
74,74
75,75
76,76
77,77
78,78
79,79
80,80
81,81
82,82
83,83
84,84
85,85
86,86
87,87
88,88
89,89
90,90
91,91
92,92
93,93
94,94
95,95
96,96
97,97
98,98
99,99
100,100
101,101
102,102
103,103
104,104
52,105
56,106
56,107
108,108
109,109
110,110
111,111
112,112
113,113
114,114
115,115
116,116
55,117
118,118
119,119
60,60
61,61
62,62
63,63
64,64
65,65
66,66
67,67
71,68
69,69
70,70
71,71
83,72
83,73
74,74
75,75
76,76
77,77
38,78
79,79
80,80
81,81
82,82
83,83
84,84
85,85
86,86
87,87
88,88
89,89
83,90
91,91
92,92
93,93
94,94
95,95
96,96
97,97
98,98
99,99
100,100
101,101
37,102
103,103
102,104
52,105
53,106
107,107
108,108
110,109
110,110
111,111
112,112
113,113
114,114
115,115
116,116
55,117
118,118
119,119
60,60
61,61
62,62
63,63
64,64
65,65
104,66
67,67
71,68
71,69
71,70
71,71
75,72
73,73
74,74
72,75
76,76
77,77
78,78
79,79
80,80
81,81
82,82
83,83
84,84
85,85
86,86
87,87
89,88
89,89
90,90
91,91
92,92
93,93
94,94
95,95
96,96
97,97
98,98
99,99
100,100
101,101
102,102
103,103
102,104
105,105
106,106
107,107
109,109
110,110
111,111
112,112
113,113
114,114
115,115
107,116
117,117
115,118
119,119
60,60
61,61
71,62
63,63
64,64
65,65
102,66
67,67
71,68
69,69
71,70
71,71
72,72
85,73
74,74
75,75
76,76
77,77
78,78
79,79
68,80
85,81
82,82
83,83
78,84
85,85
86,86
87,87
88,88
89,89
85,90
91,91
92,92
93,93
94,94
95,95
96,96
97,97
98,98
99,99
100,100
101,101
102,102
103,103
102,104
49,105
106,106
107,107
108,108
109,109
110,110
111,111
112,112
113,113
114,114
115,115
116,116
117,117
118,118
119,119
60,60
61,61
62,62
63,63
64,64
65,65
66,66
67,67
71,68
71,69
71,70
71,71
72,72
77,73
74,74
75,75
76,76
77,77
73,78
79,79
80,80
81,81
82,82
83,83
84,84
85,85
86,86
87,87
88,88
89,89
90,90
91,91
92,92
93,93
94,94
95,95
96,96
97,97
98,98
99,99
16,100
101,101
102,102
103,103
102,104
52,105
49,106
107,107
108,108
108,109
110,110
111,111
112,112
113,113
114,114
115,115
116,116
117,117
118,118
119,119
60,60
61,61
62,62
63,63
64,64
65,65
102,66
67,67
71,68
69,69
71,70
71,71
72,72
73,73
74,74
75,75
76,76
77,77
78,78
79,79
80,80
81,81
81,82
83,83
84,84
85,85
86,86
87,87
88,88
89,89
90,90
91,91
92,92
93,93
94,94
95,95
96,96
97,97
98,98
99,99
100,100
101,101
102,102
103,103
102,104
105,105
105,106
107,107
108,108
119,109
110,110
111,111
112,112
113,113
114,114
115,115
107,116
117,117
118,118
119,119
60,60
61,61
62,62
63,63
64,64
65,65
66,66
67,67
71,68
69,69
71,70
69,71
74,72
73,73
74,74
75,75
76,76
77,77
78,78
79,79
80,80
81,81
82,82
83,83
84,84
85,85
86,86
87,87
88,88
89,89
90,90
91,91
92,92
93,93
94,94
95,95
96,96
97,97
98,98
99,99
100,100
101,101
102,102
103,103
102,104
108,105
105,106
107,107
108,108
109,109
110,110
111,111
112,112
113,113
114,114
115,115
116,116
117,117
118,118
119,119
30,62
63,63
64,64
81,65
66,66
67,67
71,68
71,69
71,70
71,71
75,72
73,73
74,74
81,75
76,76
73,77
78,78
79,79
80,80
73,81
82,82
83,83
84,84
85,85
86,86
87,87
90,88
89,89
73,90
91,91
70,92
64,93
94,94
95,95
96,96
97,97
98,98
99,99
100,100
101,101
102,102
103,103
87,104
52,105
106,106
107,107
108,108
109,109
110,110
111,111
112,112
113,113
114,114
115,115
116,116
55,117
118,118
119,119
60,60
61,61
62,62
63,63
64,64
65,65
66,66
67,67
71,68
6,69
71,70
71,71
72,72
83,73
74,74
75,75
76,76
77,77
78,78
79,79
80,80
83,81
82,82
83,83
36,84
85,85
86,86
87,87
88,88
89,89
12,90
91,91
92,92
93,93
94,94
95,95
96,96
97,97
98,98
99,99
100,100
101,101
102,102
103,103
104,104
105,105
106,106
107,107
108,108
108,109
110,110
111,111
112,112
113,113
114,114
115,115
116,116
117,117
118,118
119,119
60,60
61,61
62,62
63,63
64,64
65,65
104,66
36,67
71,68
69,69
71,70
71,71
10,72
83,73
77,74
29,75
76,76
77,77
78,78
79,79
80,80
73,81
82,82
83,83
36,84
85,85
86,86
87,87
88,88
89,89
90,90
91,91
92,92
93,93
94,94
95,95
96,96
97,97
98,98
99,99
100,100
101,101
102,102
103,103
104,104
105,105
108,106
107,107
108,108
109,109
110,110
111,111
111,112
113,113
114,114
115,115
116,116
117,117
118,118
119,119
94,60
62,61
62,62
63,63
64,64
106,65
109,66
67,67
71,68
6,69
111,70
71,71
72,72
109,73
53,74
58,75
119,76
114,77
110,78
110,79
80,80
75,81
109,82
21,83
52,84
73,85
3,86
87,87
55,88
108,89
55,90
113,91
92,92
109,93
114,94
53,95
96,96
97,97
98,98
50,99
113,100
101,101
53,102
103,103
104,104
119,105
119,106
115,107
108,108
109,109
114,110
111,111
112,112
113,113
114,114
115,115
116,116
117,117
59,118
119,119
114,60
111,61
114,62
119,63
111,64
65,65
114,66
119,67
53,68
114,69
111,70
111,71
72,72
108,73
77,74
10,75
93,76
108,77
114,78
106,79
109,80
108,81
109,82
10,83
36,84
109,85
86,86
87,87
88,88
88,89
81,90
113,91
53,92
114,93
94,94
109,95
92,96
96,97
98,98
110,99
113,100
110,101
114,102
114,103
114,104
105,105
114,106
50,107
108,108
53,109
110,110
111,111
112,112
113,113
114,114
115,115
116,116
117,117
118,118
119,119
60,60
61,61
62,62
63,63
64,64
65,65
102,66
67,67
71,68
69,69
71,70
71,71
72,72
28,73
74,74
75,75
76,76
77,77
70,78
79,79
80,80
81,81
82,82
83,83
36,84
85,85
86,86
87,87
88,88
89,89
90,90
91,91
92,92
93,93
94,94
95,95
96,96
97,97
98,98
99,99
100,100
101,101
102,102
103,103
104,104
116,105
108,106
107,107
108,108
109,109
110,110
111,111
112,112
113,113
114,114
115,115
52,116
55,117
107,118
119,119
62,62
63,63
93,64
65,65
78,66
43,67
68,68
68,69
70,70
71,71
74,72
74,73
77,74
74,75
92,76
73,77
66,78
79,79
93,80
73,81
29,82
74,83
24,84
85,85
86,86
87,87
88,88
88,89
90,90
91,91
102,92
20,93
94,94
95,95
96,96
97,97
98,98
99,99
100,100
101,101
67,102
103,103
104,104
105,105
106,106
105,107
108,108
53,109
110,110
71,111
112,112
113,113
114,114
115,115
107,116
55,117
107,118
119,119
60,60
61,61
62,62
63,63
64,64
65,65
66,66
67,67
68,68
69,69
70,70
71,71
81,72
83,73
74,74
75,75
71,76
77,77
78,78
79,79
80,80
81,81
82,82
83,83
36,84
33,85
86,86
87,87
88,88
89,89
90,90
91,91
92,92
93,93
94,94
95,95
96,96
97,97
98,98
99,99
100,100
101,101
102,102
103,103
104,104
105,105
106,106
56,107
56,108
109,109
50,110
111,111
112,112
113,113
114,114
115,115
119,116
117,117
115,118
119,119
60,60
61,61
62,62
63,63
64,64
65,65
66,66
67,67
30,68
69,69
71,70
6,71
72,72
29,73
77,74
74,75
76,76
77,77
78,78
79,79
93,80
73,81
82,82
83,83
84,84
33,85
86,86
87,87
88,88
89,89
1,90
91,91
22,92
93,93
94,94
95,95
96,96
97,97
98,98
99,99
5,100
101,101
102,102
103,103
104,104
52,105
106,106
107,107
108,108
109,109
110,110
111,111
112,112
113,113
109,114
115,115
108,116
117,117
107,118
114,119
60,60
61,61
62,62
63,63
64,64
65,65
66,66
67,67
70,68
69,69
71,70
71,71
81,72
83,73
74,74
75,75
71,76
77,77
78,78
79,79
80,80
81,81
82,82
83,83
36,84
33,85
86,86
87,87
88,88
89,89
90,90
91,91
21,92
21,93
94,94
95,95
96,96
97,97
98,98
99,99
100,100
101,101
102,102
103,103
104,104
105,105
106,106
107,107
108,108
109,109
50,110
111,111
112,112
113,113
114,114
59,115
116,116
55,117
107,118
119,119
60,60
61,61
62,62
63,63
64,64
65,65
66,66
67,67
71,68
69,69
71,70
30,71
77,72
73,73
74,74
75,75
18,76
77,77
78,78
79,79
80,80
73,81
82,82
83,83
84,84
33,85
86,86
87,87
88,88
89,89
90,90
91,91
22,92
93,93
94,94
95,95
96,96
97,97
98,98
99,99
100,100
101,101
102,102
103,103
104,104
52,105
106,106
107,107
108,108
108,109
110,110
111,111
112,112
113,113
114,114
115,115
116,116
117,117
115,118
119,119
60,60
61,61
62,62
63,63
64,64
65,65
66,66
3,67
68,68
69,69
71,70
71,71
81,72
83,73
83,74
75,75
71,76
77,77
78,78
79,79
80,80
81,81
82,82
83,83
36,84
33,85
86,86
87,87
88,88
89,89
90,90
92,92
93,93
94,94
95,95
96,96
97,97
98,98
99,99
100,100
101,101
102,102
103,103
104,104
53,105
108,106
56,107
108,108
56,109
109,110
117,111
112,112
113,113
114,114
115,115
116,116
117,117
115,118
119,119
60,60
61,61
62,62
63,63
64,64
65,65
104,66
67,67
71,68
69,69
71,70
30,71
29,72
74,73
29,74
29,75
70,76
77,77
78,78
79,79
80,80
29,81
81,82
28,83
84,84
33,85
88,86
87,87
88,88
89,89
90,90
91,91
52,92
93,93
94,94
95,95
96,96
97,97
98,98
99,99
100,100
26,101
102,102
103,103
104,104
52,105
119,106
107,107
56,108
53,109
110,110
111,111
112,112
113,113
114,114
115,115
116,116
55,117
107,118
119,119
60,60
61,61
62,62
63,63
64,64
65,65
66,66
67,67
71,68
76,69
71,70
71,71
72,72
74,73
74,74
75,75
76,76
77,77
78,78
79,79
80,80
83,81
82,82
83,83
84,84
33,85
86,86
87,87
88,88
88,89
90,90
91,91
92,92
93,93
94,94
95,95
96,96
97,97
98,98
99,99
100,100
101,101
102,102
103,103
104,104
105,105
106,106
107,107
108,108
108,109
110,110
111,111
112,112
113,113
114,114
115,115
116,116
117,117
118,118
119,119
60,60
106,61
62,62
63,63
64,64
65,65
66,66
67,67
71,68
69,69
71,70
71,71
74,72
74,73
74,74
75,75
76,76
77,77
78,78
79,79
80,80
73,81
82,82
29,83
84,84
78,85
86,86
87,87
89,88
88,89
73,90
91,91
92,92
93,93
94,94
95,95
96,96
97,97
99,98
99,99
34,100
101,101
102,102
103,103
102,104
105,105
106,106
107,107
108,108
106,109
110,110
111,111
112,112
113,113
114,114
115,115
116,116
117,117
118,118
119,119
60,60
61,61
62,62
63,63
64,64
65,65
66,66
67,67
71,68
69,69
71,70
71,71
81,72
74,73
74,74
29,75
76,76
12,77
78,78
79,79
80,80
81,81
82,82
29,83
84,84
33,85
86,86
87,87
88,88
88,89
73,90
91,91
92,92
94,93
94,94
95,95
96,96
97,97
98,98
99,99
100,100
101,101
102,102
94,103
78,104
105,105
106,106
107,107
108,108
53,109
110,110
111,111
112,112
113,113
114,114
115,115
116,116
117,117
115,118
119,119
60,60
61,61
62,62
63,63
64,64
65,65
66,66
67,67
68,68
69,69
70,70
71,71
73,72
83,73
83,74
75,75
76,76
77,77
78,78
79,79
80,80
81,81
82,82
83,83
84,84
85,85
86,86
87,87
88,88
89,89
90,90
91,91
92,92
93,93
94,94
95,95
96,96
97,97
98,98
99,99
100,100
101,101
102,102
103,103
66,104
105,105
106,106
107,107
108,108
110,109
110,110
111,111
112,112
113,113
114,114
115,115
116,116
117,117
118,118
119,119
60,60
61,61
62,62
63,63
64,64
65,65
102,66
67,67
71,68
69,69
71,70
71,71
72,72
28,73
74,74
75,75
76,76
77,77
78,78
5,79
80,80
83,81
82,82
28,83
84,84
33,85
86,86
87,87
88,88
89,89
90,90
91,91
92,92
30,93
94,94
95,95
96,96
97,97
98,98
99,99
100,100
101,101
102,102
103,103
78,104
116,105
108,106
107,107
108,108
53,109
110,110
111,111
112,112
113,113
114,114
115,115
116,116
117,117
118,118
119,119
60,60
61,61
60,62
27,63
64,64
65,65
66,66
67,67
71,68
71,69
70,70
71,71
28,72
73,73
74,74
75,75
76,76
24,77
78,78
79,79
76,80
29,81
82,82
29,83
36,84
82,85
86,86
87,87
89,88
88,89
73,90
91,91
78,92
93,93
94,94
95,95
96,96
97,97
99,98
99,99
15,100
101,101
104,102
103,103
27,104
108,105
106,106
107,107
56,108
108,109
110,110
111,111
112,112
113,113
114,114
59,115
116,116
117,117
118,118
119,119
60,60
61,61
62,62
63,63
12,64
65,65
66,66
67,67
68,68
69,69
71,70
71,71
28,72
83,73
74,74
75,75
76,76
77,77
78,78
79,79
80,80
1,81
77,82
74,83
84,84
85,85
86,86
87,87
88,88
89,89
90,90
91,91
92,92
93,93
94,94
95,95
96,96
97,97
98,98
99,99
100,100
101,101
102,102
103,103
104,104
49,105
106,106
107,107
108,108
53,109
110,110
111,111
53,112
113,113
114,114
115,115
116,116
117,117
118,118
119,119
60,60
61,61
62,62
63,63
64,64
65,65
27,66
67,67
30,68
69,69
71,70
68,71
29,72
28,73
74,74
28,75
76,76
77,77
78,78
79,79
80,80
81,81
85,82
83,83
1,84
85,85
86,86
87,87
88,88
88,89
90,90
91,91
92,92
93,93
94,94
95,95
96,96
97,97
98,98
99,99
100,100
101,101
37,102
103,103
104,104
111,105
107,106
107,107
108,108
53,109
110,110
111,111
112,112
113,113
114,114
115,115
116,116
117,117
118,118
119,119
60,60
18,61
62,62
63,63
93,64
87,65
66,66
67,67
66,68
30,69
70,70
68,71
28,72
29,73
1,74
29,75
76,76
53,77
53,78
79,79
80,80
1,81
44,82
73,83
84,84
12,85
86,86
87,87
88,88
89,89
90,90
91,91
110,92
93,93
94,94
109,95
96,96
97,97
53,98
50,99
100,100
50,101
102,102
114,103
53,104
49,105
106,106
114,107
109,108
109,109
109,110
111,111
112,112
113,113
114,114
115,115
116,116
117,117
59,118
119,119
60,60
61,61
114,62
53,63
64,64
65,65
53,66
53,67
53,68
53,69
109,70
53,71
28,72
82,73
74,74
75,75
76,76
114,77
114,78
79,79
109,80
81,81
53,82
10,83
49,84
85,85
49,86
49,87
88,88
88,89
90,90
113,91
53,92
93,93
114,94
95,95
96,96
97,97
50,98
50,99
100,100
50,101
53,102
114,103
104,104
105,105
106,106
107,107
111,108
109,109
110,110
111,111
57,112
113,113
114,114
115,115
116,116
49,117
118,118
119,119
60,60
61,61
62,62
63,63
64,64
65,65
66,66
3,67
68,68
30,69
71,70
30,71
28,72
83,73
74,74
75,75
76,76
77,77
78,78
79,79
80,80
60,81
33,82
83,83
84,84
85,85
86,86
87,87
88,88
89,89
90,90
91,91
92,92
93,93
94,94
95,95
96,96
97,97
98,98
99,99
100,100
101,101
102,102
103,103
104,104
49,105
106,106
107,107
108,108
53,109
110,110
111,111
112,112
113,113
114,114
115,115
116,116
117,117
118,118
119,119
62,62
63,63
64,64
65,65
102,66
67,67
68,68
69,69
71,70
70,71
28,72
28,73
74,74
75,75
76,76
90,77
78,78
79,79
80,80
81,81
12,82
29,83
84,84
85,85
86,86
87,87
88,88
89,89
88,90
91,91
92,92
93,93
94,94
95,95
96,96
97,97
98,98
99,99
100,100
101,101
31,102
103,103
104,104
6,105
51,106
107,107
108,108
108,109
110,110
111,111
112,112
113,113
114,114
59,115
116,116
117,117
119,119
60,60
60,61
62,62
63,63
103,64
65,65
102,66
67,67
68,68
69,69
71,70
30,71
75,72
73,73
74,74
75,75
76,76
90,77
78,78
79,79
80,80
82,81
85,82
83,83
84,84
85,85
86,86
87,87
88,88
89,89
90,90
91,91
92,92
93,93
94,94
95,95
96,96
97,97
98,98
99,99
100,100
101,101
37,102
103,103
104,104
108,105
116,106
107,107
108,108
109,109
110,110
111,111
112,112
113,113
114,114
115,115
116,116
117,117
118,118
119,119
60,60
61,61
62,62
16,63
64,64
65,65
76,66
67,67
30,68
69,69
71,70
71,71
74,72
83,73
74,74
74,75
76,76
1,77
78,78
79,79
80,80
73,81
82,82
83,83
84,84
85,85
86,86
87,87
88,88
89,89
88,90
91,91
92,92
93,93
94,94
95,95
96,96
97,97
98,98
99,99
100,100
101,101
102,102
103,103
104,104
111,105
106,106
107,107
108,108
109,109
110,110
111,111
112,112
113,113
114,114
115,115
116,116
117,117
118,118
119,119
60,60
61,61
62,62
63,63
80,64
65,65
66,66
67,67
68,68
69,69
71,70
71,71
75,72
73,73
74,74
10,75
76,76
90,77
66,78
79,79
63,80
85,81
82,82
83,83
84,84
85,85
86,86
87,87
24,88
89,89
90,90
91,91
92,92
80,93
94,94
69,95
96,96
97,97
98,98
99,99
100,100
101,101
102,102
103,103
102,104
116,105
57,106
107,107
108,108
53,109
110,110
111,111
112,112
113,113
114,114
115,115
116,116
117,117
118,118
119,119
60,60
61,61
62,62
63,63
64,64
65,65
76,66
67,67
68,68
69,69
30,70
30,71
74,72
73,73
74,74
75,75
76,76
77,77
78,78
79,79
80,80
73,81
82,82
73,83
84,84
85,85
86,86
87,87
88,88
89,89
88,90
91,91
92,92
93,93
94,94
95,95
96,96
97,97
98,98
99,99
100,100
101,101
102,102
103,103
104,104
49,105
108,106
107,107
108,108
109,109
110,110
111,111
112,112
113,113
114,114
115,115
116,116
117,117
107,118
119,119
60,60
61,61
62,62
63,63
12,64
65,65
102,66
67,67
68,68
69,69
30,70
30,71
75,72
83,73
74,74
75,75
76,76
90,77
1,78
79,79
80,80
81,81
82,82
83,83
84,84
85,85
86,86
87,87
88,88
89,89
90,90
91,91
92,92
93,93
94,94
95,95
96,96
97,97
98,98
99,99
100,100
101,101
102,102
103,103
104,104
109,105
57,106
107,107
108,108
53,109
110,110
111,111
112,112
113,113
114,114
115,115
116,116
117,117
107,118
119,119
18,60
61,61
62,62
16,63
64,64
10,65
76,66
67,67
68,68
69,69
30,70
69,71
74,72
11,73
11,74
28,75
76,76
0,77
78,78
79,79
108,80
43,81
82,82
73,83
3,84
77,85
86,86
87,87
88,88
89,89
90,90
91,91
35,92
6,93
94,94
95,95
96,96
97,97
98,98
99,99
100,100
101,101
37,102
103,103
104,104
49,105
53,106
107,107
57,108
108,109
52,110
111,111
112,112
113,113
53,114
115,115
54,116
55,117
118,118
119,119
60,60
61,61
62,62
63,63
64,64
65,65
66,66
67,67
68,68
69,69
68,70
76,71
72,72
73,73
17,74
29,75
71,76
77,77
68,78
79,79
80,80
81,81
82,82
32,83
84,84
85,85
86,86
87,87
88,88
89,89
73,90
91,91
92,92
80,93
94,94
95,95
96,96
97,97
98,98
101,99
100,100
101,101
37,102
103,103
102,104
51,105
106,106
107,107
108,108
109,109
110,110
111,111
112,112
113,113
114,114
115,115
107,116
117,117
118,118
119,119
60,60
61,61
62,62
63,63
62,64
65,65
66,66
67,67
31,68
69,69
71,70
68,71
75,72
83,73
74,74
75,75
76,76
77,77
78,78
79,79
80,80
81,81
82,82
83,83
84,84
85,85
86,86
87,87
89,88
89,89
90,90
91,91
92,92
93,93
94,94
95,95
96,96
97,97
98,98
99,99
100,100
101,101
102,102
94,103
102,104
106,105
106,106
107,107
108,108
109,109
110,110
114,111
112,112
113,113
114,114
115,115
116,116
117,117
118,118
119,119
60,60
61,61
62,62
63,63
64,64
65,65
66,66
60,67
68,68
69,69
71,70
71,71
75,72
83,73
74,74
75,75
71,76
77,77
78,78
79,79
80,80
81,81
82,82
28,83
84,84
85,85
86,86
87,87
88,88
89,89
73,90
91,91
92,92
93,93
94,94
95,95
96,96
97,97
98,98
101,99
100,100
101,101
102,102
94,103
102,104
53,105
105,106
107,107
108,108
109,109
110,110
111,111
112,112
113,113
114,114
115,115
107,116
117,117
107,118
119,119
60,60
61,61
62,62
63,63
62,64
65,65
102,66
67,67
30,68
69,69
71,70
69,71
75,72
73,73
74,74
75,75
68,76
77,77
78,78
79,79
80,80
81,81
82,82
28,83
1,84
85,85
86,86
87,87
89,88
89,89
77,90
91,91
92,92
93,93
94,94
95,95
96,96
97,97
98,98
99,99
100,100
101,101
102,102
94,103
104,104
106,105
106,106
116,107
108,108
109,109
110,110
111,111
112,112
113,113
114,114
115,115
116,116
117,117
118,118
119,119
60,60
61,61
62,62
63,63
30,64
65,65
66,66
67,67
68,68
69,69
71,70
71,71
72,72
29,73
74,74
75,75
71,76
77,77
78,78
79,79
80,80
81,81
82,82
83,83
84,84
85,85
86,86
87,87
88,88
89,89
90,90
91,91
92,92
93,93
94,94
95,95
96,96
97,97
98,98
99,99
100,100
101,101
102,102
103,103
104,104
55,105
53,106
108,107
108,108
109,109
110,110
112,111
112,112
113,113
114,114
115,115
107,116
117,117
118,118
119,119
60,60
61,61
62,62
63,63
64,64
65,65
66,66
67,67
31,68
69,69
71,70
71,71
29,72
83,73
28,74
75,75
76,76
77,77
78,78
79,79
76,80
81,81
82,82
28,83
1,84
85,85
86,86
87,87
89,88
89,89
90,90
91,91
92,92
93,93
94,94
95,95
96,96
97,97
98,98
99,99
100,100
101,101
37,102
94,103
104,104
116,105
110,106
107,107
108,108
109,109
110,110
111,111
112,112
113,113
114,114
115,115
116,116
117,117
106,118
119,119
60,60
61,61
62,62
63,63
64,64
65,65
66,66
67,67
68,68
69,69
71,70
71,71
75,72
73,73
74,74
75,75
76,76
77,77
78,78
79,79
80,80
72,81
82,82
29,83
84,84
85,85
86,86
87,87
88,88
89,89
90,90
91,91
92,92
62,93
94,94
95,95
96,96
97,97
98,98
99,99
100,100
101,101
102,102
103,103
104,104
105,105
105,106
107,107
108,108
109,109
110,110
111,111
112,112
113,113
114,114
115,115
116,116
117,117
118,118
119,119
60,60
61,61
62,62
63,63
103,64
65,65
66,66
67,67
68,68
69,69
71,70
71,71
29,72
83,73
74,74
72,75
71,76
77,77
78,78
79,79
80,80
73,81
81,82
83,83
84,84
85,85
86,86
87,87
88,88
89,89
81,90
91,91
92,92
93,93
94,94
95,95
96,96
97,97
98,98
99,99
100,100
101,101
102,102
103,103
104,104
108,105
106,106
107,107
108,108
109,109
110,110
111,111
112,112
113,113
114,114
115,115
116,116
117,117
115,118
119,119
60,60
61,61
62,62
63,63
64,64
65,65
66,66
67,67
68,68
69,69
68,70
71,71
77,72
29,73
32,74
28,75
92,76
77,77
78,78
79,79
80,80
73,81
82,82
29,83
1,84
85,85
86,86
87,87
88,88
89,89
85,90
91,91
37,92
93,93
94,94
95,95
96,96
97,97
98,98
99,99
100,100
101,101
66,102
103,103
116,104
49,105
49,106
107,107
108,108
109,109
110,110
111,111
112,112
113,113
114,114
59,115
116,116
117,117
107,118
119,119
60,60
61,61
62,62
63,63
103,64
65,65
66,66
67,67
68,68
69,69
71,70
71,71
75,72
83,73
74,74
75,75
76,76
77,77
78,78
79,79
80,80
73,81
73,82
83,83
84,84
85,85
86,86
87,87
88,88
89,89
90,90
91,91
92,92
93,93
94,94
95,95
96,96
97,97
98,98
99,99
100,100
101,101
102,102
103,103
104,104
49,105
106,106
107,107
108,108
53,109
110,110
111,111
112,112
113,113
114,114
115,115
116,116
55,117
118,118
53,119
60,60
61,61
62,62
63,63
12,64
65,65
66,66
67,67
68,68
69,69
68,70
71,71
72,72
83,73
74,74
75,75
76,76
77,77
78,78
79,79
80,80
73,81
82,82
83,83
84,84
85,85
86,86
87,87
88,88
88,89
90,90
91,91
92,92
93,93
94,94
95,95
96,96
97,97
98,98
99,99
100,100
101,101
102,102
103,103
104,104
105,105
106,106
107,107
108,108
49,109
110,110
111,111
112,112
113,113
114,114
115,115
116,116
55,117
115,118
119,119
60,60
61,61
62,62
63,63
103,64
65,65
70,66
61,67
68,68
102,69
71,70
70,71
73,72
44,73
74,74
29,75
92,76
77,77
71,78
79,79
80,80
73,81
73,82
29,83
83,84
85,85
86,86
87,87
88,88
89,89
90,90
91,91
92,92
93,93
94,94
95,95
96,96
97,97
87,98
99,99
100,100
101,101
67,102
103,103
104,104
105,105
116,106
107,107
108,108
53,109
52,110
111,111
112,112
113,113
114,114
115,115
116,116
55,117
111,118
119,119
60,60
61,61
62,62
63,63
103,64
65,65
66,66
67,67
68,68
69,69
71,70
68,71
72,72
73,73
74,74
75,75
76,76
77,77
78,78
79,79
80,80
81,81
81,82
83,83
84,84
85,85
86,86
87,87
88,88
89,89
90,90
91,91
92,92
93,93
94,94
95,95
96,96
97,97
98,98
99,99
100,100
101,101
102,102
103,103
104,104
108,105
106,106
101,107
108,108
109,109
110,110
111,111
112,112
113,113
114,114
115,115
116,116
117,117
118,118
119,119
60,60
61,61
62,62
63,63
97,64
65,65
66,66
67,67
68,68
69,69
71,70
71,71
72,72
72,73
74,74
75,75
76,76
77,77
78,78
79,79
80,80
82,81
73,82
83,83
29,84
85,85
86,86
87,87
88,88
89,89
90,90
91,91
92,92
93,93
94,94
95,95
96,96
97,97
98,98
99,99
100,100
101,101
102,102
103,103
104,104
49,105
49,106
107,107
108,108
109,109
110,110
111,111
112,112
113,113
114,114
115,115
116,116
117,117
118,118
119,119
60,60
61,61
62,62
63,63
97,64
65,65
66,66
67,67
68,68
30,69
71,70
68,71
72,72
83,73
83,74
81,75
80,76
77,77
78,78
79,79
80,80
77,81
72,82
29,83
12,84
77,85
86,86
87,87
24,88
89,89
90,90
91,91
92,92
93,93
94,94
95,95
96,96
97,97
98,98
99,99
100,100
101,101
37,102
103,103
104,104
105,105
117,106
107,107
108,108
53,109
110,110
111,111
112,112
113,113
114,114
115,115
116,116
117,117
110,118
119,119
60,60
61,61
62,62
63,63
97,64
65,65
66,66
67,67
69,68
69,69
68,70
70,71
75,72
73,73
74,74
75,75
76,76
77,77
78,78
79,79
80,80
81,81
82,82
83,83
84,84
85,85
86,86
87,87
88,88
89,89
90,90
100,91
92,92
93,93
94,94
95,95
96,96
97,97
98,98
99,99
100,100
101,101
102,102
103,103
104,104
49,105
49,106
107,107
108,108
109,109
110,110
111,111
112,112
113,113
114,114
115,115
116,116
117,117
118,118
119,119
60,60
61,61
62,62
63,63
103,64
65,65
66,66
67,67
68,68
69,69
68,70
68,71
72,72
83,73
74,74
29,75
76,76
77,77
78,78
79,79
80,80
81,81
81,82
83,83
84,84
85,85
86,86
87,87
88,88
89,89
83,90
91,91
92,92
93,93
94,94
95,95
96,96
97,97
98,98
99,99
16,100
101,101
102,102
103,103
40,104
49,105
49,106
107,107
108,108
53,109
110,110
111,111
112,112
113,113
114,114
59,115
116,116
117,117
118,118
119,119
60,60
18,61
62,62
63,63
12,64
10,65
1,66
20,67
68,68
30,69
71,70
70,71
29,72
29,73
11,74
29,75
76,76
81,77
78,78
79,79
80,80
81,81
88,82
83,83
84,84
85,85
86,86
87,87
88,88
89,89
10,90
91,91
92,92
93,93
94,94
95,95
96,96
97,97
98,98
99,99
100,100
101,101
37,102
103,103
104,104
49,105
52,106
107,107
108,108
53,109
110,110
111,111
112,112
113,113
114,114
115,115
116,116
117,117
118,118
119,119
60,60
61,61
62,62
63,63
12,64
65,65
66,66
67,67
68,68
69,69
71,70
71,71
72,72
73,73
74,74
75,75
71,76
77,77
78,78
79,79
80,80
81,81
82,82
83,83
84,84
85,85
86,86
64,87
72,88
89,89
90,90
113,91
92,92
93,93
94,94
95,95
96,96
97,97
98,98
99,99
34,100
101,101
102,102
103,103
104,104
106,105
49,106
107,107
108,108
109,109
110,110
111,111
112,112
113,113
114,114
115,115
116,116
117,117
118,118
119,119
60,60
60,61
62,62
63,63
64,64
65,65
66,66
67,67
68,68
69,69
71,70
71,71
90,72
73,73
77,74
72,75
71,76
77,77
78,78
79,79
80,80
81,81
82,82
83,83
84,84
85,85
86,86
87,87
88,88
89,89
72,90
91,91
92,92
93,93
94,94
95,95
96,96
97,97
98,98
99,99
5,100
101,101
102,102
103,103
104,104
106,105
106,106
107,107
108,108
109,109
110,110
111,111
112,112
113,113
114,114
115,115
116,116
117,117
115,118
119,119
94,60
61,61
62,62
63,63
64,64
77,65
78,66
76,67
68,68
68,69
71,70
71,71
72,72
73,73
83,74
72,75
80,76
77,77
78,78
79,79
80,80
81,81
82,82
74,83
84,84
85,85
86,86
87,87
88,88
89,89
90,90
113,91
76,92
93,93
94,94
95,95
96,96
97,97
98,98
99,99
100,100
101,101
102,102
103,103
104,104
106,105
108,106
107,107
108,108
109,109
110,110
111,111
112,112
113,113
114,114
115,115
116,116
117,117
107,118
119,119
60,60
60,61
62,62
63,63
64,64
65,65
66,66
67,67
69,68
69,69
71,70
71,71
74,72
77,73
77,74
75,75
76,76
77,77
78,78
79,79
80,80
81,81
82,82
83,83
84,84
85,85
86,86
87,87
88,88
89,89
90,90
91,91
92,92
62,93
94,94
95,95
96,96
97,97
98,98
99,99
91,100
101,101
102,102
103,103
78,104
106,105
106,106
107,107
108,108
109,109
110,110
111,111
112,112
113,113
114,114
115,115
116,116
117,117
115,118
119,119
60,60
61,61
62,62
63,63
64,64
65,65
66,66
67,67
68,68
69,69
71,70
71,71
74,72
83,73
28,74
75,75
71,76
77,77
78,78
79,79
93,80
81,81
81,82
77,83
84,84
85,85
86,86
87,87
88,88
89,89
88,90
91,91
92,92
93,93
94,94
95,95
96,96
97,97
98,98
99,99
5,100
99,101
102,102
94,103
104,104
106,105
49,106
107,107
108,108
55,109
110,110
53,111
112,112
113,113
114,114
115,115
110,116
117,117
118,118
119,119
60,60
61,61
62,62
63,63
64,64
65,65
66,66
67,67
68,68
69,69
70,70
71,71
83,72
29,73
74,74
72,75
71,76
77,77
78,78
79,79
80,80
81,81
82,82
29,83
84,84
85,85
86,86
87,87
88,88
89,89
4,90
91,91
66,92
93,93
94,94
95,95
96,96
97,97
98,98
99,99
100,100
101,101
70,102
103,103
104,104
109,105
106,106
107,107
108,108
53,109
110,110
111,111
112,112
113,113
114,114
59,115
116,116
117,117
115,118
119,119
60,60
61,61
61,62
63,63
64,64
65,65
66,66
67,67
68,68
69,69
70,70
71,71
72,72
73,73
10,74
75,75
76,76
77,77
78,78
79,79
80,80
81,81
82,82
73,83
84,84
85,85
86,86
87,87
88,88
89,89
88,90
91,91
92,92
80,93
94,94
95,95
96,96
97,97
98,98
99,99
100,100
101,101
39,102
103,103
104,104
53,105
49,106
107,107
108,108
109,109
110,110
111,111
112,112
113,113
114,114
115,115
116,116
117,117
118,118
119,119
60,60
61,61
62,62
63,63
64,64
65,65
66,66
67,67
70,68
69,69
70,70
69,71
72,72
73,73
74,74
75,75
71,76
77,77
78,78
79,79
80,80
81,81
82,82
83,83
84,84
85,85
86,86
87,87
88,88
89,89
90,90
91,91
92,92
93,93
94,94
95,95
96,96
97,97
98,98
23,99
100,100
101,101
38,102
103,103
40,104
105,105
106,106
107,107
108,108
109,109
110,110
111,111
112,112
113,113
114,114
115,115
116,116
117,117
118,118
119,119
60,60
111,61
106,62
53,63
49,64
65,65
111,66
111,67
106,68
69,69
106,70
70,71
77,72
10,73
11,74
75,75
30,76
77,77
78,78
79,79
80,80
72,81
82,82
53,83
30,84
53,85
86,86
87,87
88,88
88,89
84,90
91,91
92,92
93,93
94,94
95,95
96,96
97,97
98,98
50,99
100,100
50,101
102,102
103,103
116,104
53,105
53,106
116,107
108,108
53,109
110,110
111,111
112,112
113,113
114,114
115,115
116,116
117,117
118,118
57,119
60,60
61,61
62,62
63,63
64,64
65,65
66,66
67,67
70,68
69,69
68,70
69,71
75,72
73,73
74,74
75,75
71,76
77,77
78,78
79,79
80,80
81,81
114,82
53,83
84,84
85,85
86,86
87,87
88,88
89,89
85,90
113,91
92,92
109,93
114,94
109,95
53,96
97,97
98,98
50,99
100,100
50,101
114,102
103,103
114,104
105,105
106,106
107,107
108,108
109,109
110,110
111,111
112,112
113,113
114,114
115,115
116,116
117,117
118,118
57,119
60,60
61,61
62,62
63,63
64,64
65,65
66,66
67,67
68,68
69,69
70,70
71,71
72,72
73,73
28,74
75,75
30,76
77,77
78,78
79,79
80,80
81,81
82,82
83,83
84,84
85,85
86,86
87,87
88,88
89,89
88,90
91,91
92,92
80,93
94,94
95,95
96,96
97,97
98,98
99,99
100,100
101,101
102,102
103,103
104,104
105,105
53,106
49,107
108,108
53,109
110,110
111,111
112,112
113,113
114,114
115,115
54,116
117,117
118,118
119,119
67,60
61,61
94,62
95,64
65,65
92,66
67,67
70,68
71,69
111,70
30,71
75,72
73,73
83,74
72,75
71,76
76,77
78,78
79,79
80,80
82,81
82,82
73,83
83,84
85,85
86,86
87,87
8,88
93,89
90,90
91,91
92,92
93,93
94,94
95,95
96,96
97,97
98,98
99,99
100,100
101,101
102,102
103,103
40,104
106,105
106,106
107,107
111,108
109,109
110,110
111,111
112,112
113,113
53,114
115,115
116,116
117,117
118,118
119,119
60,60
61,61
93,62
63,63
64,64
65,65
66,66
67,67
68,68
69,69
68,70
68,71
72,72
73,73
74,74
75,75
71,76
77,77
78,78
79,79
80,80
81,81
82,82
83,83
84,84
77,85
86,86
87,87
88,88
89,89
77,90
91,91
92,92
80,93
94,94
95,95
96,96
97,97
98,98
99,99
100,100
101,101
102,102
103,103
104,104
114,105
106,106
107,107
108,108
109,109
110,110
111,111
112,112
113,113
114,114
115,115
54,116
117,117
118,118
119,119
60,60
61,61
62,62
63,63
64,64
65,65
68,66
67,67
68,68
69,69
69,70
68,71
68,72
76,73
73,74
72,75
68,76
77,77
70,78
79,79
80,80
81,81
82,82
83,83
84,84
85,85
86,86
87,87
88,88
89,89
90,90
91,91
92,92
93,93
94,94
95,95
96,96
97,97
98,98
99,99
100,100
101,101
102,102
103,103
104,104
105,105
105,106
107,107
108,108
109,109
110,110
111,111
112,112
113,113
114,114
115,115
116,116
117,117
118,118
119,119
60,60
61,61
62,62
63,63
105,64
65,65
66,66
67,67
66,68
69,69
71,70
66,71
72,72
73,73
9,74
75,75
71,76
77,77
78,78
79,79
80,80
81,81
82,82
73,83
84,84
90,85
93,86
95,87
78,88
64,89
77,90
91,91
92,92
93,93
94,94
69,95
96,96
97,97
98,98
99,99
100,100
101,101
102,102
103,103
104,104
56,105
106,106
107,107
108,108
109,109
110,110
111,111
112,112
113,113
114,114
115,115
116,116
55,117
118,118
119,119
60,60
61,61
62,62
63,63
64,64
65,65
66,66
67,67
68,68
69,69
69,70
69,71
81,72
73,73
74,74
75,75
71,76
77,77
71,78
79,79
80,80
81,81
82,82
82,83
84,84
85,85
86,86
87,87
88,88
89,89
90,90
91,91
92,92
93,93
94,94
95,95
96,96
97,97
98,98
99,99
100,100
101,101
102,102
103,103
104,104
105,105
105,106
107,107
105,108
109,109
110,110
111,111
112,112
113,113
114,114
115,115
116,116
117,117
118,118
119,119
60,60
61,61
62,62
63,63
64,64
65,65
66,66
67,67
70,68
69,69
68,70
66,71
72,72
73,73
74,74
75,75
30,76
77,77
78,78
79,79
80,80
81,81
82,82
83,83
84,84
85,85
86,86
87,87
88,88
89,89
77,90
91,91
92,92
93,93
94,94
95,95
96,96
97,97
98,98
99,99
100,100
101,101
102,102
103,103
104,104
56,105
106,106
107,107
108,108
109,109
110,110
111,111
112,112
113,113
114,114
115,115
116,116
55,117
118,118
119,119
60,60
61,61
62,62
63,63
93,64
65,65
69,66
67,67
69,68
93,69
93,70
71,71
2,72
76,73
10,74
10,75
68,76
77,77
78,78
79,79
80,80
81,81
82,82
81,83
84,84
85,85
86,86
87,87
84,88
89,89
90,90
91,91
92,92
71,93
94,94
95,95
96,96
97,97
98,98
99,99
100,100
101,101
95,102
103,103
104,104
105,105
105,106
107,107
106,108
109,109
110,110
111,111
112,112
113,113
114,114
59,115
104,116
117,117
118,118
119,119
60,60
61,61
62,62
63,63
64,64
65,65
66,66
102,67
69,68
69,69
70,70
69,71
72,72
106,73
114,74
82,75
68,76
77,77
80,78
79,79
80,80
90,81
82,82
83,83
84,84
77,85
86,86
87,87
88,88
89,89
90,90
91,91
92,92
93,93
94,94
95,95
96,96
97,97
98,98
99,99
100,100
101,101
102,102
103,103
104,104
106,105
105,106
110,107
108,108
109,109
110,110
105,111
112,112
113,113
114,114
115,115
116,116
117,117
118,118
119,119
60,60
61,61
62,62
63,63
93,64
80,65
66,66
67,67
69,68
69,69
71,70
70,71
75,72
73,73
74,74
75,75
71,76
114,77
78,78
79,79
80,80
81,81
82,82
83,83
84,84
90,85
86,86
87,87
88,88
89,89
77,90
91,91
92,92
93,93
94,94
95,95
96,96
97,97
98,98
99,99
100,100
101,101
102,102
103,103
104,104
106,105
53,106
107,107
108,108
109,109
110,110
111,111
112,112
113,113
114,114
115,115
116,116
117,117
118,118
119,119
60,60
61,61
62,62
63,63
62,64
65,65
66,66
67,67
68,68
69,69
71,70
68,71
75,72
73,73
73,74
72,75
69,76
76,77
78,78
79,79
80,80
81,81
82,82
83,83
84,84
77,85
86,86
90,87
88,88
89,89
90,90
91,91
22,92
80,93
94,94
95,95
96,96
97,97
98,98
103,103
104,104
106,105
49,106
116,107
108,108
109,109
110,110
111,111
112,112
113,113
114,114
115,115
116,116
117,117
118,118
119,119
60,60
61,61
62,62
63,63
64,64
65,65
66,66
62,67
69,68
68,69
70,70
70,71
75,72
76,73
73,74
75,75
71,76
77,77
78,78
79,79
80,80
81,81
82,82
83,83
84,84
85,85
86,86
87,87
88,88
89,89
90,90
91,91
92,92
93,93
94,94
95,95
96,96
97,97
98,98
99,99
100,100
101,101
102,102
103,103
104,104
105,105
53,106
107,107
116,108
106,109
110,110
111,111
112,112
113,113
109,114
115,115
107,116
49,117
118,118
53,119
60,60
61,61
62,62
63,63
64,64
65,65
66,66
6,67
68,68
69,69
69,70
69,71
72,72
73,73
74,74
75,75
30,76
77,77
78,78
79,79
80,80
81,81
82,82
73,83
84,84
77,85
86,86
87,87
88,88
89,89
90,90
91,91
22,92
93,93
94,94
95,95
96,96
97,97
98,98
99,99
100,100
101,101
102,102
103,103
104,104
53,105
105,106
107,107
108,108
109,109
110,110
111,111
112,112
113,113
114,114
115,115
116,116
117,117
107,118
119,119
60,60
61,61
62,62
63,63
93,64
90,65
66,66
62,67
39,68
93,69
68,70
68,71
72,72
9,73
73,74
75,75
68,76
78,77
78,78
79,79
80,80
81,81
82,82
81,83
84,84
81,85
86,86
87,87
88,88
89,89
90,90
91,91
92,92
93,93
94,94
95,95
96,96
97,97
98,98
99,99
100,100
101,101
66,102
103,103
104,104
106,105
109,106
107,107
108,108
109,109
110,110
111,111
112,112
113,113
114,114
115,115
116,116
117,117
118,118
119,119
64,60
64,61
62,62
88,63
64,64
65,65
64,66
67,67
30,68
69,69
95,70
93,71
72,72
73,73
74,74
75,75
61,76
77,77
78,78
79,79
80,80
81,81
82,82
83,83
84,84
85,85
86,86
14,87
88,88
89,89
85,90
25,91
92,92
70,93
94,94
95,95
96,96
97,97
98,98
99,99
100,100
101,101
102,102
103,103
104,104
105,105
106,106
107,107
108,108
109,109
110,110
111,111
112,112
113,113
114,114
115,115
116,116
117,117
118,118
119,119
60,60
61,61
62,62
63,63
64,64
65,65
66,66
67,67
80,68
69,69
102,70
93,71
75,72
73,73
74,74
75,75
94,76
77,77
66,78
79,79
80,80
81,81
82,82
83,83
84,84
85,85
86,86
87,87
90,88
89,89
90,90
91,91
21,92
93,93
94,94
95,95
96,96
97,97
98,98
99,99
100,100
101,101
102,102
103,103
104,104
105,105
106,106
107,107
108,108
69,109
110,110
111,111
112,112
113,113
114,114
115,115
116,116
117,117
118,118
119,119
60,60
61,61
62,62
63,63
64,64
82,65
66,66
67,67
71,68
71,69
66,70
93,71
72,72
82,73
75,74
75,75
73,76
77,77
78,78
79,79
80,80
81,81
82,82
28,83
84,84
85,85
86,86
87,87
90,88
12,89
90,90
118,91
92,92
94,93
94,94
61,95
96,96
97,97
98,98
99,99
42,100
26,101
94,102
21,103
6,104
105,105
109,106
107,107
108,108
109,109
110,110
111,111
112,112
113,113
114,114
115,115
116,116
117,117
118,118
119,119
60,60
61,61
78,62
63,63
64,64
65,65
66,66
67,67
68,68
69,69
70,70
93,71
72,72
83,73
74,74
75,75
94,76
77,77
78,78
79,79
80,80
81,81
82,82
83,83
84,84
85,85
86,86
14,87
88,88
89,89
90,90
118,91
21,92
93,93
94,94
95,95
96,96
97,97
98,98
99,99
100,100
101,101
102,102
103,103
104,104
106,105
106,106
107,107
108,108
109,109
110,110
111,111
112,112
113,113
114,114
115,115
116,116
117,117
118,118
119,119
60,60
61,61
62,62
63,63
64,64
65,65
66,66
67,67
30,68
32,69
78,70
76,71
75,72
73,73
74,74
72,75
76,76
77,77
61,78
79,79
80,80
81,81
82,82
83,83
84,84
90,85
86,86
87,87
88,88
89,89
90,90
91,91
92,92
93,93
94,94
95,95
96,96
98,98
99,99
100,100
101,101
102,102
103,103
104,104
105,105
106,106
107,107
108,108
109,109
110,110
111,111
112,112
113,113
114,114
115,115
116,116
117,117
118,118
119,119
60,60
61,61
66,62
73,63
105,64
65,65
92,66
67,67
80,68
92,69
70,70
92,71
90,72
81,73
73,74
72,75
92,76
72,77
104,78
79,79
80,80
11,81
75,82
73,83
84,84
85,85
86,86
87,87
90,88
90,89
90,90
91,91
92,92
93,93
94,94
95,95
96,96
97,97
98,98
99,99
100,100
101,101
102,102
103,103
104,104
105,105
109,106
107,107
108,108
109,109
110,110
111,111
112,112
113,113
114,114
115,115
116,116
117,117
118,118
119,119
60,60
61,61
62,62
88,63
64,64
65,65
66,66
67,67
69,68
69,69
70,70
70,71
75,72
73,73
74,74
75,75
71,76
77,77
78,78
79,79
80,80
81,81
82,82
74,83
84,84
85,85
86,86
87,87
85,88
89,89
90,90
91,91
92,92
93,93
94,94
95,95
96,96
97,97
98,98
99,99
100,100
101,101
102,102
103,103
40,104
105,105
105,106
107,107
108,108
109,109
110,110
111,111
112,112
113,113
114,114
115,115
116,116
117,117
118,118
119,119
60,60
61,61
62,62
63,63
93,64
65,65
66,66
67,67
68,68
69,69
70,70
70,71
75,72
73,73
83,74
72,75
71,76
77,77
102,78
79,79
80,80
81,81
82,82
83,83
84,84
33,85
86,86
87,87
88,88
89,89
90,90
91,91
92,92
93,93
94,94
95,95
96,96
97,97
98,98
99,99
100,100
101,101
95,102
103,103
104,104
105,105
106,106
107,107
108,108
109,109
110,110
111,111
112,112
113,113
114,114
115,115
116,116
117,117
118,118
119,119
67,60
61,61
62,62
63,63
64,64
65,65
66,66
67,67
68,68
69,69
70,70
70,71
75,72
73,73
74,74
75,75
71,76
77,77
78,78
79,79
80,80
90,81
82,82
74,83
84,84
85,85
86,86
87,87
88,88
89,89
90,90
91,91
78,92
93,93
94,94
61,95
96,96
97,97
98,98
99,99
100,100
101,101
102,102
103,103
104,104
105,105
105,106
107,107
108,108
109,109
50,110
111,111
112,112
113,113
109,114
115,115
116,116
117,117
118,118
119,119
60,60
61,61
111,62
63,63
64,64
65,65
66,66
67,67
69,68
69,69
70,70
70,71
75,72
73,73
72,74
75,75
76,76
77,77
78,78
79,79
80,80
81,81
82,82
83,83
84,84
85,85
86,86
87,87
88,88
89,89
90,90
91,91
92,92
93,93
94,94
95,95
96,96
97,97
98,98
99,99
100,100
101,101
102,102
103,103
104,104
105,105
106,106
107,107
108,108
109,109
110,110
111,111
112,112
113,113
114,114
115,115
116,116
117,117
107,118
119,119
60,60
61,61
62,62
88,63
64,64
65,65
66,66
67,67
69,68
69,69
70,70
70,71
75,72
73,73
74,74
75,75
71,76
77,77
78,78
79,79
80,80
81,81
82,82
83,83
84,84
85,85
86,86
87,87
88,88
89,89
90,90
91,91
92,92
93,93
94,94
95,95
96,96
97,97
98,98
99,99
100,100
101,101
102,102
103,103
40,104
105,105
105,106
107,107
108,108
109,109
110,110
111,111
112,112
113,113
114,114
115,115
107,116
117,117
118,118
119,119
64,60
61,61
62,62
63,63
93,64
65,65
78,66
67,67
68,68
69,69
70,70
70,71
10,72
73,73
72,74
75,75
71,76
77,77
0,78
79,79
76,80
81,81
82,82
83,83
84,84
83,85
86,86
87,87
88,88
89,89
90,90
91,91
92,92
93,93
94,94
95,95
96,96
97,97
98,98
99,99
100,100
101,101
102,102
103,103
104,104
105,105
107,106
107,107
108,108
109,109
101,110
111,111
112,112
113,113
114,114
115,115
116,116
117,117
118,118
119,119
60,60
61,61
93,62
63,63
93,64
65,65
66,66
67,67
68,68
69,69
70,70
70,71
72,72
74,73
74,74
72,75
71,76
77,77
33,78
79,79
80,80
33,81
82,82
28,83
84,84
85,85
86,86
87,87
12,88
12,89
90,90
91,91
92,92
93,93
94,94
95,95
96,96
97,97
98,98
99,99
100,100
101,101
102,102
103,103
104,104
105,105
106,106
107,107
108,108
109,109
110,110
111,111
112,112
113,113
114,114
115,115
116,116
117,117
118,118
119,119
60,60
61,61
62,62
65,63
64,64
90,65
66,66
76,67
58,68
69,69
70,70
70,71
72,72
73,73
83,74
72,75
68,76
77,77
78,78
79,79
80,80
81,81
82,82
73,83
84,84
85,85
86,86
87,87
88,88
89,89
90,90
91,91
92,92
71,93
94,94
95,95
96,96
97,97
98,98
99,99
100,100
101,101
102,102
103,103
104,104
106,105
106,106
107,107
108,108
68,109
110,110
111,111
112,112
113,113
114,114
115,115
116,116
117,117
118,118
119,119
60,60
61,61
62,62
78,63
93,64
81,65
74,72
83,73
74,74
29,75
71,76
77,77
78,78
79,79
80,80
10,81
82,82
72,83
84,84
85,85
86,86
87,87
12,88
3,89
81,90
91,91
92,92
80,93
94,94
95,95
96,96
97,97
98,98
99,99
100,100
101,101
102,102
103,103
104,104
49,105
106,106
107,107
108,108
109,109
110,110
111,111
112,112
113,113
114,114
115,115
116,116
117,117
118,118
119,119
60,60
61,61
62,62
65,63
64,64
65,65
66,66
67,67
68,68
69,69
70,70
70,71
90,72
73,73
73,74
75,75
68,76
77,77
17,78
79,79
80,80
81,81
82,82
83,83
84,84
85,85
86,86
87,87
88,88
89,89
77,90
91,91
92,92
93,93
94,94
95,95
96,96
97,97
98,98
99,99
100,100
101,101
102,102
103,103
104,104
105,105
106,106
107,107
108,108
109,109
110,110
111,111
112,112
113,113
114,114
115,115
116,116
117,117
118,118
119,119
3,60
61,61
67,62
90,63
64,64
65,65
66,66
67,67
68,68
69,69
70,70
70,71
72,72
28,73
28,74
72,75
71,76
77,77
9,78
79,79
80,80
81,81
82,82
28,83
84,84
85,85
86,86
87,87
3,88
89,89
90,90
91,91
92,92
93,93
94,94
95,95
96,96
97,97
98,98
99,99
100,100
101,101
102,102
103,103
104,104
105,105
106,106
107,107
108,108
109,109
110,110
111,111
112,112
113,113
114,114
115,115
116,116
117,117
118,118
119,119
60,60
61,61
62,62
63,63
64,64
65,65
66,66
62,67
76,68
69,69
70,70
70,71
72,72
90,73
10,74
12,75
70,76
77,77
38,78
79,79
80,80
81,81
82,82
83,83
84,84
85,85
86,86
87,87
88,88
89,89
90,90
91,91
92,92
71,93
94,94
95,95
96,96
97,97
98,98
99,99
100,100
101,101
102,102
103,103
104,104
78,105
106,106
107,107
108,108
109,109
110,110
111,111
112,112
113,113
114,114
115,115
116,116
117,117
118,118
119,119
60,60
61,61
62,62
63,63
64,64
65,65
66,66
67,67
68,68
69,69
66,70
66,71
75,72
73,73
74,74
72,75
71,76
77,77
33,78
79,79
80,80
81,81
82,82
83,83
84,84
85,85
86,86
87,87
88,88
89,89
85,90
91,91
22,92
93,93
94,94
95,95
96,96
97,97
98,98
99,99
100,100
101,101
102,102
103,103
104,104
105,105
105,106
107,107
108,108
109,109
110,110
111,111
112,112
113,113
114,114
115,115
116,116
117,117
118,118
119,119
60,60
61,61
62,62
63,63
87,64
92,65
53,66
92,67
53,68
35,69
92,70
92,71
72,72
11,73
73,74
72,75
76,76
12,77
60,78
79,79
80,80
81,81
90,82
83,83
84,84
81,85
86,86
87,87
88,88
89,89
90,90
91,91
92,92
93,93
94,94
95,95
96,96
97,97
98,98
99,99
100,100
101,101
102,102
103,103
104,104
105,105
49,106
107,107
108,108
106,109
109,110
111,111
112,112
113,113
114,114
115,115
116,116
117,117
118,118
119,119
67,60
20,61
62,62
63,63
64,64
76,65
78,66
67,67
68,68
69,69
66,70
68,71
72,72
73,73
77,74
72,75
30,76
77,77
78,78
79,79
80,80
81,81
82,82
83,83
84,84
85,85
86,86
87,87
88,88
89,89
85,90
22,92
93,93
94,94
95,95
96,96
97,97
98,98
99,99
100,100
101,101
102,102
103,103
104,104
49,105
105,106
107,107
108,108
109,109
110,110
111,111
112,112
113,113
114,114
115,115
116,116
117,117
118,118
119,119
60,60
61,61
62,62
63,63
64,64
65,65
66,66
67,67
70,68
69,69
70,70
78,71
75,72
48,73
73,74
85,75
30,76
77,77
78,78
79,79
80,80
81,81
90,82
83,83
84,84
81,85
86,86
87,87
88,88
89,89
90,90
91,91
92,92
93,93
94,94
95,95
96,96
97,97
98,98
99,99
100,100
101,101
102,102
103,103
104,104
105,105
105,106
107,107
108,108
109,109
106,110
111,111
112,112
113,113
114,114
115,115
116,116
117,117
118,118
119,119
60,60
61,61
62,62
63,63
64,64
65,65
66,66
67,67
68,68
69,69
66,70
71,71
75,72
73,73
28,74
75,75
30,76
77,77
78,78
79,79
80,80
81,81
82,82
83,83
84,84
85,85
86,86
87,87
88,88
89,89
72,90
91,91
22,92
93,93
94,94
95,95
96,96
97,97
98,98
99,99
100,100
101,101
102,102
103,103
104,104
64,105
105,106
107,107
108,108
109,109
110,110
111,111
112,112
113,113
114,114
115,115
116,116
117,117
118,118
119,119
67,60
61,61
62,62
63,63
92,64
67,67
76,68
94,69
70,70
88,71
10,72
48,73
12,77
90,78
79,79
80,80
81,81
77,82
83,83
84,84
82,85
86,86
87,87
88,88
89,89
29,90
91,91
92,92
93,93
94,94
95,95
96,96
97,97
98,98
99,99
100,100
101,101
102,102
103,103
78,104
105,105
106,106
107,107
108,108
109,109
106,110
111,111
112,112
113,113
114,114
115,115
116,116
117,117
118,118
119,119
60,60
61,61
62,62
63,63
64,64
65,65
66,66
67,67
68,68
69,69
70,70
70,71
73,72
73,73
78,74
75,75
92,76
77,77
78,78
79,79
80,80
81,81
82,82
73,83
84,84
77,85
86,86
87,87
88,88
89,89
90,90
91,91
92,92
93,93
94,94
95,95
96,96
97,97
98,98
99,99
100,100
101,101
102,102
103,103
104,104
105,105
49,106
105,107
107,108
114,109
109,110
111,111
112,112
113,113
114,114
115,115
109,116
117,117
118,118
119,119
60,60
61,61
62,62
63,63
64,64
65,65
66,66
67,67
70,68
30,69
102,70
93,71
73,72
73,73
74,74
72,75
92,76
72,77
67,78
79,79
80,80
81,81
77,82
83,83
84,84
77,85
86,86
87,87
88,88
89,89
90,90
91,91
93,92
93,93
94,94
95,95
96,96
97,97
98,98
99,99
100,100
101,101
102,102
103,103
104,104
105,105
107,106
107,107
108,108
109,109
110,110
111,111
112,112
113,113
114,114
115,115
116,116
117,117
118,118
119,119
60,60
61,61
62,62
63,63
64,64
65,65
66,66
67,67
68,68
69,69
70,70
70,71
77,72
73,73
74,74
75,75
92,76
77,77
78,78
79,79
80,80
81,81
82,82
73,83
84,84
77,85
86,86
87,87
88,88
88,89
90,90
91,91
92,92
93,93
94,94
95,95
96,96
97,97
98,98
99,99
100,100
101,101
95,102
103,103
104,104
105,105
105,106
107,107
53,108
94,109
110,110
111,111
112,112
113,113
114,114
115,115
116,116
117,117
118,118
119,119
60,60
61,61
62,62
63,63
64,64
65,65
66,66
67,67
70,68
69,69
102,70
70,71
72,72
73,73
74,74
75,75
92,76
76,77
67,78
79,79
80,80
81,81
82,82
83,83
84,84
77,85
86,86
87,87
88,88
89,89
90,90
91,91
62,92
93,93
94,94
95,95
96,96
97,97
98,98
99,99
100,100
101,101
104,102
103,103
104,104
105,105
106,106
107,107
108,108
109,109
110,110
111,111
112,112
113,113
114,114
115,115
116,116
117,117
118,118
119,119
60,60
61,61
62,62
63,63
64,64
65,65
66,66
67,67
68,68
69,69
70,70
70,71
74,72
73,73
28,74
75,75
92,76
77,77
78,78
79,79
80,80
81,81
82,82
83,83
84,84
85,85
86,86
87,87
88,88
89,89
90,90
91,91
92,92
93,93
94,94
95,95
96,96
97,97
98,98
99,99
100,100
101,101
102,102
103,103
104,104
49,105
105,106
107,107
108,108
109,109
110,110
111,111
112,112
113,113
114,114
115,115
116,116
117,117
118,118
119,119
60,60
61,61
62,62
63,63
64,64
65,65
66,66
67,67
71,68
106,69
102,70
109,71
24,72
73,73
74,74
73,75
102,76
77,77
67,78
79,79
93,80
90,81
84,82
85,83
84,84
85,85
86,86
87,87
88,88
89,89
90,90
91,91
35,92
93,93
94,94
95,95
96,96
97,97
98,98
99,99
100,100
101,101
66,102
103,103
104,104
117,105
106,106
107,107
49,108
109,109
110,110
111,111
112,112
113,113
114,114
115,115
107,116
55,117
118,118
119,119
60,60
61,61
62,62
63,63
64,64
65,65
78,66
67,67
70,68
69,69
70,70
70,71
73,72
73,73
74,74
75,75
92,76
77,77
78,78
79,79
80,80
73,81
82,82
74,83
84,84
77,85
86,86
87,87
88,88
89,89
77,90
91,91
93,92
93,93
94,94
95,95
96,96
97,97
98,98
99,99
100,100
101,101
102,102
103,103
40,104
49,105
106,106
107,107
108,108
106,109
110,110
105,111
112,112
113,113
114,114
115,115
116,116
117,117
118,118
53,119
60,60
61,61
62,62
63,63
62,64
65,65
66,66
67,67
68,68
69,69
102,70
102,71
104,72
72,73
74,74
72,75
92,76
77,77
78,78
79,79
93,80
81,81
77,82
83,83
84,84
85,85
86,86
87,87
88,88
89,89
90,90
91,91
92,92
93,93
94,94
95,95
96,96
97,97
98,98
99,99
100,100
101,101
102,102
103,103
104,104
105,105
106,106
107,107
108,108
106,109
110,110
111,111
112,112
113,113
109,114
115,115
116,116
117,117
115,118
119,119
60,60
61,61
62,62
63,63
93,64
80,65
104,66
67,67
70,68
106,69
70,70
94,71
85,72
73,73
74,74
75,75
92,76
24,77
110,78
79,79
62,80
83,81
82,82
73,83
84,84
85,85
86,86
87,87
88,88
89,89
90,90
91,91
111,92
93,93
94,94
95,95
96,96
97,97
98,98
99,99
100,100
101,101
92,102
103,103
104,104
105,105
106,106
110,107
108,108
106,109
110,110
111,111
112,112
113,113
114,114
115,115
107,116
117,117
118,118
119,119
60,60
61,61
62,62
63,63
64,64
65,65
66,66
104,67
68,68
69,69
102,70
102,71
74,72
73,73
74,74
75,75
92,76
77,77
78,78
79,79
93,80
90,81
82,82
28,83
84,84
85,85
86,86
87,87
88,88
89,89
90,90
91,91
92,92
93,93
94,94
95,95
96,96
97,97
98,98
99,99
100,100
101,101
102,102
103,103
104,104
116,105
106,106
107,107
108,108
109,109
110,110
111,111
112,112
113,113
109,114
115,115
116,116
117,117
118,118
119,119
60,60
61,61
62,62
63,63
64,64
65,65
66,66
67,67
70,68
69,69
70,70
70,71
73,72
73,73
74,74
75,75
92,76
77,77
78,78
79,79
62,80
83,81
82,82
74,83
84,84
77,85
86,86
87,87
88,88
89,89
90,90
91,91
92,92
93,93
94,94
95,95
96,96
97,97
98,98
99,99
100,100
101,101
102,102
103,103
40,104
107,105
116,106
107,107
108,108
106,109
110,110
111,111
112,112
113,113
114,114
115,115
116,116
117,117
118,118
119,119
60,60
61,61
62,62
63,63
105,64
65,65
78,66
67,67
68,68
22,69
102,70
102,71
74,72
73,73
73,74
73,75
92,76
77,77
78,78
79,79
93,80
29,81
82,82
29,83
36,84
85,85
86,86
87,87
88,88
89,89
90,90
91,91
93,92
62,93
94,94
95,95
96,96
97,97
98,98
99,99
100,100
104,101
102,102
103,103
104,104
116,105
49,106
107,107
108,108
109,109
114,110
111,111
112,112
113,113
109,114
115,115
116,116
55,117
118,118
119,119
60,60
61,61
62,62
63,63
81,64
65,65
66,66
3,67
70,68
69,69
78,70
70,71
74,72
73,73
74,74
75,75
76,76
90,77
78,78
79,79
80,80
81,81
82,82
73,83
84,84
90,85
86,86
87,87
88,88
89,89
90,90
91,91
2,92
93,93
94,94
95,95
96,96
97,97
98,98
99,99
100,100
101,101
102,102
103,103
104,104
105,105
106,106
107,107
108,108
109,109
110,110
111,111
112,112
113,113
114,114
115,115
116,116
117,117
118,118
119,119
60,60
61,61
62,62
63,63
64,64
65,65
66,66
67,67
70,68
37,69
37,70
70,71
73,72
73,73
83,74
90,75
76,76
77,77
78,78
79,79
80,80
81,81
82,82
83,83
84,84
85,85
86,86
87,87
89,88
89,89
90,90
91,91
92,92
93,93
94,94
95,95
96,96
97,97
98,98
99,99
100,100
101,101
102,102
103,103
104,104
105,105
106,106
107,107
108,108
109,109
110,110
111,111
112,112
113,113
114,114
115,115
116,116
117,117
118,118
119,119
60,60
61,61
62,62
63,63
64,64
65,65
66,66
3,67
70,68
69,69
70,70
70,71
75,72
73,73
74,74
75,75
76,76
77,77
78,78
79,79
80,80
90,81
82,82
83,83
84,84
90,85
86,86
87,87
88,88
89,89
90,90
91,91
76,92
93,93
94,94
95,95
96,96
97,97
98,98
99,99
100,100
101,101
102,102
103,103
104,104
105,105
109,106
107,107
108,108
109,109
106,110
111,111
112,112
113,113
114,114
115,115
116,116
117,117
118,118
119,119
60,60
61,61
62,62
63,63
64,64
65,65
66,66
67,67
70,68
37,69
37,70
70,71
72,72
73,73
83,74
90,75
76,76
77,77
78,78
79,79
80,80
81,81
82,82
83,83
84,84
85,85
86,86
87,87
89,88
89,89
90,90
91,91
22,92
93,93
94,94
95,95
96,96
97,97
98,98
99,99
100,100
101,101
66,102
103,103
104,104
105,105
106,106
107,107
108,108
109,109
110,110
111,111
112,112
113,113
114,114
118,115
116,116
117,117
118,118
119,119
60,60
61,61
62,62
63,63
65,64
65,65
66,66
3,67
70,68
69,69
37,70
37,71
10,72
73,73
83,74
74,75
76,76
77,77
78,78
79,79
80,80
81,81
82,82
83,83
84,84
85,85
86,86
87,87
88,88
89,89
90,90
91,91
76,92
93,93
94,94
95,95
96,96
97,97
98,98
99,99
100,100
101,101
102,102
103,103
104,104
105,105
106,106
107,107
108,108
109,109
110,110
111,111
112,112
113,113
114,114
59,115
116,116
117,117
118,118
119,119
60,60
61,61
62,62
63,63
109,64
65,65
66,66
67,67
70,68
70,69
70,70
71,71
72,72
81,73
90,75
76,76
90,77
78,78
79,79
80,80
81,81
82,82
83,83
27,84
85,85
86,86
89,87
88,88
89,89
90,90
91,91
76,92
93,93
94,94
95,95
96,96
97,97
65,98
99,99
100,100
101,101
66,102
103,103
104,104
105,105
106,106
107,107
108,108
109,109
106,110
111,111
112,112
113,113
114,114
115,115
56,116
117,117
118,118
119,119
60,60
61,61
62,62
63,63
64,64
65,65
66,66
67,67
68,68
69,69
71,70
71,71
72,72
73,73
75,74
75,75
76,76
77,77
66,78
79,79
80,80
72,81
82,82
83,83
84,84
85,85
87,86
87,87
88,88
89,89
90,90
91,91
92,92
93,93
94,94
95,95
96,96
97,97
98,98
99,99
100,100
101,101
102,102
103,103
104,104
105,105
105,106
107,107
108,108
109,109
110,110
111,111
112,112
113,113
114,114
115,115
116,116
117,117
118,118
119,119
60,60
61,61
62,62
63,63
64,64
65,65
66,66
67,67
68,68
69,69
70,70
68,71
75,72
73,73
74,74
75,75
76,76
77,77
27,78
79,79
80,80
73,81
82,82
83,83
84,84
85,85
86,86
87,87
88,88
89,89
90,90
91,91
92,92
80,93
94,94
95,95
96,96
97,97
98,98
99,99
100,100
101,101
66,102
103,103
102,104
105,105
106,106
107,107
108,108
109,109
110,110
111,111
112,112
113,113
114,114
115,115
116,116
117,117
118,118
119,119
60,60
61,61
62,62
63,63
64,64
65,65
66,66
67,67
68,68
69,69
71,70
109,71
72,72
73,73
74,74
74,75
76,76
77,77
70,78
79,79
80,80
72,81
82,82
83,83
84,84
85,85
86,86
87,87
88,88
89,89
85,90
91,91
92,92
93,93
94,94
95,95
96,96
97,97
98,98
99,99
100,100
101,101
66,102
103,103
66,104
105,105
106,106
107,107
108,108
109,109
110,110
111,111
112,112
113,113
114,114
115,115
116,116
117,117
118,118
119,119
60,60
61,61
62,62
63,63
64,64
65,65
66,66
67,67
68,68
69,69
71,70
68,71
74,72
73,73
74,74
75,75
76,76
77,77
2,78
79,79
80,80
81,81
82,82
83,83
84,84
77,85
86,86
87,87
88,88
89,89
90,90
91,91
92,92
93,93
94,94
95,95
96,96
97,97
98,98
99,99
100,100
101,101
66,102
103,103
66,104
105,105
49,106
107,107
108,108
109,109
110,110
111,111
112,112
113,113
114,114
115,115
116,116
117,117
118,118
119,119
60,60
61,61
62,62
63,63
64,64
65,65
66,66
67,67
68,68
69,69
71,70
30,71
72,72
73,73
11,74
75,75
76,76
77,77
1,78
79,79
80,80
82,81
82,82
83,83
84,84
85,85
84,86
87,87
88,88
89,89
90,90
91,91
92,92
93,93
94,94
95,95
96,96
97,97
98,98
99,99
100,100
101,101
102,102
103,103
104,104
105,105
105,106
107,107
108,108
109,109
110,110
111,111
112,112
113,113
114,114
115,115
116,116
117,117
118,118
119,119
60,60
61,61
62,62
63,63
64,64
65,65
66,66
67,67
68,68
69,69
71,70
68,71
75,72
73,73
74,74
75,75
76,76
77,77
2,78
79,79
80,80
81,81
81,82
72,83
84,84
77,85
86,86
87,87
89,88
89,89
90,90
91,91
68,92
93,93
94,94
95,95
96,96
97,97
98,98
99,99
100,100
101,101
66,102
103,103
66,104
105,105
105,106
107,107
108,108
114,109
110,110
111,111
112,112
113,113
114,114
115,115
116,116
117,117
118,118
119,119
60,60
61,61
62,62
63,63
64,64
65,65
66,66
102,67
68,68
69,69
70,70
70,71
75,72
73,73
81,74
75,75
76,76
77,77
78,78
79,79
80,80
81,81
82,82
83,83
84,84
85,85
86,86
87,87
88,88
89,89
90,90
5,91
92,92
93,93
94,94
95,95
96,96
97,97
98,98
99,99
100,100
101,101
102,102
103,103
66,104
105,105
106,106
107,107
108,108
109,109
110,110
111,111
112,112
113,113
109,114
115,115
116,116
117,117
118,118
119,119
60,60
61,61
61,62
63,63
64,64
65,65
66,66
102,67
68,68
69,69
70,70
70,71
72,72
73,73
74,74
75,75
76,76
77,77
78,78
79,79
80,80
82,81
82,82
83,83
84,84
85,85
86,86
87,87
88,88
89,89
90,90
91,91
92,92
93,93
94,94
95,95
96,96
97,97
98,98
99,99
100,100
101,101
66,102
103,103
66,104
105,105
106,106
107,107
108,108
109,109
110,110
111,111
112,112
113,113
114,114
115,115
116,116
117,117
118,118
119,119
60,60
61,61
62,62
63,63
64,64
65,65
66,66
104,67
71,68
69,69
70,70
71,71
75,72
73,73
75,74
75,75
76,76
77,77
78,78
79,79
80,80
90,81
82,82
83,83
84,84
85,85
86,86
87,87
88,88
90,89
90,90
91,91
92,92
93,93
94,94
95,95
96,96
97,97
98,98
99,99
100,100
101,101
102,102
103,103
104,104
105,105
106,106
107,107
108,108
109,109
110,110
111,111
112,112
113,113
109,114
115,115
116,116
117,117
118,118
119,119
60,60
61,61
62,62
63,63
64,64
65,65
66,66
67,67
70,68
69,69
70,70
70,71
75,72
73,73
74,74
75,75
76,76
77,77
78,78
79,79
80,80
77,81
82,82
73,83
84,84
85,85
86,86
87,87
88,88
89,89
90,90
91,91
92,92
93,93
94,94
95,95
96,96
97,97
98,98
99,99
100,100
101,101
102,102
103,103
66,104
105,105
105,106
107,107
108,108
109,109
110,110
111,111
112,112
113,113
114,114
115,115
116,116
117,117
118,118
119,119
60,60
61,61
62,62
63,63
64,64
65,65
66,66
67,67
68,68
69,69
70,70
70,71
75,72
73,73
74,74
75,75
76,76
77,77
78,78
79,79
80,80
81,81
82,82
83,83
84,84
85,85
86,86
87,87
88,88
89,89
90,90
5,91
92,92
93,93
94,94
95,95
96,96
97,97
98,98
99,99
100,100
101,101
102,102
103,103
66,104
105,105
106,106
107,107
108,108
109,109
110,110
111,111
112,112
113,113
109,114
118,115
116,116
117,117
118,118
119,119
60,60
61,61
62,62
63,63
64,64
65,65
66,66
102,67
68,68
69,69
70,70
70,71
75,72
73,73
74,74
75,75
92,76
77,77
78,78
79,79
93,80
82,81
82,82
73,83
84,84
85,85
86,86
87,87
88,88
89,89
90,90
91,91
92,92
93,93
94,94
95,95
96,96
97,97
98,98
99,99
100,100
101,101
66,102
103,103
66,104
105,105
106,106
107,107
108,108
109,109
110,110
111,111
112,112
113,113
114,114
115,115
116,116
117,117
118,118
119,119
60,60
61,61
62,62
63,63
64,64
65,65
66,66
67,67
68,68
69,69
70,70
71,71
75,72
83,73
74,74
75,75
76,76
77,77
78,78
79,79
80,80
81,81
73,82
73,83
84,84
85,85
86,86
87,87
88,88
89,89
90,90
91,91
92,92
93,93
94,94
95,95
96,96
97,97
98,98
99,99
100,100
101,101
67,102
103,103
104,104
105,105
106,106
107,107
108,108
109,109
110,110
111,111
112,112
113,113
114,114
115,115
116,116
117,117
118,118
119,119
60,60
61,61
62,62
63,63
64,64
65,65
66,66
67,67
68,68
69,69
70,70
70,71
72,72
28,73
74,74
10,75
76,76
73,77
78,78
79,79
80,80
81,81
82,82
83,83
84,84
85,85
86,86
87,87
88,88
89,89
90,90
91,91
92,92
93,93
94,94
95,95
96,96
97,97
98,98
99,99
100,100
101,101
102,102
103,103
104,104
105,105
105,106
107,107
108,108
109,109
110,110
111,111
112,112
113,113
114,114
115,115
116,116
55,117
118,118
119,119
60,60
61,61
62,62
63,63
64,64
65,65
66,66
67,67
68,68
69,69
70,70
71,71
72,72
73,73
29,74
75,75
76,76
77,77
78,78
79,79
80,80
81,81
82,82
83,83
84,84
85,85
86,86
87,87
88,88
89,89
90,90
91,91
92,92
93,93
94,94
95,95
96,96
97,97
98,98
99,99
100,100
101,101
102,102
103,103
104,104
106,105
105,106
107,107
108,108
109,109
110,110
111,111
112,112
113,113
114,114
115,115
116,116
117,117
118,118
119,119
60,60
18,61
62,62
63,63
64,64
65,65
66,66
67,67
68,68
69,69
70,70
70,71
75,72
83,73
74,74
75,75
76,76
77,77
78,78
79,79
80,80
81,81
82,82
83,83
84,84
85,85
86,86
87,87
88,88
89,89
90,90
91,91
92,92
93,93
94,94
95,95
96,96
97,97
98,98
99,99
100,100
101,101
102,102
103,103
104,104
105,105
106,106
107,107
108,108
109,109
110,110
111,111
112,112
113,113
114,114
115,115
116,116
55,117
118,118
119,119
60,60
61,61
62,62
63,63
64,64
65,65
66,66
67,67
68,68
69,69
70,70
70,71
75,72
83,73
28,74
75,75
76,76
77,77
78,78
79,79
80,80
81,81
82,82
83,83
84,84
85,85
86,86
87,87
88,88
89,89
12,90
91,91
92,92
93,93
94,94
95,95
96,96
97,97
98,98
99,99
100,100
101,101
102,102
103,103
40,104
105,105
105,106
107,107
108,108
109,109
110,110
111,111
112,112
113,113
114,114
115,115
116,116
117,117
118,118
119,119
18,60
61,61
62,62
63,63
64,64
65,65
66,66
67,67
68,68
69,69
70,70
70,71
83,73
74,74
75,75
76,76
77,77
78,78
79,79
80,80
81,81
82,82
83,83
84,84
85,85
86,86
87,87
88,88
88,89
90,90
91,91
92,92
93,93
94,94
95,95
96,96
97,97
98,98
99,99
100,100
101,101
102,102
103,103
104,104
105,105
105,106
107,107
108,108
109,109
110,110
111,111
112,112
113,113
109,114
115,115
116,116
55,117
118,118
119,119
60,60
61,61
62,62
63,63
64,64
65,65
66,66
67,67
68,68
69,69
70,70
70,71
75,72
73,73
11,74
75,75
76,76
77,77
78,78
79,79
93,80
81,81
82,82
83,83
84,84
85,85
86,86
87,87
88,88
89,89
90,90
91,91
92,92
93,93
94,94
95,95
96,96
97,97
98,98
99,99
100,100
101,101
102,102
94,103
102,104
105,105
106,106
107,107
108,108
109,109
110,110
111,111
112,112
113,113
114,114
115,115
116,116
117,117
118,118
119,119
60,60
78,61
62,62
63,63
6,64
65,65
66,66
67,67
69,68
69,69
68,70
69,71
28,72
72,73
68,74
11,75
76,76
77,77
78,78
79,79
80,80
81,81
114,82
83,83
62,84
77,85
86,86
87,87
12,88
4,89
10,90
91,91
92,92
93,93
94,94
95,95
96,96
97,97
98,98
99,99
100,100
101,101
102,102
103,103
102,104
111,105
106,106
107,107
108,108
109,109
110,110
111,111
112,112
113,113
114,114
115,115
116,116
117,117
118,118
119,119
60,60
61,61
62,62
63,63
64,64
65,65
102,66
67,67
68,68
69,69
70,70
71,71
74,72
73,73
74,74
75,75
76,76
11,77
78,78
79,79
80,80
28,81
82,82
83,83
36,84
85,85
86,86
87,87
1,88
89,89
81,90
91,91
92,92
62,93
94,94
95,95
96,96
97,97
98,98
99,99
100,100
101,101
102,102
94,103
102,104
105,105
106,106
106,107
108,108
109,109
110,110
111,111
112,112
113,113
114,114
115,115
116,116
106,117
118,118
119,119
60,60
61,61
62,62
63,63
6,64
80,65
66,66
67,67
69,68
69,69
69,70
69,71
28,72
85,73
78,74
10,75
76,76
77,77
78,78
79,79
80,80
81,81
76,82
83,83
66,84
85,85
86,86
87,87
3,88
88,89
12,90
91,91
92,92
93,93
94,94
95,95
96,96
97,97
98,98
99,99
100,100
101,101
102,102
103,103
66,104
111,105
106,106
106,107
108,108
109,109
110,110
111,111
112,112
113,113
114,114
115,115
116,116
117,117
118,118
92,119
60,60
61,61
62,62
63,63
64,64
65,65
66,66
67,67
68,68
69,69
70,70
71,71
72,72
73,73
38,74
11,75
76,76
77,77
78,78
79,79
80,80
81,81
82,82
83,83
84,84
85,85
86,86
87,87
88,88
88,89
90,90
91,91
92,92
93,93
94,94
95,95
96,96
97,97
98,98
99,99
100,100
101,101
102,102
94,103
102,104
105,105
106,106
107,107
108,108
109,109
110,110
111,111
112,112
113,113
114,114
115,115
118,118
119,119
27,60
61,61
62,62
63,63
62,64
65,65
66,66
67,67
68,68
69,69
68,70
69,71
74,72
81,73
11,74
74,75
12,76
12,77
78,78
79,79
6,80
10,81
9,82
77,83
102,84
9,85
86,86
45,87
90,88
0,89
1,90
91,91
37,92
93,93
94,94
95,95
96,96
97,97
98,98
99,99
100,100
101,101
102,102
103,103
102,104
111,105
106,106
107,107
108,108
109,109
110,110
111,111
112,112
113,113
114,114
115,115
116,116
117,117
118,118
119,119
60,60
61,61
62,62
63,63
92,64
65,65
66,66
103,67
69,68
69,69
71,70
68,71
75,72
73,73
28,74
75,75
76,76
31,77
78,78
79,79
93,80
81,81
12,82
83,83
84,84
85,85
86,86
87,87
12,88
12,89
90,90
91,91
92,92
93,93
94,94
95,95
96,96
97,97
98,98
99,99
100,100
101,101
102,102
103,103
102,104
105,105
106,106
107,107
108,108
109,109
110,110
111,111
112,112
113,113
114,114
115,115
116,116
117,117
118,118
119,119
60,60
61,61
62,62
63,63
64,64
65,65
66,66
67,67
68,68
69,69
70,70
68,71
9,72
33,73
74,74
75,75
68,76
77,77
78,78
79,79
93,80
10,81
65,82
28,83
84,84
85,85
86,86
87,87
1,88
89,89
12,90
91,91
92,92
93,93
94,94
95,95
96,96
97,97
98,98
99,99
100,100
101,101
102,102
103,103
102,104
105,105
116,106
107,107
108,108
109,109
110,110
111,111
112,112
113,113
114,114
59,115
116,116
117,117
118,118
119,119
60,60
61,61
62,62
63,63
105,64
65,65
66,66
103,67
68,68
69,69
68,70
68,71
74,72
73,73
74,74
77,75
76,76
72,77
78,78
79,79
93,80
81,81
62,82
74,83
84,84
85,85
86,86
87,87
12,88
86,89
90,90
91,91
92,92
93,93
94,94
95,95
96,96
97,97
98,98
99,99
100,100
101,101
102,102
103,103
102,104
105,105
106,106
107,107
108,108
109,109
110,110
111,111
112,112
113,113
114,114
115,115
116,116
117,117
118,118
119,119
60,60
61,61
62,62
63,63
64,64
65,65
66,66
67,67
68,68
69,69
70,70
68,71
74,72
73,73
74,74
75,75
76,76
82,77
78,78
79,79
93,80
81,81
65,82
74,83
84,84
85,85
86,86
87,87
1,88
90,89
12,90
91,91
92,92
93,93
94,94
95,95
96,96
97,97
98,98
99,99
100,100
101,101
102,102
103,103
66,104
105,105
107,106
107,107
108,108
109,109
110,110
111,111
112,112
113,113
114,114
115,115
116,116
117,117
118,118
119,119
60,60
61,61
62,62
63,63
92,64
65,65
66,66
103,67
69,68
69,69
69,70
69,71
72,72
73,73
74,74
75,75
76,76
77,77
78,78
79,79
93,80
81,81
31,82
28,83
84,84
85,85
86,86
87,87
12,88
89,89
85,90
91,91
92,92
93,93
94,94
95,95
96,96
97,97
98,98
99,99
100,100
101,101
37,102
103,103
66,104
105,105
106,106
107,107
108,108
53,109
110,110
111,111
112,112
113,113
114,114
115,115
116,116
55,117
118,118
119,119
60,60
61,61
103,62
63,63
64,64
65,65
104,66
67,67
68,68
69,69
37,70
70,71
114,72
77,73
74,74
85,75
30,76
77,77
78,78
79,79
93,80
90,81
31,82
74,83
84,84
77,85
86,86
87,87
84,88
89,89
12,90
91,91
92,92
93,93
94,94
95,95
96,96
97,97
98,98
99,99
100,100
101,101
102,102
103,103
66,104
105,105
107,106
110,107
108,108
109,109
110,110
111,111
112,112
113,113
114,114
115,115
116,116
55,117
118,118
119,119
60,60
61,61
62,62
63,63
93,64
65,65
66,66
67,67
69,68
69,69
70,70
70,71
75,72
73,73
74,74
75,75
76,76
77,77
78,78
79,79
93,80
81,81
82,82
83,83
84,84
85,85
86,86
87,87
90,88
89,89
90,90
91,91
92,92
93,93
94,94
95,95
96,96
97,97
98,98
99,99
100,100
99,101
102,102
103,103
102,104
116,105
107,106
107,107
108,108
109,109
110,110
111,111
112,112
113,113
114,114
115,115
116,116
117,117
118,118
119,119
60,60
61,61
62,62
63,63
93,64
65,65
66,66
67,67
68,68
69,69
68,70
70,71
72,72
73,73
9,74
75,75
33,76
77,77
78,78
79,79
93,80
81,81
82,82
83,83
84,84
85,85
86,86
93,87
89,88
89,89
12,90
91,91
92,92
93,93
94,94
95,95
96,96
97,97
98,98
99,99
100,100
101,101
102,102
103,103
102,104
105,105
106,106
107,107
108,108
109,109
110,110
111,111
112,112
113,113
114,114
115,115
116,116
117,117
118,118
119,119
60,60
61,61
103,62
63,63
93,64
65,65
66,66
67,67
68,68
69,69
70,70
70,71
72,72
73,73
28,74
75,75
76,76
77,77
78,78
79,79
93,80
81,81
82,82
83,83
84,84
85,85
86,86
87,87
88,88
89,89
90,90
91,91
92,92
93,93
94,94
95,95
96,96
97,97
98,98
99,99
100,100
99,101
71,102
103,103
102,104
105,105
110,106
107,107
108,108
114,109
110,110
111,111
112,112
113,113
114,114
115,115
116,116
117,117
107,118
119,119
60,60
61,61
62,62
63,63
64,64
65,65
66,66
67,67
68,68
69,69
68,70
66,71
75,72
73,73
74,74
72,75
76,76
77,77
78,78
79,79
93,80
81,81
82,82
83,83
84,84
85,85
86,86
1,87
89,88
89,89
85,90
91,91
92,92
93,93
94,94
95,95
96,96
97,97
98,98
99,99
16,100
101,101
102,102
103,103
102,104
105,105
106,106
107,107
108,108
109,109
110,110
111,111
112,112
113,113
114,114
115,115
116,116
117,117
118,118
119,119
60,60
61,61
62,62
15,63
64,64
65,65
66,66
67,67
69,68
69,69
70,70
70,71
10,72
73,73
28,74
75,75
76,76
77,77
78,78
79,79
93,80
81,81
82,82
83,83
84,84
85,85
86,86
87,87
88,88
89,89
90,90
41,91
92,92
93,93
94,94
95,95
96,96
97,97
98,98
99,99
5,100
101,101
67,102
103,103
102,104
111,105
106,106
107,107
108,108
109,109
110,110
111,111
112,112
113,113
114,114
115,115
116,116
117,117
118,118
119,119
94,60
61,61
62,62
47,63
93,64
65,65
69,66
36,67
71,68
30,69
71,70
71,71
72,72
73,73
33,74
10,75
33,76
31,77
78,78
79,79
93,80
12,81
10,82
83,83
84,84
12,85
86,86
14,87
86,88
89,89
12,90
91,91
94,92
93,93
94,94
66,95
93,96
97,97
98,98
99,99
100,100
23,101
102,102
103,103
102,104
105,105
107,106
107,107
108,108
109,109
110,110
111,111
112,112
113,113
114,114
115,115
116,116
117,117
118,118
119,119
60,60
61,61
62,62
63,63
64,64
65,65
66,66
67,67
68,68
69,69
70,70
70,71
72,72
83,73
74,74
75,75
76,76
83,77
78,78
79,79
80,80
81,81
82,82
83,83
84,84
85,85
86,86
87,87
88,88
89,89
90,90
91,91
92,92
93,93
94,94
95,95
96,96
97,97
98,98
99,99
100,100
101,101
102,102
94,103
27,104
105,105
106,106
107,107
108,108
109,109
110,110
111,111
112,112
113,113
53,114
115,115
116,116
117,117
118,118
119,119
60,60
61,61
62,62
63,63
64,64
65,65
66,66
67,67
68,68
69,69
76,70
70,71
28,72
83,73
74,74
73,75
76,76
83,77
78,78
79,79
68,80
82,81
82,82
28,83
84,84
85,85
86,86
87,87
88,88
89,89
90,90
91,91
92,92
93,93
94,94
95,95
96,96
97,97
98,98
99,99
100,100
101,101
102,102
103,103
104,104
105,105
106,106
107,107
108,108
109,109
110,110
111,111
112,112
113,113
114,114
107,115
116,116
117,117
118,118
119,119
60,60
61,61
62,62
63,63
96,64
65,65
66,66
67,67
68,68
69,69
70,70
70,71
77,72
74,73
74,74
72,75
76,76
77,77
66,78
79,79
80,80
81,81
82,82
83,83
84,84
85,85
86,86
87,87
88,88
90,89
73,90
91,91
92,92
93,93
94,94
95,95
96,96
97,97
98,98
99,99
100,100
101,101
102,102
103,103
37,104
105,105
106,106
107,107
108,108
109,109
110,110
111,111
112,112
113,113
114,114
115,115
116,116
117,117
118,118
119,119
60,60
61,61
62,62
63,63
64,64
65,65
66,66
67,67
68,68
69,69
76,70
70,71
81,72
28,73
74,74
75,75
76,76
82,77
78,78
79,79
68,80
81,81
82,82
83,83
84,84
85,85
87,86
87,87
88,88
89,89
90,90
91,91
92,92
93,93
94,94
95,95
96,96
97,97
99,98
99,99
100,100
101,101
102,102
103,103
104,104
105,105
106,106
107,107
108,108
105,109
110,110
111,111
112,112
113,113
114,114
115,115
116,116
117,117
118,118
119,119
60,60
61,61
62,62
63,63
64,64
65,65
66,66
67,67
71,68
69,69
70,70
70,71
81,72
74,73
11,74
11,75
76,76
83,77
78,78
79,79
80,80
81,81
82,82
83,83
84,84
85,85
86,86
87,87
90,88
89,89
81,90
91,91
92,92
93,93
94,94
95,95
96,96
97,97
98,98
99,99
100,100
101,101
102,102
103,103
27,104
105,105
106,106
107,107
108,108
109,109
110,110
111,111
112,112
113,113
114,114
115,115
116,116
117,117
118,118
119,119
60,60
61,61
62,62
63,63
64,64
65,65
66,66
67,67
68,68
69,69
76,70
70,71
72,72
73,73
74,74
72,75
76,76
83,77
78,78
79,79
68,80
82,81
82,82
28,83
84,84
85,85
86,86
87,87
88,88
89,89
90,90
91,91
92,92
93,93
94,94
95,95
96,96
97,97
98,98
99,99
100,100
101,101
66,102
103,103
104,104
105,105
106,106
107,107
108,108
105,109
110,110
111,111
112,112
113,113
114,114
115,115
116,116
117,117
118,118
119,119
60,60
61,61
62,62
63,63
64,64
65,65
66,66
67,67
68,68
69,69
92,70
71,71
74,72
83,73
28,74
72,75
71,76
83,77
78,78
79,79
71,80
73,81
83,82
83,83
84,84
85,85
86,86
87,87
88,88
89,89
90,90
41,91
92,92
92,93
94,94
95,95
96,96
97,97
98,98
99,99
100,100
101,101
102,102
103,103
104,104
106,105
106,106
107,107
108,108
109,109
110,110
111,111
112,112
113,113
114,114
115,115
116,116
117,117
118,118
119,119
60,60
61,61
62,62
63,63
64,64
65,65
66,66
67,67
70,68
69,69
92,70
92,71
90,72
73,73
74,74
72,75
71,76
74,77
66,78
79,79
80,80
81,81
82,82
83,83
1,84
62,85
86,86
87,87
88,88
89,89
90,90
5,91
92,92
93,93
94,94
95,95
96,96
97,97
98,98
99,99
100,100
101,101
102,102
103,103
104,104
105,105
106,106
107,107
108,108
109,109
110,110
111,111
112,112
113,113
114,114
115,115
116,116
117,117
118,118
119,119
60,60
61,61
62,62
63,63
64,64
65,65
66,66
67,67
68,68
69,69
70,70
70,71
77,72
73,73
74,74
72,75
76,76
83,77
78,78
79,79
68,80
72,81
82,82
83,83
84,84
85,85
86,86
87,87
88,88
89,89
90,90
41,91
92,92
93,93
94,94
95,95
96,96
97,97
98,98
99,99
100,100
101,101
102,102
103,103
104,104
105,105
109,106
107,107
52,108
109,109
110,110
111,111
112,112
113,113
114,114
115,115
116,116
117,117
118,118
119,119
60,60
61,61
62,62
63,63
64,64
65,65
66,66
67,67
68,68
69,69
70,70
92,71
72,72
73,73
74,74
72,75
76,76
74,77
78,78
79,79
80,80
81,81
82,82
82,83
84,84
4,85
86,86
87,87
88,88
89,89
90,90
91,91
92,92
93,93
94,94
95,95
96,96
97,97
98,98
99,99
100,100
101,101
102,102
103,103
104,104
106,105
106,106
107,107
108,108
109,109
110,110
111,111
112,112
113,113
114,114
115,115
116,116
117,117
118,118
119,119
60,60
61,61
62,62
63,63
64,64
65,65
78,66
67,67
68,68
69,69
92,70
70,71
68,72
83,73
74,74
77,75
76,76
77,77
78,78
79,79
80,80
73,81
83,82
83,83
84,84
85,85
86,86
87,87
88,88
89,89
90,90
41,91
92,92
93,93
94,94
95,95
96,96
97,97
98,98
99,99
100,100
101,101
102,102
103,103
104,104
106,105
106,106
107,107
108,108
55,109
110,110
111,111
112,112
113,113
114,114
115,115
116,116
117,117
118,118
119,119
60,60
61,61
62,62
63,63
76,64
65,65
66,66
67,67
68,68
69,69
92,70
92,71
72,72
73,73
74,74
72,75
71,76
83,77
102,78
79,79
80,80
81,81
83,82
83,83
84,84
73,85
86,86
87,87
88,88
90,89
90,90
5,91
76,92
71,93
94,94
95,95
96,96
97,97
98,98
99,99
100,100
101,101
102,102
103,103
66,104
116,105
106,106
107,107
108,108
109,109
110,110
111,111
112,112
113,113
114,114
115,115
116,116
117,117
118,118
119,119
60,60
61,61
62,62
63,63
64,64
65,65
66,66
67,67
68,68
69,69
70,70
70,71
75,72
73,73
74,74
75,75
76,76
77,77
78,78
79,79
80,80
82,81
83,82
83,83
84,84
85,85
86,86
87,87
88,88
89,89
90,90
91,91
92,92
93,93
94,94
95,95
96,96
97,97
98,98
99,99
100,100
101,101
102,102
103,103
78,104
105,105
106,106
107,107
108,108
106,109
110,110
111,111
112,112
113,113
114,114
115,115
116,116
117,117
118,118
119,119
60,60
61,61
62,62
63,63
64,64
65,65
66,66
67,67
68,68
69,69
71,70
70,71
72,72
73,73
74,74
75,75
76,76
77,77
78,78
79,79
80,80
72,81
82,82
83,83
78,84
85,85
86,86
87,87
88,88
88,89
90,90
91,91
92,92
93,93
94,94
95,95
96,96
97,97
98,98
99,99
100,100
101,101
43,102
103,103
104,104
105,105
107,106
107,107
108,108
109,109
110,110
111,111
112,112
113,113
114,114
115,115
116,116
117,117
118,118
119,119
60,60
61,61
62,62
63,63
64,64
65,65
66,66
67,67
68,68
69,69
70,70
70,71
72,72
73,73
74,74
74,75
76,76
77,77
78,78
79,79
80,80
82,81
82,82
83,83
84,84
85,85
86,86
87,87
88,88
89,89
90,90
91,91
92,92
93,93
94,94
95,95
96,96
97,97
98,98
99,99
100,100
101,101
102,102
103,103
67,104
105,105
106,106
107,107
108,108
105,109
110,110
111,111
119,112
113,113
114,114
115,115
116,116
111,117
118,118
119,119
60,60
61,61
62,62
63,63
64,64
65,65
104,66
67,67
68,68
69,69
71,70
71,71
75,72
73,73
74,74
75,75
76,76
77,77
78,78
79,79
80,80
72,81
82,82
83,83
84,84
85,85
86,86
87,87
88,88
89,89
90,90
91,91
92,92
93,93
94,94
95,95
96,96
97,97
98,98
99,99
100,100
101,101
67,102
103,103
104,104
105,105
106,106
107,107
108,108
109,109
110,110
111,111
112,112
113,113
114,114
115,115
116,116
117,117
118,118
119,119
60,60
61,61
62,62
63,63
64,64
65,65
66,66
67,67
68,68
69,69
70,70
70,71
75,72
73,73
74,74
75,75
76,76
77,77
78,78
79,79
80,80
82,81
83,82
83,83
84,84
85,85
86,86
87,87
88,88
89,89
90,90
91,91
92,92
93,93
94,94
95,95
96,96
97,97
98,98
99,99
100,100
101,101
102,102
103,103
2,104
105,105
106,106
107,107
108,108
109,109
110,110
111,111
112,112
113,113
114,114
115,115
116,116
117,117
118,118
119,119
60,60
61,61
62,62
63,63
64,64
65,65
66,66
67,67
68,68
69,69
31,70
70,71
75,72
73,73
74,74
75,75
76,76
82,77
78,78
79,79
80,80
11,81
82,82
83,83
84,84
85,85
86,86
87,87
89,88
89,89
90,90
91,91
4,92
93,93
94,94
95,95
96,96
97,97
98,98
99,99
100,100
101,101
110,102
103,103
104,104
105,105
107,106
107,107
108,108
55,109
110,110
111,111
112,112
113,113
114,114
115,115
116,116
117,117
118,118
119,119
60,60
61,61
62,62
63,63
64,64
65,65
66,66
67,67
68,68
69,69
76,70
71,71
72,72
73,73
74,74
75,75
76,76
77,77
78,78
79,79
80,80
81,81
82,82
83,83
84,84
85,85
86,86
87,87
88,88
89,89
90,90
91,91
92,92
93,93
94,94
95,95
96,96
97,97
63,98
99,99
100,100
101,101
104,102
96,103
104,104
105,105
106,106
107,107
108,108
114,109
110,110
111,111
112,112
113,113
114,114
115,115
116,116
117,117
118,118
119,119
60,60
61,61
62,62
63,63
64,64
63,65
66,66
67,67
68,68
69,69
70,70
71,71
11,72
83,73
28,74
75,75
71,76
77,77
104,78
79,79
80,80
12,81
82,82
74,83
84,84
85,85
86,86
87,87
88,88
89,89
90,90
91,91
92,92
93,93
94,94
95,95
96,96
97,97
115,98
99,99
100,100
101,101
66,102
103,103
104,104
105,105
106,106
107,107
108,108
109,109
110,110
111,111
112,112
113,113
114,114
115,115
116,116
117,117
118,118
119,119
64,64
65,65
66,66
67,67
68,68
69,69
76,70
71,71
72,72
73,73
74,74
75,75
68,76
77,77
78,78
79,79
80,80
75,81
82,82
72,83
84,84
85,85
86,86
87,87
88,88
24,89
90,90
91,91
92,92
93,93
94,94
95,95
96,96
97,97
63,98
99,99
100,100
101,101
104,102
103,103
104,104
105,105
106,106
107,107
108,108
109,109
110,110
111,111
112,112
113,113
114,114
115,115
116,116
117,117
118,118
119,119
60,60
61,61
62,62
63,63
64,64
65,65
104,66
67,67
68,68
69,69
71,70
71,71
75,72
73,73
73,74
75,75
68,76
77,77
104,78
79,79
80,80
75,81
82,82
74,83
102,84
85,85
86,86
87,87
88,88
89,89
90,90
91,91
92,92
93,93
94,94
95,95
96,96
97,97
98,98
99,99
100,100
101,101
104,102
103,103
104,104
105,105
106,106
107,107
108,108
109,109
110,110
111,111
112,112
113,113
114,114
115,115
116,116
117,117
118,118
119,119
60,60
61,61
62,62
63,63
64,64
65,65
66,66
67,67
68,68
69,69
71,70
71,71
72,72
73,73
74,74
75,75
76,76
77,77
78,78
79,79
80,80
75,81
82,82
83,83
84,84
85,85
86,86
87,87
88,88
89,89
90,90
91,91
92,92
93,93
94,94
95,95
96,96
97,97
63,98
99,99
100,100
101,101
104,102
96,103
104,104
105,105
106,106
107,107
108,108
109,109
110,110
111,111
112,112
113,113
114,114
115,115
116,116
117,117
118,118
119,119
60,60
61,61
62,62
63,63
64,64
65,65
101,66
37,67
68,68
69,69
70,70
70,71
75,72
74,73
74,74
11,75
92,76
83,77
78,78
79,79
80,80
81,81
82,82
83,83
66,84
85,85
86,86
87,87
88,88
88,89
90,90
91,91
92,92
93,93
94,94
95,95
96,96
97,97
41,98
99,99
100,100
23,101
104,102
103,103
104,104
107,105
106,106
107,107
108,108
109,109
110,110
111,111
112,112
113,113
114,114
115,115
116,116
117,117
118,118
119,119
61,61
62,62
63,63
64,64
65,65
66,66
67,67
68,68
69,69
70,70
71,71
75,72
73,73
74,74
75,75
76,76
77,77
76,78
79,79
80,80
81,81
82,82
83,83
84,84
85,85
86,86
87,87
88,88
89,89
90,90
91,91
92,92
93,93
94,94
95,95
96,96
97,97
98,98
99,99
100,100
101,101
102,102
103,103
104,104
105,105
106,106
107,107
108,108
109,109
110,110
111,111
112,112
113,113
114,114
115,115
116,116
117,117
118,118
119,119
60,60
61,61
62,62
63,63
64,64
65,65
66,66
67,67
68,68
69,69
70,70
71,71
72,72
73,73
74,74
72,75
76,76
77,77
78,78
79,79
80,80
81,81
82,82
27,83
84,84
85,85
86,86
87,87
88,88
89,89
77,90
91,91
92,92
93,93
94,94
95,95
96,96
97,97
98,98
99,99
100,100
101,101
66,102
103,103
104,104
106,105
106,106
107,107
108,108
109,109
110,110
111,111
112,112
113,113
114,114
115,115
116,116
117,117
118,118
119,119
61,61
71,62
63,63
64,64
73,65
66,66
67,67
68,68
69,69
70,70
71,71
72,72
73,73
74,74
75,75
76,76
77,77
78,78
79,79
80,80
81,81
82,82
77,83
84,84
85,85
86,86
87,87
88,88
89,89
90,90
91,91
92,92
93,93
94,94
95,95
96,96
97,97
98,98
99,99
100,100
101,101
102,102
103,103
66,104
105,105
106,106
107,107
108,108
109,109
110,110
111,111
112,112
113,113
114,114
115,115
116,116
117,117
118,118
119,119
60,60
61,61
62,62
63,63
64,64
65,65
66,66
67,67
68,68
69,69
71,70
71,71
72,72
73,73
74,74
72,75
76,76
77,77
78,78
79,79
80,80
81,81
82,82
77,83
84,84
85,85
86,86
87,87
88,88
89,89
77,90
91,91
92,92
93,93
94,94
95,95
96,96
97,97
98,98
99,99
100,100
101,101
102,102
103,103
104,104
105,105
106,106
107,107
108,108
109,109
110,110
111,111
112,112
113,113
114,114
115,115
116,116
117,117
107,118
119,119
61,61
62,62
63,63
64,64
65,65
66,66
67,67
68,68
69,69
70,70
71,71
75,72
73,73
74,74
75,75
76,76
77,77
78,78
79,79
80,80
81,81
82,82
83,83
84,84
85,85
86,86
87,87
88,88
89,89
77,90
91,91
92,92
93,93
94,94
95,95
96,96
97,97
98,98
99,99
100,100
101,101
102,102
103,103
104,104
105,105
106,106
107,107
108,108
109,109
110,110
111,111
112,112
113,113
114,114
115,115
116,116
117,117
118,118
119,119
62,62
63,63
64,64
65,65
66,66
104,67
68,68
69,69
70,70
71,71
72,72
92,73
73,74
75,75
93,76
77,77
70,78
79,79
80,80
81,81
82,82
83,83
84,84
85,85
86,86
87,87
88,88
88,89
77,90
91,91
52,92
93,93
94,94
95,95
96,96
97,97
98,98
99,99
100,100
101,101
66,102
103,103
104,104
105,105
107,106
107,107
108,108
109,109
110,110
111,111
112,112
113,113
114,114
115,115
116,116
117,117
118,118
119,119
60,60
61,61
62,62
63,63
64,64
65,65
66,66
67,67
70,68
69,69
70,70
70,71
75,72
73,73
74,74
75,75
76,76
77,77
78,78
79,79
80,80
75,81
82,82
83,83
84,84
85,85
86,86
87,87
88,88
89,89
90,90
91,91
92,92
93,93
94,94
95,95
96,96
97,97
98,98
99,99
100,100
101,101
104,102
103,103
104,104
105,105
106,106
107,107
108,108
109,109
110,110
111,111
112,112
113,113
114,114
115,115
116,116
117,117
118,118
119,119
60,60
61,61
62,62
63,63
64,64
65,65
66,66
67,67
68,68
69,69
70,70
71,71
72,72
73,73
11,74
75,75
76,76
77,77
104,78
79,79
80,80
81,81
73,82
83,83
84,84
85,85
86,86
87,87
88,88
89,89
90,90
110,91
92,92
62,93
94,94
95,95
96,96
97,97
98,98
99,99
100,100
101,101
104,102
103,103
104,104
105,105
106,106
107,107
108,108
114,109
110,110
111,111
112,112
113,113
114,114
115,115
116,116
117,117
118,118
119,119
60,60
61,61
62,62
63,63
64,64
66,66
67,67
70,68
69,69
70,70
70,71
29,72
73,73
74,74
75,75
76,76
77,77
78,78
79,79
80,80
72,81
73,82
83,83
84,84
85,85
86,86
87,87
88,88
89,89
90,90
91,91
92,92
93,93
94,94
95,95
96,96
97,97
98,98
99,99
100,100
101,101
104,102
103,103
104,104
105,105
106,106
107,107
108,108
109,109
110,110
111,111
112,112
113,113
114,114
115,115
116,116
117,117
118,118
119,119
60,60
61,61
62,62
63,63
64,64
65,65
66,66
67,67
68,68
69,69
70,70
71,71
75,72
73,73
74,74
75,75
76,76
77,77
78,78
79,79
80,80
81,81
83,82
83,83
84,84
85,85
86,86
87,87
88,88
89,89
90,90
73,91
92,92
62,93
94,94
95,95
66,96
97,97
98,98
99,99
100,100
101,101
104,102
103,103
104,104
106,105
106,106
116,107
108,108
109,109
110,110
111,111
64,112
113,113
114,114
115,115
116,116
117,117
118,118
119,119
60,60
61,61
62,62
63,63
64,64
64,65
66,66
67,67
68,68
69,69
70,70
70,71
75,72
73,73
74,74
73,75
71,76
77,77
78,78
79,79
80,80
10,81
82,82
83,83
84,84
85,85
8,86
87,87
88,88
89,89
90,90
91,91
92,92
20,93
94,94
95,95
96,96
97,97
25,98
99,99
100,100
101,101
104,102
103,103
104,104
105,105
106,106
107,107
108,108
53,109
110,110
111,111
93,112
113,113
114,114
115,115
116,116
117,117
118,118
119,119
60,60
61,61
111,62
63,63
64,64
65,65
104,66
104,67
66,68
69,69
70,70
69,71
10,72
73,73
11,74
75,75
64,76
78,78
79,79
80,80
81,81
82,82
83,83
84,84
85,85
86,86
87,87
88,88
88,89
90,90
91,91
76,92
93,93
94,94
95,95
96,96
97,97
98,98
99,99
100,100
77,101
104,102
103,103
104,104
106,105
107,106
118,107
108,108
114,109
116,110
111,111
112,112
113,113
114,114
59,115
116,116
117,117
118,118
119,119
60,60
61,61
62,62
63,63
64,64
65,65
66,66
67,67
68,68
69,69
70,70
70,71
75,72
73,73
74,74
75,75
111,76
77,77
78,78
79,79
80,80
10,81
82,82
83,83
84,84
85,85
86,86
87,87
88,88
89,89
90,90
79,91
92,92
93,93
94,94
95,95
96,96
97,97
98,98
99,99
100,100
101,101
102,102
103,103
104,104
105,105
105,106
107,107
108,108
109,109
110,110
111,111
112,112
113,113
114,114
115,115
116,116
117,117
118,118
119,119
60,60
61,61
62,62
63,63
64,64
65,65
66,66
67,67
68,68
69,69
70,70
71,71
75,72
73,73
74,74
75,75
76,76
77,77
104,78
79,79
80,80
81,81
81,82
83,83
84,84
85,85
86,86
87,87
88,88
89,89
90,90
91,91
92,92
6,93
94,94
95,95
96,96
97,97
98,98
99,99
100,100
101,101
102,102
103,103
104,104
105,105
106,106
107,107
108,108
109,109
110,110
111,111
112,112
113,113
114,114
115,115
116,116
117,117
118,118
119,119
60,60
61,61
62,62
63,63
64,64
65,65
66,66
67,67
68,68
69,69
70,70
70,71
75,72
73,73
74,74
75,75
111,76
77,77
78,78
79,79
80,80
72,81
82,82
83,83
84,84
85,85
86,86
87,87
88,88
88,89
90,90
91,91
92,92
93,93
94,94
95,95
96,96
97,97
98,98
99,99
100,100
101,101
102,102
103,103
104,104
105,105
105,106
107,107
108,108
109,109
110,110
111,111
112,112
113,113
114,114
115,115
116,116
117,117
118,118
119,119
60,60
61,61
62,62
63,63
64,64
65,65
40,66
67,67
68,68
69,69
70,70
71,71
75,72
73,73
74,74
11,75
76,76
77,77
78,78
79,79
80,80
81,81
82,82
83,83
84,84
85,85
86,86
87,87
88,88
89,89
90,90
91,91
92,92
76,93
94,94
95,95
96,96
97,97
98,98
99,99
100,100
101,101
102,102
103,103
104,104
105,105
114,106
107,107
108,108
109,109
110,110
111,111
112,112
113,113
114,114
115,115
116,116
117,117
118,118
119,119
60,60
61,61
62,62
63,63
64,64
65,65
66,66
67,67
68,68
69,69
70,70
70,71
10,72
73,73
74,74
75,75
76,76
77,77
78,78
79,79
80,80
75,81
82,82
83,83
84,84
85,85
86,86
87,87
88,88
89,89
90,90
91,91
92,92
93,93
94,94
95,95
96,96
97,97
98,98
99,99
100,100
101,101
102,102
103,103
104,104
105,105
105,106
107,107
108,108
109,109
110,110
111,111
112,112
113,113
114,114
115,115
116,116
117,117
118,118
119,119
60,60
61,61
62,62
63,63
64,64
65,65
17,66
104,67
68,68
68,69
102,70
93,71
75,72
73,73
11,74
75,75
71,76
77,77
78,78
79,79
80,80
81,81
82,82
83,83
84,84
77,85
84,86
87,87
88,88
88,89
90,90
91,91
92,92
93,93
94,94
95,95
96,96
97,97
98,98
99,99
100,100
101,101
66,102
103,103
104,104
105,105
106,106
107,107
108,108
109,109
110,110
111,111
112,112
113,113
114,114
115,115
116,116
117,117
118,118
119,119
60,60
61,61
62,62
63,63
64,64
65,65
66,66
67,67
76,68
69,69
71,70
70,71
77,72
73,73
74,74
75,75
76,76
77,77
78,78
79,79
80,80
81,81
82,82
83,83
84,84
85,85
86,86
87,87
88,88
89,89
90,90
91,91
92,92
93,93
94,94
95,95
96,96
97,97
98,98
99,99
100,100
101,101
102,102
21,103
104,104
105,105
106,106
107,107
108,108
109,109
110,110
111,111
112,112
113,113
109,114
115,115
116,116
117,117
118,118
119,119
60,60
61,61
62,62
63,63
64,64
65,65
66,66
67,67
71,68
69,69
71,70
70,71
73,72
74,73
74,74
10,75
76,76
77,77
78,78
79,79
80,80
81,81
90,82
83,83
84,84
85,85
86,86
87,87
88,88
89,89
90,90
91,91
92,92
93,93
94,94
95,95
96,96
97,97
98,98
99,99
100,100
101,101
102,102
103,103
104,104
105,105
106,106
107,107
108,108
109,109
110,110
111,111
112,112
113,113
114,114
115,115
116,116
117,117
118,118
119,119
60,60
61,61
62,62
63,63
64,64
65,65
86,67
71,68
69,69
71,70
66,71
74,72
73,73
74,74
75,75
76,76
77,77
78,78
79,79
80,80
90,81
82,82
77,83
84,84
85,85
86,86
87,87
88,88
89,89
90,90
91,91
105,92
93,93
94,94
95,95
96,96
97,97
98,98
99,99
100,100
101,101
104,102
21,103
104,104
105,105
106,106
107,107
108,108
109,109
110,110
111,111
112,112
113,113
109,114
115,115
116,116
117,117
118,118
119,119
60,60
61,61
62,62
63,63
64,64
65,65
102,66
67,67
68,68
69,69
71,70
71,71
74,72
73,73
74,74
75,75
76,76
77,77
78,78
79,79
80,80
81,81
33,82
90,83
84,84
85,85
86,86
87,87
88,88
89,89
90,90
91,91
92,92
93,93
94,94
95,95
96,96
97,97
98,98
99,99
100,100
101,101
102,102
21,103
68,104
114,105
108,106
107,107
108,108
109,109
110,110
111,111
112,112
113,113
114,114
115,115
116,116
117,117
107,118
119,119
17,60
18,61
62,62
63,63
64,64
65,65
102,66
67,67
30,68
69,69
71,70
70,71
74,72
73,73
74,74
75,75
80,76
77,77
78,78
79,79
80,80
90,81
82,82
83,83
84,84
81,85
86,86
87,87
88,88
89,89
90,90
91,91
92,92
93,93
94,94
95,95
96,96
97,97
98,98
101,99
100,100
101,101
102,102
21,103
104,104
105,105
106,106
107,107
108,108
109,109
110,110
111,111
112,112
113,113
109,114
115,115
116,116
117,117
118,118
119,119
104,60
61,61
62,62
64,63
93,64
65,65
66,66
67,67
70,68
69,69
70,70
71,71
77,72
90,73
73,74
75,75
71,76
90,77
78,78
79,79
80,80
81,81
78,82
83,83
84,84
85,85
86,86
87,87
88,88
89,89
90,90
92,92
93,93
95,95
96,96
97,97
98,98
99,99
100,100
101,101
93,102
103,103
102,104
105,105
108,106
107,107
108,108
109,109
116,110
111,111
112,112
113,113
114,114
115,115
116,116
117,117
118,118
119,119
60,60
61,61
62,62
63,63
64,64
65,65
66,66
67,67
66,68
69,69
70,70
70,71
77,72
74,73
74,74
75,75
76,76
77,77
78,78
79,79
80,80
72,81
73,82
28,83
84,84
85,85
86,86
87,87
88,88
88,89
90,90
55,91
92,92
93,93
94,94
95,95
96,96
97,97
98,98
99,99
100,100
101,101
102,102
103,103
66,104
108,105
106,106
107,107
108,108
109,109
110,110
111,111
112,112
118,113
114,114
115,115
116,116
117,117
118,118
119,119
60,60
61,61
62,62
63,63
64,64
65,65
102,66
67,67
70,68
69,69
70,70
70,71
72,72
28,73
74,74
75,75
76,76
77,77
104,78
79,79
80,80
82,81
82,82
28,83
84,84
85,85
86,86
87,87
110,88
89,89
83,90
15,91
92,92
93,93
94,94
95,95
96,96
97,97
98,98
99,99
100,100
101,101
102,102
103,103
104,104
106,105
106,106
107,107
108,108
109,109
110,110
111,111
112,112
113,113
114,114
115,115
116,116
117,117
118,118
119,119
60,60
61,61
62,62
63,63
64,64
65,65
66,66
67,67
66,68
69,69
66,70
70,71
72,72
73,73
28,74
75,75
76,76
77,77
78,78
79,79
80,80
90,81
108,82
29,83
84,84
85,85
86,86
87,87
88,88
88,89
90,90
91,91
92,92
93,93
94,94
95,95
96,96
97,97
98,98
101,99
100,100
101,101
102,102
103,103
102,104
111,105
106,106
107,107
108,108
109,109
110,110
111,111
112,112
113,113
114,114
115,115
49,116
117,117
118,118
119,119
60,60
61,61
62,62
63,63
64,64
65,65
66,66
67,67
70,68
69,69
70,70
70,71
75,72
28,73
78,74
75,75
76,76
77,77
66,78
79,79
80,80
82,81
82,82
29,83
84,84
85,85
86,86
87,87
110,88
16,89
4,90
16,91
92,92
93,93
94,94
95,95
96,96
97,97
98,98
99,99
100,100
101,101
66,102
103,103
102,104
106,105
106,106
107,107
108,108
109,109
110,110
111,111
112,112
113,113
114,114
59,115
116,116
117,117
118,118
119,119
60,60
61,61
106,62
63,63
106,64
65,65
66,66
106,67
68,68
106,69
70,70
106,71
77,72
28,73
28,74
72,75
76,76
77,77
78,78
79,79
80,80
82,81
81,82
28,83
84,84
85,85
86,86
87,87
88,88
88,89
90,90
91,91
92,92
93,93
94,94
95,95
96,96
97,97
98,98
99,99
100,100
101,101
102,102
103,103
104,104
106,105
106,106
107,107
108,108
53,109
110,110
111,111
112,112
41,113
114,114
115,115
116,116
117,117
118,118
119,119
60,60
61,61
62,62
63,63
64,64
65,65
102,66
104,67
70,68
69,69
70,70
71,71
74,72
74,73
74,74
29,75
76,76
77,77
104,78
79,79
93,80
82,81
85,82
29,83
84,84
85,85
86,86
45,87
88,88
89,89
1,90
91,91
92,92
93,93
94,94
95,95
96,96
97,97
98,98
99,99
100,100
101,101
102,102
103,103
66,104
107,105
116,106
107,107
108,108
109,109
110,110
111,111
112,112
118,113
114,114
115,115
116,116
55,117
118,118
119,119
60,60
61,61
62,62
63,63
64,64
65,65
66,66
61,67
68,68
30,69
69,70
71,71
28,72
74,73
28,74
75,75
76,76
83,77
78,78
79,79
80,80
81,81
29,82
83,83
84,84
85,85
86,86
87,87
88,88
90,89
90,90
91,91
22,92
93,93
94,94
95,95
96,96
97,97
98,98
99,99
100,100
101,101
102,102
103,103
66,104
105,105
106,106
107,107
108,108
109,109
110,110
111,111
112,112
113,113
114,114
115,115
116,116
117,117
118,118
119,119
60,60
61,61
62,62
63,63
64,64
65,65
66,66
18,67
68,68
69,69
68,70
68,71
28,72
28,73
28,74
28,75
76,76
73,77
78,78
79,79
80,80
10,81
82,82
28,83
1,84
85,85
86,86
87,87
88,88
89,89
90,90
91,91
22,92
93,93
94,94
95,95
96,96
97,97
98,98
99,99
100,100
101,101
66,102
103,103
40,104
105,105
110,106
107,107
108,108
109,109
110,110
111,111
112,112
113,113
114,114
115,115
116,116
117,117
118,118
119,119
60,60
61,61
62,62
63,63
64,64
65,65
66,66
102,67
68,68
53,69
92,70
71,71
11,72
73,73
28,74
75,75
76,76
77,77
78,78
79,79
80,80
10,81
82,82
29,83
84,84
85,85
86,86
14,87
10,88
89,89
11,90
91,91
22,92
93,93
94,94
95,95
96,96
97,97
98,98
99,99
100,100
101,101
66,102
96,103
66,104
105,105
106,106
107,107
110,108
109,109
110,110
53,111
112,112
113,113
114,114
115,115
116,116
117,117
118,118
119,119
60,60
61,61
62,62
63,63
64,64
65,65
66,66
67,67
68,68
69,69
69,70
71,71
28,72
28,73
28,74
28,75
76,76
77,77
78,78
79,79
80,80
81,81
82,82
83,83
84,84
85,85
86,86
87,87
88,88
88,89
90,90
91,91
22,92
93,93
94,94
95,95
96,96
97,97
98,98
99,99
100,100
101,101
102,102
103,103
40,104
105,105
50,106
107,107
108,108
109,109
110,110
111,111
112,112
91,113
114,114
115,115
116,116
117,117
118,118
119,119
60,60
61,61
62,62
63,63
64,64
65,65
66,66
61,67
68,68
30,69
76,70
71,71
10,72
73,73
28,74
28,75
76,76
77,77
78,78
79,79
80,80
12,81
82,82
83,83
84,84
85,85
86,86
87,87
88,88
89,89
90,90
91,91
22,92
93,93
94,94
95,95
96,96
97,97
98,98
99,99
100,100
101,101
102,102
103,103
17,104
105,105
105,106
107,107
108,108
109,109
110,110
111,111
112,112
113,113
114,114
115,115
116,116
117,117
118,118
119,119
60,60
61,61
62,62
63,63
64,64
10,65
66,66
40,67
68,68
32,69
30,70
109,71
28,72
29,73
29,74
28,75
4,76
1,77
78,78
79,79
111,80
10,81
10,82
10,83
1,84
85,85
86,86
87,87
88,88
89,89
10,90
91,91
64,92
93,93
94,94
95,95
96,96
97,97
98,98
99,99
16,100
101,101
66,102
21,103
44,104
105,105
55,106
107,107
108,108
109,109
110,110
111,111
112,112
113,113
114,114
115,115
116,116
117,117
118,118
119,119
60,60
61,61
62,62
63,63
64,64
65,65
66,66
67,67
68,68
69,69
70,70
68,71
75,72
73,73
74,74
75,75
76,76
77,77
104,78
79,79
80,80
81,81
82,82
83,83
84,84
85,85
86,86
87,87
88,88
89,89
90,90
91,91
92,92
93,93
94,94
95,95
96,96
97,97
98,98
99,99
100,100
101,101
102,102
103,103
104,104
105,105
106,106
107,107
108,108
109,109
110,110
111,111
112,112
113,113
114,114
115,115
116,116
117,117
118,118
119,119
60,60
61,61
6,62
63,63
64,64
65,65
66,66
67,67
68,68
69,69
70,70
71,71
29,72
73,73
74,74
75,75
76,76
72,77
78,78
79,79
80,80
29,81
81,82
83,83
84,84
85,85
86,86
87,87
88,88
89,89
90,90
91,91
92,92
93,93
94,94
95,95
96,96
97,97
98,98
99,99
100,100
101,101
102,102
103,103
104,104
105,105
105,106
107,107
108,108
109,109
110,110
111,111
112,112
113,113
114,114
115,115
116,116
117,117
118,118
119,119
60,60
61,61
62,62
63,63
64,64
65,65
66,66
67,67
38,68
69,69
70,70
70,71
75,72
73,73
28,74
75,75
76,76
77,77
78,78
79,79
80,80
81,81
82,82
29,83
84,84
85,85
86,86
87,87
88,88
89,89
90,90
91,91
92,92
93,93
94,94
95,95
96,96
97,97
98,98
99,99
100,100
101,101
66,102
103,103
104,104
105,105
106,106
107,107
108,108
109,109
110,110
111,111
112,112
113,113
114,114
115,115
116,116
117,117
118,118
119,119
60,60
61,61
6,62
63,63
64,64
65,65
66,66
67,67
68,68
69,69
71,70
70,71
75,72
73,73
74,74
75,75
76,76
77,77
78,78
79,79
80,80
81,81
81,82
83,83
84,84
85,85
86,86
87,87
88,88
89,89
90,90
91,91
92,92
93,93
94,94
95,95
96,96
97,97
98,98
99,99
100,100
101,101
102,102
103,103
104,104
105,105
105,106
107,107
108,108
109,109
110,110
111,111
112,112
113,113
114,114
115,115
116,116
117,117
118,118
119,119
60,60
61,61
62,62
63,63
64,64
65,65
66,66
67,67
68,68
69,69
70,70
68,71
75,72
28,73
28,74
75,75
76,76
77,77
78,78
79,79
80,80
29,81
82,82
28,83
84,84
85,85
86,86
87,87
88,88
89,89
90,90
91,91
22,92
93,93
94,94
95,95
96,96
97,97
98,98
99,99
100,100
101,101
102,102
103,103
104,104
111,105
106,106
107,107
108,108
109,109
110,110
111,111
112,112
113,113
114,114
115,115
116,116
117,117
118,118
119,119
60,60
61,61
64,62
63,63
64,64
65,65
66,66
67,67
68,68
69,69
70,70
70,71
75,72
73,73
29,74
75,75
76,76
72,77
78,78
79,79
80,80
75,81
82,82
83,83
84,84
85,85
86,86
87,87
88,88
89,89
72,90
91,91
92,92
71,93
94,94
95,95
96,96
97,97
98,98
99,99
100,100
101,101
102,102
103,103
40,104
105,105
106,106
107,107
108,108
109,109
110,110
111,111
112,112
113,113
114,114
115,115
116,116
117,117
118,118
119,119
60,60
61,61
62,62
63,63
64,64
65,65
66,66
67,67
68,68
69,69
70,70
70,71
75,72
74,73
74,74
75,75
76,76
77,77
78,78
79,79
80,80
81,81
82,82
28,83
84,84
85,85
86,86
87,87
88,88
89,89
90,90
91,91
92,92
93,93
94,94
95,95
96,96
97,97
98,98
99,99
100,100
101,101
66,102
103,103
104,104
105,105
106,106
107,107
108,108
109,109
110,110
111,111
112,112
113,113
114,114
115,115
116,116
117,117
118,118
119,119
60,60
61,61
62,62
63,63
64,64
65,65
66,66
67,67
68,68
69,69
70,70
71,71
72,72
74,73
74,74
75,75
76,76
77,77
78,78
79,79
80,80
81,81
82,82
74,83
84,84
85,85
86,86
87,87
88,88
89,89
90,90
91,91
92,92
93,93
94,94
95,95
96,96
97,97
98,98
99,99
100,100
101,101
102,102
103,103
102,104
105,105
106,106
107,107
108,108
109,109
110,110
111,111
112,112
113,113
114,114
115,115
116,116
117,117
118,118
119,119
60,60
61,61
62,62
63,63
64,64
65,65
66,66
67,67
68,68
69,69
70,70
70,71
75,72
75,73
75,74
75,75
76,76
77,77
78,78
79,79
80,80
81,81
82,82
28,83
84,84
85,85
86,86
6,87
88,88
89,89
90,90
113,91
48,92
93,93
94,94
95,95
96,96
97,97
98,98
99,99
100,100
101,101
66,102
103,103
102,104
108,105
107,106
107,107
108,108
109,109
110,110
111,111
112,112
113,113
114,114
115,115
116,116
117,117
118,118
119,119
60,60
61,61
62,62
63,63
64,64
65,65
66,66
67,67
68,68
69,69
70,70
71,71
72,72
74,73
74,74
75,75
76,76
77,77
78,78
79,79
80,80
81,81
82,82
83,83
84,84
85,85
86,86
87,87
88,88
89,89
90,90
91,91
92,92
93,93
94,94
95,95
96,96
97,97
98,98
99,99
100,100
101,101
102,102
103,103
102,104
105,105
106,106
107,107
108,108
109,109
110,110
111,111
112,112
113,113
114,114
115,115
116,116
117,117
118,118
119,119
60,60
61,61
62,62
63,63
64,64
65,65
66,66
67,67
68,68
69,69
70,70
70,71
72,72
73,73
74,74
75,75
76,76
77,77
78,78
79,79
80,80
81,81
82,82
28,83
84,84
85,85
86,86
108,87
88,88
89,89
90,90
91,91
92,92
93,93
94,94
95,95
96,96
97,97
98,98
99,99
100,100
101,101
66,102
103,103
104,104
105,105
106,106
107,107
108,108
109,109
110,110
111,111
112,112
113,113
114,114
115,115
116,116
117,117
118,118
119,119
60,60
61,61
62,62
63,63
64,64
65,65
66,66
67,67
68,68
69,69
70,70
71,71
72,72
28,73
74,74
75,75
76,76
77,77
78,78
79,79
80,80
81,81
82,82
74,83
84,84
77,85
87,86
87,87
88,88
89,89
90,90
91,91
76,92
93,93
94,94
95,95
96,96
97,97
98,98
99,99
100,100
101,101
102,102
103,103
104,104
105,105
106,106
107,107
108,108
114,109
110,110
111,111
112,112
113,113
114,114
115,115
116,116
117,117
59,118
119,119
60,60
61,61
62,62
63,63
64,64
65,65
66,66
67,67
68,68
69,69
70,70
70,71
75,72
83,73
74,74
75,75
76,76
77,77
78,78
79,79
80,80
81,81
82,82
83,83
84,84
77,85
86,86
87,87
88,88
88,89
90,90
91,91
92,92
93,93
94,94
95,95
96,96
97,97
98,98
99,99
100,100
101,101
102,102
103,103
104,104
105,105
105,106
107,107
108,108
109,109
110,110
111,111
112,112
113,113
114,114
115,115
116,116
117,117
118,118
119,119
60,60
61,61
6,62
63,63
64,64
65,65
66,66
67,67
68,68
69,69
70,70
68,71
75,72
73,73
28,74
10,75
76,76
77,77
78,78
79,79
80,80
81,81
82,82
83,83
84,84
85,85
86,86
87,87
90,88
88,89
90,90
91,91
92,92
93,93
94,94
95,95
96,96
97,97
98,98
99,99
100,100
101,101
102,102
103,103
104,104
105,105
106,106
107,107
108,108
109,109
110,110
111,111
112,112
113,113
114,114
115,115
116,116
117,117
118,118
119,119
60,60
61,61
62,62
63,63
64,64
65,65
66,66
67,67
68,68
69,69
70,70
70,71
72,72
28,73
28,74
75,75
76,76
77,77
78,78
79,79
80,80
81,81
82,82
83,83
84,84
85,85
86,86
87,87
85,88
89,89
90,90
91,91
92,92
93,93
94,94
95,95
96,96
97,97
98,98
99,99
100,100
101,101
102,102
12,103
104,104
105,105
106,106
107,107
108,108
109,109
110,110
111,111
112,112
113,113
114,114
115,115
116,116
117,117
118,118
119,119
60,60
61,61
6,62
63,63
64,64
65,65
66,66
67,67
68,68
69,69
70,70
68,71
75,72
83,73
74,74
75,75
76,76
77,77
78,78
79,79
80,80
81,81
82,82
83,83
84,84
85,85
86,86
87,87
88,88
89,89
90,90
91,91
92,92
93,93
94,94
95,95
96,96
97,97
98,98
99,99
100,100
101,101
102,102
103,103
104,104
105,105
106,106
107,107
108,108
109,109
110,110
111,111
112,112
113,113
114,114
115,115
116,116
117,117
118,118
119,119
60,60
61,61
62,62
63,63
64,64
65,65
66,66
67,67
68,68
69,69
70,70
70,71
72,72
83,73
74,74
75,75
76,76
77,77
78,78
79,79
80,80
81,81
82,82
83,83
84,84
85,85
86,86
87,87
90,88
88,89
90,90
91,91
92,92
93,93
94,94
95,95
96,96
97,97
98,98
99,99
100,100
101,101
102,102
103,103
43,104
105,105
106,106
107,107
108,108
109,109
110,110
111,111
112,112
113,113
114,114
115,115
116,116
117,117
118,118
119,119
60,60
61,61
6,62
63,63
64,64
65,65
66,66
3,67
68,68
69,69
70,70
68,71
75,72
72,73
74,74
75,75
76,76
78,77
78,78
79,79
80,80
81,81
82,82
83,83
84,84
85,85
86,86
87,87
89,88
88,89
90,90
91,91
4,92
93,93
94,94
95,95
96,96
97,97
98,98
99,99
100,100
101,101
0,102
103,103
104,104
105,105
107,106
107,107
108,108
106,109
110,110
111,111
112,112
91,113
114,114
115,115
116,116
117,117
118,118
119,119
60,60
61,61
62,62
63,63
64,64
65,65
66,66
67,67
68,68
68,69
70,70
71,71
72,72
73,73
74,74
75,75
76,76
77,77
78,78
79,79
80,80
81,81
82,82
83,83
84,84
85,85
86,86
87,87
88,88
88,89
90,90
91,91
94,92
93,93
94,94
95,95
96,96
97,97
98,98
99,99
100,100
101,101
102,102
103,103
104,104
106,105
106,106
107,107
108,108
109,109
110,110
111,111
112,112
113,113
114,114
115,115
116,116
117,117
118,118
119,119
60,60
61,61
62,62
63,63
64,64
65,65
66,66
67,67
70,68
69,69
70,70
70,71
75,72
73,73
74,74
73,75
76,76
77,77
78,78
79,79
80,80
81,81
81,82
83,83
84,84
85,85
86,86
64,87
90,88
89,89
90,90
91,91
92,92
93,93
94,94
95,95
96,96
97,97
98,98
99,99
100,100
101,101
102,102
103,103
104,104
49,105
106,106
107,107
108,108
109,109
110,110
111,111
112,112
113,113
114,114
115,115
116,116
117,117
118,118
119,119
60,60
61,61
62,62
63,63
64,64
65,65
66,66
67,67
68,68
68,69
70,70
71,71
72,72
73,73
28,74
75,75
76,76
77,77
66,78
79,79
80,80
81,81
82,82
83,83
84,84
85,85
86,86
87,87
88,88
88,89
90,90
91,91
94,92
93,93
94,94
95,95
96,96
97,97
93,98
99,99
100,100
101,101
102,102
103,103
104,104
105,105
117,106
93,107
108,108
109,109
110,110
111,111
109,112
113,113
114,114
115,115
116,116
117,117
118,118
119,119
60,60
61,61
62,62
63,63
64,64
65,65
66,66
67,67
68,68
69,69
70,70
70,71
75,72
73,73
74,74
75,75
76,76
77,77
78,78
79,79
80,80
90,81
82,82
83,83
78,84
85,85
86,86
87,87
88,88
88,89
90,90
91,91
92,92
93,93
94,94
95,95
96,96
97,97
98,98
99,99
100,100
101,101
102,102
103,103
104,104
49,105
106,106
107,107
108,108
109,109
110,110
111,111
112,112
113,113
114,114
115,115
116,116
117,117
118,118
119,119
60,60
61,61
62,62
63,63
64,64
65,65
66,66
67,67
68,68
106,69
70,70
71,71
72,72
73,73
74,74
75,75
76,76
77,77
78,78
79,79
80,80
81,81
82,82
83,83
84,84
85,85
86,86
87,87
90,88
88,89
90,90
91,91
60,92
93,93
94,94
95,95
96,96
97,97
98,98
99,99
100,100
101,101
102,102
103,103
104,104
49,105
106,106
107,107
108,108
109,109
110,110
111,111
112,112
113,113
114,114
115,115
116,116
55,117
118,118
119,119
60,60
61,61
62,62
63,63
105,64
65,65
66,66
67,67
70,68
69,69
70,70
70,71
72,72
73,73
74,74
72,75
110,76
77,77
78,78
79,79
80,80
81,81
82,82
83,83
84,84
85,85
86,86
45,87
88,88
88,89
90,90
91,91
92,92
93,93
94,94
95,95
96,96
97,97
110,98
99,99
113,100
101,101
102,102
103,103
104,104
49,105
107,106
107,107
108,108
109,109
110,110
111,111
112,112
113,113
114,114
115,115
116,116
117,117
118,118
119,119
60,60
61,61
62,62
63,63
64,64
65,65
66,66
104,67
68,68
69,69
66,70
70,71
75,72
73,73
74,74
75,75
76,76
77,77
78,78
79,79
80,80
81,81
82,82
85,83
84,84
85,85
86,86
87,87
88,88
16,89
90,90
91,91
22,92
93,93
94,94
95,95
96,96
97,97
98,98
99,99
100,100
101,101
102,102
103,103
104,104
105,105
106,106
107,107
108,108
109,109
110,110
111,111
112,112
113,113
109,114
115,115
116,116
117,117
118,118
119,119
60,60
61,61
62,62
63,63
106,64
65,65
66,66
67,67
66,68
111,69
66,70
80,71
117,72
73,73
83,74
75,75
76,76
77,77
78,78
79,79
80,80
75,81
82,82
74,83
84,84
77,85
110,86
87,87
24,88
88,89
90,90
91,91
92,92
93,93
94,94
95,95
96,96
97,97
98,98
99,99
100,100
101,101
102,102
103,103
104,104
105,105
106,106
110,107
108,108
109,109
110,110
111,111
112,112
113,113
109,114
115,115
107,116
117,117
118,118
119,119
60,60
61,61
6,62
63,63
64,64
65,65
66,66
102,67
68,68
69,69
66,70
66,71
75,72
73,73
88,74
75,75
76,76
32,77
78,78
79,79
80,80
81,81
82,82
77,83
84,84
85,85
86,86
87,87
24,88
88,89
90,90
91,91
102,92
93,93
94,94
95,95
96,96
97,97
98,98
99,99
100,100
101,101
102,102
103,103
104,104
105,105
106,106
107,107
108,108
109,109
110,110
111,111
112,112
113,113
114,114
115,115
116,116
117,117
118,118
119,119
60,60
61,61
62,62
63,63
106,64
65,65
66,66
67,67
66,68
106,69
66,70
68,71
90,72
77,73
74,74
75,75
76,76
77,77
78,78
79,79
80,80
90,81
82,82
83,83
84,84
84,85
86,86
87,87
24,88
118,89
90,90
91,91
92,92
93,93
94,94
95,95
96,96
97,97
98,98
99,99
100,100
101,101
102,102
103,103
104,104
106,105
106,106
107,107
108,108
109,109
110,110
111,111
112,112
113,113
109,114
115,115
116,116
117,117
118,118
119,119
60,60
61,61
62,62
63,63
64,64
65,65
66,66
67,67
68,68
69,69
70,70
70,71
72,72
73,73
74,74
75,75
76,76
77,77
78,78
79,79
80,80
81,81
82,82
83,83
84,84
85,85
86,86
87,87
24,88
24,89
90,90
91,91
22,92
93,93
94,94
95,95
96,96
97,97
98,98
99,99
100,100
101,101
102,102
103,103
104,104
105,105
106,106
107,107
108,108
109,109
110,110
111,111
112,112
113,113
109,114
115,115
116,116
117,117
118,118
119,119
60,60
61,61
62,62
63,63
106,64
65,65
66,66
104,67
70,68
69,69
70,70
70,71
55,72
73,73
74,74
29,75
76,76
77,77
78,78
79,79
80,80
90,81
82,82
77,83
84,84
77,85
86,86
87,87
29,88
88,89
90,90
91,91
92,92
93,93
94,94
95,95
96,96
97,97
98,98
99,99
100,100
101,101
102,102
103,103
104,104
105,105
106,106
110,107
108,108
109,109
110,110
111,111
112,112
113,113
114,114
115,115
116,116
117,117
118,118
119,119
60,60
61,61
62,62
63,63
64,64
65,65
66,66
67,67
68,68
69,69
70,70
70,71
72,72
28,73
74,74
75,75
76,76
77,77
78,78
79,79
80,80
81,81
82,82
83,83
84,84
85,85
86,86
87,87
88,88
90,89
90,90
91,91
92,92
93,93
94,94
95,95
96,96
97,97
98,98
99,99
100,100
101,101
102,102
103,103
104,104
105,105
106,106
107,107
108,108
109,109
110,110
111,111
112,112
113,113
114,114
115,115
116,116
117,117
118,118
119,119
60,60
61,61
62,62
63,63
64,64
65,65
66,66
67,67
68,68
69,69
70,70
70,71
75,72
73,73
74,74
75,75
76,76
74,77
78,78
79,79
80,80
81,81
81,82
28,83
84,84
85,85
86,86
87,87
88,88
89,89
10,90
5,91
92,92
93,93
94,94
95,95
96,96
97,97
98,98
99,99
100,100
101,101
102,102
103,103
43,104
105,105
106,106
107,107
108,108
109,109
110,110
111,111
112,112
113,113
114,114
115,115
116,116
117,117
118,118
119,119
60,60
61,61
62,62
63,63
64,64
65,65
66,66
67,67
68,68
69,69
70,70
70,71
72,72
28,73
28,74
75,75
76,76
83,77
78,78
79,79
80,80
81,81
82,82
83,83
84,84
85,85
86,86
87,87
88,88
88,89
90,90
91,91
92,92
93,93
94,94
95,95
96,96
97,97
98,98
99,99
100,100
101,101
102,102
92,103
104,104
105,105
105,106
107,107
108,108
109,109
110,110
111,111
112,112
113,113
114,114
115,115
116,116
117,117
118,118
119,119
60,60
61,61
62,62
63,63
64,64
65,65
71,66
67,67
68,68
69,69
70,70
70,71
75,72
28,73
28,74
75,75
76,76
77,77
78,78
79,79
80,80
81,81
83,82
83,83
84,84
85,85
86,86
87,87
88,88
89,89
90,90
5,91
92,92
93,93
94,94
95,95
96,96
97,97
98,98
99,99
100,100
101,101
102,102
103,103
67,104
105,105
106,106
107,107
108,108
109,109
110,110
111,111
112,112
113,113
114,114
115,115
116,116
117,117
118,118
119,119
60,60
61,61
61,62
63,63
64,64
65,65
66,66
67,67
68,68
69,69
70,70
70,71
75,72
83,73
74,74
75,75
76,76
83,77
116,78
79,79
80,80
81,81
82,82
83,83
74,84
85,85
86,86
87,87
88,88
90,89
90,90
5,91
92,92
93,93
94,94
95,95
96,96
97,97
98,98
99,99
100,100
101,101
102,102
94,103
104,104
105,105
109,106
107,107
108,108
109,109
110,110
111,111
112,112
113,113
114,114
115,115
116,116
117,117
118,118
119,119
60,60
61,61
62,62
63,63
64,64
65,65
66,66
67,67
68,68
69,69
70,70
70,71
10,72
28,73
11,74
75,75
76,76
83,77
78,78
79,79
80,80
81,81
81,82
28,83
84,84
85,85
86,86
87,87
88,88
89,89
90,90
91,91
92,92
93,93
94,94
95,95
96,96
97,97
98,98
99,99
100,100
101,101
102,102
103,103
17,104
105,105
106,106
107,107
108,108
109,109
110,110
111,111
112,112
113,113
114,114
115,115
116,116
117,117
118,118
119,119
