0,0
1,1
2,2
3,3
4,4
5,5
6,6
7,7
8,8
9,9
10,10
11,11
12,12
13,13
14,14
15,15
15,16
17,17
18,18
19,19
20,20
21,21
22,22
23,23
24,24
25,25
25,26
27,27
28,28
11,29
30,30
31,31
32,32
33,33
34,34
35,35
36,36
37,37
38,38
39,39
40,40
41,41
42,42
43,43
44,44
45,45
46,46
47,47
48,48
49,49
50,50
51,51
52,52
53,53
56,54
55,55
56,56
57,57
58,58
59,59
0,0
1,1
2,2
3,3
4,4
5,5
6,6
7,7
8,8
9,9
10,10
11,11
12,12
13,13
14,14
15,15
16,16
17,17
18,18
19,19
20,20
21,21
22,22
23,23
24,24
25,25
26,26
27,27
28,28
11,29
30,30
31,31
32,32
33,33
34,34
35,35
36,36
37,37
38,38
39,39
40,40
41,41
42,42
43,43
40,44
45,45
46,46
34,47
48,48
49,49
50,50
51,51
52,52
53,53
54,54
55,55
56,56
57,57
58,58
59,59
0,0
1,1
2,2
3,3
4,4
5,5
6,6
16,7
8,8
9,9
10,10
11,11
12,12
13,13
14,14
15,15
15,16
17,17
18,18
19,19
20,20
21,21
22,22
23,23
24,24
25,25
26,26
27,27
28,28
29,29
30,30
31,31
4,32
33,33
34,34
35,35
36,36
37,37
33,38
39,39
40,40
41,41
42,42
43,43
44,44
45,45
46,46
34,47
48,48
49,49
50,50
51,51
52,52
53,53
54,54
55,55
56,56
57,57
58,58
59,59
0,0
1,1
2,2
3,3
4,4
5,5
62,6
7,7
8,8
9,9
10,10
11,11
81,12
13,13
14,14
15,15
16,16
17,17
18,18
19,19
20,20
21,21
22,22
23,23
29,24
25,25
26,26
1,27
29,28
29,29
30,30
31,31
32,32
33,33
34,34
82,35
24,36
37,37
9,38
39,39
40,40
41,41
42,42
43,43
9,44
45,45
36,46
47,47
48,48
49,49
50,50
51,51
52,52
53,53
54,54
55,55
56,56
57,57
58,58
59,59
0,0
1,1
2,2
3,3
28,4
5,5
6,6
7,7
8,8
9,9
10,10
11,11
12,12
13,13
14,14
15,15
16,16
17,17
18,18
19,19
20,20
21,21
22,22
23,23
24,24
25,25
26,26
27,27
83,28
11,29
30,30
31,31
32,32
33,33
34,34
35,35
36,36
37,37
38,38
39,39
40,40
41,41
42,42
43,43
44,44
45,45
46,46
40,47
48,48
49,49
50,50
51,51
52,52
53,53
54,54
55,55
56,56
57,57
58,58
59,59
0,0
1,1
2,2
3,3
4,4
5,5
62,6
7,7
8,8
9,9
10,10
11,11
12,12
13,13
14,14
15,15
15,16
17,17
18,18
19,19
20,20
21,21
22,22
23,23
24,24
25,25
26,26
27,27
28,28
29,29
30,30
31,31
32,32
81,33
34,34
35,35
36,36
37,37
44,38
39,39
1,40
41,41
42,42
43,43
44,44
45,45
46,46
47,47
48,48
49,49
50,50
51,51
52,52
53,53
54,54
55,55
56,56
57,57
58,58
59,59
0,0
1,1
2,2
3,3
55,4
5,5
4,6
7,7
8,8
9,9
10,10
72,11
12,12
13,13
14,14
15,15
16,16
17,17
18,18
19,19
20,20
21,21
22,22
23,23
24,24
25,25
26,26
27,27
28,28
29,29
30,30
31,31
32,32
33,33
34,34
35,35
36,36
37,37
38,38
62,39
40,40
41,41
42,42
18,43
44,44
45,45
46,46
40,47
48,48
49,49
50,50
51,51
52,52
53,53
54,54
55,55
56,56
57,57
58,58
59,59
0,0
1,1
2,2
3,3
4,4
5,5
6,6
7,7
8,8
9,9
10,10
11,11
12,12
13,13
14,14
15,15
16,16
17,17
18,18
19,19
20,20
21,21
22,22
23,23
24,24
25,25
26,26
27,27
28,28
29,29
30,30
31,31
32,32
33,33
34,34
35,35
36,36
37,37
33,38
39,39
40,40
41,41
42,42
43,43
44,44
45,45
46,46
40,47
48,48
49,49
50,50
51,51
52,52
53,53
54,54
55,55
56,56
57,57
58,58
59,59
0,0
1,1
2,2
3,3
52,4
5,5
6,6
7,7
8,8
9,9
72,10
11,11
90,12
13,13
14,14
15,15
16,16
17,17
18,18
19,19
20,20
21,21
22,22
23,23
24,24
25,25
26,26
27,27
28,28
28,29
30,30
30,31
32,32
33,33
34,34
35,35
36,36
37,37
38,38
39,39
40,40
41,41
42,42
43,43
44,44
45,45
46,46
47,47
48,48
49,49
50,50
51,51
52,52
53,53
54,54
117,55
56,56
57,57
58,58
59,59
0,0
0,1
0,2
3,3
4,4
5,5
6,6
7,7
8,8
24,9
10,10
29,11
77,12
13,13
14,14
15,15
16,16
17,17
18,18
19,19
61,20
21,21
22,22
23,23
24,24
25,25
26,26
27,27
29,28
29,29
30,30
28,31
74,32
9,33
34,34
84,35
36,36
37,37
38,38
39,39
40,40
41,41
42,42
43,43
46,44
45,45
46,46
47,47
48,48
106,49
50,50
51,51
52,52
53,53
54,54
55,55
56,56
57,57
58,58
59,59
2,0
1,1
2,2
3,3
4,4
5,5
6,6
7,7
8,8
9,9
81,10
29,11
12,12
13,13
14,14
16,15
16,16
17,17
37,18
19,19
20,20
21,21
22,22
23,23
24,24
25,25
26,26
27,27
29,28
29,29
30,30
31,31
32,32
33,33
34,34
35,35
36,36
37,37
38,38
39,39
104,40
41,41
42,42
67,43
44,44
45,45
67,46
47,47
48,48
49,49
50,50
51,51
52,52
53,53
54,54
117,55
56,56
57,57
58,58
59,59
2,0
1,1
2,2
3,3
4,4
5,5
6,6
7,7
8,8
29,9
72,10
11,11
12,12
13,13
14,14
15,15
16,16
17,17
61,18
19,19
20,20
21,21
22,22
23,23
24,24
25,25
26,26
102,27
73,28
29,29
30,30
31,31
32,32
33,33
34,34
35,35
84,36
37,37
38,38
39,39
40,40
41,41
42,42
104,43
44,44
45,45
67,46
34,47
48,48
49,49
50,50
51,51
52,52
53,53
54,54
55,55
56,56
57,57
58,58
59,59
0,0
1,1
2,2
3,3
4,4
5,5
6,6
7,7
8,8
9,9
75,10
29,11
12,12
13,13
14,14
15,15
15,16
17,17
18,18
19,19
20,20
21,21
22,22
23,23
24,24
25,25
26,26
27,27
28,28
1,29
30,30
31,31
32,32
33,33
34,34
35,35
36,36
37,37
38,38
39,39
104,40
41,41
42,42
43,43
44,44
45,45
46,46
47,47
48,48
49,49
50,50
51,51
52,52
53,53
54,54
55,55
56,56
57,57
58,58
59,59
0,0
1,1
2,2
3,3
4,4
5,5
6,6
7,7
8,8
9,9
10,10
29,11
12,12
13,13
14,14
15,15
16,16
1,17
18,18
89,19
20,20
21,21
22,22
23,23
24,24
25,25
26,26
27,27
28,28
29,29
30,30
31,31
32,32
33,33
34,34
35,35
36,36
37,37
38,38
39,39
40,40
41,41
42,42
43,43
44,44
45,45
46,46
47,47
48,48
49,49
50,50
51,51
52,52
53,53
54,54
55,55
56,56
57,57
58,58
59,59
0,0
1,1
2,2
3,3
4,4
5,5
6,6
7,7
8,8
9,9
10,10
10,11
12,12
13,13
14,14
15,15
16,16
17,17
18,18
19,19
20,20
21,21
22,22
23,23
24,24
25,25
26,26
27,27
28,28
29,29
30,30
31,31
32,32
33,33
34,34
35,35
36,36
37,37
38,38
39,39
40,40
41,41
42,42
43,43
44,44
45,45
46,46
47,47
48,48
49,49
50,50
51,51
52,52
53,53
52,54
56,55
56,56
57,57
58,58
59,59
0,0
1,1
2,2
3,3
4,4
5,5
6,6
7,7
8,8
9,9
10,10
10,11
12,12
13,13
14,14
15,15
16,16
17,17
18,18
3,19
20,20
21,21
22,22
23,23
24,24
25,25
26,26
27,27
28,28
11,29
30,30
31,31
32,32
33,33
34,34
35,35
36,36
37,37
38,38
39,39
40,40
41,41
42,42
40,43
44,44
45,45
40,46
47,47
48,48
49,49
50,50
51,51
52,52
53,53
54,54
55,55
56,56
57,57
58,58
59,59
0,0
1,1
2,2
3,3
4,4
5,5
6,6
7,7
8,8
9,9
10,10
11,11
12,12
13,13
14,14
15,15
15,16
17,17
18,18
19,19
20,20
7,21
46,22
23,23
24,24
25,25
25,26
27,27
28,28
11,29
30,30
31,31
32,32
33,33
34,34
35,35
36,36
37,37
38,38
39,39
40,40
41,41
42,42
43,43
44,44
45,45
46,46
47,47
48,48
49,49
50,50
51,51
52,52
53,53
56,54
55,55
55,56
57,57
58,58
59,59
0,0
1,1
2,2
3,3
4,4
5,5
6,6
7,7
8,8
9,9
10,10
11,11
12,12
13,13
14,14
15,15
16,16
17,17
18,18
19,19
20,20
21,21
22,22
23,23
24,24
25,25
26,26
27,27
28,28
11,29
30,30
31,31
32,32
33,33
34,34
35,35
36,36
37,37
38,38
39,39
40,40
41,41
42,42
43,43
44,44
45,45
46,46
47,47
48,48
49,49
50,50
51,51
52,52
53,53
54,54
55,55
56,56
57,57
58,58
59,59
0,0
1,1
2,2
3,3
4,4
5,5
6,6
7,7
8,8
9,9
11,10
58,11
12,12
13,13
14,14
11,15
11,16
17,17
18,18
19,19
20,20
21,21
22,22
23,23
24,24
25,25
26,26
27,27
28,28
29,29
30,30
31,31
4,32
33,33
34,34
35,35
36,36
37,37
9,38
39,39
40,40
41,41
42,42
43,43
44,44
45,45
46,46
34,47
48,48
49,49
50,50
51,51
52,52
53,53
54,54
55,55
56,56
57,57
58,58
59,59
0,0
1,1
2,2
3,3
4,4
5,5
62,6
7,7
8,8
9,9
10,10
11,11
81,12
13,13
14,14
15,15
16,16
17,17
18,18
19,19
20,20
21,21
22,22
16,23
27,24
25,25
26,26
1,27
29,28
11,29
30,30
31,31
32,32
33,33
34,34
83,35
36,36
37,37
38,38
39,39
40,40
41,41
42,42
43,43
24,44
45,45
46,46
47,47
48,48
49,49
50,50
51,51
52,52
53,53
54,54
55,55
56,56
57,57
58,58
59,59
0,0
1,1
2,2
3,3
4,4
5,5
6,6
15,7
8,8
9,9
10,10
11,11
81,12
13,13
14,14
15,15
16,16
17,17
18,18
19,19
20,20
21,21
22,22
23,23
24,24
25,25
26,26
27,27
28,28
29,29
30,30
31,31
32,32
33,33
34,34
35,35
36,36
37,37
38,38
39,39
40,40
41,41
42,42
43,43
45,44
24,45
46,46
47,47
48,48
49,49
50,50
51,51
52,52
53,53
54,54
55,55
56,56
57,57
58,58
59,59
0,0
1,1
2,2
3,3
4,4
5,5
62,6
7,7
8,8
9,9
11,10
29,11
12,12
13,13
14,14
15,15
16,16
17,17
18,18
19,19
20,20
21,21
22,22
23,23
24,24
25,25
26,26
27,27
28,28
29,29
30,30
31,31
32,32
82,33
34,34
35,35
36,36
37,37
38,38
39,39
40,40
41,41
42,42
43,43
44,44
45,45
46,46
47,47
48,48
6,49
23,50
51,51
52,52
53,53
54,54
55,55
56,56
57,57
58,58
59,59
0,0
1,1
2,2
3,3
4,4
5,5
1,6
7,7
8,8
9,9
11,10
75,11
12,12
13,13
14,14
15,15
16,16
18,17
18,18
19,19
20,20
21,21
22,22
23,23
24,24
25,25
26,26
27,27
28,28
11,29
30,30
31,31
32,32
33,33
34,34
35,35
36,36
37,37
38,38
39,39
40,40
41,41
42,42
43,43
44,44
45,45
46,46
40,47
48,48
49,49
50,50
51,51
52,52
53,53
54,54
55,55
56,56
57,57
58,58
59,59
0,0
1,1
2,2
3,3
4,4
5,5
6,6
7,7
8,8
9,9
10,10
72,11
32,12
13,13
14,14
15,15
16,16
17,17
18,18
19,19
20,20
21,21
22,22
23,23
24,24
25,25
26,26
27,27
28,28
29,29
30,30
31,31
32,32
33,33
34,34
35,35
36,36
37,37
38,38
39,39
40,40
41,41
42,42
43,43
44,44
45,45
46,46
40,47
48,48
106,49
23,50
51,51
52,52
53,53
54,54
55,55
56,56
57,57
58,58
59,59
0,0
1,1
2,2
43,3
52,4
5,5
6,6
7,7
8,8
9,9
11,10
75,11
77,12
13,13
14,14
15,15
16,16
17,17
18,18
19,19
20,20
21,21
22,22
23,23
24,24
25,25
26,26
27,27
28,28
28,29
30,30
31,31
32,32
33,33
34,34
35,35
36,36
37,37
38,38
39,39
40,40
41,41
42,42
43,43
44,44
45,45
46,46
47,47
48,48
49,49
50,50
51,51
52,52
53,53
54,54
117,55
56,56
57,57
58,58
59,59
0,0
1,1
2,2
3,3
4,4
5,5
6,6
8,8
9,9
10,10
83,11
77,12
13,13
14,14
15,15
16,16
17,17
18,18
19,19
20,20
21,21
22,22
25,23
24,24
25,25
26,26
27,27
29,28
29,29
30,30
31,31
32,32
74,33
34,34
35,35
36,36
37,37
38,38
39,39
40,40
41,41
42,42
43,43
44,44
45,45
46,46
47,47
48,48
105,49
50,50
51,51
52,52
53,53
54,54
55,55
56,56
57,57
58,58
59,59
2,0
1,1
2,2
3,3
4,4
5,5
6,6
8,8
33,9
10,10
29,11
12,12
13,13
14,14
16,15
16,16
17,17
18,18
19,19
20,20
21,21
22,22
23,23
24,24
25,25
26,26
43,27
29,28
29,29
30,30
31,31
32,32
33,33
34,34
35,35
36,36
37,37
38,38
39,39
40,40
41,41
42,42
43,43
44,44
45,45
46,46
47,47
48,48
49,49
50,50
51,51
52,52
53,53
54,54
55,55
56,56
57,57
58,58
59,59
2,0
1,1
2,2
3,3
4,4
5,5
6,6
7,7
8,8
9,9
72,10
11,11
12,12
13,13
14,14
16,15
16,16
17,17
18,18
19,19
20,20
21,21
22,22
23,23
24,24
25,25
26,26
78,27
74,28
29,29
30,30
31,31
32,32
85,33
34,34
35,35
84,36
37,37
38,38
39,39
40,40
41,41
42,42
104,43
47,44
45,45
67,46
34,47
21,48
49,49
110,50
51,51
52,52
53,53
54,54
55,55
56,56
57,57
58,58
59,59
17,0
1,1
2,2
3,3
4,4
5,5
6,6
7,7
8,8
9,9
75,10
11,11
28,12
13,13
14,14
15,15
16,16
17,17
18,18
19,19
20,20
21,21
22,22
23,23
24,24
25,25
26,26
27,27
28,28
35,29
30,30
31,31
32,32
33,33
34,34
35,35
36,36
37,37
38,38
39,39
40,40
41,41
42,42
43,43
44,44
45,45
46,46
47,47
48,48
49,49
50,50
51,51
52,52
53,53
54,54
55,55
56,56
57,57
58,58
59,59
0,0
1,1
2,2
3,3
4,4
5,5
6,6
7,7
8,8
9,9
10,10
11,11
12,12
13,13
14,14
15,15
16,16
17,17
18,18
19,19
20,20
21,21
22,22
23,23
24,24
25,25
26,26
27,27
28,28
29,29
30,30
31,31
32,32
33,33
34,34
35,35
36,36
37,37
38,38
39,39
40,40
41,41
42,42
43,43
44,44
45,45
46,46
47,47
48,48
6,49
50,50
51,51
52,52
53,53
116,54
55,55
56,56
57,57
58,58
115,59
0,0
1,1
2,2
3,3
4,4
5,5
6,6
7,7
8,8
9,9
10,10
75,11
12,12
13,13
14,14
15,15
16,16
16,17
22,18
19,19
20,20
21,21
22,22
23,23
24,24
25,25
26,26
27,27
28,28
29,29
30,30
31,31
32,32
33,33
34,34
35,35
36,36
37,37
38,38
39,39
40,40
41,41
42,42
43,43
44,44
45,45
46,46
47,47
48,48
49,49
50,50
51,51
116,52
53,53
54,54
56,55
56,56
57,57
58,58
59,59
0,0
1,1
2,2
3,3
4,4
5,5
6,6
7,7
8,8
9,9
10,10
11,11
12,12
13,13
14,14
15,15
16,16
17,17
18,18
3,19
20,20
21,21
22,22
23,23
24,24
25,25
26,26
27,27
28,28
11,29
30,30
31,31
68,32
33,33
34,34
35,35
36,36
37,37
38,38
39,39
40,40
41,41
42,42
43,43
44,44
45,45
46,46
47,47
48,48
49,49
50,50
51,51
52,52
53,53
54,54
55,55
56,56
57,57
58,58
59,59
0,0
1,1
2,2
3,3
4,4
5,5
6,6
7,7
8,8
9,9
10,10
28,11
12,12
13,13
14,14
15,15
15,16
17,17
18,18
19,19
20,20
21,21
22,22
23,23
24,24
25,25
26,26
27,27
28,28
11,29
30,30
31,31
32,32
33,33
34,34
35,35
36,36
37,37
38,38
39,39
40,40
41,41
42,42
43,43
44,44
45,45
46,46
47,47
48,48
49,49
50,50
51,51
52,52
53,53
54,54
55,55
56,56
57,57
58,58
59,59
0,0
1,1
2,2
3,3
4,4
5,5
6,6
7,7
8,8
9,9
29,10
1,11
12,12
13,13
14,14
15,15
16,16
17,17
18,18
19,19
20,20
21,21
22,22
41,23
46,24
25,25
26,26
27,27
28,28
29,29
30,30
31,31
32,32
33,33
34,34
35,35
36,36
37,37
38,38
39,39
40,40
41,41
42,42
43,43
46,44
45,45
46,46
47,47
48,48
49,49
50,50
51,51
52,52
53,53
54,54
55,55
56,56
57,57
58,58
59,59
0,0
1,1
2,2
3,3
4,4
5,5
6,6
7,7
8,8
9,9
11,10
11,11
12,12
13,13
14,14
15,15
15,16
17,17
18,18
19,19
20,20
21,21
22,22
23,23
24,24
25,25
26,26
27,27
28,28
29,29
30,30
31,31
4,32
33,33
34,34
35,35
36,36
37,37
38,38
39,39
2,40
41,41
42,42
43,43
44,44
45,45
46,46
47,47
48,48
49,49
50,50
51,51
52,52
52,53
55,55
56,56
57,57
58,58
59,59
0,0
1,1
2,2
3,3
4,4
5,5
62,6
8,7
8,8
9,9
75,10
73,12
13,13
14,14
15,15
15,16
60,17
18,18
19,19
20,20
21,21
22,22
16,23
28,24
25,25
26,26
0,27
28,28
11,29
30,30
31,31
85,32
33,33
34,34
29,35
18,36
37,37
38,38
39,39
40,40
41,41
42,42
46,43
29,44
45,45
36,46
16,47
9,48
49,49
50,50
51,51
52,52
53,53
54,54
55,55
56,56
57,57
58,58
59,59
0,0
1,1
2,2
3,3
4,4
5,5
6,6
7,7
8,8
9,9
10,10
11,11
12,12
13,13
14,14
15,15
16,16
17,17
18,18
19,19
20,20
21,21
22,22
23,23
24,24
25,25
26,26
27,27
28,28
29,29
30,30
31,31
32,32
33,33
34,34
35,35
36,36
37,37
38,38
39,39
40,40
41,41
42,42
43,43
44,44
45,45
46,46
47,47
48,48
49,49
50,50
51,51
52,52
53,53
54,54
55,55
56,56
57,57
58,58
59,59
0,0
1,1
2,2
3,3
4,4
5,5
6,6
7,7
8,8
33,9
11,10
29,11
33,12
13,13
14,14
15,15
15,16
17,17
17,18
3,19
20,20
21,21
22,22
23,23
24,24
25,25
26,26
27,27
28,28
29,29
30,30
31,31
17,32
33,33
34,34
35,35
36,36
37,37
102,38
9,39
1,40
41,41
42,42
43,43
2,44
45,45
46,46
47,47
22,48
49,49
50,50
51,51
52,52
53,53
54,54
55,55
56,56
57,57
58,58
59,59
0,0
1,1
2,2
3,3
55,4
5,5
4,6
7,7
8,8
9,9
10,10
72,11
12,12
13,13
14,14
15,15
16,16
17,17
18,18
19,19
20,20
21,21
22,22
23,23
24,24
25,25
26,26
27,27
28,28
29,29
30,30
31,31
32,32
33,33
34,34
35,35
36,36
37,37
38,38
39,39
40,40
41,41
42,42
17,43
44,44
45,45
46,46
40,47
48,48
49,49
50,50
51,51
52,52
53,53
54,54
55,55
56,56
57,57
58,58
59,59
2,0
90,1
2,2
3,3
4,4
5,5
6,6
7,7
8,8
9,9
10,10
11,11
12,12
13,13
14,14
15,15
15,16
17,17
61,18
19,19
20,20
21,21
1,22
23,23
24,24
25,25
26,26
0,27
28,28
29,29
30,30
31,31
45,32
9,33
34,34
35,35
36,36
37,37
9,38
37,39
40,40
41,41
42,42
0,43
24,44
45,45
46,46
47,47
19,48
106,49
50,50
51,51
52,52
53,53
54,54
55,55
56,56
57,57
58,58
59,59
0,0
1,1
2,2
43,3
4,4
5,5
6,6
7,7
8,8
9,9
29,10
11,11
12,12
13,13
14,14
15,15
16,16
17,17
18,18
19,19
20,20
21,21
22,22
23,23
24,24
25,25
26,26
27,27
28,28
29,29
30,30
31,31
32,32
33,33
34,34
35,35
36,36
37,37
38,38
39,39
40,40
41,41
42,42
43,43
44,44
45,45
46,46
47,47
48,48
49,49
50,50
51,51
52,52
53,53
54,54
55,55
56,56
57,57
58,58
59,59
0,0
1,1
43,2
49,6
7,7
8,8
65,9
31,10
28,11
12,12
13,13
14,14
15,15
16,16
17,17
18,18
19,19
20,20
21,21
22,22
23,23
24,24
25,25
26,26
27,27
75,28
29,29
30,30
28,31
85,32
85,33
34,34
102,35
36,36
37,37
38,38
62,39
40,40
41,41
42,42
43,43
102,44
45,45
46,46
47,47
48,48
105,49
50,50
51,51
53,52
53,53
54,54
55,55
56,56
57,57
58,58
59,59
2,0
1,1
2,2
3,3
4,4
5,5
64,6
7,7
8,8
9,9
81,10
11,11
77,12
13,13
14,14
16,15
16,16
17,17
18,18
19,19
20,20
21,21
22,22
23,23
24,24
25,25
26,26
104,27
28,28
29,29
30,30
31,31
32,32
33,33
34,34
35,35
36,36
37,37
38,38
39,39
104,40
41,41
42,42
104,43
44,44
45,45
67,46
47,47
48,48
49,49
50,50
51,51
52,52
53,53
54,54
117,55
56,56
57,57
58,58
59,59
0,0
1,1
2,2
3,3
4,4
5,5
6,6
8,8
88,9
72,10
11,11
12,12
13,13
14,14
15,15
16,16
60,17
61,18
19,19
20,20
21,21
22,22
23,23
24,24
25,25
26,26
78,27
29,28
29,29
30,30
31,31
32,32
33,33
34,34
35,35
36,36
37,37
38,38
39,39
40,40
41,41
42,42
104,43
47,44
45,45
46,46
47,47
48,48
49,49
110,50
51,51
52,52
53,53
54,54
55,55
56,56
57,57
58,58
59,59
0,0
1,1
2,2
3,3
4,4
5,5
6,6
7,7
8,8
9,9
72,10
81,11
12,12
13,13
14,14
15,15
16,16
17,17
18,18
19,19
20,20
21,21
22,22
23,23
24,24
25,25
26,26
0,27
28,28
29,29
30,30
31,31
32,32
33,33
34,34
35,35
36,36
37,37
38,38
39,39
2,40
41,41
42,42
43,43
44,44
45,45
46,46
47,47
48,48
49,49
50,50
51,51
52,52
53,53
54,54
55,55
56,56
57,57
58,58
59,59
0,0
1,1
2,2
3,3
4,4
5,5
6,6
7,7
8,8
9,9
11,10
29,11
12,12
13,13
14,14
15,15
16,16
17,17
18,18
19,19
20,20
21,21
22,22
23,23
24,24
25,25
26,26
0,27
28,28
29,29
30,30
31,31
32,32
33,33
34,34
35,35
36,36
37,37
38,38
39,39
40,40
41,41
42,42
43,43
44,44
45,45
46,46
47,47
48,48
49,49
50,50
51,51
52,52
53,53
54,54
55,55
56,56
57,57
58,58
59,59
0,0
1,1
2,2
3,3
4,4
5,5
6,6
7,7
8,8
9,9
10,10
10,11
12,12
13,13
14,14
15,15
16,16
17,17
18,18
37,19
20,20
21,21
22,22
23,23
24,24
25,25
26,26
27,27
28,28
29,29
30,30
31,31
32,32
33,33
34,34
35,35
36,36
37,37
38,38
39,39
40,40
41,41
42,42
43,43
44,44
45,45
46,46
47,47
48,48
49,49
50,50
51,51
52,52
53,53
116,54
55,55
56,56
57,57
58,58
59,59
0,0
1,1
2,2
3,3
4,4
5,5
6,6
7,7
8,8
9,9
10,10
10,11
9,12
13,13
14,14
15,15
16,16
17,17
18,18
46,19
20,20
21,21
22,22
23,23
24,24
25,25
26,26
27,27
28,28
28,29
30,30
31,31
69,32
33,33
34,34
35,35
36,36
37,37
38,38
39,39
40,40
41,41
42,42
104,43
45,44
45,45
46,46
47,47
48,48
49,49
50,50
51,51
52,52
53,53
54,54
55,55
56,56
57,57
58,58
59,59
0,0
2,1
2,2
3,3
4,4
5,5
64,6
7,7
8,8
9,9
10,10
27,11
77,12
13,13
14,14
15,15
16,16
17,17
18,18
19,19
20,20
21,21
22,22
23,23
24,24
25,25
26,26
27,27
28,28
29,29
30,30
31,31
32,32
33,33
34,34
35,35
36,36
37,37
38,38
39,39
40,40
41,41
42,42
43,43
44,44
45,45
46,46
47,47
48,48
49,49
23,50
51,51
52,52
53,53
54,54
55,55
56,56
57,57
58,58
59,59
0,0
84,1
2,2
3,3
4,4
5,5
6,6
7,7
8,8
9,9
10,10
11,11
12,12
13,13
14,14
15,15
16,16
17,17
18,18
19,19
20,20
21,21
22,22
23,23
24,24
25,25
26,26
27,27
28,28
11,29
30,30
31,31
32,32
33,33
34,34
35,35
36,36
37,37
38,38
39,39
40,40
41,41
42,42
43,43
44,44
45,45
46,46
34,47
48,48
49,49
50,50
51,51
52,52
53,53
54,54
55,55
56,56
57,57
58,58
59,59
0,0
1,1
2,2
3,3
4,4
5,5
93,6
7,7
8,8
9,9
10,10
11,11
12,12
13,13
14,14
15,15
16,16
17,17
18,18
19,19
20,20
21,21
22,22
23,23
24,24
25,25
26,26
27,27
28,28
29,29
30,30
30,31
30,32
33,33
34,34
35,35
36,36
37,37
38,38
39,39
40,40
41,41
42,42
27,43
44,44
45,45
46,46
47,47
48,48
49,49
50,50
51,51
52,52
53,53
54,54
55,55
56,56
57,57
58,58
59,59
0,0
1,1
2,2
3,3
4,4
5,5
6,6
7,7
8,8
9,9
10,10
74,11
12,12
13,13
14,14
15,15
16,16
17,17
18,18
19,19
20,20
21,21
22,22
23,23
24,24
25,25
26,26
27,27
28,28
29,29
30,30
31,31
4,32
33,33
34,34
35,35
36,36
37,37
38,38
39,39
1,40
41,41
42,42
36,43
44,44
45,45
46,46
47,47
48,48
64,49
23,50
55,51
52,52
53,53
54,54
55,55
56,56
57,57
58,58
59,59
0,0
1,1
104,2
3,3
4,4
5,5
6,6
7,7
8,8
9,9
10,10
11,11
12,12
13,13
14,14
15,15
16,16
17,17
18,18
19,19
20,20
21,21
22,22
23,23
24,24
25,25
26,26
27,27
28,28
29,29
30,30
31,31
32,32
33,33
34,34
35,35
36,36
37,37
38,38
39,39
104,40
41,41
42,42
17,43
44,44
45,45
46,46
47,47
48,48
49,49
50,50
51,51
52,52
53,53
54,54
55,55
56,56
57,57
58,58
59,59
0,0
1,1
2,2
3,3
4,4
5,5
62,6
7,7
8,8
9,9
10,10
11,11
12,12
13,13
14,14
15,15
16,16
17,17
18,18
19,19
20,20
21,21
22,22
23,23
24,24
25,25
26,26
27,27
28,28
11,29
30,30
31,31
32,32
33,33
34,34
35,35
36,36
37,37
38,38
39,39
40,40
41,41
42,42
43,43
44,44
45,45
46,46
47,47
22,48
49,49
50,50
51,51
52,52
53,53
54,54
55,55
56,56
57,57
58,58
59,59
0,0
1,1
2,2
3,3
4,4
5,5
6,6
7,7
8,8
9,9
10,10
11,11
12,12
13,13
14,14
15,15
16,16
17,17
18,18
19,19
20,20
21,21
22,22
23,23
24,24
25,25
26,26
27,27
28,28
29,29
30,30
31,31
32,32
85,33
34,34
35,35
36,36
37,37
38,38
39,39
40,40
41,41
42,42
43,43
44,44
45,45
46,46
47,47
48,48
49,49
50,50
51,51
52,52
53,53
54,54
55,55
56,56
57,57
58,58
59,59
0,0
1,1
2,2
3,3
4,4
5,5
62,6
7,7
8,8
9,9
90,10
11,11
12,12
13,13
14,14
15,15
16,16
17,17
18,18
19,19
20,20
21,21
70,22
23,23
24,24
25,25
26,26
27,27
28,28
29,29
30,30
31,31
32,32
33,33
34,34
35,35
36,36
37,37
38,38
39,39
18,40
41,41
42,42
43,43
44,44
45,45
46,46
47,47
48,48
49,49
50,50
51,51
52,52
53,53
54,54
117,55
108,56
57,57
58,58
59,59
0,0
1,1
2,2
3,3
4,4
5,5
6,6
7,7
8,8
9,9
10,10
29,11
12,12
13,13
14,14
15,15
15,16
17,17
18,18
19,19
20,20
21,21
22,22
23,23
24,24
25,25
26,26
27,27
28,28
29,29
30,30
31,31
32,32
33,33
40,34
35,35
36,36
37,37
38,38
39,39
40,40
41,41
42,42
43,43
44,44
45,45
46,46
47,47
12,48
49,49
50,50
51,51
52,52
53,53
54,54
55,55
56,56
57,57
58,58
59,59
0,0
1,1
2,2
3,3
4,4
5,5
6,6
7,7
8,8
9,9
10,10
29,11
12,12
13,13
14,14
15,15
16,16
17,17
18,18
19,19
20,20
21,21
22,22
23,23
24,24
25,25
26,26
27,27
28,28
29,29
30,30
31,31
32,32
33,33
47,34
35,35
36,36
37,37
38,38
39,39
40,40
41,41
42,42
43,43
44,44
45,45
102,46
47,47
48,48
49,49
50,50
51,51
52,52
53,53
54,54
55,55
56,56
57,57
58,58
59,59
0,0
1,1
2,2
3,3
64,4
5,5
6,6
7,7
8,8
9,9
10,10
11,11
12,12
13,13
14,14
15,15
16,16
17,17
18,18
19,19
20,20
21,21
22,22
23,23
44,24
25,25
26,26
1,27
28,28
29,29
30,30
31,31
32,32
33,33
34,34
35,35
36,36
37,37
38,38
39,39
40,40
41,41
42,42
43,43
44,44
45,45
46,46
47,47
48,48
49,49
50,50
51,51
52,52
53,53
54,54
55,55
56,56
57,57
58,58
59,59
0,0
1,1
2,2
3,3
1,4
5,5
6,6
7,7
8,8
9,9
10,10
11,11
12,12
13,13
14,14
15,15
16,16
17,17
18,18
19,19
20,20
21,21
22,22
23,23
24,24
25,25
26,26
27,27
28,28
75,29
30,30
31,31
32,32
33,33
34,34
35,35
36,36
37,37
38,38
39,39
104,40
41,41
42,42
43,43
44,44
45,45
46,46
47,47
48,48
6,49
23,50
51,51
52,52
53,53
54,54
55,55
56,56
57,57
58,58
59,59
0,0
1,1
2,2
3,3
4,4
5,5
6,6
7,7
8,8
9,9
10,10
11,11
12,12
13,13
14,14
15,15
15,16
17,17
18,18
19,19
20,20
21,21
22,22
23,23
24,24
25,25
26,26
27,27
28,28
29,29
30,30
31,31
24,32
33,33
34,34
35,35
36,36
37,37
38,38
39,39
40,40
41,41
42,42
43,43
44,44
24,45
46,46
47,47
48,48
49,49
50,50
51,51
52,52
53,53
54,54
55,55
56,56
57,57
58,58
59,59
0,0
1,1
2,2
3,3
4,4
5,5
6,6
7,7
8,8
9,9
10,10
11,11
12,12
13,13
14,14
15,15
15,16
17,17
18,18
19,19
20,20
21,21
22,22
23,23
24,24
25,25
26,26
27,27
11,28
29,29
30,30
31,31
32,32
33,33
34,34
35,35
36,36
37,37
38,38
39,39
40,40
41,41
42,42
43,43
44,44
45,45
46,46
47,47
11,48
49,49
50,50
51,51
52,52
53,53
54,54
55,55
56,56
57,57
58,58
59,59
0,0
1,1
104,2
3,3
4,4
5,5
6,6
7,7
8,8
9,9
10,10
11,11
12,12
13,13
14,14
16,15
16,16
17,17
18,18
19,19
20,20
21,21
22,22
23,23
24,24
25,25
26,26
27,27
28,28
29,29
30,30
31,31
32,32
33,33
34,34
35,35
36,36
37,37
38,38
39,39
40,40
41,41
42,42
43,43
44,44
45,45
46,46
40,47
48,48
49,49
50,50
51,51
52,52
53,53
52,54
55,55
56,56
57,57
58,58
115,59
0,0
82,1
2,2
3,3
4,4
5,5
6,6
7,7
8,8
9,9
10,10
10,11
12,12
13,13
14,14
15,15
16,16
17,17
18,18
19,19
20,20
21,21
22,22
23,23
24,24
25,25
26,26
27,27
28,28
29,29
30,30
31,31
32,32
33,33
34,34
92,35
84,36
37,37
38,38
39,39
40,40
41,41
42,42
36,43
44,44
45,45
46,46
40,47
48,48
49,49
50,50
51,51
52,52
53,53
54,54
55,55
56,56
57,57
58,58
59,59
0,0
1,1
2,2
3,3
4,4
5,5
6,6
7,7
8,8
9,9
11,10
11,11
12,12
13,13
14,14
15,15
16,16
17,17
18,18
19,19
20,20
21,21
22,22
23,23
24,24
25,25
26,26
27,27
28,28
29,29
30,30
31,31
32,32
33,33
34,34
35,35
36,36
37,37
38,38
39,39
104,40
41,41
42,42
43,43
44,44
45,45
46,46
47,47
48,48
49,49
50,50
51,51
52,52
53,53
55,55
56,56
57,57
58,58
59,59
0,0
1,1
2,2
46,3
4,4
5,5
6,6
7,7
8,8
9,9
10,10
11,11
12,12
13,13
14,14
15,15
16,16
17,17
18,18
19,19
20,20
21,21
22,22
23,23
24,24
25,25
26,26
27,27
28,28
29,29
30,30
31,31
32,32
33,33
34,34
35,35
18,36
37,37
38,38
39,39
40,40
41,41
42,42
43,43
44,44
45,45
46,46
47,47
48,48
49,49
50,50
51,51
52,52
53,53
54,54
55,55
56,56
57,57
58,58
59,59
0,0
1,1
2,2
3,3
4,4
5,5
64,6
7,7
8,8
9,9
10,10
36,11
12,12
13,13
14,14
15,15
15,16
17,17
18,18
19,19
20,20
21,21
22,22
23,23
24,24
25,25
26,26
11,27
11,28
29,29
30,30
30,31
32,32
33,33
34,34
35,35
84,36
37,37
38,38
39,39
104,40
41,41
42,42
43,43
44,44
45,45
46,46
47,47
48,48
49,49
50,50
51,51
52,52
53,53
54,54
55,55
56,56
57,57
58,58
59,59
0,0
1,1
2,2
3,3
4,4
5,5
6,6
7,7
8,8
9,9
10,10
11,11
12,12
13,13
14,14
15,15
16,16
17,17
18,18
19,19
20,20
21,21
22,22
23,23
24,24
25,25
26,26
27,27
28,28
11,29
30,30
31,31
32,32
33,33
34,34
35,35
36,36
37,37
38,38
39,39
40,40
41,41
42,42
43,43
44,44
45,45
46,46
34,47
48,48
49,49
50,50
51,51
52,52
53,53
54,54
55,55
56,56
57,57
58,58
59,59
0,0
1,1
2,2
3,3
4,4
5,5
93,6
7,7
8,8
9,9
10,10
11,11
12,12
13,13
14,14
15,15
15,16
17,17
18,18
19,19
20,20
21,21
22,22
23,23
24,24
25,25
26,26
27,27
28,28
29,29
30,30
103,31
32,32
33,33
34,34
35,35
3,36
37,37
38,38
39,39
40,40
41,41
42,42
43,43
95,44
45,45
20,46
47,47
48,48
49,49
50,50
51,51
52,52
53,53
54,54
55,55
56,56
57,57
58,58
59,59
0,0
1,1
2,2
3,3
4,4
5,5
6,6
7,7
8,8
9,9
11,10
29,11
12,12
13,13
14,14
16,15
16,16
17,17
18,18
19,19
20,20
21,21
22,22
23,23
24,24
25,25
26,26
27,27
28,28
29,29
30,30
31,31
4,32
33,33
34,34
35,35
36,36
37,37
38,38
39,39
40,40
41,41
42,42
43,43
44,44
45,45
46,46
47,47
48,48
49,49
50,50
51,51
52,52
53,53
55,55
56,56
57,57
58,58
59,59
0,0
1,1
2,2
3,3
4,4
5,5
6,6
7,7
8,8
9,9
72,10
11,11
12,12
13,13
14,14
15,15
16,16
17,17
18,18
19,19
20,20
21,21
22,22
23,23
24,24
25,25
26,26
27,27
1,28
81,29
30,30
30,31
32,32
33,33
34,34
35,35
36,36
37,37
38,38
39,39
40,40
41,41
42,42
43,43
44,44
45,45
46,46
47,47
48,48
49,49
50,50
51,51
52,52
53,53
54,54
55,55
108,56
57,57
58,58
59,59
0,0
1,1
2,2
3,3
4,4
5,5
6,6
7,7
8,8
33,9
10,10
11,11
12,12
13,13
14,14
15,15
16,16
17,17
18,18
19,19
20,20
21,21
22,22
23,23
24,24
25,25
26,26
27,27
28,28
11,29
30,30
31,31
32,32
33,33
34,34
35,35
43,36
37,37
38,38
39,39
40,40
41,41
42,42
43,43
44,44
45,45
46,46
47,47
48,48
49,49
50,50
51,51
52,52
53,53
54,54
55,55
56,56
57,57
58,58
59,59
0,0
1,1
2,2
3,3
4,4
5,5
6,6
7,7
8,8
9,9
10,10
29,11
12,12
13,13
14,14
15,15
16,16
17,17
18,18
19,19
20,20
21,21
22,22
23,23
24,24
25,25
26,26
27,27
28,28
29,29
71,30
31,31
32,32
33,33
34,34
35,35
36,36
37,37
38,38
39,39
40,40
41,41
42,42
43,43
44,44
45,45
46,46
47,47
48,48
49,49
50,50
51,51
52,52
53,53
54,54
55,55
56,56
57,57
58,58
59,59
0,0
1,1
2,2
67,3
4,4
5,5
62,6
7,7
8,8
9,9
10,10
28,11
12,12
13,13
14,14
16,15
16,16
27,17
18,18
19,19
20,20
21,21
70,22
23,23
24,24
25,25
26,26
27,27
29,28
29,29
30,30
31,31
32,32
85,33
34,34
35,35
36,36
37,37
38,38
39,39
38,40
41,41
42,42
43,43
44,44
45,45
46,46
47,47
48,48
49,49
50,50
51,51
52,52
30,53
54,54
55,55
108,56
57,57
58,58
59,59
0,0
17,1
2,2
3,3
4,4
5,5
6,6
7,7
8,8
9,9
10,10
28,11
12,12
13,13
14,14
15,15
15,16
17,17
18,18
19,19
20,20
21,21
22,22
23,23
45,24
25,25
26,26
27,27
28,28
29,29
30,30
31,31
32,32
33,33
34,34
35,35
36,36
37,37
38,38
39,39
40,40
41,41
42,42
43,43
40,44
44,45
46,46
47,47
12,48
49,49
50,50
51,51
52,52
53,53
54,54
55,55
56,56
57,57
58,58
59,59
0,0
1,1
2,2
3,3
4,4
5,5
6,6
7,7
8,8
9,9
10,10
10,11
12,12
13,13
14,14
15,15
16,16
17,17
18,18
19,19
20,20
21,21
22,22
23,23
24,24
25,25
26,26
27,27
28,28
29,29
30,30
31,31
32,32
33,33
34,34
35,35
36,36
37,37
38,38
39,39
40,40
41,41
42,42
43,43
44,44
45,45
46,46
47,47
48,48
49,49
23,50
51,51
52,52
53,53
54,54
55,55
56,56
57,57
58,58
59,59
0,0
1,1
2,2
3,3
4,4
5,5
62,6
7,7
8,8
9,9
10,10
29,11
12,12
13,13
14,14
15,15
16,16
17,17
18,18
19,19
20,20
21,21
22,22
23,23
24,24
25,25
26,26
1,27
28,28
29,29
30,30
31,31
4,32
33,33
34,34
36,35
33,36
37,37
38,38
39,39
40,40
41,41
42,42
2,43
44,44
92,45
46,46
104,47
48,48
49,49
50,50
51,51
52,52
53,53
54,54
55,55
56,56
57,57
58,58
59,59
0,0
1,1
2,2
3,3
4,4
5,5
6,6
7,7
8,8
9,9
10,10
10,11
12,12
13,13
14,14
15,15
16,16
17,17
18,18
19,19
20,20
21,21
22,22
23,23
24,24
25,25
26,26
27,27
28,28
11,29
30,30
31,31
32,32
33,33
34,34
35,35
36,36
37,37
38,38
39,39
40,40
41,41
42,42
43,43
44,44
45,45
46,46
47,47
48,48
49,49
50,50
51,51
52,52
53,53
54,54
55,55
56,56
57,57
58,58
59,59
0,0
1,1
2,2
48,3
23,4
5,5
6,6
7,7
8,8
9,9
10,10
11,11
12,12
13,13
14,14
15,15
16,16
17,17
18,18
19,19
20,20
21,21
22,22
23,23
24,24
25,25
26,26
27,27
28,28
29,29
30,30
31,31
117,32
33,33
34,34
35,35
36,36
37,37
38,38
39,39
40,40
41,41
42,42
43,43
45,44
45,45
46,46
47,47
48,48
49,49
50,50
51,51
52,52
53,53
54,54
55,55
56,56
57,57
58,58
59,59
0,0
1,1
2,2
3,3
4,4
5,5
6,6
7,7
8,8
9,9
10,10
11,11
12,12
13,13
14,14
15,15
16,16
17,17
18,18
19,19
20,20
21,21
22,22
23,23
24,24
25,25
26,26
27,27
74,28
29,29
30,30
31,31
32,32
33,33
34,34
35,35
36,36
37,37
38,38
39,39
40,40
41,41
42,42
17,43
44,44
45,45
46,46
47,47
48,48
49,49
50,50
51,51
52,52
53,53
54,54
55,55
56,56
57,57
58,58
59,59
0,0
1,1
17,2
3,3
4,4
5,5
6,6
7,7
8,8
9,9
10,10
29,11
12,12
13,13
14,14
16,15
16,16
17,17
18,18
19,19
20,20
21,21
22,22
23,23
24,24
25,25
26,26
27,27
28,28
29,29
30,30
31,31
32,32
33,33
34,34
35,35
36,36
37,37
38,38
39,39
40,40
41,41
42,42
43,43
44,44
45,45
46,46
40,47
48,48
49,49
50,50
51,51
52,52
53,53
56,54
55,55
56,56
55,57
58,58
59,59
0,0
82,1
2,2
3,3
4,4
5,5
62,6
7,7
8,8
9,9
10,10
11,11
81,12
13,13
14,14
16,15
16,16
17,17
18,18
19,19
20,20
21,21
22,22
23,23
24,24
25,25
26,26
27,27
28,28
29,29
30,30
31,31
32,32
33,33
34,34
9,35
17,36
37,37
38,38
39,39
40,40
41,41
42,42
36,43
44,44
45,45
46,46
40,47
48,48
49,49
50,50
51,51
52,52
53,53
55,55
56,56
57,57
58,58
59,59
0,0
1,1
2,2
19,3
4,4
5,5
6,6
7,7
8,8
9,9
11,10
11,11
12,12
13,13
14,14
15,15
15,16
63,17
18,18
19,19
20,20
21,21
22,22
23,23
24,24
25,25
26,26
27,27
28,28
75,29
30,30
31,31
32,32
33,33
34,34
35,35
1,36
37,37
38,38
39,39
104,40
41,41
42,42
43,43
44,44
45,45
46,46
47,47
48,48
49,49
50,50
51,51
52,52
53,53
54,54
55,55
56,56
57,57
58,58
59,59
0,0
1,1
2,2
46,3
4,4
5,5
6,6
7,7
8,8
9,9
10,10
11,11
12,12
13,13
14,14
15,15
16,16
17,17
18,18
19,19
20,20
21,21
22,22
23,23
24,24
25,25
26,26
27,27
28,28
29,29
30,30
31,31
32,32
33,33
34,34
35,35
3,36
37,37
38,38
39,39
40,40
41,41
42,42
43,43
44,44
45,45
46,46
47,47
48,48
49,49
50,50
51,51
52,52
53,53
54,54
55,55
56,56
57,57
58,58
59,59
0,0
1,1
2,2
3,3
4,4
5,5
64,6
7,7
8,8
9,9
10,10
11,11
12,12
13,13
14,14
15,15
16,16
17,17
18,18
19,19
20,20
21,21
22,22
23,23
24,24
25,25
26,26
27,27
28,28
29,29
30,30
31,31
32,32
33,33
34,34
35,35
1,36
37,37
38,38
39,39
40,40
41,41
42,42
43,43
44,44
45,45
46,46
47,47
48,48
56,49
50,50
51,51
116,52
53,53
54,54
55,55
56,56
57,57
58,58
59,59
0,0
12,1
2,2
36,3
78,4
5,5
6,6
7,7
8,8
9,9
10,10
83,11
90,12
13,13
14,14
15,15
16,16
17,17
61,18
19,19
93,20
21,21
22,22
23,23
24,24
25,25
26,26
27,27
73,28
1,29
30,30
31,31
32,32
33,33
34,34
35,35
36,36
37,37
38,38
39,39
40,40
41,41
42,42
67,43
44,44
45,45
46,46
34,47
48,48
49,49
50,50
51,51
52,52
114,53
54,54
55,55
56,56
57,57
58,58
59,59
0,0
1,1
2,2
3,3
4,4
5,5
62,6
7,7
8,8
9,9
10,10
11,11
12,12
13,13
14,14
15,15
16,16
17,17
18,18
19,19
20,20
21,21
22,22
23,23
24,24
25,25
26,26
27,27
28,28
29,29
30,30
31,31
32,32
33,33
34,34
35,35
36,36
37,37
38,38
39,39
40,40
41,41
42,42
43,43
102,44
45,45
46,46
47,47
48,48
49,49
50,50
51,51
52,52
53,53
55,55
56,56
57,57
58,58
59,59
0,0
1,1
2,2
3,3
4,4
5,5
6,6
7,7
8,8
33,9
75,10
74,11
12,12
13,13
14,14
15,15
16,16
17,17
18,18
37,19
20,20
21,21
22,22
23,23
24,24
25,25
26,26
27,27
28,28
29,29
30,30
31,31
68,32
33,33
34,34
35,35
36,36
70,37
114,38
39,39
40,40
41,41
42,42
43,43
92,44
45,45
46,46
40,47
48,48
105,49
50,50
51,51
52,52
109,53
54,54
55,55
56,56
57,57
58,58
59,59
0,0
1,1
2,2
3,3
4,4
5,5
6,6
7,7
8,8
9,9
10,10
11,11
12,12
13,13
14,14
15,15
16,16
17,17
18,18
19,19
20,20
21,21
22,22
23,23
24,24
25,25
26,26
27,27
72,28
29,29
30,30
31,31
32,32
33,33
34,34
35,35
36,36
37,37
38,38
39,39
40,40
41,41
42,42
43,43
44,44
45,45
46,46
47,47
48,48
49,49
50,50
51,51
52,52
53,53
54,54
55,55
56,56
57,57
58,58
59,59
0,0
1,1
2,2
3,3
4,4
5,5
62,6
56,7
56,8
33,9
11,10
11,11
89,12
13,13
14,14
87,15
16,16
17,17
18,18
56,19
3,20
92,21
22,22
23,23
56,24
25,25
26,26
27,27
75,28
29,29
109,30
65,31
32,32
109,33
34,34
110,35
36,36
37,37
38,38
39,39
40,40
41,41
42,42
43,43
44,44
45,45
46,46
47,47
48,48
49,49
50,50
51,51
52,52
109,53
54,54
55,55
56,56
57,57
58,58
59,59
0,0
1,1
2,2
3,3
4,4
5,5
6,6
7,7
8,8
9,9
10,10
12,11
12,12
13,13
14,14
15,15
16,16
17,17
18,18
19,19
20,20
21,21
22,22
23,23
24,24
25,25
26,26
27,27
28,28
29,29
30,30
31,31
32,32
33,33
34,34
35,35
36,36
37,37
38,38
39,39
40,40
41,41
42,42
43,43
44,44
45,45
46,46
47,47
48,48
49,49
50,50
51,51
52,52
53,53
54,54
55,55
56,56
57,57
58,58
59,59
0,0
1,1
2,2
3,3
4,4
5,5
62,6
7,7
8,8
9,9
81,10
109,11
12,12
13,13
14,14
15,15
16,16
27,17
1,18
19,19
20,20
21,21
71,22
23,23
24,24
25,25
26,26
27,27
33,28
29,29
71,30
31,31
74,32
85,33
34,34
35,35
36,36
37,37
38,38
39,39
36,40
41,41
42,42
104,43
44,44
45,45
46,46
47,47
21,48
49,49
50,50
51,51
52,52
53,53
54,54
117,55
108,56
57,57
58,58
59,59
0,0
1,1
2,2
3,3
4,4
5,5
6,6
7,7
8,8
9,9
10,10
10,11
12,12
13,13
14,14
15,15
16,16
17,17
18,18
19,19
20,20
21,21
22,22
23,23
24,24
25,25
26,26
27,27
28,28
29,29
30,30
31,31
32,32
33,33
34,34
35,35
36,36
37,37
38,38
39,39
38,40
41,41
42,42
43,43
44,44
45,45
46,46
47,47
48,48
49,49
23,50
51,51
52,52
53,53
54,54
55,55
56,56
57,57
59,58
59,59
0,0
0,1
2,2
3,3
102,4
5,5
6,6
7,7
8,8
9,9
90,10
74,11
12,12
13,13
14,14
15,15
15,16
17,17
18,18
19,19
20,20
21,21
22,22
23,23
24,24
25,25
26,26
27,27
28,28
29,29
30,30
31,31
32,32
9,33
34,34
35,35
36,36
37,37
38,38
39,39
40,40
41,41
42,42
43,43
44,44
45,45
46,46
47,47
48,48
49,49
50,50
51,51
52,52
53,53
54,54
55,55
56,56
57,57
58,58
59,59
0,0
1,1
2,2
3,3
4,4
5,5
6,6
7,7
8,8
9,9
10,10
11,11
12,12
13,13
14,14
15,15
16,16
17,17
18,18
19,19
20,20
21,21
22,22
23,23
24,24
25,25
26,26
27,27
28,28
75,29
30,30
31,31
32,32
33,33
34,34
35,35
36,36
37,37
38,38
39,39
104,40
41,41
42,42
37,43
44,44
45,45
46,46
47,47
48,48
53,49
50,50
51,51
52,52
53,53
55,55
24,56
57,57
58,58
59,59
0,0
0,1
2,2
3,3
1,4
5,5
62,6
7,7
8,8
9,9
10,10
10,11
12,12
13,13
14,14
15,15
47,16
17,17
18,18
19,19
20,20
21,21
22,22
23,23
24,24
25,25
26,26
27,27
10,28
72,29
30,30
103,31
32,32
33,33
34,34
35,35
36,36
37,37
38,38
39,39
40,40
41,41
42,42
2,43
44,44
92,45
46,46
47,47
48,48
49,49
50,50
51,51
52,52
53,53
54,54
55,55
56,56
57,57
58,58
59,59
0,0
1,1
2,2
3,3
4,4
5,5
6,6
7,7
8,8
9,9
10,10
11,11
12,12
13,13
14,14
15,15
16,16
17,17
18,18
19,19
20,20
21,21
22,22
23,23
24,24
25,25
26,26
27,27
28,28
29,29
30,30
31,31
88,32
33,33
34,34
35,35
36,36
37,37
38,38
39,39
40,40
41,41
42,42
43,43
44,44
45,45
46,46
47,47
48,48
49,49
50,50
51,51
52,52
53,53
54,54
55,55
56,56
57,57
58,58
59,59
0,0
1,1
17,2
3,3
4,4
5,5
6,6
7,7
8,8
9,9
10,10
11,11
12,12
13,13
14,14
15,15
15,16
17,17
18,18
19,19
20,20
21,21
22,22
23,23
24,24
25,25
26,26
27,27
72,28
29,29
30,30
31,31
32,32
33,33
34,34
35,35
33,36
37,37
38,38
39,39
40,40
41,41
42,42
43,43
44,44
45,45
46,46
47,47
11,48
49,49
50,50
51,51
53,52
53,53
54,54
55,55
56,56
57,57
58,58
59,59
0,0
1,1
2,2
3,3
4,4
5,5
6,6
7,7
8,8
9,9
10,10
11,11
12,12
13,13
14,14
15,15
16,16
17,17
18,18
19,19
20,20
21,21
22,22
23,23
24,24
25,25
26,26
27,27
11,28
29,29
30,30
31,31
32,32
33,33
34,34
35,35
36,36
37,37
38,38
39,39
40,40
41,41
42,42
43,43
44,44
45,45
46,46
40,47
33,48
49,49
50,50
51,51
52,52
53,53
105,54
55,55
52,56
55,57
58,58
59,59
0,0
1,1
2,2
3,3
4,4
5,5
6,6
7,7
8,8
9,9
10,10
11,11
12,12
13,13
14,14
16,15
15,16
17,17
18,18
19,19
20,20
21,21
22,22
45,24
25,25
26,26
27,27
28,28
29,29
30,30
32,31
32,32
33,33
34,34
67,35
84,36
37,37
38,38
39,39
1,40
41,41
42,42
36,43
37,44
2,45
46,46
40,47
48,48
49,49
50,50
51,51
52,52
53,53
54,54
55,55
56,56
55,57
58,58
59,59
0,0
1,1
2,2
3,3
4,4
5,5
6,6
7,7
8,8
9,9
10,10
10,11
12,12
13,13
14,14
15,15
15,16
17,17
18,18
19,19
20,20
21,21
22,22
23,23
24,24
25,25
26,26
27,27
28,28
11,29
30,30
31,31
32,32
33,33
34,34
35,35
1,36
37,37
38,38
39,39
104,40
41,41
42,42
43,43
44,44
45,45
46,46
47,47
48,48
49,49
50,50
51,51
52,52
53,53
54,54
55,55
56,56
57,57
58,58
59,59
0,0
1,1
0,2
43,3
4,4
5,5
6,6
7,7
8,8
9,9
90,10
11,11
81,12
13,13
14,14
15,15
16,16
17,17
18,18
17,19
20,20
21,21
22,22
23,23
24,24
25,25
26,26
27,27
28,28
29,29
30,30
31,31
32,32
33,33
34,34
37,35
43,36
67,37
38,38
39,39
104,40
41,41
42,42
43,43
44,44
92,45
46,46
44,47
48,48
49,49
50,50
51,51
52,52
114,53
54,54
55,55
56,56
57,57
58,58
59,59
0,0
1,1
2,2
3,3
55,4
5,5
6,6
7,7
8,8
9,9
10,10
10,11
12,12
13,13
14,14
15,15
16,16
17,17
18,18
19,19
20,20
21,21
22,22
23,23
24,24
25,25
26,26
27,27
28,28
29,29
30,30
31,31
32,32
33,33
34,34
35,35
36,36
37,37
38,38
39,39
66,40
41,41
42,42
43,43
44,44
45,45
46,46
40,47
48,48
49,49
50,50
51,51
52,52
53,53
54,54
55,55
56,56
57,57
58,58
59,59
0,0
1,1
2,2
3,3
55,4
5,5
6,6
7,7
8,8
9,9
10,10
75,11
12,12
13,13
14,14
15,15
16,16
17,17
18,18
19,19
20,20
21,21
22,22
23,23
24,24
25,25
26,26
27,27
28,28
29,29
30,30
31,31
32,32
33,33
34,34
35,35
36,36
37,37
38,38
39,39
43,40
41,41
42,42
43,43
44,44
45,45
46,46
40,47
48,48
49,49
50,50
51,51
52,52
53,53
54,54
55,55
56,56
57,57
58,58
59,59
0,0
1,1
2,2
3,3
4,4
5,5
6,6
7,7
8,8
9,9
10,10
28,11
12,12
13,13
14,14
15,15
16,16
17,17
18,18
19,19
20,20
21,21
22,22
23,23
24,24
25,25
26,26
27,27
28,28
29,29
30,30
31,31
32,32
33,33
34,34
35,35
36,36
37,37
38,38
39,39
1,40
41,41
42,42
2,43
16,44
45,45
22,46
47,47
48,48
49,49
50,50
51,51
52,52
53,53
54,54
55,55
56,56
57,57
58,58
59,59
0,0
1,1
2,2
3,3
4,4
5,5
6,6
7,7
8,8
9,9
10,10
29,11
12,12
13,13
14,14
15,15
16,16
17,17
18,18
19,19
20,20
21,21
22,22
23,23
24,24
25,25
26,26
27,27
83,28
29,29
30,30
31,31
32,32
33,33
34,34
35,35
36,36
37,37
38,38
39,39
40,40
41,41
42,42
43,43
44,44
45,45
46,46
47,47
48,48
49,49
50,50
51,51
52,52
53,53
54,54
55,55
56,56
57,57
58,58
59,59
0,0
1,1
1,2
3,3
55,4
5,5
6,6
7,7
8,8
9,9
90,10
10,11
12,12
13,13
14,14
15,15
16,16
17,17
18,18
19,19
20,20
21,21
22,22
23,23
24,24
25,25
26,26
27,27
28,28
29,29
30,30
31,31
32,32
33,33
34,34
35,35
36,36
37,37
38,38
39,39
40,40
41,41
42,42
37,43
44,44
45,45
46,46
47,47
19,48
49,49
110,50
51,51
52,52
53,53
54,54
55,55
56,56
57,57
58,58
59,59
0,0
84,1
2,2
43,3
4,4
5,5
6,6
7,7
8,8
38,9
90,10
72,11
77,12
13,13
14,14
15,15
16,16
18,17
18,18
19,19
20,20
21,21
22,22
23,23
24,24
25,25
26,26
78,27
28,28
29,29
30,30
30,31
32,32
85,33
34,34
35,35
36,36
37,37
38,38
39,39
104,40
41,41
42,42
43,43
44,44
45,45
46,46
47,47
48,48
49,49
50,50
109,51
52,52
53,53
54,54
49,55
108,56
57,57
58,58
59,59
0,0
1,1
2,2
3,3
4,4
5,5
6,6
7,7
8,8
9,9
10,10
9,11
12,12
13,13
14,14
15,15
15,16
17,17
18,18
19,19
20,20
21,21
22,22
23,23
24,24
25,25
26,26
27,27
28,28
11,29
30,30
31,31
24,32
33,33
34,34
35,35
84,36
37,37
38,38
39,39
40,40
41,41
42,42
43,43
44,44
45,45
27,46
47,47
48,48
49,49
50,50
51,51
52,52
53,53
54,54
55,55
56,56
57,57
58,58
59,59
0,0
29,1
2,2
3,3
4,4
5,5
6,6
7,7
8,8
9,9
10,10
10,11
12,12
13,13
14,14
15,15
16,16
17,17
18,18
19,19
20,20
21,21
22,22
23,23
45,24
25,25
26,26
27,27
28,28
10,29
30,30
31,31
32,32
33,33
34,34
35,35
36,36
37,37
38,38
39,39
40,40
41,41
42,42
43,43
44,44
45,45
46,46
47,47
48,48
49,49
50,50
51,51
52,52
53,53
54,54
55,55
56,56
57,57
58,58
59,59
0,0
1,1
2,2
3,3
4,4
5,5
6,6
7,7
8,8
9,9
10,10
11,11
12,12
13,13
14,14
15,15
15,16
17,17
18,18
19,19
20,20
21,21
22,22
23,23
24,24
25,25
26,26
27,27
28,28
29,29
30,30
31,31
32,32
33,33
34,34
35,35
36,36
37,37
38,38
39,39
40,40
41,41
42,42
43,43
44,44
45,45
46,46
47,47
48,48
35,49
50,50
51,51
37,52
37,53
101,54
55,55
56,56
57,57
58,58
59,59
0,0
1,1
2,2
3,3
4,4
5,5
6,6
7,7
8,8
9,9
10,10
10,11
12,12
13,13
14,14
15,15
16,16
17,17
18,18
19,19
20,20
21,21
22,22
23,23
24,24
25,25
26,26
27,27
28,28
11,29
30,30
31,31
32,32
33,33
34,34
35,35
36,36
37,37
38,38
39,39
40,40
41,41
42,42
43,43
44,44
45,45
46,46
47,47
48,48
49,49
50,50
51,51
22,52
53,53
54,54
55,55
56,56
57,57
58,58
58,59
0,0
1,1
2,2
3,3
4,4
5,5
6,6
7,7
8,8
9,9
10,10
11,11
12,12
13,13
14,14
15,15
16,16
17,17
18,18
19,19
20,20
21,21
22,22
23,23
24,24
25,25
26,26
27,27
28,28
29,29
30,30
31,31
32,32
33,33
34,34
35,35
36,36
37,37
38,38
39,39
40,40
41,41
42,42
43,43
44,44
45,45
46,46
47,47
48,48
49,49
50,50
51,51
52,52
53,53
54,54
55,55
56,56
57,57
58,58
59,59
0,0
1,1
2,2
3,3
4,4
5,5
6,6
7,7
8,8
9,9
10,10
10,11
12,12
13,13
14,14
15,15
16,16
17,17
18,18
19,19
20,20
21,21
22,22
23,23
24,24
25,25
26,26
27,27
11,28
29,29
30,30
31,31
32,32
33,33
34,34
35,35
36,36
37,37
38,38
39,39
40,40
41,41
42,42
43,43
44,44
45,45
46,46
47,47
48,48
49,49
50,50
51,51
52,52
53,53
54,54
55,55
56,56
57,57
58,58
59,59
0,0
1,1
2,2
3,3
4,4
5,5
6,6
7,7
8,8
9,9
10,10
11,11
12,12
13,13
14,14
15,15
16,16
17,17
18,18
19,19
20,20
21,21
22,22
23,23
24,24
25,25
26,26
27,27
28,28
29,29
30,30
31,31
32,32
33,33
34,34
35,35
36,36
37,37
38,38
39,39
40,40
41,41
42,42
43,43
44,44
45,45
46,46
47,47
36,48
49,49
50,50
51,51
52,52
53,53
54,54
55,55
56,56
57,57
58,58
59,59
0,0
1,1
2,2
3,3
4,4
5,5
6,6
7,7
8,8
9,9
10,10
10,11
12,12
13,13
14,14
15,15
16,16
17,17
18,18
19,19
20,20
21,21
22,22
23,23
24,24
25,25
26,26
27,27
28,28
27,29
30,30
31,31
32,32
33,33
34,34
35,35
36,36
37,37
38,38
39,39
104,40
41,41
42,42
43,43
44,44
45,45
46,46
47,47
48,48
49,49
50,50
51,51
52,52
53,53
116,54
55,55
56,56
57,57
58,58
59,59
2,0
1,1
1,2
3,3
4,4
5,5
6,6
7,7
8,8
9,9
11,10
28,11
12,12
13,13
14,14
15,15
15,16
17,17
18,18
19,19
20,20
21,21
22,22
23,23
24,24
25,25
26,26
27,27
28,28
29,29
30,30
31,31
32,32
33,33
34,34
35,35
36,36
37,37
38,38
39,39
40,40
41,41
42,42
43,43
44,44
45,45
46,46
47,47
48,48
49,49
50,50
51,51
52,52
53,53
54,54
55,55
56,56
55,57
58,58
59,59
0,0
1,1
15,2
3,3
4,4
5,5
6,6
7,7
8,8
9,9
11,10
74,11
12,12
13,13
14,14
15,15
16,16
3,17
61,18
19,19
20,20
21,21
22,22
23,23
24,24
25,25
26,26
27,27
28,28
29,29
30,30
31,31
32,32
33,33
34,34
35,35
36,36
37,37
38,38
39,39
40,40
41,41
42,42
43,43
44,44
45,45
46,46
47,47
48,48
49,49
50,50
51,51
52,52
53,53
54,54
55,55
24,56
57,57
58,58
115,59
1,1
3,3
4,4
5,5
6,6
7,7
7,8
9,9
108,10
10,11
12,12
13,13
14,14
16,15
16,16
17,17
18,18
19,19
20,20
21,21
22,22
23,23
24,24
25,25
26,26
43,27
28,28
56,29
53,30
114,31
32,32
9,33
40,34
35,35
36,36
37,37
38,38
39,39
104,40
41,41
42,42
43,43
37,44
45,45
46,46
40,47
48,48
49,49
50,50
51,51
52,52
53,53
54,54
55,55
55,56
57,57
58,58
58,59
0,0
1,1
2,2
3,3
55,4
5,5
6,6
7,7
8,8
9,9
10,10
75,11
12,12
13,13
14,14
15,15
16,16
17,17
18,18
19,19
20,20
21,21
22,22
23,23
24,24
25,25
26,26
27,27
28,28
29,29
30,30
70,31
32,32
33,33
34,34
35,35
36,36
37,37
38,38
39,39
104,40
41,41
42,42
43,43
44,44
45,45
46,46
40,47
48,48
49,49
50,50
51,51
52,52
53,53
54,54
55,55
56,56
57,57
58,58
59,59
0,0
1,1
2,2
3,3
4,4
5,5
6,6
7,7
8,8
9,9
10,10
10,11
12,12
13,13
14,14
17,17
18,18
19,19
20,20
21,21
22,22
23,23
24,24
25,25
26,26
27,27
28,28
11,29
30,30
31,31
1,32
33,33
34,34
35,35
36,36
37,37
77,38
39,39
40,40
41,41
42,42
2,43
44,44
45,45
46,46
31,49
30,50
51,51
52,52
35,53
54,54
55,55
56,56
57,57
58,58
59,59
0,0
1,1
2,2
3,3
4,4
5,5
6,6
7,7
8,8
9,9
10,10
11,11
12,12
13,13
14,14
15,15
16,16
17,17
18,18
19,19
20,20
21,21
22,22
23,23
24,24
25,25
26,26
27,27
28,28
29,29
30,30
31,31
32,32
33,33
34,34
35,35
36,36
37,37
9,38
39,39
40,40
41,41
42,42
43,43
44,44
45,45
46,46
47,47
48,48
49,49
50,50
51,51
52,52
53,53
54,54
55,55
56,56
57,57
58,58
59,59
0,0
1,1
2,2
3,3
4,4
5,5
6,6
7,7
8,8
9,9
10,10
29,11
12,12
13,13
14,14
15,15
16,16
17,17
18,18
19,19
20,20
21,21
22,22
23,23
24,24
25,25
26,26
27,27
28,28
29,29
52,30
31,31
32,32
33,33
34,34
35,35
36,36
37,37
38,38
39,39
104,40
41,41
42,42
43,43
44,44
45,45
46,46
47,47
19,48
49,49
50,50
51,51
52,52
53,53
54,54
55,55
56,56
57,57
58,58
59,59
0,0
84,1
2,2
3,3
76,4
5,5
6,6
7,7
8,8
9,9
10,10
72,11
12,12
13,13
14,14
15,15
16,16
17,17
18,18
19,19
20,20
21,21
22,22
23,23
24,24
25,25
26,26
27,27
28,28
29,29
30,30
70,31
32,32
85,33
34,34
35,35
36,36
37,37
38,38
39,39
104,40
41,41
42,42
43,43
44,44
45,45
46,46
47,47
48,48
116,49
50,50
51,51
52,52
109,53
54,54
55,55
108,56
57,57
58,58
59,59
2,0
24,1
2,2
3,3
4,4
5,5
6,6
7,7
8,8
9,9
10,10
9,11
12,12
13,13
14,14
15,15
15,16
18,17
18,18
19,19
20,20
21,21
22,22
23,23
45,24
25,25
26,26
27,27
28,28
29,29
30,30
31,31
32,32
38,33
34,34
35,35
36,36
39,37
38,38
39,39
40,40
41,41
42,42
102,43
44,44
45,45
46,46
47,47
48,48
49,49
50,50
51,51
52,52
53,53
54,54
55,55
56,56
57,57
58,58
59,59
1,0
1,1
2,2
3,3
4,4
5,5
6,6
7,7
8,8
9,9
10,10
10,11
12,12
13,13
14,14
15,15
16,16
17,17
18,18
19,19
20,20
21,21
22,22
23,23
24,24
25,25
26,26
27,27
28,28
10,29
71,30
31,31
32,32
33,33
34,34
35,35
36,36
37,37
38,38
39,39
40,40
41,41
42,42
43,43
44,44
45,45
46,46
47,47
48,48
49,49
50,50
51,51
52,52
53,53
54,54
55,55
56,56
57,57
58,58
59,59
0,0
1,1
2,2
3,3
4,4
5,5
6,6
7,7
10,10
11,11
12,12
13,13
14,14
15,15
16,16
17,17
18,18
19,19
20,20
21,21
22,22
23,23
24,24
25,25
26,26
55,27
73,28
29,29
30,30
31,31
102,32
33,33
34,34
92,35
33,36
37,37
38,38
39,39
40,40
41,41
42,42
43,43
95,44
39,45
46,46
34,47
48,48
40,49
50,50
51,51
52,52
53,53
54,54
55,55
56,56
57,57
58,58
59,59
0,0
1,1
2,2
3,3
4,4
5,5
6,6
7,7
8,8
9,9
10,10
10,11
12,12
13,13
14,14
15,15
16,16
17,17
18,18
19,19
20,20
21,21
22,22
23,23
24,24
25,25
26,26
27,27
28,28
11,29
30,30
31,31
32,32
33,33
34,34
35,35
36,36
37,37
38,38
39,39
40,40
41,41
42,42
43,43
44,44
45,45
46,46
47,47
48,48
49,49
50,50
51,51
52,52
53,53
54,54
55,55
56,56
57,57
58,58
59,59
0,0
17,1
2,2
3,3
55,4
5,5
6,6
7,7
8,8
9,9
10,10
9,11
12,12
13,13
14,14
15,15
15,16
17,17
18,18
19,19
20,20
21,21
48,22
23,23
24,24
25,25
26,26
27,27
28,28
11,29
30,30
31,31
37,32
33,33
34,34
35,35
36,36
37,37
38,38
39,39
40,40
41,41
42,42
43,43
44,44
45,45
46,46
47,47
48,48
49,49
50,50
51,51
52,52
53,53
54,54
55,55
56,56
57,57
58,58
59,59
0,0
1,1
2,2
3,3
4,4
5,5
6,6
7,7
8,8
9,9
10,10
11,11
12,12
13,13
14,14
15,15
16,16
17,17
18,18
19,19
20,20
21,21
22,22
23,23
24,24
25,25
26,26
27,27
28,28
29,29
30,30
31,31
32,32
33,33
34,34
35,35
36,36
37,37
38,38
39,39
40,40
41,41
42,42
43,43
44,44
45,45
46,46
47,47
48,48
49,49
50,50
51,51
52,52
53,53
54,54
55,55
56,56
57,57
58,58
59,59
0,0
1,1
3,3
4,4
5,5
62,6
7,7
8,8
9,9
10,10
82,11
12,12
13,13
14,14
16,15
16,16
17,17
18,18
19,19
20,20
21,21
22,22
23,23
24,24
25,25
26,26
29,29
30,30
31,31
32,32
33,33
34,34
102,35
36,36
37,37
38,38
39,39
66,40
41,41
42,42
38,43
44,44
44,45
27,46
40,47
90,48
49,49
50,50
51,51
52,52
53,53
54,54
57,55
56,56
57,57
58,58
59,59
0,0
1,1
2,2
3,3
4,4
5,5
6,6
7,7
8,8
9,9
10,10
11,11
12,12
13,13
14,14
15,15
16,16
17,17
18,18
19,19
20,20
21,21
22,22
23,23
24,24
25,25
26,26
27,27
28,28
29,29
30,30
31,31
32,32
33,33
34,34
35,35
36,36
37,37
38,38
39,39
104,40
41,41
42,42
43,43
44,44
45,45
46,46
47,47
48,48
49,49
50,50
51,51
52,52
53,53
54,54
55,55
56,56
57,57
58,58
59,59
0,0
1,1
1,2
3,3
4,4
5,5
6,6
7,7
8,8
9,9
10,10
11,11
12,12
13,13
14,14
16,15
15,16
17,17
18,18
19,19
20,20
21,21
22,22
23,23
24,24
25,25
26,26
27,27
11,28
29,29
30,30
31,31
32,32
33,33
34,34
35,35
84,36
37,37
38,38
39,39
40,40
41,41
42,42
43,43
44,44
44,45
46,46
47,47
48,48
49,49
50,50
51,51
52,52
53,53
54,54
55,55
56,56
58,57
58,58
59,59
0,0
1,1
47,2
3,3
4,4
5,5
6,6
7,7
8,8
9,9
29,10
11,11
12,12
13,13
14,14
15,15
16,16
3,17
61,18
19,19
20,20
21,21
22,22
23,23
24,24
25,25
26,26
27,27
28,28
11,29
30,30
31,31
32,32
33,33
34,34
35,35
36,36
37,37
38,38
39,39
40,40
41,41
42,42
43,43
44,44
45,45
46,46
47,47
48,48
49,49
50,50
51,51
52,52
53,53
54,54
55,55
56,56
57,57
58,58
59,59
0,0
1,1
2,2
3,3
55,4
5,5
6,6
7,7
8,8
33,9
10,10
10,11
12,12
13,13
14,14
15,15
16,16
17,17
18,18
19,19
20,20
21,21
22,22
23,23
24,24
25,25
26,26
27,27
28,28
29,29
30,30
31,31
32,32
33,33
34,34
35,35
36,36
37,37
38,38
39,39
66,40
41,41
42,42
43,43
44,44
45,45
46,46
40,47
48,48
49,49
50,50
51,51
52,52
53,53
54,54
55,55
56,56
57,57
58,58
59,59
0,0
1,1
2,2
3,3
55,4
5,5
6,6
7,7
8,8
33,9
10,10
74,11
12,12
13,13
14,14
87,15
16,16
17,17
18,18
19,19
20,20
92,21
92,22
23,23
24,24
25,25
26,26
104,27
83,28
29,29
30,30
31,31
66,32
9,33
34,34
35,35
36,36
37,37
114,38
39,39
104,40
41,41
42,42
104,43
92,44
45,45
46,46
47,47
48,48
49,49
50,50
51,51
52,52
53,53
54,54
55,55
56,56
57,57
58,58
59,59
0,0
1,1
2,2
3,3
4,4
5,5
6,6
7,7
8,8
9,9
10,10
11,11
12,12
13,13
14,14
15,15
15,16
17,17
18,18
19,19
20,20
21,21
22,22
23,23
24,24
25,25
26,26
27,27
28,28
29,29
30,30
31,31
32,32
33,33
34,34
35,35
36,36
37,37
38,38
39,39
1,40
41,41
42,42
2,43
16,44
45,45
46,46
47,47
48,48
49,49
50,50
51,51
52,52
53,53
54,54
55,55
56,56
57,57
58,58
59,59
0,0
1,1
2,2
3,3
80,4
5,5
6,6
7,7
8,8
9,9
90,10
75,11
12,12
13,13
14,14
15,15
16,16
18,17
18,18
19,19
20,20
21,21
22,22
23,23
24,24
25,25
26,26
27,27
75,28
29,29
30,30
31,31
32,32
33,33
34,34
35,35
36,36
37,37
78,38
39,39
40,40
41,41
42,42
37,43
45,44
37,45
37,46
47,47
37,48
49,49
50,50
51,51
52,52
53,53
54,54
55,55
56,56
56,57
58,58
59,59
0,0
1,1
2,2
3,3
4,4
5,5
6,6
7,7
8,8
38,9
90,10
11,11
12,12
13,13
14,14
15,15
16,16
17,17
18,18
19,19
20,20
21,21
22,22
23,23
24,24
25,25
26,26
102,27
28,28
74,29
30,30
70,31
32,32
85,33
34,34
35,35
84,36
37,37
38,38
39,39
104,40
41,41
42,42
43,43
44,44
45,45
46,46
47,47
19,48
49,49
50,50
51,51
53,52
53,53
54,54
55,55
56,56
57,57
58,58
59,59
0,0
84,1
67,2
3,3
4,4
5,5
6,6
7,7
8,8
9,9
10,10
75,11
90,12
13,13
87,14
15,15
16,16
18,17
18,18
19,19
20,20
21,21
37,22
23,23
24,24
25,25
26,26
78,27
74,28
73,29
30,30
30,31
32,32
33,33
34,34
35,35
36,36
37,37
78,38
39,39
78,40
41,41
42,42
104,43
44,44
45,45
46,46
47,47
78,48
49,49
50,50
51,51
52,52
53,53
54,54
117,55
56,56
57,57
58,58
59,59
0,0
1,1
2,2
3,3
4,4
5,5
6,6
7,7
8,8
9,9
10,10
11,11
12,12
13,13
14,14
15,15
15,16
17,17
18,18
19,19
20,20
21,21
22,22
23,23
24,24
25,25
26,26
27,27
28,28
11,29
30,30
31,31
32,32
33,33
34,34
35,35
36,36
37,37
38,38
39,39
40,40
41,41
42,42
43,43
44,44
44,45
46,46
47,47
48,48
49,49
50,50
51,51
52,52
53,53
54,54
55,55
56,56
57,57
58,58
59,59
0,0
1,1
2,2
3,3
4,4
5,5
6,6
7,7
8,8
33,9
10,10
28,11
77,12
13,13
14,14
15,15
16,16
17,17
0,18
19,19
20,20
21,21
35,22
23,23
45,24
25,25
26,26
22,27
28,28
11,29
71,30
31,31
32,32
33,33
34,34
35,35
36,36
37,37
38,38
39,39
34,40
41,41
42,42
43,43
44,44
45,45
46,46
47,47
67,48
49,49
50,50
51,51
52,52
53,53
54,54
55,55
35,56
57,57
58,58
59,59
0,0
1,1
2,2
3,3
4,4
5,5
6,6
7,7
8,8
9,9
10,10
11,11
12,12
13,13
14,14
15,15
16,16
17,17
18,18
19,19
20,20
21,21
22,22
23,23
24,24
25,25
26,26
27,27
28,28
29,29
30,30
31,31
32,32
33,33
34,34
35,35
36,36
37,37
38,38
39,39
40,40
41,41
42,42
43,43
44,44
45,45
46,46
47,47
48,48
49,49
50,50
51,51
52,52
53,53
54,54
56,55
56,56
57,57
58,58
59,59
0,0
1,1
2,2
3,3
4,4
5,5
6,6
7,7
9,9
10,10
10,11
12,12
13,13
14,14
15,15
16,16
17,17
18,18
48,19
20,20
21,21
76,22
23,23
24,24
25,25
26,26
60,27
28,28
28,29
30,30
31,31
32,32
33,33
34,34
35,35
36,36
37,37
38,38
39,39
40,40
41,41
42,42
43,43
44,44
45,45
46,46
47,47
48,48
49,49
50,50
51,51
53,52
53,53
54,54
55,55
56,56
57,57
58,58
58,59
0,0
17,1
2,2
3,3
4,4
5,5
6,6
7,7
8,8
9,9
10,10
28,11
12,12
13,13
14,14
15,15
16,16
17,17
18,18
19,19
20,20
21,21
22,22
23,23
24,24
25,25
26,26
27,27
28,28
28,29
30,30
31,31
32,32
33,33
34,34
35,35
36,36
37,37
38,38
39,39
40,40
41,41
42,42
17,43
44,44
45,45
46,46
47,47
48,48
49,49
50,50
51,51
52,52
53,53
54,54
55,55
56,56
57,57
58,58
59,59
0,0
1,1
35,2
2,3
57,4
5,5
6,6
7,7
8,8
9,9
10,10
28,11
12,12
13,13
14,14
15,15
15,16
17,17
18,18
19,19
20,20
21,21
22,22
23,23
24,24
25,25
26,26
40,27
28,28
10,29
30,30
31,31
32,32
33,33
34,34
35,35
36,36
37,37
38,38
9,39
40,40
41,41
42,42
37,43
44,44
45,45
102,46
47,47
48,48
49,49
50,50
51,51
52,52
53,53
54,54
55,55
52,56
57,57
58,58
59,59
0,0
1,1
2,2
3,3
4,4
5,5
6,6
7,7
8,8
9,9
10,10
11,11
12,12
13,13
14,14
16,15
16,16
17,17
18,18
19,19
20,20
21,21
22,22
23,23
24,24
25,25
26,26
27,27
28,28
29,29
30,30
31,31
32,32
33,33
34,34
35,35
36,36
37,37
9,38
39,39
40,40
41,41
42,42
43,43
44,44
45,45
46,46
40,47
48,48
49,49
50,50
51,51
52,52
53,53
54,54
106,55
56,56
57,57
58,58
59,59
0,0
1,1
2,2
3,3
92,4
5,5
6,6
7,7
8,8
9,9
90,10
75,11
13,13
14,14
15,15
16,16
17,17
18,18
19,19
20,20
21,21
22,22
23,23
24,24
25,25
26,26
27,27
28,28
29,29
30,30
31,31
32,32
33,33
34,34
102,35
36,36
37,37
38,38
39,39
104,40
41,41
42,42
43,43
46,44
45,45
46,46
47,47
57,48
50,49
50,50
51,51
52,52
53,53
54,54
55,55
56,56
57,57
58,58
59,59
0,0
1,1
2,2
3,3
12,4
5,5
6,6
7,7
8,8
9,9
28,10
11,11
12,12
13,13
14,14
15,15
15,16
17,17
18,18
19,19
20,20
21,21
22,22
23,23
24,24
25,25
26,26
27,27
28,28
28,29
30,30
31,31
32,32
33,33
34,34
35,35
36,36
37,37
38,38
39,39
40,40
41,41
42,42
43,43
44,44
45,45
46,46
47,47
48,48
49,49
50,50
51,51
52,52
53,53
54,54
55,55
56,56
117,57
58,58
59,59
0,0
1,1
43,2
3,3
4,4
5,5
6,6
7,7
8,8
9,9
29,10
15,11
12,12
13,13
14,14
16,15
16,16
46,17
61,18
19,19
20,20
21,21
22,22
23,23
24,24
25,25
26,26
27,27
73,28
29,29
30,30
31,31
32,32
33,33
34,34
35,35
36,36
37,37
38,38
39,39
40,40
41,41
42,42
43,43
44,44
45,45
46,46
47,47
48,48
49,49
50,50
51,51
52,52
109,53
54,54
55,55
57,57
58,58
58,59
0,0
1,1
2,2
3,3
4,4
5,5
6,6
7,7
8,8
33,9
43,10
10,11
12,12
13,13
14,14
15,15
16,16
17,17
18,18
19,19
20,20
21,21
48,22
23,23
24,24
25,25
26,26
27,27
28,28
29,29
30,30
31,31
32,32
33,33
34,34
35,35
36,36
37,37
38,38
39,39
40,40
41,41
42,42
43,43
44,44
45,45
46,46
47,47
48,48
6,49
23,50
51,51
52,52
53,53
54,54
55,55
56,56
57,57
58,58
59,59
0,0
28,1
2,2
3,3
27,4
5,5
6,6
7,7
8,8
9,9
31,10
29,11
12,12
13,13
14,14
15,15
16,16
17,17
18,18
19,19
20,20
21,21
22,22
23,23
24,24
25,25
26,26
0,27
28,28
28,29
30,30
31,31
32,32
33,33
34,34
35,35
36,36
37,37
38,38
39,39
40,40
41,41
42,42
43,43
35,44
45,45
46,46
47,47
48,48
49,49
50,50
51,51
52,52
53,53
54,54
55,55
56,56
57,57
58,58
59,59
0,0
1,1
2,2
3,3
4,4
5,5
6,6
7,7
8,8
9,9
10,10
11,11
12,12
13,13
14,14
15,15
16,16
17,17
18,18
19,19
20,20
21,21
22,22
23,23
24,24
25,25
26,26
27,27
28,28
29,29
30,30
31,31
32,32
33,33
34,34
35,35
36,36
37,37
38,38
39,39
40,40
41,41
42,42
43,43
44,44
45,45
46,46
47,47
48,48
49,49
50,50
51,51
52,52
53,53
54,54
55,55
56,56
57,57
58,58
59,59
0,0
1,1
2,2
3,3
4,4
5,5
6,6
7,7
8,8
9,9
12,10
29,11
12,12
13,13
13,14
15,15
16,16
17,17
18,18
19,19
20,20
21,21
22,22
23,23
24,24
25,25
26,26
27,27
28,28
29,29
21,30
31,31
32,32
33,33
34,34
35,35
36,36
37,37
38,38
39,39
40,40
41,41
42,42
43,43
44,44
45,45
46,46
47,47
48,48
49,49
50,50
51,51
52,52
53,53
54,54
55,55
56,56
57,57
58,58
59,59
0,0
1,1
2,2
3,3
4,4
5,5
6,6
7,7
8,8
9,9
10,10
10,11
12,12
13,13
14,14
15,15
15,16
19,17
20,18
19,19
20,20
21,21
22,22
23,23
24,24
25,25
26,26
27,27
28,28
29,29
30,30
31,31
32,32
33,33
34,34
35,35
36,36
37,37
38,38
39,39
40,40
41,41
42,42
43,43
44,44
45,45
46,46
47,47
13,48
49,49
50,50
51,51
52,52
53,53
54,54
55,55
56,56
57,57
58,58
59,59
0,0
1,1
2,2
3,3
4,4
5,5
6,6
7,7
8,8
9,9
10,10
24,11
12,12
13,13
14,14
15,15
16,16
17,17
18,18
19,19
20,20
21,21
22,22
23,23
24,24
25,25
26,26
27,27
28,28
29,29
30,30
31,31
32,32
33,33
34,34
35,35
36,36
37,37
38,38
39,39
40,40
41,41
42,42
27,43
24,44
45,45
46,46
47,47
48,48
49,49
50,50
51,51
52,52
53,53
54,54
55,55
56,56
57,57
58,58
59,59
0,0
1,1
2,2
24,3
4,4
5,5
6,6
7,7
8,8
9,9
10,10
10,11
12,12
13,13
14,14
15,15
16,16
17,17
18,18
19,19
20,20
21,21
22,22
23,23
24,24
25,25
26,26
27,27
28,28
29,29
30,30
31,31
32,32
33,33
34,34
35,35
36,36
37,37
38,38
39,39
40,40
41,41
42,42
17,43
44,44
45,45
46,46
47,47
48,48
49,49
50,50
51,51
52,52
53,53
54,54
55,55
55,56
57,57
58,58
59,59
0,0
1,1
2,2
3,3
10,4
5,5
6,6
7,7
8,8
9,9
10,10
29,11
12,12
13,13
14,14
15,15
16,16
17,17
18,18
19,19
20,20
21,21
22,22
23,23
24,24
25,25
26,26
27,27
28,28
28,29
30,30
31,31
32,32
36,33
34,34
35,35
36,36
37,37
38,38
39,39
40,40
41,41
42,42
43,43
44,44
24,45
43,46
47,47
3,48
49,49
50,50
51,51
52,52
53,53
54,54
55,55
56,56
57,57
58,58
59,59
0,0
1,1
2,2
3,3
4,4
5,5
6,6
7,7
8,8
9,9
10,10
11,11
29,12
13,13
14,14
16,15
16,16
17,17
1,18
19,19
20,20
21,21
22,22
23,23
24,24
25,25
26,26
27,27
11,28
29,29
30,30
31,31
32,32
33,33
34,34
35,35
33,36
37,37
38,38
39,39
40,40
41,41
42,42
43,43
44,44
45,45
46,46
47,47
48,48
49,49
50,50
51,51
52,52
53,53
54,54
55,55
56,56
57,57
58,58
59,59
0,0
1,1
2,2
3,3
4,4
5,5
6,6
7,7
8,8
9,9
10,10
11,11
1,12
13,13
14,14
16,15
16,16
36,17
18,18
19,19
20,20
21,21
22,22
23,23
1,24
25,25
26,26
27,27
29,28
29,29
30,30
31,31
32,32
84,33
34,34
35,35
30,36
37,37
9,38
39,39
47,40
41,41
42,42
2,43
29,44
45,45
46,46
16,47
48,48
49,49
50,50
51,51
52,52
53,53
54,54
55,55
56,56
57,57
58,58
59,59
0,0
1,1
2,2
3,3
4,4
5,5
6,6
7,7
8,8
9,9
12,10
10,11
12,12
13,13
14,14
15,15
16,16
17,17
18,18
19,19
20,20
21,21
22,22
41,23
24,24
25,25
26,26
27,27
73,28
29,29
30,30
31,31
32,32
33,33
34,34
35,35
36,36
37,37
38,38
39,39
40,40
41,41
42,42
43,43
44,44
45,45
46,46
40,47
48,48
49,49
50,50
51,51
52,52
53,53
54,54
55,55
56,56
57,57
58,58
59,59
0,0
1,1
2,2
3,3
4,4
41,5
6,6
7,7
8,8
9,9
10,10
11,11
12,12
13,13
14,14
16,15
16,16
17,17
18,18
19,19
20,20
21,21
22,22
23,23
24,24
25,25
26,26
27,27
28,28
29,29
30,30
31,31
32,32
33,33
34,34
35,35
36,36
37,37
38,38
39,39
40,40
41,41
42,42
36,43
44,44
45,45
46,46
47,47
48,48
49,49
50,50
51,51
52,52
53,53
54,54
55,55
56,56
57,57
58,58
59,59
2,0
1,1
2,2
3,3
4,4
5,5
6,6
7,7
8,8
9,9
11,10
11,11
12,12
13,13
14,14
15,15
15,16
17,17
18,18
19,19
20,20
21,21
22,22
23,23
24,24
25,25
26,26
27,27
28,28
29,29
30,30
31,31
32,32
33,33
40,34
35,35
36,36
37,37
38,38
39,39
40,40
41,41
42,42
43,43
44,44
45,45
46,46
40,47
48,48
49,49
50,50
51,51
53,52
53,53
54,54
55,55
56,56
57,57
58,58
59,59
0,0
1,1
2,2
3,3
4,4
5,5
6,6
7,7
8,8
9,9
10,10
11,11
12,12
13,13
14,14
15,15
16,16
17,17
18,18
19,19
20,20
21,21
22,22
23,23
24,24
25,25
26,26
27,27
28,28
29,29
30,30
31,31
32,32
33,33
34,34
35,35
36,36
37,37
38,38
39,39
40,40
41,41
42,42
43,43
44,44
45,45
46,46
40,47
48,48
50,50
51,51
52,52
53,53
54,54
55,55
56,56
57,57
58,58
59,59
0,0
1,1
2,2
3,3
4,4
5,5
6,6
7,7
8,8
9,9
29,10
11,11
29,12
13,13
14,14
15,15
16,16
17,17
18,18
19,19
20,20
21,21
22,22
23,23
24,24
25,25
26,26
27,27
28,28
29,29
30,30
31,31
10,32
33,33
34,34
35,35
36,36
37,37
38,38
39,39
40,40
41,41
42,42
43,43
47,44
45,45
46,46
47,47
12,48
49,49
50,50
58,51
52,52
53,53
54,54
55,55
56,56
57,57
58,58
59,59
17,0
1,1
2,2
3,3
4,4
5,5
6,6
7,7
8,8
9,9
10,10
29,11
12,12
13,13
14,14
15,15
16,16
17,17
18,18
19,19
20,20
21,21
22,22
23,23
24,24
25,25
26,26
27,27
28,28
11,29
30,30
31,31
32,32
33,33
34,34
35,35
17,36
37,37
38,38
39,39
40,40
41,41
42,42
43,43
47,44
45,45
46,46
47,47
48,48
49,49
50,50
51,51
52,52
53,53
54,54
55,55
56,56
57,57
58,58
59,59
0,0
1,1
2,2
3,3
4,4
5,5
6,6
7,7
8,8
9,9
10,10
29,11
12,12
13,13
14,14
16,15
15,16
17,17
18,18
19,19
20,20
21,21
22,22
23,23
24,24
25,25
26,26
27,27
28,28
29,29
30,30
31,31
32,32
33,33
34,34
35,35
46,36
37,37
38,38
39,39
40,40
41,41
42,42
43,43
44,44
45,45
46,46
16,47
48,48
49,49
50,50
51,51
52,52
53,53
54,54
55,55
56,56
57,57
58,58
59,59
0,0
1,1
2,2
3,3
4,4
5,5
6,6
7,7
8,8
9,9
11,10
29,11
12,12
13,13
14,14
16,15
16,16
17,17
18,18
19,19
20,20
21,21
22,22
23,23
24,24
25,25
26,26
27,27
28,28
29,29
30,30
31,31
32,32
33,33
34,34
35,35
36,36
6,37
38,38
39,39
24,40
41,41
42,42
43,43
44,44
45,45
46,46
47,47
48,48
51,49
51,51
49,52
53,53
54,54
57,55
56,56
57,57
58,58
59,59
0,0
1,1
2,2
3,3
4,4
5,5
6,6
7,7
8,8
9,9
10,10
29,11
12,12
13,13
14,14
15,15
15,16
17,17
18,18
19,19
20,20
21,21
22,22
23,23
24,24
25,25
26,26
27,27
28,28
29,29
30,30
31,31
32,32
33,33
34,34
35,35
43,36
37,37
38,38
39,39
40,40
41,41
42,42
43,43
44,44
44,45
43,46
47,47
43,48
6,49
50,50
51,51
52,52
53,53
54,54
55,55
56,56
57,57
58,58
59,59
0,0
1,1
2,2
3,3
4,4
5,5
6,6
7,7
8,8
9,9
10,10
29,11
12,12
13,13
14,14
15,15
16,16
17,17
18,18
19,19
20,20
21,21
22,22
23,23
24,24
25,25
26,26
27,27
28,28
29,29
30,30
31,31
32,32
33,33
34,34
35,35
43,36
37,37
38,38
39,39
40,40
41,41
42,42
43,43
44,44
45,45
43,46
40,47
48,48
49,49
23,50
51,51
52,52
53,53
54,54
55,55
56,56
57,57
58,58
59,59
0,0
1,1
2,2
3,3
4,4
5,5
6,6
7,7
8,8
9,9
10,10
11,11
12,12
13,13
14,14
15,15
16,16
17,17
18,18
19,19
20,20
21,21
22,22
23,23
24,24
25,25
26,26
27,27
28,28
28,29
30,30
31,31
32,32
33,33
34,34
35,35
36,36
37,37
38,38
39,39
1,40
41,41
42,42
43,43
44,44
45,45
46,46
47,47
48,48
49,49
23,50
51,51
52,52
53,53
54,54
55,55
56,56
57,57
58,58
59,59
0,0
1,1
2,2
3,3
4,4
5,5
6,6
7,7
8,8
9,9
10,10
11,11
12,12
13,13
14,14
15,15
16,16
17,17
18,18
19,19
20,20
21,21
22,22
23,23
24,24
25,25
26,26
27,27
28,28
11,29
30,30
31,31
32,32
33,33
34,34
35,35
36,36
37,37
38,38
39,39
40,40
91,41
42,42
43,43
44,44
45,45
46,46
47,47
48,48
49,49
50,50
51,51
52,52
53,53
54,54
55,55
56,56
57,57
58,58
59,59
0,0
1,1
2,2
3,3
4,4
5,5
6,6
7,7
8,8
9,9
10,10
11,11
12,12
13,13
14,14
16,15
16,16
17,17
18,18
19,19
20,20
21,21
22,22
23,23
24,24
25,25
26,26
27,27
28,28
29,29
30,30
10,31
32,32
33,33
34,34
35,35
36,36
2,37
38,38
39,39
40,40
41,41
42,42
43,43
44,44
45,45
46,46
47,47
48,48
52,52
53,53
54,54
55,55
56,56
57,57
58,58
59,59
0,0
1,1
2,2
29,3
4,4
5,5
6,6
7,7
8,8
9,9
10,10
11,11
12,12
13,13
14,14
15,15
16,16
24,17
18,18
19,19
20,20
21,21
22,22
23,23
24,24
25,25
26,26
27,27
28,28
29,29
30,30
31,31
36,32
33,33
34,34
35,35
36,36
37,37
38,38
33,39
40,40
41,41
42,42
43,43
44,44
45,45
46,46
47,47
48,48
49,49
50,50
51,51
52,52
53,53
54,54
55,55
56,56
57,57
58,58
59,59
0,0
1,1
2,2
3,3
39,4
5,5
6,6
7,7
8,8
33,9
32,10
11,11
12,12
13,13
13,14
15,15
15,16
17,17
18,18
19,19
20,20
21,21
22,22
23,23
24,24
25,25
26,26
27,27
28,28
29,29
30,30
31,31
32,32
33,33
34,34
35,35
3,36
37,37
38,38
39,39
1,40
41,41
42,42
43,43
24,44
45,45
46,46
47,47
18,48
37,49
4,50
51,51
37,52
37,53
54,54
55,55
2,56
57,57
58,58
59,59
0,0
27,1
2,2
3,3
27,4
5,5
6,6
7,7
8,8
9,9
31,10
10,11
12,12
13,13
14,14
15,15
16,16
17,17
18,18
19,19
20,20
21,21
22,22
23,23
24,24
25,25
26,26
27,27
11,28
28,29
30,30
31,31
32,32
33,33
34,34
35,35
36,36
37,37
38,38
39,39
40,40
41,41
42,42
46,43
35,44
45,45
46,46
34,47
48,48
49,49
50,50
51,51
52,52
53,53
54,54
55,55
56,56
57,57
58,58
59,59
0,0
1,1
2,2
3,3
4,4
5,5
6,6
7,7
8,8
9,9
10,10
11,11
12,12
6,13
14,14
15,15
16,16
17,17
18,18
19,19
20,20
21,21
22,22
23,23
24,24
25,25
26,26
27,27
28,28
29,29
30,30
30,31
32,32
33,33
34,34
35,35
36,36
37,37
38,38
39,39
40,40
41,41
42,42
43,43
44,44
45,45
46,46
47,47
48,48
49,49
50,50
51,51
53,52
53,53
54,54
55,55
56,56
57,57
58,58
59,59
0,0
1,1
2,2
3,3
4,4
5,5
6,6
7,7
8,8
9,9
10,10
11,11
12,12
13,13
14,14
15,15
16,16
17,17
18,18
19,19
20,20
21,21
22,22
23,23
24,24
25,25
26,26
27,27
28,28
29,29
30,30
31,31
32,32
33,33
34,34
35,35
36,36
37,37
38,38
39,39
40,40
41,41
42,42
43,43
44,44
45,45
46,46
47,47
48,48
49,49
50,50
51,51
52,52
53,53
54,54
55,55
56,56
57,57
58,58
59,59
0,0
1,1
2,2
3,3
4,4
5,5
6,6
7,7
8,8
9,9
10,10
11,11
12,12
13,13
14,14
15,15
10,16
19,17
20,18
19,19
20,20
21,21
22,22
23,23
24,24
25,25
26,26
27,27
24,28
29,29
30,30
31,31
32,32
28,33
34,34
35,35
36,36
37,37
38,38
39,39
40,40
41,41
42,42
43,43
44,44
45,45
46,46
47,47
48,48
49,49
101,50
6,51
52,52
53,53
54,54
55,55
56,56
57,57
58,58
59,59
0,0
1,1
2,2
3,3
4,4
5,5
6,6
8,8
9,9
1,10
29,11
12,12
13,13
14,14
15,15
15,16
17,17
18,18
19,19
20,20
21,21
22,22
23,23
24,24
25,25
26,26
27,27
28,28
29,29
30,30
31,31
32,32
33,33
34,34
35,35
36,36
37,37
38,38
39,39
40,40
41,41
42,42
2,43
44,44
45,45
46,46
47,47
48,48
49,49
101,50
51,51
52,52
53,53
54,54
55,55
56,56
57,57
58,58
59,59
0,0
1,1
2,2
3,3
4,4
5,5
6,6
7,7
8,8
9,9
10,10
11,11
12,12
13,13
14,14
15,15
16,16
85,17
18,18
19,19
20,20
21,21
77,22
23,23
24,24
25,25
26,26
27,27
28,28
11,29
30,30
31,31
32,32
85,33
34,34
35,35
18,36
37,37
38,38
39,39
40,40
41,41
42,42
17,43
44,44
45,45
46,46
47,47
48,48
49,49
50,50
51,51
52,52
53,53
54,54
55,55
56,56
57,57
58,58
59,59
1,0
1,1
2,2
3,3
4,4
5,5
6,6
7,7
8,8
9,9
45,10
28,11
12,12
13,13
14,14
15,15
16,16
1,17
18,18
19,19
20,20
21,21
22,22
23,23
24,24
25,25
26,26
27,27
28,28
29,29
30,30
31,31
32,32
9,33
34,34
35,35
36,36
37,37
39,38
39,39
40,40
41,41
42,42
43,43
44,44
24,45
46,46
47,47
48,48
49,49
50,50
51,51
52,52
53,53
55,55
55,56
57,57
58,58
59,59
0,0
1,1
2,2
46,3
4,4
5,5
21,6
7,7
8,8
9,9
10,10
27,11
12,12
13,13
14,14
16,15
16,16
17,17
18,18
19,19
20,20
21,21
22,22
23,23
24,24
25,25
26,26
24,27
11,28
10,29
30,30
31,31
11,32
88,33
16,34
31,35
36,36
37,37
38,38
40,39
40,40
41,41
42,42
43,43
44,44
45,45
46,46
47,47
48,48
49,49
50,50
51,51
52,52
53,53
54,54
55,55
56,56
57,57
58,58
59,59
0,0
17,1
2,2
36,3
4,4
5,5
6,6
7,7
8,8
9,9
1,10
10,11
12,12
13,13
14,14
15,15
16,16
17,17
17,18
19,19
20,20
21,21
22,22
23,23
24,24
25,25
26,26
27,27
10,28
28,29
30,30
31,31
32,32
33,33
34,34
35,35
36,36
37,37
38,38
39,39
43,40
41,41
42,42
43,43
44,44
45,45
46,46
47,47
48,48
49,49
50,50
51,51
52,52
53,53
54,54
55,55
56,56
57,57
58,58
59,59
0,0
1,1
2,2
3,3
4,4
5,5
6,6
7,7
8,8
32,9
10,10
10,11
12,12
13,13
14,14
15,15
16,16
17,17
18,18
19,19
20,20
21,21
22,22
23,23
24,24
25,25
26,26
27,27
74,28
29,29
30,30
31,31
9,32
33,33
34,34
35,35
36,36
22,37
38,38
39,39
40,40
41,41
42,42
43,43
44,44
45,45
46,46
40,47
48,48
49,49
50,50
51,51
52,52
53,53
52,54
55,55
56,56
57,57
58,58
59,59
0,0
1,1
2,2
3,3
4,4
41,5
6,6
7,7
8,8
9,9
10,10
11,11
12,12
13,13
14,14
15,15
16,16
17,17
18,18
19,19
20,20
21,21
22,22
23,23
24,24
25,25
26,26
27,27
11,28
29,29
30,30
31,31
32,32
33,33
34,34
35,35
36,36
37,37
38,38
39,39
40,40
41,41
42,42
36,43
44,44
45,45
46,46
47,47
48,48
49,49
50,50
49,51
52,52
53,53
54,54
55,55
56,56
57,57
58,58
59,59
0,0
1,1
2,2
3,3
4,4
5,5
6,6
7,7
8,8
9,9
10,10
28,11
12,12
13,13
14,14
15,15
16,16
17,17
0,18
19,19
20,20
21,21
22,22
23,23
24,24
25,25
26,26
27,27
28,28
29,29
30,30
31,31
32,32
33,33
40,34
35,35
36,36
37,37
38,38
39,39
17,40
41,41
42,42
43,43
44,44
45,45
46,46
40,47
48,48
49,49
23,50
55,51
52,52
53,53
54,54
55,55
56,56
57,57
58,58
59,59
0,0
1,1
2,2
3,3
4,4
5,5
6,6
7,7
8,8
9,9
10,10
11,11
12,12
13,13
14,14
15,15
16,16
17,17
18,18
19,19
20,20
21,21
22,22
23,23
24,24
25,25
26,26
27,27
28,28
28,29
30,30
31,31
32,32
33,33
34,34
35,35
36,36
37,37
38,38
39,39
40,40
41,41
42,42
36,43
44,44
45,45
46,46
40,47
48,48
49,49
50,50
51,51
52,52
53,53
54,54
55,55
56,56
57,57
58,58
59,59
0,0
1,1
2,2
46,3
4,4
5,5
6,6
7,7
8,8
32,9
29,10
11,11
11,12
13,13
14,14
15,15
16,16
17,17
18,18
19,19
20,20
21,21
22,22
23,23
24,24
25,25
26,26
27,27
28,28
10,29
31,30
31,31
10,32
33,33
34,34
35,35
36,36
37,37
38,38
39,39
40,40
41,41
42,42
43,43
47,44
45,45
46,46
47,47
48,48
6,49
23,50
51,51
52,52
53,53
49,54
55,55
56,56
57,57
58,58
59,59
0,0
1,1
2,2
3,3
4,4
5,5
6,6
7,7
8,8
9,9
10,10
11,11
12,12
13,13
14,14
15,15
16,16
17,17
18,18
19,19
20,20
21,21
22,22
23,23
24,24
25,25
26,26
27,27
28,28
29,29
30,30
31,31
32,32
33,33
34,34
35,35
36,36
37,37
38,38
39,39
40,40
41,41
42,42
43,43
47,44
45,45
46,46
40,47
48,48
52,49
23,50
51,51
52,52
30,53
54,54
55,55
56,56
57,57
58,58
59,59
1,0
1,1
2,2
3,3
4,4
5,5
6,6
7,7
8,8
9,9
10,10
29,11
12,12
13,13
14,14
15,15
16,16
17,17
18,18
19,19
20,20
21,21
22,22
23,23
24,24
25,25
26,26
27,27
28,28
29,29
30,30
31,31
32,32
84,33
34,34
35,35
15,36
37,37
39,38
32,39
40,40
41,41
42,42
43,43
44,44
45,45
46,46
16,47
48,48
49,49
50,50
51,51
52,52
53,53
54,54
55,55
56,56
57,57
58,58
59,59
0,0
1,1
2,2
43,3
4,4
5,5
6,6
7,7
8,8
9,9
10,10
11,11
12,12
13,13
14,14
15,15
15,16
17,17
18,18
19,19
20,20
21,21
22,22
23,23
88,24
25,25
26,26
27,27
28,28
29,29
30,30
31,31
32,32
33,33
34,34
35,35
36,36
37,37
38,38
39,39
63,40
41,41
42,42
43,43
44,44
45,45
46,46
47,47
48,48
49,49
50,50
51,51
52,52
53,53
54,54
55,55
56,56
57,57
58,58
59,59
0,0
3,1
2,2
36,3
18,4
5,5
6,6
12,12
13,13
14,14
15,15
15,16
36,17
18,18
19,19
20,20
21,21
22,22
23,23
24,24
25,25
26,26
27,27
28,28
10,29
30,30
10,31
32,32
28,33
34,34
35,35
43,36
32,37
38,38
39,39
46,40
41,41
42,42
43,43
44,44
24,45
46,46
47,47
2,48
50,50
51,51
52,52
53,53
54,54
55,55
52,56
57,57
58,58
59,59
0,0
2,1
2,2
3,3
4,4
5,5
6,6
7,7
8,8
9,9
11,10
29,11
12,12
13,13
14,14
15,15
15,16
17,17
18,18
19,19
20,20
21,21
22,22
23,23
24,24
25,25
26,26
27,27
28,28
29,29
30,30
31,31
32,32
33,33
34,34
35,35
40,36
37,37
38,38
39,39
40,40
41,41
42,42
43,43
44,44
45,45
46,46
44,47
48,48
49,49
50,50
51,51
52,52
53,53
54,54
55,55
56,56
57,57
58,58
59,59
1,0
18,1
2,2
3,3
4,4
5,5
6,6
7,7
8,8
9,9
11,11
13,13
14,14
15,15
16,16
17,17
18,18
19,19
20,20
21,21
22,22
23,23
24,24
25,25
26,26
27,27
28,28
10,29
30,30
31,31
32,32
33,33
34,34
3,35
36,36
37,37
38,38
39,39
1,40
41,41
42,42
43,43
44,44
45,45
46,46
47,47
48,48
49,49
50,50
51,51
52,52
53,53
54,54
55,55
56,56
57,57
58,58
59,59
0,0
1,1
2,2
3,3
4,4
5,5
6,6
7,7
8,8
9,9
10,10
11,11
12,12
13,13
14,14
15,15
5,16
17,17
18,18
19,19
20,20
21,21
22,22
23,23
24,24
25,25
26,26
27,27
28,28
29,29
30,30
31,31
32,32
33,33
34,34
35,35
36,36
37,37
38,38
39,39
40,40
91,41
42,42
43,43
44,44
45,45
46,46
47,47
48,48
49,49
50,50
51,51
52,52
53,53
54,54
55,55
56,56
57,57
58,58
59,59
0,0
1,1
2,2
3,3
4,4
5,5
6,6
7,7
8,8
9,9
10,10
11,11
10,12
13,13
14,14
15,15
16,16
17,17
18,18
19,19
20,20
21,21
22,22
23,23
14,24
25,25
26,26
27,27
28,28
29,29
92,30
31,31
32,32
33,33
34,34
35,35
36,36
43,37
9,38
39,39
43,40
41,41
42,42
43,43
44,44
45,45
3,46
47,47
48,48
49,49
50,50
51,51
52,52
53,53
54,54
55,55
55,56
57,57
58,58
59,59
0,0
1,1
2,2
33,3
4,4
5,5
6,6
7,7
8,8
9,9
10,10
11,11
12,12
13,13
14,14
15,15
16,16
17,17
18,18
19,19
20,20
21,21
22,22
23,23
24,24
25,25
26,26
27,27
11,28
29,29
30,30
0,31
32,32
33,33
34,34
35,35
36,36
37,37
38,38
39,39
40,40
41,41
42,42
3,43
44,44
45,45
52,46
47,47
48,48
49,49
50,50
51,51
52,52
53,53
55,55
56,56
57,57
58,58
59,59
0,0
1,1
2,2
3,3
27,4
5,5
6,6
7,7
8,8
9,9
31,10
11,11
12,12
13,13
14,14
47,15
16,16
17,17
17,18
19,19
20,20
21,21
22,22
23,23
24,24
25,25
26,26
27,27
28,28
29,29
30,30
31,31
32,32
33,33
34,34
35,35
36,36
37,37
32,38
39,39
40,40
41,41
42,42
43,43
44,44
45,45
46,46
40,47
48,48
49,49
50,50
51,51
52,52
53,53
54,54
55,55
56,56
57,57
58,58
59,59
3,0
36,1
46,2
3,3
24,4
5,5
6,6
7,7
8,8
46,9
28,10
29,11
12,12
13,13
20,14
15,15
15,16
17,17
36,18
19,19
20,20
21,21
48,22
23,23
24,24
25,25
26,26
27,27
28,28
17,29
30,30
31,31
30,32
33,33
34,34
40,35
56,36
37,37
38,38
39,39
40,40
41,41
42,42
43,43
2,44
45,45
46,46
56,47
48,48
49,49
50,50
51,51
52,52
53,53
54,54
55,55
56,56
57,57
58,58
59,59
0,0
0,2
4,4
5,5
6,6
7,7
8,8
1,9
10,10
10,11
12,12
13,13
14,14
16,15
16,16
17,17
18,18
19,19
20,20
21,21
22,22
23,23
24,24
25,25
26,26
27,27
28,28
28,29
30,30
31,31
32,32
33,33
34,34
35,35
36,36
37,37
38,38
39,39
40,40
41,41
42,42
43,43
44,44
45,45
46,46
47,47
48,48
49,49
50,50
51,51
52,52
53,53
54,54
55,55
56,56
57,57
58,58
59,59
0,0
1,1
2,2
3,3
4,4
5,5
6,6
7,7
8,8
9,9
10,10
29,11
12,12
13,13
14,14
15,15
16,16
17,17
18,18
19,19
20,20
21,21
22,22
23,23
24,24
25,25
26,26
27,27
28,28
32,29
30,30
31,31
32,32
33,33
34,34
35,35
36,36
37,37
38,38
39,39
40,40
41,41
42,42
43,43
44,44
45,45
46,46
47,47
48,48
49,49
50,50
51,51
52,52
53,53
54,54
55,55
56,56
57,57
58,58
59,59
0,0
1,1
2,2
3,3
4,4
5,5
6,6
7,7
8,8
9,9
10,10
29,11
12,12
13,13
14,14
15,15
16,16
60,17
20,18
19,19
20,20
21,21
22,22
23,23
24,24
25,25
26,26
27,27
28,28
29,29
30,30
31,31
32,32
33,33
47,34
35,35
36,36
37,37
38,38
39,39
40,40
41,41
42,42
43,43
44,44
45,45
46,46
47,47
48,48
49,49
50,50
51,51
52,52
53,53
54,54
55,55
56,56
57,57
58,58
59,59
0,0
1,1
2,2
36,3
4,4
5,5
62,6
7,7
8,8
9,9
10,10
24,11
12,12
13,13
14,14
15,15
47,16
17,17
18,18
19,19
20,20
21,21
22,22
23,23
24,24
25,25
26,26
27,27
28,28
75,29
30,30
31,31
32,32
33,33
34,34
45,35
36,36
37,37
38,38
39,39
40,40
41,41
42,42
27,43
44,44
45,45
46,46
47,47
48,48
49,49
50,50
51,51
52,52
53,53
54,54
55,55
56,56
57,57
58,58
59,59
0,0
1,1
2,2
14,3
12,4
5,5
6,6
7,7
8,8
9,9
10,10
11,11
12,12
13,13
14,14
15,15
16,16
17,17
18,18
19,19
20,20
21,21
22,22
23,23
24,24
25,25
26,26
27,27
28,28
29,29
30,30
31,31
32,32
33,33
34,34
35,35
36,36
37,37
38,38
39,39
40,40
41,41
42,42
43,43
44,44
24,45
46,46
47,47
48,48
49,49
50,50
51,51
52,52
53,53
54,54
55,55
50,56
57,57
58,58
58,59
0,0
11,1
2,2
3,3
4,4
5,5
6,6
7,7
8,8
9,9
31,10
10,11
12,12
13,13
14,14
15,15
16,16
17,17
18,18
19,19
20,20
21,21
84,22
23,23
24,24
25,25
26,26
1,27
28,28
11,29
30,30
31,31
32,32
36,33
34,34
22,35
36,36
27,37
38,38
39,39
40,40
41,41
42,42
43,43
44,44
86,45
46,46
47,47
48,48
49,49
50,50
51,51
52,52
53,53
54,54
55,55
52,56
57,57
58,58
59,59
0,0
1,1
2,2
3,3
4,4
5,5
6,6
7,7
8,8
88,9
10,10
27,11
24,12
13,13
14,14
15,15
15,16
17,17
17,18
19,19
20,20
21,21
22,22
23,23
24,24
25,25
26,26
27,27
27,28
11,29
30,30
31,31
32,32
33,33
34,34
35,35
36,36
37,37
95,38
116,39
40,40
41,41
42,42
43,43
44,44
45,45
46,46
47,47
48,48
49,49
50,50
51,51
52,52
53,53
54,54
55,55
56,56
57,57
58,58
58,59
0,0
1,1
2,2
3,3
4,4
5,5
6,6
7,7
8,8
46,9
10,10
11,11
33,12
13,13
14,14
15,15
16,16
84,17
1,18
19,19
20,20
21,21
22,22
23,23
2,24
25,25
26,26
33,27
11,28
29,29
30,30
31,31
32,32
30,33
34,34
36,35
36,36
37,37
102,38
39,39
40,40
41,41
42,42
2,43
45,44
45,45
46,46
47,47
48,48
49,49
50,50
51,51
52,52
53,53
54,54
55,55
56,56
57,57
58,58
59,59
0,0
1,1
2,2
3,3
4,4
5,5
6,6
7,7
8,8
9,9
10,10
10,11
12,12
13,13
14,14
15,15
16,16
17,17
18,18
19,19
20,20
21,21
22,22
23,23
24,24
25,25
26,26
27,27
73,28
11,29
30,30
31,31
32,32
33,33
34,34
35,35
36,36
37,37
38,38
39,39
40,40
41,41
42,42
43,43
44,44
45,45
46,46
40,47
48,48
49,49
50,50
51,51
52,52
53,53
54,54
55,55
56,56
57,57
58,58
59,59
9,0
1,1
2,2
3,3
4,4
5,5
6,6
7,7
8,8
33,9
11,10
11,11
12,12
13,13
14,14
15,15
16,16
17,17
1,18
19,19
20,20
21,21
22,22
99,23
24,24
25,25
26,26
24,27
29,28
29,29
30,30
30,31
32,32
33,33
34,34
30,35
36,36
37,37
38,38
39,39
56,40
41,41
42,42
43,43
24,44
22,45
46,46
47,47
48,48
49,49
50,50
51,51
53,52
53,53
54,54
55,55
56,56
57,57
58,58
58,59
0,0
1,1
2,2
3,3
4,4
5,5
6,6
7,7
8,8
9,9
10,10
11,11
12,12
13,13
14,14
42,15
16,16
17,17
18,18
19,19
20,20
21,21
22,22
23,23
24,24
25,25
26,26
27,27
28,28
29,29
30,30
31,31
32,32
33,33
34,34
35,35
36,36
37,37
38,38
39,39
40,40
41,41
42,42
9,43
44,44
45,45
46,46
40,47
48,48
53,49
50,50
51,51
53,52
53,53
54,54
53,55
56,56
57,57
58,58
59,59
0,0
1,1
2,2
3,3
37,4
5,5
6,6
7,7
8,8
9,9
10,10
11,11
12,12
13,13
14,14
15,15
56,16
17,17
27,18
19,19
20,20
21,21
52,22
50,23
24,24
25,25
26,26
27,27
28,28
56,29
53,30
56,31
56,32
33,33
56,34
35,35
36,36
37,37
38,38
50,39
52,40
41,41
42,42
43,43
44,44
37,45
46,46
40,47
48,48
50,49
50,50
51,51
52,52
53,53
54,54
53,55
55,56
57,57
58,58
59,59
0,0
1,1
2,2
3,3
4,4
5,5
6,6
7,7
8,8
9,9
10,10
28,11
10,12
13,13
14,14
15,15
16,16
17,17
18,18
19,19
20,20
21,21
22,22
23,23
24,24
25,25
26,26
27,27
28,28
29,29
30,30
31,31
32,32
33,33
34,34
35,35
36,36
37,37
38,38
39,39
40,40
41,41
42,42
43,43
47,44
45,45
46,46
47,47
48,48
53,49
53,50
51,51
52,52
53,53
54,54
55,55
56,56
57,57
58,58
0,0
1,1
2,2
3,3
4,4
5,5
6,6
7,7
8,8
9,9
72,10
11,11
10,12
13,13
14,14
15,15
16,16
17,17
18,18
19,19
20,20
21,21
22,22
23,23
24,24
25,25
26,26
27,27
28,28
29,29
30,30
31,31
24,32
33,33
34,34
37,35
1,36
37,37
38,38
39,39
40,40
41,41
42,42
43,43
47,44
20,45
46,46
47,47
48,48
49,49
53,50
51,51
52,52
53,53
54,54
55,55
56,56
57,57
58,58
59,59
0,0
1,1
2,2
3,3
4,4
5,5
6,6
7,7
8,8
9,9
10,10
11,11
12,12
13,13
14,14
15,15
16,16
17,17
18,18
19,19
20,20
21,21
22,22
23,23
24,24
25,25
26,26
27,27
10,28
29,29
30,30
31,31
32,32
33,33
34,34
35,35
36,36
37,37
38,38
39,39
40,40
41,41
42,42
43,43
44,44
45,45
46,46
47,47
48,48
50,49
50,50
51,51
53,52
53,53
54,54
55,55
56,56
57,57
59,58
59,59
0,0
1,1
2,2
3,3
4,4
5,5
6,6
7,7
8,8
33,9
43,10
29,11
12,12
13,13
14,14
15,15
16,16
17,17
18,18
19,19
20,20
21,21
22,22
23,23
24,24
25,25
26,26
27,27
29,28
29,29
30,30
31,31
32,32
82,33
34,34
35,35
36,36
20,37
38,38
39,39
40,40
41,41
42,42
43,43
44,44
44,45
46,46
34,47
48,48
49,49
50,50
51,51
52,52
53,53
54,54
55,55
56,56
57,57
58,58
59,59
0,0
18,1
2,2
3,3
4,4
5,5
6,6
7,7
8,8
9,9
28,10
29,11
12,12
13,13
14,14
15,15
15,16
17,17
18,18
19,19
20,20
21,21
22,22
23,23
24,24
25,25
26,26
27,27
28,28
10,29
30,30
31,31
32,32
33,33
34,34
35,35
40,36
37,37
38,38
39,39
40,40
41,41
42,42
43,43
44,44
45,45
46,46
47,47
48,48
49,49
50,50
51,51
52,52
53,53
54,54
55,55
56,56
57,57
58,58
59,59
0,0
3,1
2,2
46,3
4,4
5,5
6,6
7,7
8,8
9,9
29,10
29,11
12,12
13,13
14,14
15,15
15,16
17,17
17,18
19,19
20,20
21,21
22,22
23,23
24,24
25,25
26,26
27,27
28,28
11,29
30,30
31,31
32,32
33,33
34,34
35,35
43,36
37,37
38,38
39,39
40,40
41,41
42,42
43,43
44,44
45,45
46,46
47,47
19,48
49,49
50,50
51,51
52,52
53,53
54,54
55,55
56,56
57,57
58,58
59,59
0,0
1,1
2,2
3,3
4,4
5,5
6,6
7,7
8,8
9,9
10,10
11,11
12,12
13,13
14,14
15,15
16,16
17,17
18,18
19,19
20,20
21,21
22,22
23,23
24,24
25,25
26,26
27,27
28,28
29,29
30,30
31,31
32,32
33,33
34,34
35,35
36,36
37,37
38,38
39,39
66,40
41,41
42,42
43,43
44,44
45,45
102,46
47,47
48,48
49,49
50,50
51,51
52,52
53,53
54,54
55,55
56,56
57,57
58,58
59,59
13,13
14,14
15,15
16,16
17,17
18,18
19,19
20,20
21,21
22,22
23,23
24,24
25,25
26,26
27,27
28,28
29,29
30,30
31,31
32,32
33,33
34,34
35,35
36,36
37,37
38,38
39,39
40,40
41,41
42,42
43,43
44,44
31,45
27,46
47,47
48,48
49,49
50,50
51,51
52,52
109,53
54,54
55,55
56,56
57,57
58,58
59,59
0,0
1,1
2,2
3,3
4,4
5,5
6,6
7,7
8,8
9,9
10,10
11,11
12,12
13,13
14,14
16,15
16,16
17,17
18,18
19,19
20,20
21,21
22,22
23,23
24,24
25,25
26,26
27,27
28,28
29,29
31,30
31,31
32,32
33,33
34,34
35,35
36,36
37,37
38,38
39,39
40,40
41,41
42,42
43,43
44,44
45,45
46,46
47,47
48,48
49,49
23,50
30,51
52,52
53,53
54,54
55,55
57,56
57,57
58,58
59,59
1,0
1,1
32,2
48,3
37,4
5,5
6,6
7,7
8,8
9,9
10,10
11,11
12,12
14,13
14,14
15,15
16,16
36,17
18,18
19,19
20,20
21,21
22,22
23,23
24,24
25,25
26,26
27,27
28,28
29,29
30,30
31,31
32,32
33,33
34,34
35,35
36,36
37,37
38,38
39,39
40,40
41,41
42,42
3,43
44,44
45,45
43,46
34,47
48,48
49,49
50,50
51,51
52,52
53,53
54,54
55,55
56,56
57,57
58,58
59,59
0,0
2,1
2,2
3,3
4,4
5,5
6,6
7,7
8,8
9,9
10,10
11,11
12,12
13,13
14,14
15,15
16,16
17,17
18,18
19,19
20,20
21,21
22,22
23,23
24,24
25,25
26,26
27,27
14,28
29,29
30,30
31,31
32,32
33,33
34,34
35,35
36,36
37,37
38,38
39,39
40,40
41,41
42,42
43,43
44,44
45,45
46,46
47,47
48,48
49,49
50,50
51,51
52,52
53,53
54,54
55,55
56,56
57,57
58,58
59,59
0,0
1,1
2,2
3,3
4,4
5,5
13,6
7,7
8,8
33,9
10,10
29,11
12,12
13,13
14,14
15,15
16,16
17,17
18,18
19,19
20,20
21,21
22,22
23,23
15,24
25,25
26,26
27,27
28,28
29,29
22,30
31,31
32,32
33,33
34,34
35,35
36,36
37,37
38,38
39,39
40,40
41,41
42,42
43,43
44,44
45,45
46,46
47,47
48,48
51,49
50,50
51,51
52,52
53,53
54,54
55,55
56,56
57,57
58,58
59,59
2,0
1,1
2,2
36,3
4,4
5,5
6,6
7,7
8,8
9,9
10,10
11,11
12,12
13,13
14,14
15,15
16,16
17,17
18,18
19,19
20,20
21,21
22,22
23,23
24,24
25,25
26,26
84,27
29,28
29,29
30,30
31,31
1,32
33,33
34,34
35,35
36,36
37,37
38,38
39,39
40,40
41,41
42,42
43,43
44,44
45,45
46,46
47,47
48,48
49,49
50,50
51,51
52,52
53,53
54,54
55,55
49,56
57,57
58,58
59,59
0,0
1,1
2,2
3,3
4,4
5,5
6,6
7,7
8,8
9,9
10,10
73,11
12,12
13,13
14,14
15,15
16,16
17,17
18,18
19,19
20,20
21,21
22,22
23,23
24,24
25,25
26,26
27,27
83,28
29,29
30,30
31,31
32,32
33,33
34,34
35,35
36,36
37,37
38,38
39,39
40,40
41,41
42,42
43,43
44,44
45,45
46,46
47,47
10,48
49,49
50,50
51,51
52,52
53,53
54,54
55,55
49,56
57,57
58,58
59,59
0,0
1,1
2,2
3,3
4,4
5,5
6,6
7,7
8,8
9,9
10,10
11,11
12,12
13,13
14,14
15,15
16,16
17,17
18,18
19,19
20,20
21,21
22,22
23,23
24,24
25,25
26,26
27,27
28,28
29,29
30,30
31,31
80,32
9,33
34,34
35,35
36,36
37,37
38,38
39,39
40,40
41,41
42,42
1,43
44,44
45,45
37,46
47,47
48,48
49,49
50,50
51,51
52,52
53,53
54,54
55,55
56,56
57,57
58,58
59,59
0,0
1,1
2,2
3,3
4,4
5,5
6,6
7,7
8,8
9,9
10,10
10,11
12,12
13,13
14,14
15,15
16,16
17,17
18,18
19,19
20,20
21,21
22,22
23,23
24,24
25,25
26,26
27,27
28,28
29,29
30,30
31,31
32,32
33,33
34,34
35,35
36,36
37,37
38,38
39,39
40,40
41,41
42,42
43,43
44,44
45,45
18,46
47,47
3,48
49,49
50,50
51,51
52,52
53,53
54,54
55,55
56,56
57,57
58,58
59,59
0,0
1,1
2,2
46,3
4,4
5,5
6,6
7,7
8,8
9,9
10,10
29,11
12,12
13,13
14,14
15,15
15,16
17,17
18,18
19,19
20,20
21,21
22,22
23,23
24,24
25,25
26,26
27,27
28,28
29,29
30,30
31,31
32,32
33,33
34,34
35,35
36,36
37,37
38,38
39,39
40,40
41,41
42,42
43,43
44,44
45,45
46,46
47,47
48,48
49,49
50,50
51,51
52,52
53,53
54,54
55,55
56,56
57,57
58,58
59,59
0,0
1,1
2,2
3,3
4,4
5,5
6,6
7,7
8,8
9,9
10,10
11,11
12,12
13,13
14,14
15,15
16,16
17,17
18,18
19,19
20,20
21,21
22,22
23,23
24,24
25,25
26,26
27,27
28,28
29,29
30,30
31,31
32,32
33,33
34,34
35,35
36,36
37,37
38,38
39,39
40,40
41,41
42,42
43,43
44,44
45,45
43,46
47,47
48,48
49,49
50,50
51,51
52,52
53,53
54,54
55,55
56,56
57,57
58,58
59,59
0,0
1,1
2,2
3,3
4,4
5,5
6,6
7,7
8,8
9,9
10,10
10,11
12,12
13,13
14,14
15,15
16,16
17,17
18,18
19,19
20,20
21,21
22,22
23,23
24,24
25,25
26,26
27,27
74,28
29,29
30,30
31,31
32,32
9,33
34,34
35,35
36,36
37,37
38,38
39,39
40,40
41,41
42,42
43,43
44,44
45,45
46,46
47,47
48,48
49,49
50,50
51,51
52,52
53,53
54,54
55,55
56,56
57,57
58,58
59,59
0,0
1,1
2,2
3,3
4,4
5,5
6,6
7,7
8,8
9,9
10,10
28,11
12,12
13,13
14,14
15,15
16,16
17,17
18,18
19,19
20,20
21,21
22,22
23,23
24,24
25,25
26,26
27,27
28,28
11,29
30,30
31,31
32,32
33,33
34,34
35,35
36,36
37,37
38,38
39,39
40,40
41,41
42,42
43,43
44,44
45,45
46,46
47,47
48,48
49,49
50,50
51,51
52,52
53,53
54,54
55,55
56,56
57,57
58,58
59,59
0,0
1,1
2,2
3,3
4,4
5,5
6,6
7,7
8,8
9,9
10,10
11,11
12,12
13,13
14,14
15,15
16,16
17,17
18,18
19,19
20,20
21,21
22,22
23,23
24,24
25,25
26,26
27,27
28,28
29,29
30,30
31,31
32,32
33,33
34,34
35,35
36,36
37,37
38,38
39,39
40,40
41,41
42,42
43,43
47,44
45,45
46,46
47,47
48,48
49,49
50,50
51,51
52,52
53,53
54,54
55,55
56,56
57,57
58,58
59,59
17,0
1,1
2,2
3,3
4,4
5,5
6,6
7,7
8,8
9,9
11,10
10,11
12,12
13,13
14,14
15,15
15,16
17,17
18,18
19,19
20,20
21,21
22,22
23,23
24,24
25,25
26,26
27,27
28,28
29,29
30,30
55,31
32,32
33,33
34,34
35,35
36,36
37,37
38,38
39,39
40,40
41,41
42,42
43,43
44,44
45,45
46,46
47,47
48,48
49,49
50,50
51,51
52,52
53,53
54,54
55,55
56,56
57,57
58,58
59,59
0,0
1,1
2,2
3,3
4,4
5,5
6,6
7,7
8,8
9,9
72,10
11,11
12,12
13,13
14,14
15,15
15,16
17,17
18,18
19,19
20,20
21,21
22,22
23,23
24,24
25,25
26,26
27,27
11,28
29,29
30,30
31,31
32,32
33,33
34,34
35,35
36,36
37,37
38,38
39,39
40,40
41,41
42,42
43,43
44,44
45,45
46,46
47,47
48,48
49,49
50,50
51,51
52,52
53,53
54,54
55,55
56,56
57,57
58,58
59,59
0,0
1,1
2,2
3,3
4,4
5,5
6,6
7,7
8,8
9,9
10,10
11,11
12,12
13,13
14,14
15,15
15,16
17,17
18,18
19,19
20,20
21,21
22,22
23,23
24,24
25,25
26,26
27,27
28,28
11,29
30,30
31,31
32,32
33,33
34,34
35,35
36,36
37,37
38,38
39,39
40,40
41,41
42,42
43,43
47,44
45,45
46,46
47,47
48,48
49,49
50,50
51,51
52,52
53,53
54,54
55,55
56,56
57,57
58,58
59,59
2,1
3,3
4,4
5,5
6,6
7,7
8,8
9,9
10,10
29,11
12,12
14,14
15,15
16,16
17,17
18,18
19,19
20,20
21,21
22,22
23,23
24,24
25,25
26,26
27,27
14,28
29,29
30,30
31,31
32,32
33,33
34,34
35,35
36,36
37,37
38,38
39,39
40,40
41,41
42,42
43,43
44,44
45,45
46,46
47,47
48,48
53,49
51,50
51,51
52,52
53,53
54,54
117,55
56,56
57,57
58,58
59,59
0,0
1,1
40,2
3,3
4,4
5,5
13,6
7,7
8,8
33,9
31,10
29,11
12,12
13,13
14,14
15,15
16,16
17,17
18,18
19,19
20,20
21,21
22,22
23,23
14,24
25,25
26,26
27,27
28,28
29,29
22,30
31,31
32,32
33,33
34,34
35,35
36,36
37,37
38,38
39,39
40,40
41,41
42,42
43,43
44,44
45,45
46,46
47,47
48,48
51,49
50,50
51,51
52,52
53,53
54,54
55,55
56,56
57,57
58,58
59,59
0,0
1,1
2,2
3,3
4,4
5,5
6,6
7,7
8,8
9,9
10,10
10,11
12,12
14,14
15,15
16,16
17,17
18,18
19,19
20,20
21,21
22,22
23,23
24,24
25,25
26,26
1,27
11,28
29,29
31,30
31,31
32,32
33,33
34,34
35,35
36,36
37,37
38,38
39,39
40,40
41,41
42,42
43,43
44,44
24,45
46,46
47,47
48,48
49,49
50,50
51,51
52,52
53,53
54,54
55,55
49,56
57,57
58,58
59,59
0,0
1,1
2,2
3,3
4,4
5,5
6,6
7,7
8,8
9,9
10,10
11,11
12,12
13,13
14,14
15,15
16,16
17,17
18,18
19,19
20,20
21,21
22,22
23,23
24,24
25,25
26,26
27,27
83,28
29,29
68,30
31,31
32,32
33,33
34,34
35,35
36,36
37,37
38,38
39,39
40,40
41,41
42,42
43,43
45,44
45,45
46,46
47,47
29,48
49,49
50,50
51,51
52,52
53,53
54,54
56,55
49,56
57,57
59,58
59,59
1,0
1,1
2,2
3,3
4,4
5,5
6,6
7,7
8,8
9,9
10,10
9,11
12,12
13,13
14,14
15,15
16,16
17,17
84,18
19,19
20,20
21,21
22,22
23,23
24,24
25,25
26,26
27,27
28,28
29,29
30,30
31,31
9,32
9,33
34,34
35,35
36,36
37,37
38,38
39,39
40,40
41,41
42,42
111,43
44,44
46,45
27,46
47,47
48,48
49,49
50,50
51,51
52,52
53,53
54,54
55,55
56,56
57,57
58,58
59,59
0,0
1,1
2,2
3,3
4,4
5,5
6,6
7,7
8,8
9,9
10,10
75,11
12,12
13,13
14,14
15,15
16,16
17,17
18,18
19,19
20,20
21,21
22,22
23,23
24,24
25,25
26,26
27,27
28,28
11,29
30,30
31,31
32,32
33,33
34,34
35,35
36,36
37,37
38,38
39,39
40,40
41,41
42,42
43,43
44,44
45,45
46,46
47,47
48,48
23,50
51,51
52,52
53,53
54,54
55,55
56,56
57,57
58,58
59,59
0,0
2,2
3,3
4,4
5,5
6,6
7,7
8,8
9,9
10,10
73,11
12,12
13,13
14,14
15,15
15,16
17,17
18,18
19,19
20,20
21,21
22,22
23,23
24,24
25,25
26,26
27,27
28,28
29,29
30,30
31,31
30,32
33,33
34,34
35,35
36,36
37,37
38,38
39,39
40,40
41,41
42,42
43,43
44,44
45,45
46,46
47,47
48,48
49,49
50,50
51,51
52,52
53,53
54,54
55,55
56,56
57,57
58,58
59,59
0,0
18,1
2,2
3,3
4,4
5,5
6,6
7,7
8,8
9,9
10,10
10,11
12,12
13,13
14,14
15,15
16,16
17,17
18,18
19,19
20,20
21,21
22,22
23,23
24,24
25,25
26,26
27,27
28,28
29,29
30,30
31,31
32,32
33,33
34,34
35,35
36,36
37,37
38,38
39,39
40,40
41,41
42,42
43,43
44,44
45,45
46,46
47,47
48,48
49,49
50,50
51,51
52,52
53,53
54,54
55,55
56,56
57,57
58,58
59,59
0,0
1,1
2,2
36,3
4,4
5,5
6,6
7,7
8,8
9,9
10,10
10,11
12,12
13,13
14,14
15,15
16,16
17,17
18,18
19,19
20,20
21,21
22,22
23,23
24,24
25,25
26,26
29,29
30,30
30,31
32,32
33,33
34,34
35,35
36,36
37,37
38,38
39,39
40,40
41,41
42,42
37,43
44,44
45,45
46,46
47,47
48,48
49,49
50,50
51,51
52,52
53,53
54,54
55,55
56,56
57,57
58,58
59,59
0,0
1,1
2,2
3,3
4,4
5,5
6,6
7,7
8,8
9,9
10,10
11,11
12,12
13,13
14,14
15,15
16,16
17,17
18,18
19,19
20,20
21,21
22,22
23,23
24,24
25,25
26,26
27,27
28,28
11,29
30,30
31,31
32,32
33,33
34,34
35,35
36,36
37,37
38,38
39,39
40,40
41,41
42,42
43,43
44,44
45,45
46,46
47,47
48,48
49,49
50,50
51,51
52,52
53,53
54,54
55,55
56,56
57,57
58,58
59,59
0,0
1,1
18,2
3,3
4,4
5,5
6,6
7,7
8,8
9,9
10,10
11,11
12,12
13,13
14,14
15,15
16,16
17,17
18,18
19,19
20,20
21,21
22,22
23,23
24,24
25,25
26,26
27,27
28,28
29,29
30,30
31,31
32,32
33,33
34,34
35,35
36,36
37,37
38,38
39,39
40,40
41,41
42,42
43,43
44,44
45,45
46,46
47,47
48,48
49,49
50,50
51,51
52,52
53,53
54,54
55,55
56,56
57,57
58,58
59,59
0,0
1,1
2,2
3,3
4,4
5,5
6,6
7,7
8,8
9,9
10,10
11,11
12,12
13,13
14,14
15,15
16,16
17,17
18,18
19,19
20,20
21,21
22,22
23,23
24,24
25,25
26,26
27,27
28,28
29,29
30,30
31,31
32,32
33,33
34,34
35,35
36,36
37,37
38,38
39,39
40,40
41,41
42,42
43,43
44,44
45,45
46,46
47,47
48,48
49,49
50,50
51,51
52,52
53,53
54,54
55,55
56,56
57,57
58,58
59,59
0,0
1,1
0,2
3,3
4,4
5,5
6,6
7,7
8,8
9,9
10,10
11,11
12,12
13,13
14,14
15,15
16,16
17,17
18,18
19,19
20,20
21,21
22,22
23,23
24,24
25,25
26,26
27,27
28,28
29,29
30,30
31,31
32,32
33,33
34,34
35,35
36,36
0,37
38,38
39,39
40,40
41,41
42,42
43,43
44,44
45,45
46,46
47,47
48,48
51,49
50,50
51,51
52,52
53,53
54,54
55,55
56,56
57,57
58,58
58,59
0,0
1,1
2,2
3,3
4,4
5,5
6,6
7,7
8,8
9,9
11,10
11,11
12,12
13,13
14,14
15,15
16,16
17,17
18,18
19,19
20,20
21,21
22,22
23,23
24,24
25,25
26,26
27,27
28,28
29,29
30,30
31,31
32,32
33,33
34,34
35,35
36,36
37,37
38,38
39,39
40,40
41,41
42,42
36,43
44,44
45,45
46,46
47,47
48,48
49,49
50,50
51,51
52,52
53,53
54,54
55,55
56,56
57,57
58,58
59,59
0,0
1,1
2,2
3,3
4,4
5,5
6,6
7,7
8,8
9,9
10,10
29,11
13,12
13,13
14,14
15,15
15,16
17,17
18,18
19,19
20,20
21,21
22,22
23,23
24,24
25,25
26,26
27,27
14,28
29,29
30,30
31,31
32,32
33,33
34,34
35,35
36,36
37,37
38,38
39,39
40,40
41,41
42,42
43,43
44,44
45,45
46,46
47,47
48,48
49,49
50,50
51,51
52,52
53,53
54,54
55,55
56,56
57,57
58,58
59,59
0,0
0,1
2,2
3,3
4,4
5,5
6,6
7,7
8,8
9,9
31,10
29,11
33,12
13,13
14,14
45,15
15,16
17,17
18,18
19,19
20,20
21,21
22,22
23,23
16,24
25,25
26,26
27,27
28,28
29,29
33,30
31,31
32,32
33,33
34,34
35,35
36,36
37,37
38,38
39,39
40,40
41,41
42,42
43,43
44,44
45,45
46,46
47,47
48,48
51,49
50,50
51,51
52,52
53,53
54,54
117,55
56,56
57,57
58,58
59,59
0,0
1,1
2,2
3,3
4,4
5,5
6,6
7,7
8,8
9,9
10,10
10,11
12,12
13,13
14,14
15,15
16,16
17,17
18,18
19,19
20,20
21,21
22,22
23,23
24,24
25,25
26,26
1,27
10,28
29,29
76,30
31,31
32,32
10,33
34,34
35,35
36,36
37,37
38,38
39,39
40,40
41,41
42,42
43,43
44,44
45,45
46,46
47,47
48,48
49,49
50,50
51,51
52,52
53,53
54,54
55,55
49,56
57,57
58,58
59,59
0,0
29,1
2,2
3,3
4,4
5,5
6,6
7,7
8,8
9,9
10,10
28,11
12,12
13,13
14,14
15,15
16,16
17,17
18,18
17,19
20,20
21,21
22,22
23,23
24,24
25,25
26,26
27,27
27,28
29,29
30,30
31,31
32,32
33,33
34,34
35,35
36,36
37,37
38,38
39,39
40,40
41,41
42,42
43,43
44,44
45,45
27,46
47,47
11,48
49,49
50,50
51,51
52,52
53,53
54,54
55,55
49,56
57,57
58,58
59,59
0,0
1,1
2,2
3,3
4,4
5,5
6,6
7,7
8,8
9,9
10,10
11,11
12,12
13,13
14,14
15,15
16,16
17,17
18,18
19,19
20,20
21,21
22,22
23,23
24,24
25,25
26,26
27,27
28,28
29,29
30,30
31,31
32,32
9,33
34,34
35,35
9,36
37,37
38,38
39,39
40,40
41,41
42,42
18,43
44,44
45,45
1,46
47,47
48,48
49,49
50,50
51,51
53,52
53,53
54,54
55,55
56,56
57,57
58,58
59,59
0,0
1,1
2,2
3,3
4,4
5,5
6,6
7,7
8,8
33,9
10,10
10,11
12,12
13,13
14,14
15,15
16,16
17,17
18,18
19,19
20,20
21,21
22,22
23,23
24,24
25,25
26,26
2,27
28,28
11,29
30,30
31,31
32,32
38,33
34,34
35,35
36,36
22,37
38,38
39,39
40,40
41,41
42,42
43,43
44,44
57,45
40,46
40,47
48,48
49,49
50,50
51,51
53,52
53,53
54,54
55,55
56,56
57,57
58,58
59,59
0,0
1,1
2,2
46,3
4,4
5,5
6,6
7,7
8,8
9,9
10,10
11,11
12,12
13,13
14,14
15,15
15,16
17,17
18,18
19,19
20,20
21,21
22,22
23,23
24,24
25,25
26,26
27,27
28,28
10,29
30,30
31,31
32,32
33,33
34,34
35,35
36,36
37,37
38,38
39,39
40,40
41,41
42,42
43,43
44,44
45,45
46,46
47,47
48,48
49,49
50,50
51,51
52,52
53,53
54,54
55,55
56,56
57,57
58,58
59,59
0,0
2,1
0,2
3,3
4,4
5,5
6,6
7,7
8,8
9,9
10,10
11,11
12,12
13,13
14,14
15,15
16,16
17,17
18,18
19,19
20,20
21,21
22,22
23,23
24,24
25,25
26,26
27,27
11,28
29,29
30,30
31,31
32,32
33,33
34,34
35,35
36,36
37,37
38,38
39,39
40,40
41,41
42,42
43,43
44,44
45,45
46,46
47,47
48,48
49,49
50,50
51,51
52,52
53,53
54,54
55,55
56,56
57,57
58,58
59,59
0,0
1,1
2,2
3,3
4,4
5,5
6,6
7,7
8,8
9,9
10,10
1,11
12,12
13,13
14,14
15,15
16,16
17,17
18,18
19,19
20,20
21,21
22,22
23,23
24,24
25,25
26,26
27,27
28,28
29,29
30,30
31,31
32,32
33,33
34,34
35,35
36,36
37,37
38,38
39,39
40,40
41,41
42,42
43,43
44,44
45,45
46,46
47,47
48,48
49,49
50,50
51,51
52,52
53,53
54,54
55,55
56,56
57,57
58,58
59,59
0,0
10,1
0,2
3,3
52,4
5,5
6,6
7,7
8,8
9,9
12,10
10,11
12,12
13,13
14,14
15,15
16,16
17,17
18,18
19,19
20,20
21,21
22,22
23,23
24,24
25,25
26,26
27,27
28,28
30,30
31,31
32,32
33,33
34,34
35,35
36,36
22,37
38,38
39,39
40,40
41,41
42,42
43,43
44,44
45,45
46,46
47,47
48,48
49,49
51,50
51,51
35,52
24,53
6,54
55,55
56,56
57,57
58,58
59,59
0,0
1,1
2,2
3,3
4,4
5,5
6,6
7,7
8,8
9,9
10,10
11,11
12,12
86,13
14,14
15,15
16,16
17,17
18,18
19,19
20,20
21,21
22,22
23,23
24,24
25,25
26,26
27,27
28,28
29,29
30,30
31,31
32,32
33,33
34,34
35,35
36,36
37,37
38,38
39,39
40,40
41,41
42,42
43,43
44,44
45,45
46,46
47,47
48,48
49,49
50,50
51,51
52,52
53,53
54,54
55,55
56,56
57,57
58,58
59,59
0,0
1,1
2,2
3,3
4,4
5,5
6,6
7,7
8,8
9,9
10,10
29,11
12,12
13,13
14,14
15,15
15,16
17,17
18,18
19,19
20,20
21,21
22,22
23,23
24,24
25,25
26,26
27,27
28,28
11,29
30,30
55,31
32,32
33,33
34,34
35,35
36,36
37,37
38,38
39,39
40,40
41,41
42,42
43,43
44,44
46,45
46,46
47,47
48,48
49,49
50,50
51,51
52,52
53,53
54,54
55,55
56,56
57,57
58,58
58,59
0,0
1,1
2,2
3,3
4,4
5,5
6,6
7,7
8,8
9,9
11,10
29,11
12,12
13,13
14,14
15,15
16,16
17,17
18,18
19,19
20,20
21,21
22,22
23,23
24,24
25,25
26,26
27,27
28,28
29,29
31,30
31,31
32,32
33,33
34,34
35,35
36,36
37,37
38,38
39,39
40,40
41,41
42,42
43,43
44,44
45,45
46,46
47,47
48,48
49,49
50,50
51,51
52,52
53,53
54,54
55,55
56,56
57,57
58,58
59,59
0,0
18,1
2,2
43,3
4,4
5,5
6,6
7,7
8,8
9,9
10,10
11,11
32,12
13,13
14,14
15,15
15,16
17,17
18,18
19,19
20,20
21,21
22,22
23,23
24,24
25,25
26,26
27,27
28,28
11,29
30,30
31,31
32,32
33,33
34,34
35,35
36,36
37,37
38,38
39,39
40,40
41,41
42,42
43,43
34,44
46,45
46,46
47,47
48,48
51,49
50,50
51,51
31,52
54,54
55,55
56,56
57,57
58,58
59,59
0,0
1,1
2,2
3,3
4,4
5,5
6,6
7,7
8,8
33,9
11,10
11,11
12,12
13,13
14,14
15,15
16,16
17,17
18,18
19,19
20,20
21,21
22,22
23,23
24,24
25,25
26,26
0,27
28,28
29,29
30,30
31,31
32,32
33,33
34,34
35,35
36,36
37,37
38,38
39,39
40,40
41,41
42,42
43,43
44,44
45,45
46,46
47,47
48,48
49,49
50,50
51,51
52,52
53,53
54,54
55,55
56,56
57,57
58,58
59,59
0,0
1,1
2,2
3,3
4,4
5,5
6,6
7,7
8,8
9,9
11,10
11,11
12,12
13,13
14,14
16,15
15,16
17,17
18,18
19,19
20,20
21,21
22,22
23,23
24,24
25,25
26,26
27,27
11,28
29,29
30,30
31,31
32,32
33,33
34,34
35,35
36,36
37,37
38,38
39,39
2,40
41,41
42,42
43,43
44,44
45,45
46,46
47,47
48,48
49,49
50,50
51,51
52,52
53,53
54,54
55,55
56,56
57,57
58,58
59,59
0,0
1,1
2,2
3,3
4,4
5,5
93,6
8,8
9,9
10,10
11,11
12,12
13,13
14,14
15,15
16,16
17,17
61,18
19,19
20,20
21,21
22,22
23,23
24,24
25,25
26,26
27,27
28,28
29,29
30,30
31,31
32,32
33,33
34,34
35,35
36,36
37,37
38,38
39,39
40,40
41,41
42,42
46,43
44,44
45,45
46,46
47,47
48,48
49,49
50,50
51,51
52,52
53,53
54,54
55,55
56,56
57,57
58,58
59,59
0,0
1,1
2,2
3,3
4,4
5,5
62,6
7,7
8,8
9,9
10,10
11,11
12,12
13,13
14,14
16,15
16,16
17,17
18,18
19,19
20,20
21,21
22,22
23,23
24,24
25,25
26,26
27,27
28,28
29,29
30,30
31,31
32,32
33,33
34,34
35,35
36,36
43,37
9,38
39,39
40,40
41,41
46,42
43,43
44,44
45,45
46,46
47,47
48,48
49,49
50,50
51,51
52,52
53,53
54,54
112,55
56,56
57,57
58,58
59,59
0,0
1,1
2,2
3,3
4,4
5,5
6,6
7,7
8,8
9,9
10,10
11,11
12,12
13,13
14,14
15,15
16,16
17,17
18,18
19,19
20,20
21,21
22,22
23,23
24,24
25,25
26,26
27,27
11,28
29,29
30,30
31,31
32,32
33,33
34,34
35,35
36,36
37,37
38,38
39,39
40,40
41,41
42,42
43,43
44,44
45,45
46,46
47,47
48,48
49,49
50,50
51,51
52,52
53,53
54,54
55,55
56,56
57,57
58,58
59,59
0,0
1,1
2,2
3,3
4,4
5,5
6,6
7,7
8,8
33,9
83,10
11,11
12,12
13,13
14,14
15,15
16,16
17,17
18,18
19,19
20,20
21,21
22,22
23,23
24,24
25,25
26,26
27,27
28,28
29,29
30,30
31,31
32,32
33,33
34,34
35,35
36,36
37,37
38,38
39,39
40,40
41,41
42,42
43,43
44,44
45,45
46,46
47,47
48,48
49,49
50,50
51,51
52,52
53,53
54,54
55,55
56,56
57,57
58,58
59,59
0,0
1,1
2,2
3,3
75,4
5,5
6,6
7,7
8,8
9,9
10,10
10,11
12,12
13,13
14,14
15,15
16,16
17,17
18,18
19,19
20,20
21,21
22,22
23,23
24,24
25,25
26,26
27,27
28,28
29,29
30,30
31,31
32,32
33,33
34,34
35,35
36,36
37,37
38,38
39,39
40,40
41,41
42,42
3,43
44,44
45,45
3,46
47,47
48,48
49,49
50,50
51,51
52,52
53,53
54,54
55,55
56,56
57,57
58,58
59,59
0,0
1,1
2,2
3,3
40,4
5,5
6,6
7,7
8,8
9,9
10,10
11,11
12,12
13,13
14,14
15,15
16,16
17,17
18,18
19,19
20,20
21,21
22,22
16,23
24,24
25,25
26,26
27,27
28,28
28,29
30,30
31,31
32,32
33,33
34,34
35,35
36,36
37,37
38,38
39,39
40,40
41,41
42,42
43,43
24,44
45,45
36,46
47,47
48,48
49,49
50,50
51,51
52,52
53,53
54,54
56,55
56,56
57,57
58,58
59,59
0,0
1,1
2,2
3,3
4,4
5,5
6,6
7,7
8,8
9,9
10,10
10,11
12,12
13,13
14,14
15,15
16,16
1,17
18,18
19,19
20,20
21,21
22,22
23,23
24,24
25,25
26,26
27,27
28,28
29,29
30,30
31,31
32,32
33,33
34,34
35,35
17,36
37,37
38,38
37,39
40,40
41,41
42,42
43,43
44,44
35,45
46,46
47,47
48,48
54,49
50,50
51,51
52,52
53,53
54,54
55,55
56,56
57,57
58,58
59,59
18,0
74,1
9,2
3,3
4,4
5,5
6,6
7,7
8,8
9,9
10,10
11,11
12,12
13,13
14,14
15,15
16,16
18,17
18,18
19,19
20,20
21,21
22,22
23,23
24,24
25,25
26,26
27,27
31,28
75,29
30,30
31,31
32,32
33,33
34,34
35,35
36,36
37,37
38,38
39,39
40,40
41,41
42,42
43,43
47,44
45,45
46,46
47,47
48,48
49,49
50,50
51,51
52,52
53,53
54,54
55,55
56,56
57,57
58,58
59,59
0,0
1,1
2,2
3,3
4,4
5,5
6,6
7,7
8,8
9,9
10,10
11,11
12,12
13,13
14,14
15,15
15,16
17,17
18,18
19,19
20,20
21,21
22,22
23,23
24,24
25,25
26,26
27,27
28,28
29,29
30,30
31,31
32,32
33,33
34,34
35,35
36,36
37,37
38,38
39,39
40,40
41,41
42,42
43,43
44,44
45,45
46,46
40,47
48,48
49,49
50,50
51,51
52,52
53,53
54,54
55,55
56,56
57,57
58,58
59,59
0,0
1,1
2,2
36,3
4,4
5,5
6,6
7,7
8,8
9,9
11,10
11,11
12,12
13,13
14,14
15,15
16,16
17,17
18,18
19,19
20,20
21,21
22,22
23,23
24,24
25,25
26,26
36,27
28,28
29,29
30,30
31,31
32,32
33,33
34,34
35,35
36,36
37,37
38,38
39,39
40,40
41,41
42,42
43,43
24,44
24,45
46,46
47,47
48,48
49,49
50,50
51,51
52,52
53,53
54,54
55,55
56,56
57,57
58,58
59,59
0,0
1,1
2,2
3,3
4,4
5,5
62,6
7,7
8,8
9,9
10,10
11,11
12,12
13,13
14,14
15,15
16,16
17,17
18,18
19,19
20,20
21,21
22,22
23,23
24,24
25,25
26,26
27,27
29,28
29,29
30,30
31,31
32,32
33,33
34,34
35,35
36,36
37,37
38,38
39,39
40,40
41,41
42,42
43,43
40,44
45,45
46,46
47,47
48,48
49,49
50,50
51,51
52,52
53,53
54,54
55,55
56,56
57,57
58,58
59,59
0,0
24,1
2,2
3,3
4,4
5,5
6,6
7,7
8,8
9,9
10,10
11,11
12,12
13,13
14,14
15,15
16,16
17,17
18,18
19,19
20,20
21,21
22,22
23,23
24,24
25,25
26,26
27,27
28,28
29,29
30,30
31,31
32,32
33,33
34,34
35,35
36,36
37,37
38,38
39,39
40,40
41,41
42,42
36,43
44,44
45,45
46,46
47,47
48,48
49,49
50,50
51,51
52,52
53,53
54,54
55,55
56,56
57,57
58,58
59,59
0,0
1,1
2,2
3,3
4,4
5,5
6,6
7,7
8,8
9,9
81,10
11,11
12,12
13,13
14,14
15,15
15,16
17,17
18,18
19,19
20,20
21,21
22,22
23,23
24,24
25,25
26,26
27,27
28,28
29,29
30,30
31,31
32,32
33,33
34,34
35,35
36,36
37,37
38,38
39,39
40,40
41,41
42,42
43,43
44,44
45,45
46,46
40,47
48,48
49,49
50,50
51,51
52,52
53,53
54,54
55,55
56,56
57,57
58,58
59,59
0,0
1,1
2,2
3,3
4,4
5,5
6,6
7,7
8,8
9,9
10,10
11,11
12,12
13,13
14,14
15,15
16,16
17,17
18,18
19,19
20,20
21,21
22,22
23,23
24,24
25,25
26,26
27,27
28,28
29,29
30,30
31,31
32,32
9,33
34,34
35,35
1,36
37,37
38,38
39,39
1,40
41,41
42,42
43,43
44,44
45,45
46,46
47,47
48,48
50,50
51,51
52,52
53,53
54,54
55,55
56,56
55,57
58,58
59,59
0,0
1,1
2,2
3,3
4,4
5,5
6,6
7,7
8,8
9,9
10,10
11,11
12,12
13,13
14,14
15,15
16,16
17,17
1,18
19,19
20,20
21,21
22,22
23,23
24,24
25,25
26,26
27,27
28,28
29,29
6,30
31,31
32,32
33,33
34,34
35,35
36,36
37,37
38,38
39,39
40,40
41,41
42,42
43,43
47,44
45,45
46,46
47,47
48,48
49,49
50,50
51,51
52,52
53,53
54,54
55,55
56,56
57,57
58,58
59,59
0,0
1,1
2,2
3,3
4,4
5,5
6,6
7,7
8,8
9,9
10,10
11,11
12,12
13,13
14,14
15,15
15,16
17,17
18,18
19,19
20,20
21,21
22,22
23,23
24,24
25,25
26,26
27,27
28,28
29,29
32,30
31,31
32,32
33,33
34,34
35,35
36,36
37,37
38,38
39,39
47,40
41,41
42,42
43,43
47,44
45,45
46,46
47,47
48,48
49,49
50,50
51,51
52,52
53,53
54,54
55,55
56,56
57,57
58,58
59,59
2,0
1,1
2,2
3,3
4,4
5,5
6,6
7,7
8,8
9,9
10,10
11,11
12,12
13,13
14,14
15,15
15,16
17,17
18,18
19,19
20,20
21,21
22,22
23,23
24,24
25,25
26,26
27,27
28,28
11,29
104,30
31,31
32,32
85,33
34,34
35,35
36,36
37,37
38,38
39,39
47,40
41,41
42,42
43,43
44,44
45,45
46,46
47,47
48,48
49,49
50,50
51,51
52,52
53,53
54,54
55,55
56,56
57,57
58,58
59,59
0,0
1,1
2,2
3,3
4,4
5,5
6,6
7,7
8,8
9,9
10,10
29,11
12,12
13,13
14,14
15,15
15,16
17,17
18,18
19,19
20,20
21,21
22,22
23,23
24,24
25,25
26,26
27,27
29,28
29,29
1,30
31,31
77,32
33,33
34,34
35,35
36,36
37,37
38,38
39,39
1,40
41,41
42,42
43,43
44,44
45,45
46,46
16,47
48,48
49,49
50,50
51,51
52,52
53,53
54,54
55,55
56,56
57,57
58,58
59,59
0,0
1,1
2,2
3,3
4,4
91,5
6,6
7,7
8,8
9,9
28,10
28,11
12,12
13,13
14,14
15,15
16,16
17,17
18,18
19,19
20,20
21,21
22,22
23,23
24,24
25,25
26,26
27,27
28,28
11,29
30,30
31,31
32,32
33,33
34,34
35,35
36,36
37,37
38,38
39,39
40,40
41,41
42,42
43,43
44,44
45,45
46,46
47,47
48,48
49,49
50,50
51,51
52,52
53,53
56,54
55,55
56,56
57,57
58,58
59,59
0,0
1,1
2,2
3,3
4,4
5,5
6,6
7,7
8,8
9,9
10,10
11,11
12,12
13,13
14,14
15,15
15,16
17,17
18,18
19,19
20,20
21,21
22,22
23,23
24,24
25,25
26,26
27,27
28,28
10,29
30,30
31,31
32,32
33,33
34,34
35,35
36,36
37,37
38,38
39,39
40,40
41,41
42,42
43,43
44,44
45,45
46,46
47,47
48,48
6,49
50,50
51,51
52,52
53,53
54,54
55,55
56,56
57,57
58,58
59,59
65,0
1,1
2,2
3,3
4,4
5,5
6,6
7,7
8,8
9,9
11,10
11,11
12,12
13,13
14,14
16,15
15,16
17,17
18,18
19,19
20,20
21,21
78,22
23,23
24,24
25,25
26,26
74,27
11,28
29,29
31,30
31,31
32,32
33,33
34,34
35,35
36,36
37,37
38,38
39,39
47,40
41,41
42,42
43,43
44,44
45,45
46,46
47,47
48,48
49,49
50,50
51,51
52,52
114,53
54,54
55,55
56,56
57,57
58,58
59,59
0,0
1,1
2,2
3,3
45,4
5,5
6,6
7,7
8,8
9,9
11,10
11,11
12,12
13,13
14,14
15,15
15,16
3,17
18,18
19,19
20,20
21,21
22,22
23,23
24,24
25,25
26,26
27,27
29,28
29,29
21,30
31,31
32,32
33,33
34,34
35,35
36,36
37,37
38,38
39,39
40,40
41,41
42,42
36,43
44,44
45,45
46,46
47,47
48,48
6,49
23,50
30,51
22,52
30,53
54,54
55,55
56,56
57,57
58,58
59,59
0,0
1,1
2,2
3,3
4,4
5,5
6,6
7,7
8,8
9,9
10,10
11,11
12,12
13,13
14,14
15,15
16,16
17,17
18,18
19,19
20,20
21,21
22,22
23,23
32,24
25,25
26,26
27,27
28,28
29,29
30,30
31,31
32,32
33,33
34,34
35,35
3,36
37,37
38,38
39,39
40,40
41,41
42,42
43,43
44,44
24,45
46,46
47,47
48,48
49,49
50,50
51,51
52,52
53,53
54,54
55,55
56,56
57,57
58,58
59,59
0,0
27,1
2,2
3,3
4,4
5,5
6,6
7,7
8,8
9,9
11,10
11,11
12,12
13,13
14,14
15,15
15,16
17,17
18,18
19,19
20,20
21,21
22,22
23,23
24,24
25,25
26,26
27,27
11,28
29,29
30,30
31,31
32,32
33,33
34,34
35,35
36,36
37,37
38,38
39,39
40,40
41,41
42,42
43,43
16,44
45,45
29,46
47,47
48,48
49,49
50,50
51,51
52,52
53,53
54,54
55,55
56,56
55,57
58,58
59,59
0,0
1,1
2,2
3,3
4,4
5,5
6,6
7,7
8,8
33,9
28,10
11,11
12,12
13,13
14,14
15,15
16,16
17,17
18,18
19,19
20,20
21,21
22,22
23,23
14,24
25,25
26,26
43,27
28,28
29,29
30,30
31,31
32,32
9,33
34,34
35,35
36,36
37,37
38,38
39,39
40,40
41,41
42,42
43,43
45,44
45,45
46,46
47,47
48,48
49,49
50,50
51,51
52,52
53,53
54,54
55,55
56,56
57,57
58,58
59,59
0,0
2,1
2,2
3,3
4,4
5,5
6,6
7,7
8,8
9,9
11,10
28,11
12,12
13,13
14,14
15,15
16,16
17,17
18,18
19,19
20,20
21,21
22,22
23,23
24,24
25,25
26,26
27,27
28,28
29,29
30,30
31,31
77,32
33,33
34,34
35,35
36,36
37,37
38,38
39,39
40,40
41,41
42,42
43,43
44,44
45,45
46,46
47,47
48,48
49,49
50,50
51,51
52,52
53,53
54,54
55,55
52,56
57,57
58,58
59,59
0,0
1,1
2,2
3,3
4,4
5,5
93,6
7,7
8,8
9,9
10,10
11,11
86,12
13,13
14,14
16,15
47,16
17,17
18,18
19,19
20,20
21,21
22,22
23,23
24,24
25,25
26,26
27,27
28,28
29,29
30,30
31,31
32,32
33,33
34,34
35,35
36,36
37,37
66,38
39,39
40,40
41,41
42,42
43,43
2,44
45,45
46,46
47,47
48,48
49,49
50,50
51,51
52,52
53,53
54,54
55,55
56,56
57,57
58,58
59,59
0,0
1,1
2,2
3,3
4,4
5,5
62,6
7,7
8,8
9,9
10,10
11,11
12,12
13,13
14,14
15,15
16,16
17,17
61,18
19,19
20,20
21,21
22,22
23,23
24,24
25,25
26,26
27,27
28,28
29,29
69,30
31,31
32,32
33,33
34,34
35,35
36,36
37,37
38,38
39,39
40,40
41,41
42,42
43,43
44,44
45,45
46,46
47,47
48,48
49,49
50,50
51,51
52,52
53,53
54,54
55,55
56,56
57,57
58,58
59,59
0,0
1,1
2,2
3,3
4,4
5,5
6,6
7,7
8,8
9,9
10,10
11,11
12,12
13,13
14,14
15,15
16,16
17,17
18,18
19,19
20,20
21,21
22,22
23,23
24,24
25,25
26,26
17,27
28,28
29,29
103,30
31,31
32,32
33,33
34,34
35,35
36,36
37,37
38,38
39,39
40,40
41,41
42,42
43,43
14,44
45,45
46,46
47,47
48,48
49,49
50,50
51,51
52,52
53,53
54,54
55,55
56,56
57,57
58,58
59,59
0,0
1,1
0,2
3,3
4,4
5,5
6,6
7,7
8,8
9,9
83,10
75,11
12,12
13,13
14,14
15,15
16,16
17,17
18,18
19,19
20,20
21,21
22,22
23,23
24,24
25,25
26,26
27,27
28,28
29,29
22,30
31,31
32,32
33,33
34,34
35,35
36,36
37,37
38,38
39,39
40,40
41,41
42,42
43,43
44,44
45,45
46,46
47,47
48,48
49,49
50,50
51,51
52,52
53,53
54,54
55,55
56,56
57,57
58,58
59,59
0,0
18,1
2,2
3,3
4,4
5,5
6,6
7,7
8,8
9,9
28,10
28,11
12,12
13,13
14,14
15,15
15,16
19,17
18,18
19,19
20,20
21,21
22,22
23,23
24,24
25,25
26,26
27,27
28,28
29,29
30,30
43,31
28,32
2,33
34,34
35,35
36,36
60,37
40,38
39,39
40,40
41,41
42,42
43,43
44,44
45,45
3,46
47,47
48,48
49,49
50,50
51,51
56,52
53,53
54,54
55,55
56,56
57,57
58,58
59,59
0,0
1,1
2,2
3,3
4,4
5,5
6,6
7,7
8,8
9,9
10,10
11,11
12,12
13,13
14,14
15,15
16,16
17,17
18,18
19,19
20,20
21,21
22,22
23,23
24,24
25,25
26,26
27,27
28,28
29,29
30,30
31,31
32,32
33,33
34,34
35,35
36,36
37,37
38,38
39,39
40,40
41,41
42,42
43,43
44,44
45,45
46,46
47,47
48,48
49,49
50,50
51,51
52,52
53,53
54,54
56,55
56,56
57,57
59,59
0,0
1,1
3,2
3,3
4,4
5,5
6,6
7,7
8,8
48,9
10,10
10,11
12,12
13,13
14,14
15,15
16,16
1,17
18,18
19,19
20,20
21,21
22,22
23,23
24,24
25,25
26,26
27,27
10,28
29,29
30,30
72,31
32,32
9,33
34,34
102,35
17,36
37,37
38,38
39,39
40,40
41,41
42,42
43,43
40,44
45,45
46,46
40,47
48,48
49,49
50,50
51,51
49,52
53,53
54,54
55,55
56,56
57,57
58,58
59,59
0,0
1,1
2,2
3,3
4,4
5,5
6,6
7,7
8,8
9,9
11,10
29,11
12,12
13,13
14,14
15,15
16,16
17,17
18,18
19,19
20,20
21,21
22,22
23,23
24,24
25,25
26,26
27,27
28,28
29,29
30,30
31,31
32,32
33,33
34,34
35,35
36,36
37,37
38,38
39,39
40,40
41,41
42,42
43,43
44,44
14,45
46,46
47,47
48,48
49,49
50,50
51,51
52,52
53,53
54,54
55,55
56,56
57,57
58,58
59,59
0,0
1,1
2,2
3,3
4,4
5,5
6,6
7,7
8,8
9,9
10,10
11,11
12,12
13,13
14,14
15,15
15,16
17,17
18,18
19,19
20,20
21,21
22,22
23,23
45,24
25,25
26,26
27,27
81,28
29,29
30,30
31,31
32,32
33,33
34,34
35,35
36,36
37,37
38,38
39,39
40,40
41,41
42,42
43,43
44,44
45,45
46,46
40,47
48,48
49,49
50,50
51,51
52,52
53,53
54,54
55,55
56,56
57,57
58,58
59,59
0,0
1,1
2,2
48,3
4,4
5,5
6,6
7,7
8,8
9,9
29,10
10,11
12,12
13,13
14,14
15,15
16,16
17,17
18,18
19,19
20,20
21,21
22,22
23,23
24,24
25,25
26,26
27,27
11,28
29,29
30,30
31,31
32,32
9,33
34,34
35,35
36,36
37,37
9,38
39,39
40,40
41,41
42,42
43,43
44,44
45,45
46,46
47,47
48,48
49,49
50,50
51,51
52,52
53,53
55,55
56,56
57,57
58,58
59,59
0,0
1,1
2,2
3,3
4,4
5,5
62,6
7,7
8,8
9,9
10,10
29,11
12,12
13,13
14,14
15,15
16,16
17,17
18,18
21,21
22,22
23,23
24,24
25,25
26,26
36,27
28,28
29,29
30,30
31,31
32,32
33,33
34,34
35,35
36,36
37,37
77,38
39,39
40,40
41,41
42,42
43,43
44,44
45,45
46,46
47,47
48,48
49,49
50,50
51,51
52,52
53,53
54,54
55,55
56,56
57,57
58,58
59,59
0,0
1,1
2,2
3,3
4,4
5,5
6,6
7,7
8,8
9,9
10,10
10,11
12,12
13,13
14,14
15,15
15,16
17,17
18,18
19,19
20,20
21,21
22,22
23,23
24,24
25,25
26,26
27,27
28,28
29,29
30,30
31,31
32,32
33,33
34,34
35,35
36,36
37,37
38,38
39,39
40,40
41,41
42,42
43,43
44,44
45,45
46,46
47,47
48,48
49,49
50,50
51,51
52,52
53,53
54,54
55,55
56,56
57,57
58,58
59,59
0,0
1,1
2,2
3,3
4,4
5,5
6,6
7,7
8,8
9,9
10,10
11,11
12,12
13,13
14,14
16,15
16,16
17,17
18,18
19,19
20,20
21,21
22,22
23,23
24,24
25,25
26,26
27,27
28,28
28,29
30,30
31,31
32,32
33,33
34,34
35,35
36,36
37,37
38,38
39,39
40,40
41,41
42,42
36,43
44,44
45,45
46,46
40,47
48,48
49,49
50,50
51,51
52,52
53,53
54,54
55,55
56,56
57,57
58,58
59,59
0,0
104,1
2,2
3,3
4,4
5,5
6,6
7,7
8,8
9,9
10,10
11,11
12,12
13,13
14,14
15,15
16,16
17,17
18,18
19,19
20,20
21,21
22,22
23,23
24,24
25,25
26,26
27,27
28,28
29,29
30,30
31,31
32,32
9,33
34,34
35,35
36,36
37,37
38,38
39,39
40,40
41,41
42,42
43,43
44,44
45,45
46,46
40,47
48,48
49,49
50,50
51,51
52,52
53,53
55,55
56,56
55,57
58,58
59,59
0,0
1,1
3,2
3,3
4,4
5,5
6,6
7,7
8,8
33,9
10,10
11,11
12,12
13,13
14,14
15,15
15,16
17,17
18,18
19,19
20,20
21,21
22,22
23,23
24,24
25,25
26,26
27,27
28,28
29,29
30,30
31,31
32,32
33,33
34,34
35,35
36,36
37,37
38,38
9,39
40,40
41,41
42,42
43,43
47,44
45,45
46,46
47,47
48,48
49,49
50,50
51,51
52,52
53,53
54,54
55,55
56,56
57,57
58,58
59,59
0,0
1,1
2,2
3,3
4,4
5,5
6,6
7,7
8,8
9,9
10,10
11,11
12,12
13,13
14,14
15,15
16,16
17,17
1,18
19,19
20,20
21,21
22,22
23,23
24,24
25,25
26,26
27,27
28,28
29,29
30,30
31,31
32,32
33,33
34,34
35,35
36,36
37,37
38,38
39,39
40,40
41,41
42,42
43,43
44,44
45,45
46,46
47,47
48,48
49,49
50,50
51,51
52,52
53,53
54,54
55,55
56,56
57,57
58,58
59,59
0,0
1,1
2,2
3,3
4,4
5,5
6,6
7,7
8,8
21,9
10,10
11,11
12,12
13,13
14,14
15,15
15,16
17,17
18,18
60,19
20,20
21,21
22,22
23,23
24,24
25,25
26,26
27,27
28,28
11,29
18,30
31,31
85,32
82,33
34,34
35,35
36,36
37,37
38,38
39,39
47,40
41,41
42,42
43,43
44,44
45,45
3,46
47,47
48,48
49,49
50,50
51,51
52,52
53,53
54,54
55,55
56,56
57,57
58,58
115,59
0,0
1,1
2,2
3,3
4,4
5,5
6,6
7,7
8,8
9,9
10,10
29,11
12,12
13,13
14,14
15,15
16,16
17,17
18,18
19,19
20,20
21,21
22,22
23,23
24,24
25,25
26,26
27,27
28,28
29,29
1,30
31,31
32,32
82,33
34,34
35,35
36,36
37,37
38,38
39,39
40,40
41,41
42,42
43,43
45,44
45,45
46,46
47,47
48,48
49,49
50,50
51,51
52,52
53,53
54,54
55,55
56,56
57,57
58,58
59,59
1,0
1,1
2,2
3,3
4,4
5,5
6,6
7,7
10,10
10,11
12,12
13,13
14,14
15,15
16,16
17,17
18,18
19,19
20,20
21,21
43,22
23,23
24,24
25,25
26,26
27,27
28,28
29,29
30,30
31,31
32,32
33,33
34,34
35,35
67,37
38,38
39,39
40,40
41,41
42,42
43,43
44,44
45,45
36,46
47,47
48,48
49,49
50,50
51,51
52,52
53,53
51,54
55,55
56,56
57,57
58,58
59,59
0,0
1,1
2,2
3,3
4,4
5,5
6,6
7,7
8,8
9,9
11,10
11,11
12,12
13,13
14,14
15,15
15,16
17,17
18,18
19,19
20,20
21,21
22,22
23,23
24,24
25,25
26,26
27,27
28,28
29,29
30,30
31,31
32,32
9,33
34,34
35,35
36,36
37,37
38,38
39,39
40,40
41,41
42,42
43,43
44,44
45,45
46,46
47,47
48,48
51,49
50,50
51,51
52,52
53,53
54,54
55,55
56,56
57,57
58,58
59,59
0,0
43,1
76,2
3,3
4,4
5,5
6,6
7,7
8,8
9,9
11,10
11,11
12,12
13,13
14,14
15,15
16,16
0,17
18,18
19,19
20,20
21,21
21,22
23,23
24,24
25,25
26,26
27,27
29,28
29,29
37,30
31,31
95,32
33,33
5,34
35,35
36,36
37,37
9,38
39,39
40,40
41,41
42,42
43,43
44,44
45,45
3,46
47,47
48,48
49,49
50,50
51,51
52,52
53,53
54,54
55,55
56,56
57,57
58,58
59,59
0,0
1,1
2,2
3,3
35,4
5,5
6,6
7,7
8,8
9,9
10,10
11,11
9,12
13,13
14,14
15,15
15,16
17,17
18,18
19,19
20,20
21,21
22,22
41,23
24,24
25,25
26,26
27,27
28,28
29,29
76,30
31,31
32,32
33,33
34,34
35,35
36,36
37,37
38,38
39,39
40,40
41,41
42,42
36,43
44,44
45,45
46,46
47,47
48,48
49,49
50,50
51,51
52,52
53,53
54,54
55,55
56,56
57,57
58,58
59,59
0,0
1,1
17,2
3,3
104,4
5,5
62,6
7,7
8,8
9,9
11,10
11,11
12,12
13,13
14,14
15,15
15,16
17,17
18,18
19,19
20,20
21,21
22,22
23,23
74,24
25,25
26,26
27,27
28,28
29,29
30,30
31,31
32,32
33,33
34,34
35,35
36,36
104,37
38,38
39,39
40,40
41,41
42,42
43,43
44,44
45,45
36,46
47,47
48,48
49,49
50,50
51,51
50,52
53,53
54,54
55,55
56,56
57,57
58,58
58,59
0,0
1,1
2,2
3,3
4,4
5,5
6,6
7,7
8,8
9,9
11,10
29,11
12,12
13,13
14,14
15,15
16,16
17,17
18,18
19,19
20,20
21,21
22,22
23,23
24,24
25,25
26,26
27,27
11,28
29,29
30,30
31,31
32,32
33,33
34,34
35,35
36,36
37,37
38,38
39,39
40,40
41,41
42,42
43,43
16,44
45,45
36,46
47,47
48,48
49,49
50,50
51,51
52,52
53,53
54,54
55,55
52,56
55,57
58,58
59,59
0,0
1,1
2,2
3,3
4,4
5,5
6,6
7,7
8,8
9,9
11,10
11,11
12,12
13,13
14,14
15,15
16,16
17,17
18,18
19,19
20,20
21,21
22,22
23,23
24,24
25,25
26,26
0,27
28,28
29,29
30,30
2,31
30,32
33,33
34,34
35,35
36,36
37,37
38,38
39,39
40,40
41,41
42,42
43,43
44,44
45,45
46,46
34,47
48,48
49,49
110,50
51,51
52,52
53,53
55,55
52,56
57,57
58,58
59,59
86,0
0,1
2,2
36,3
40,4
5,5
41,6
7,7
8,8
9,9
10,10
11,11
12,12
13,13
13,14
15,15
15,16
17,17
18,18
19,19
87,20
21,21
37,22
23,23
24,24
25,25
26,26
27,27
28,28
29,29
30,30
30,31
81,32
33,33
34,34
23,35
36,36
4,37
38,38
39,39
40,40
41,41
42,42
43,43
40,44
45,45
46,46
47,47
48,48
49,49
50,50
51,51
52,52
53,53
54,54
55,55
56,56
57,57
58,58
59,59
0,0
1,1
2,2
3,3
4,4
5,5
93,6
7,7
8,8
9,9
11,10
11,11
12,12
13,13
14,14
15,15
16,16
17,17
18,18
19,19
20,20
21,21
22,22
23,23
24,24
25,25
26,26
27,27
28,28
11,29
30,30
31,31
32,32
33,33
34,34
35,35
36,36
37,37
38,38
39,39
40,40
41,41
42,42
43,43
44,44
45,45
46,46
47,47
48,48
49,49
50,50
51,51
52,52
53,53
55,55
56,56
57,57
58,58
59,59
0,0
1,1
2,2
3,3
4,4
5,5
62,6
7,7
8,8
33,9
75,10
11,11
12,12
13,13
14,14
16,15
16,16
17,17
60,18
19,19
20,20
21,21
92,22
23,23
24,24
25,25
26,26
27,27
28,28
29,29
30,30
92,31
32,32
33,33
34,34
35,35
1,36
52,37
114,38
39,39
40,40
41,41
42,42
2,43
24,44
45,45
46,46
47,47
48,48
49,49
50,50
51,51
53,52
53,53
54,54
55,55
52,56
57,57
58,58
59,59
0,0
1,1
2,2
3,3
4,4
5,5
6,6
7,7
8,8
9,9
11,10
11,11
12,12
13,13
14,14
15,15
16,16
17,17
18,18
19,19
20,20
21,21
22,22
23,23
24,24
25,25
26,26
27,27
28,28
29,29
30,30
31,31
32,32
33,33
34,34
35,35
36,36
37,37
38,38
39,39
40,40
41,41
42,42
43,43
44,44
45,45
46,46
47,47
48,48
49,49
50,50
51,51
52,52
53,53
54,54
55,55
56,56
57,57
58,58
59,59
0,0
1,1
2,2
3,3
4,4
5,5
86,6
7,7
8,8
33,9
28,10
11,11
12,12
13,13
14,14
15,15
16,16
17,17
18,18
19,19
20,20
21,21
22,22
23,23
24,24
25,25
26,26
27,27
28,28
75,29
31,30
31,31
32,32
33,33
34,34
35,35
40,36
37,37
38,38
62,39
116,40
41,41
42,42
43,43
44,44
45,45
46,46
47,47
48,48
49,49
50,50
51,51
52,52
53,53
54,54
58,55
56,56
57,57
58,58
59,59
0,0
84,1
2,2
3,3
4,4
5,5
6,6
7,7
8,8
9,9
10,10
29,11
12,12
13,13
14,14
15,15
16,16
17,17
18,18
19,19
20,20
21,21
22,22
23,23
24,24
25,25
26,26
27,27
11,28
10,29
30,30
31,31
32,32
33,33
34,34
35,35
36,36
37,37
38,38
39,39
40,40
41,41
42,42
43,43
24,44
45,45
46,46
47,47
48,48
49,49
50,50
51,51
52,52
53,53
54,54
56,55
56,56
57,57
58,58
59,59
0,0
27,1
2,2
3,3
4,4
5,5
6,6
7,7
8,8
9,9
11,10
12,12
13,13
14,14
15,15
14,16
17,17
18,18
19,19
20,20
21,21
22,22
23,23
24,24
25,25
26,26
27,27
28,28
28,29
30,30
29,31
33,32
28,33
34,34
35,35
36,36
37,37
38,38
39,39
40,40
41,41
42,42
43,43
44,44
45,45
36,46
47,47
48,48
49,49
50,50
51,51
52,52
106,53
52,54
56,55
56,56
57,57
58,58
59,59
0,0
1,1
2,2
3,3
4,4
5,5
6,6
7,7
8,8
9,9
10,10
11,11
12,12
13,13
14,14
15,15
16,16
17,17
18,18
19,19
20,20
21,21
22,22
23,23
24,24
25,25
26,26
27,27
28,28
29,29
30,30
31,31
32,32
33,33
34,34
35,35
36,36
37,37
38,38
39,39
40,40
41,41
42,42
43,43
44,44
45,45
46,46
47,47
48,48
49,49
50,50
51,51
52,52
53,53
55,55
56,56
57,57
58,58
59,59
89,0
83,1
29,2
35,3
4,4
5,5
6,6
7,7
8,8
9,9
11,10
11,11
12,12
13,13
14,14
15,15
16,16
46,17
18,18
19,19
20,20
21,21
22,22
23,23
45,24
25,25
26,26
27,27
31,28
29,29
30,30
31,31
32,32
33,33
34,34
35,35
36,36
19,37
38,38
39,39
40,40
41,41
42,42
46,43
44,44
2,45
30,46
47,47
48,48
49,49
50,50
51,51
53,52
53,53
54,54
55,55
56,56
57,57
58,58
59,59
0,0
1,1
2,2
3,3
4,4
5,5
6,6
7,7
8,8
9,9
10,10
11,11
12,12
13,13
14,14
15,15
15,16
17,17
18,18
19,19
20,20
21,21
22,22
23,23
24,24
25,25
26,26
27,27
28,28
29,29
30,30
31,31
32,32
33,33
34,34
35,35
36,36
37,37
38,38
39,39
40,40
41,41
42,42
43,43
44,44
45,45
46,46
47,47
48,48
49,49
110,50
51,51
52,52
53,53
55,55
56,56
57,57
58,58
59,59
0,0
1,1
2,2
1,3
4,4
5,5
6,6
7,7
8,8
9,9
11,10
11,11
12,12
13,13
14,14
15,15
16,16
17,17
18,18
19,19
20,20
21,21
22,22
23,23
24,24
25,25
26,26
27,27
11,28
29,29
30,30
31,31
32,32
33,33
34,34
35,35
36,36
37,37
28,38
39,39
40,40
58,41
42,42
43,43
44,44
45,45
46,46
40,47
48,48
49,49
50,50
51,51
52,52
53,53
54,54
55,55
52,56
57,57
58,58
58,59
0,0
1,1
2,2
3,3
4,4
5,5
62,6
7,7
8,8
9,9
10,10
11,11
12,12
13,13
14,14
15,15
16,16
17,17
18,18
19,19
20,20
21,21
22,22
23,23
24,24
25,25
26,26
27,27
28,28
29,29
30,30
31,31
32,32
33,33
34,34
35,35
36,36
37,37
38,38
39,39
40,40
41,41
42,42
43,43
44,44
45,45
46,46
47,47
48,48
49,49
50,50
51,51
52,52
53,53
54,54
55,55
56,56
57,57
58,58
59,59
0,0
1,1
35,2
36,3
4,4
5,5
6,6
7,7
8,8
33,9
90,10
11,11
12,12
13,13
14,14
15,15
16,16
17,17
18,18
19,19
20,20
21,21
22,22
23,23
24,24
25,25
26,26
27,27
72,28
29,29
30,30
31,31
32,32
82,33
34,34
35,35
36,36
37,37
38,38
39,39
40,40
41,41
42,42
36,43
44,44
46,45
36,46
47,47
48,48
49,49
50,50
51,51
52,52
53,53
54,54
55,55
56,56
57,57
58,58
59,59
0,0
1,1
2,2
3,3
4,4
5,5
6,6
7,7
8,8
9,9
10,10
11,11
12,12
13,13
14,14
16,15
16,16
17,17
18,18
19,19
20,20
21,21
22,22
23,23
24,24
25,25
26,26
27,27
28,28
29,29
30,30
31,31
32,32
33,33
34,34
35,35
36,36
37,37
38,38
39,39
40,40
41,41
42,42
43,43
44,44
45,45
46,46
40,47
48,48
49,49
50,50
51,51
52,52
53,53
54,54
55,55
56,56
57,57
58,58
59,59
27,0
18,1
27,2
3,3
4,4
5,5
6,6
7,7
8,8
9,9
11,10
28,11
12,12
13,13
14,14
15,15
16,16
17,17
18,18
19,19
20,20
21,21
22,22
23,23
24,24
25,25
26,26
27,27
28,28
11,29
30,30
9,31
32,32
9,33
34,34
35,35
1,36
2,37
38,38
39,39
24,40
41,41
42,42
43,43
45,44
92,45
43,46
40,47
48,48
49,49
50,50
51,51
52,52
53,53
54,54
55,55
56,56
55,57
58,58
58,59
0,0
1,1
2,2
3,3
4,4
5,5
6,6
7,7
8,8
9,9
10,10
11,11
12,12
13,13
14,14
15,15
16,16
17,17
18,18
19,19
20,20
21,21
22,22
23,23
24,24
25,25
26,26
27,27
28,28
29,29
30,30
31,31
32,32
33,33
34,34
35,35
36,36
37,37
38,38
39,39
40,40
41,41
42,42
43,43
47,44
45,45
46,46
47,47
48,48
49,49
50,50
51,51
52,52
53,53
55,55
56,56
57,57
58,58
59,59
0,0
1,1
2,2
3,3
37,4
5,5
6,6
7,7
8,8
9,9
10,10
11,11
12,12
13,13
14,14
15,15
16,16
17,17
1,18
19,19
20,20
21,21
22,22
23,23
24,24
25,25
26,26
27,27
28,28
29,29
32,30
31,31
32,32
33,33
34,34
29,35
36,36
37,37
38,38
39,39
47,40
41,41
42,42
43,43
47,44
45,45
46,46
47,47
48,48
49,49
50,50
51,51
52,52
53,53
54,54
55,55
56,56
57,57
58,58
59,59
2,0
1,1
2,2
3,3
4,4
5,5
6,6
7,7
8,8
9,9
11,10
11,11
12,12
13,13
14,14
15,15
15,16
17,17
18,18
19,19
14,20
21,21
22,22
23,23
24,24
25,25
26,26
27,27
28,28
11,29
76,30
31,31
32,32
85,33
34,34
35,35
36,36
37,37
38,38
39,39
47,40
41,41
42,42
3,43
44,44
45,45
46,46
16,47
48,48
49,49
50,50
51,51
52,52
53,53
55,55
56,56
57,57
58,58
59,59
0,0
10,1
29,2
3,3
4,4
5,5
6,6
7,7
8,8
33,9
10,10
11,11
12,12
13,13
14,14
15,15
15,16
17,17
1,18
19,19
20,20
21,21
22,22
23,23
24,24
25,25
26,26
27,27
28,28
29,29
1,30
31,31
32,32
33,33
34,34
35,35
36,36
37,37
38,38
39,39
2,40
41,41
42,42
17,43
45,44
45,45
46,46
16,47
3,48
49,49
50,50
51,51
52,52
53,53
54,54
55,55
56,56
57,57
58,58
59,59
0,0
1,1
2,2
3,3
4,4
5,5
6,6
7,7
8,8
9,9
10,10
11,11
12,12
13,13
14,14
15,15
16,16
17,17
18,18
19,19
20,20
21,21
22,22
23,23
24,24
25,25
26,26
27,27
28,28
29,29
30,30
31,31
32,32
33,33
34,34
35,35
36,36
37,37
38,38
39,39
40,40
41,41
42,42
43,43
44,44
45,45
46,46
47,47
48,48
49,49
50,50
51,51
52,52
53,53
54,54
55,55
45,56
57,57
58,58
59,59
0,0
1,1
2,2
3,3
4,4
5,5
6,6
7,7
8,8
9,9
11,10
11,11
12,12
13,13
14,14
15,15
15,16
17,17
18,18
19,19
20,20
21,21
22,22
23,23
24,24
25,25
26,26
27,27
28,28
29,29
30,30
31,31
32,32
9,33
34,34
35,35
18,36
37,37
38,38
39,39
43,40
41,41
42,42
43,43
44,44
45,45
46,46
47,47
2,48
49,49
50,50
51,51
52,52
53,53
56,54
55,55
56,56
57,57
58,58
59,59
0,0
1,1
2,2
3,3
4,4
5,5
6,6
7,7
8,8
9,9
29,10
29,11
12,12
13,13
14,14
16,15
16,16
17,17
18,18
19,19
20,20
21,21
22,22
23,23
24,24
25,25
26,26
27,27
28,28
29,29
30,30
31,31
32,32
33,33
34,34
35,35
36,36
37,37
38,38
39,39
40,40
41,41
42,42
43,43
44,44
45,45
46,46
47,47
48,48
49,49
50,50
51,51
52,52
109,53
54,54
55,55
56,56
57,57
58,58
59,59
0,0
84,1
2,2
13,3
4,4
5,5
6,6
7,7
8,8
9,9
10,10
11,11
12,12
13,13
14,14
15,15
15,16
3,17
18,18
19,19
20,20
21,21
22,22
41,23
27,24
25,25
26,26
27,27
28,28
29,29
21,30
3,31
76,32
33,33
34,34
35,35
36,36
35,37
38,38
39,39
40,40
41,41
42,42
18,43
44,44
45,45
46,46
47,47
48,48
49,49
50,50
51,51
52,52
53,53
55,55
55,56
57,57
58,58
59,59
0,0
1,1
2,2
3,3
4,4
5,5
6,6
7,7
8,8
9,9
29,10
29,11
12,12
13,13
14,14
15,15
15,16
17,17
18,18
19,19
20,20
21,21
22,22
23,23
24,24
25,25
26,26
27,27
28,28
29,29
30,30
31,31
32,32
33,33
34,34
35,35
18,36
37,37
38,38
39,39
40,40
41,41
42,42
43,43
44,44
44,45
46,46
47,47
48,48
49,49
50,50
51,51
107,52
53,53
54,54
55,55
56,56
57,57
58,58
59,59
2,0
24,1
29,2
29,3
4,4
5,5
6,6
7,7
8,8
9,9
83,10
29,11
16,12
13,13
14,14
15,15
16,16
17,17
3,18
19,19
27,20
21,21
22,22
23,23
24,24
25,25
26,26
36,27
28,28
29,29
102,30
31,31
32,32
33,33
34,34
24,35
36,36
37,37
38,38
39,39
40,40
41,41
42,42
43,43
15,44
24,45
74,46
47,47
48,48
49,49
50,50
51,51
52,52
53,53
54,54
55,55
52,56
57,57
58,58
59,59
0,0
1,1
2,2
3,3
88,4
5,5
49,6
7,7
26,8
9,9
12,10
11,11
12,12
13,13
14,14
15,15
15,16
17,17
18,18
19,19
20,20
21,21
22,22
23,23
24,24
25,25
26,26
27,27
28,28
29,29
30,30
31,31
72,32
33,33
34,34
35,35
36,36
37,37
38,38
39,39
40,40
41,41
42,42
43,43
44,44
45,45
46,46
47,47
48,48
49,49
50,50
51,51
52,52
53,53
54,54
55,55
56,56
57,57
58,58
59,59
0,0
1,1
2,2
3,3
4,4
5,5
6,6
7,7
8,8
9,9
10,10
11,11
13,12
13,13
14,14
15,15
16,16
17,17
18,18
19,19
20,20
21,21
22,22
23,23
24,24
25,25
26,26
27,27
28,28
29,29
30,30
31,31
32,32
33,33
34,34
4,35
36,36
37,37
38,38
39,39
40,40
41,41
42,42
46,43
44,44
45,45
46,46
47,47
48,48
50,49
50,50
51,51
52,52
53,53
54,54
117,55
56,56
57,57
58,58
59,59
0,0
1,1
2,2
3,3
4,4
5,5
64,6
7,7
8,8
9,9
10,10
10,11
12,12
13,13
14,14
15,15
16,16
17,17
18,18
19,19
20,20
21,21
22,22
23,23
24,24
25,25
26,26
27,27
15,28
29,29
106,30
22,31
32,32
33,33
34,34
35,35
36,36
37,37
38,38
39,39
47,40
41,41
42,42
43,43
44,44
45,45
46,46
47,47
48,48
49,49
50,50
51,51
52,52
53,53
54,54
55,55
56,56
57,57
58,58
59,59
0,0
84,1
2,2
3,3
78,4
5,5
64,6
7,7
8,8
9,9
11,10
10,11
12,12
13,13
14,14
16,15
15,16
17,17
18,18
19,19
20,20
21,21
22,22
23,23
24,24
25,25
26,26
27,27
11,28
29,29
70,30
31,31
32,32
33,33
34,34
35,35
3,36
37,37
0,38
39,39
40,40
41,41
42,42
43,43
44,44
45,45
46,46
47,47
48,48
49,49
50,50
51,51
52,52
53,53
54,54
55,55
108,56
57,57
58,58
59,59
0,0
78,1
2,2
67,3
4,4
5,5
62,6
7,7
8,8
9,9
10,10
11,11
12,12
13,13
14,14
16,15
16,16
17,17
18,18
19,19
20,20
21,21
22,22
23,23
24,24
25,25
26,26
27,27
28,28
29,29
30,30
31,31
32,32
33,33
34,34
35,35
36,36
37,37
38,38
39,39
40,40
41,41
42,42
104,43
44,44
45,45
67,46
47,47
48,48
105,49
50,50
51,51
52,52
54,54
55,55
56,56
57,57
58,58
59,59
0,0
1,1
2,2
3,3
4,4
5,5
62,6
7,7
8,8
9,9
82,10
29,11
12,12
13,13
14,14
15,15
16,16
17,17
61,18
19,19
61,20
21,21
22,22
23,23
45,24
25,25
26,26
27,27
28,28
29,29
71,30
31,31
66,32
33,33
34,34
35,35
36,36
37,37
38,38
39,39
40,40
41,41
79,42
43,43
44,44
45,45
67,46
47,47
48,48
49,49
50,50
51,51
52,52
53,53
54,54
55,55
56,56
57,57
58,58
59,59
0,0
1,1
2,2
3,3
4,4
5,5
6,6
7,7
8,8
9,9
10,10
9,11
12,12
13,13
14,14
15,15
16,16
17,17
18,18
19,19
20,20
21,21
22,22
23,23
24,24
25,25
26,26
102,27
28,28
29,29
30,30
31,31
32,32
33,33
34,34
35,35
36,36
37,37
38,38
39,39
40,40
41,41
42,42
36,43
44,44
45,45
46,46
47,47
48,48
49,49
50,50
51,51
52,52
53,53
54,54
55,55
56,56
57,57
58,58
59,59
0,0
1,1
2,2
3,3
4,4
5,5
6,6
7,7
8,8
9,9
28,10
11,11
12,12
13,13
14,14
15,15
16,16
17,17
18,18
19,19
20,20
92,21
22,22
99,23
24,24
25,25
26,26
102,27
73,28
29,29
30,30
31,31
32,32
33,33
34,34
35,35
36,36
37,37
78,38
39,39
40,40
41,41
42,42
104,43
44,44
45,45
46,46
47,47
9,48
49,49
50,50
51,51
52,52
68,53
54,54
55,55
56,56
57,57
58,58
59,59
0,0
1,1
2,2
36,3
23,4
5,5
62,6
7,7
8,8
9,9
10,10
75,11
12,12
13,13
14,14
15,15
16,16
17,17
18,18
19,19
20,20
21,21
22,22
23,23
24,24
25,25
26,26
27,27
28,28
29,29
30,30
31,31
32,32
33,33
34,34
35,35
36,36
37,37
38,38
39,39
40,40
41,41
42,42
104,43
44,44
45,45
46,46
47,47
48,48
49,49
50,50
51,51
52,52
109,53
54,54
55,55
56,56
57,57
58,58
59,59
0,0
1,1
2,2
3,3
4,4
5,5
6,6
7,7
8,8
9,9
10,10
11,11
12,12
13,13
14,14
15,15
15,16
17,17
18,18
19,19
20,20
21,21
70,22
50,23
24,24
25,25
26,26
27,27
28,28
29,29
30,30
31,31
32,32
33,33
34,34
35,35
36,36
37,37
38,38
39,39
40,40
41,41
42,42
43,43
44,44
45,45
46,46
47,47
22,48
49,49
50,50
51,51
52,52
54,54
117,55
56,56
52,57
58,58
59,59
0,0
1,1
2,2
3,3
4,4
5,5
6,6
7,7
8,8
9,9
10,10
11,11
12,12
13,13
14,14
15,16
17,17
18,18
19,19
20,20
96,21
22,22
23,23
45,24
25,25
26,26
27,27
28,28
11,29
30,30
31,31
74,32
33,33
34,34
35,35
36,36
102,37
38,38
39,39
18,40
41,41
42,42
36,43
44,44
45,45
46,46
86,47
48,48
49,49
50,50
51,51
52,52
53,53
54,54
55,55
56,56
57,57
58,58
59,59
0,0
22,1
0,2
3,3
4,4
5,5
6,6
7,7
8,8
9,9
11,10
11,11
12,12
13,13
14,14
16,15
16,16
17,17
87,18
19,19
20,20
21,21
22,22
23,23
2,24
25,25
26,26
27,27
28,28
11,29
30,30
31,31
32,32
33,33
34,34
35,35
36,36
37,37
38,38
39,39
38,40
41,41
42,42
43,43
2,44
52,45
22,46
44,47
48,48
49,49
51,50
51,51
52,52
53,53
54,54
55,55
56,56
57,57
58,58
59,59
0,0
1,1
2,2
3,3
4,4
5,5
6,6
7,7
8,8
9,9
11,10
11,11
12,12
13,13
14,14
15,15
15,16
17,17
18,18
19,19
20,20
21,21
22,22
23,23
24,24
25,25
26,26
27,27
29,28
29,29
30,30
31,31
32,32
33,33
34,34
35,35
36,36
37,37
38,38
39,39
104,40
41,41
42,42
43,43
44,44
45,45
46,46
47,47
48,48
49,49
50,50
51,51
52,52
53,53
54,54
55,55
56,56
57,57
58,58
59,59
0,0
1,1
2,2
3,3
4,4
5,5
6,6
7,7
8,8
9,9
10,10
28,11
13,12
13,13
14,14
15,15
16,16
17,17
18,18
19,19
20,20
21,21
22,22
23,23
24,24
25,25
26,26
27,27
28,28
29,29
30,30
31,31
32,32
33,33
34,34
35,35
36,36
37,37
38,38
39,39
40,40
41,41
79,42
43,43
44,44
45,45
46,46
47,47
48,48
51,49
50,50
51,51
52,52
53,53
54,54
55,55
56,56
57,57
58,58
59,59
0,0
1,1
2,2
3,3
4,4
5,5
6,6
7,7
8,8
9,9
10,10
11,11
12,12
13,13
14,14
15,15
15,16
17,17
61,18
19,19
20,20
21,21
22,22
23,23
24,24
25,25
26,26
27,27
28,28
29,29
30,30
31,31
32,32
33,33
34,34
35,35
36,36
37,37
38,38
39,39
40,40
41,41
42,42
43,43
44,44
45,45
46,46
47,47
48,48
49,49
50,50
51,51
52,52
53,53
54,54
55,55
56,56
57,57
58,58
59,59
0,0
1,1
2,2
3,3
109,4
5,5
6,6
7,7
8,8
9,9
10,10
29,11
12,12
13,13
14,14
15,15
15,16
17,17
1,18
19,19
20,20
21,21
22,22
23,23
24,24
25,25
26,26
27,27
28,28
29,29
30,30
31,31
32,32
33,33
34,34
35,35
29,36
37,37
38,38
39,39
44,40
41,41
42,42
3,43
44,44
45,45
46,46
47,47
48,48
49,49
50,50
51,51
52,52
53,53
54,54
55,55
56,56
57,57
58,58
59,59
0,0
1,1
2,2
3,3
4,4
5,5
6,6
7,7
8,8
9,9
10,10
11,11
12,12
13,13
14,14
15,15
16,16
17,17
18,18
19,19
20,20
21,21
22,22
23,23
24,24
25,25
26,26
27,27
28,28
74,29
71,30
31,31
32,32
33,33
34,34
35,35
36,36
37,37
38,38
39,39
104,40
41,41
42,42
43,43
44,44
45,45
46,46
47,47
48,48
49,49
50,50
51,51
52,52
53,53
54,54
55,55
56,56
57,57
58,58
59,59
0,0
1,1
2,2
3,3
4,4
5,5
6,6
7,7
8,8
9,9
75,10
11,11
12,12
13,13
14,14
15,15
15,16
17,17
18,18
19,19
20,20
21,21
22,22
23,23
24,24
25,25
26,26
27,27
28,28
29,29
30,30
31,31
32,32
33,33
34,34
35,35
84,36
37,37
38,38
39,39
104,40
41,41
42,42
43,43
44,44
45,45
46,46
47,47
48,48
49,49
50,50
51,51
52,52
114,53
54,54
55,55
56,56
57,57
58,58
59,59
0,0
1,1
2,2
3,3
4,4
5,5
6,6
7,7
8,8
9,9
10,10
10,11
12,12
13,13
14,14
5,15
16,16
17,17
18,18
19,19
20,20
21,21
22,22
23,23
24,24
25,25
26,26
27,27
11,28
29,29
30,30
31,31
32,32
33,33
34,34
35,35
36,36
37,37
38,38
104,40
41,41
42,42
43,43
44,44
45,45
46,46
47,47
48,48
49,49
110,50
51,51
52,52
53,53
54,54
55,55
56,56
57,57
58,58
59,59
0,0
78,1
2,2
3,3
4,4
5,5
6,6
7,7
8,8
9,9
11,10
74,11
81,12
13,13
14,14
15,15
16,16
17,17
95,18
19,19
20,20
21,21
22,22
23,23
1,24
25,25
26,26
66,27
74,28
29,29
68,30
31,31
32,32
30,33
34,34
35,35
36,36
37,37
38,38
39,39
40,40
41,41
42,42
43,43
47,44
45,45
46,46
47,47
48,48
49,49
50,50
51,51
52,52
53,53
54,54
55,55
56,56
57,57
58,58
59,59
1,0
1,1
2,2
3,3
4,4
5,5
6,6
7,7
8,8
9,9
10,10
29,11
12,12
13,13
14,14
15,15
16,16
17,17
18,18
19,19
20,20
21,21
22,22
23,23
24,24
25,25
26,26
27,27
28,28
29,29
30,30
31,31
32,32
33,33
34,34
35,35
36,36
37,37
38,38
39,39
104,40
41,41
42,42
43,43
44,44
45,45
46,46
47,47
48,48
49,49
50,50
51,51
52,52
53,53
54,54
55,55
56,56
57,57
58,58
59,59
0,0
104,1
2,2
3,3
4,4
5,5
6,6
7,7
8,8
9,9
10,10
11,11
12,12
13,13
14,14
15,15
16,16
17,17
18,18
19,19
20,20
21,21
22,22
23,23
24,24
25,25
26,26
27,27
28,28
29,29
30,30
31,31
32,32
33,33
34,34
35,35
36,36
37,37
38,38
39,39
104,40
41,41
42,42
43,43
44,44
45,45
46,46
47,47
48,48
49,49
50,50
51,51
52,52
53,53
54,54
55,55
56,56
57,57
58,58
59,59
0,0
1,1
2,2
3,3
10,4
5,5
6,6
7,7
26,8
9,9
10,10
11,11
12,12
13,13
14,14
15,15
15,16
17,17
18,18
17,19
20,20
21,21
22,22
23,23
24,24
25,25
26,26
27,27
28,28
1,29
30,30
31,31
32,32
33,33
34,34
35,35
1,36
37,37
38,38
62,39
40,40
41,41
42,42
43,43
44,44
45,45
46,46
47,47
48,48
49,49
50,50
51,51
52,52
53,53
54,54
55,55
56,56
57,57
58,58
59,59
0,0
1,1
2,2
3,3
4,4
15,5
6,6
7,7
8,8
9,9
10,10
11,11
13,12
13,13
14,14
15,15
16,16
17,17
18,18
19,19
20,20
21,21
22,22
23,23
24,24
25,25
26,26
27,27
10,28
29,29
30,30
31,31
32,32
33,33
34,34
4,35
36,36
37,37
38,38
39,39
40,40
41,41
42,42
43,43
44,44
45,45
46,46
47,47
48,48
49,49
50,50
51,51
52,52
53,53
54,54
117,55
56,56
57,57
58,58
59,59
0,0
1,1
2,2
3,3
4,4
5,5
64,6
7,7
8,8
9,9
10,10
29,11
12,12
13,13
14,14
15,15
16,16
17,17
18,18
19,19
20,20
21,21
22,22
23,23
24,24
25,25
26,26
27,27
27,28
28,29
30,30
22,31
32,32
33,33
34,34
35,35
36,36
37,37
38,38
39,39
40,40
41,41
42,42
43,43
44,44
45,45
46,46
47,47
48,48
49,49
50,50
51,51
52,52
53,53
54,54
55,55
108,56
57,57
58,58
59,59
0,0
1,1
2,2
3,3
4,4
5,5
6,6
7,7
8,8
9,9
10,10
11,11
12,12
13,13
14,14
16,15
16,16
17,17
17,18
19,19
20,20
21,21
22,22
23,23
24,24
25,25
26,26
27,27
11,28
29,29
70,30
31,31
32,32
33,33
34,34
35,35
3,36
37,37
38,38
39,39
40,40
41,41
42,42
43,43
44,44
45,45
46,46
47,47
81,48
49,49
50,50
51,51
52,52
106,53
54,54
55,55
108,56
57,57
58,58
59,59
0,0
66,1
102,2
36,3
4,4
5,5
6,6
7,7
8,8
9,9
33,10
11,11
12,12
13,13
14,14
15,15
16,16
78,17
18,18
19,19
20,20
21,21
22,22
23,23
24,24
25,25
26,26
27,27
28,28
29,29
30,30
31,31
32,32
33,33
34,34
35,35
36,36
37,37
38,38
39,39
40,40
41,41
79,42
104,43
44,44
45,45
67,46
47,47
48,48
49,49
50,50
51,51
53,52
54,54
55,55
56,56
57,57
58,58
59,59
0,0
29,1
2,2
3,3
4,4
5,5
6,6
7,7
8,8
9,9
72,10
28,11
12,12
13,13
14,14
16,15
16,16
17,17
76,18
19,19
20,20
21,21
22,22
23,23
24,24
25,25
26,26
27,27
28,28
29,29
71,30
114,31
32,32
33,33
34,34
35,35
36,36
37,37
38,38
39,39
40,40
41,41
42,42
43,43
44,44
45,45
67,46
47,47
48,48
49,49
50,50
51,51
52,52
53,53
54,54
55,55
56,56
57,57
58,58
59,59
0,0
1,1
2,2
3,3
4,4
5,5
6,6
7,7
8,8
9,9
11,10
11,11
12,12
13,13
14,14
45,15
15,16
17,17
18,18
19,19
20,20
21,21
22,22
23,23
35,24
25,25
26,26
27,27
29,28
29,29
30,30
30,31
102,32
33,33
34,34
102,35
3,36
37,37
38,38
39,39
40,40
41,41
42,42
43,43
44,44
45,45
46,46
47,47
48,48
49,49
50,50
51,51
52,52
109,53
54,54
55,55
56,56
57,57
58,58
59,59
0,0
1,1
2,2
3,3
4,4
5,5
6,6
7,7
8,8
9,9
10,10
10,11
12,12
13,13
14,14
15,15
16,16
17,17
18,18
19,19
20,20
21,21
22,22
23,23
24,24
25,25
26,26
27,27
73,28
29,29
30,30
31,31
32,32
33,33
34,34
35,35
36,36
37,37
38,38
62,39
40,40
41,41
42,42
43,43
44,44
45,45
46,46
47,47
9,48
49,49
50,50
51,51
52,52
109,53
54,54
55,55
56,56
109,57
58,58
59,59
0,0
1,1
0,2
36,3
4,4
5,5
62,6
7,7
8,8
9,9
10,10
29,11
9,12
13,13
14,14
16,15
15,16
17,17
18,18
19,19
20,20
21,21
22,22
23,23
24,24
25,25
26,26
27,27
28,28
9,29
30,30
31,31
32,32
33,33
34,34
35,35
36,36
37,37
38,38
39,39
40,40
41,41
42,42
67,43
44,44
45,45
46,46
47,47
48,48
49,49
50,50
51,51
52,52
53,53
54,54
55,55
56,56
57,57
58,58
59,59
0,0
1,1
2,2
3,3
4,4
5,5
62,6
7,7
8,8
9,9
10,10
29,11
12,12
13,13
14,14
15,15
16,16
17,17
18,18
19,19
20,20
21,21
22,22
23,23
24,24
25,25
26,26
27,27
28,28
29,29
30,30
31,31
32,32
33,33
34,34
35,35
36,36
37,37
38,38
39,39
40,40
41,41
42,42
43,43
44,44
45,45
46,46
47,47
92,48
49,49
50,50
51,51
52,52
54,54
55,55
56,56
106,57
58,58
59,59
0,0
1,1
0,2
3,3
4,4
5,5
92,6
79,7
8,8
9,9
10,10
28,11
12,12
13,13
14,14
14,15
15,16
43,17
18,18
19,19
20,20
21,21
22,22
23,23
45,24
25,25
118,26
27,27
83,28
29,29
69,30
31,31
9,32
9,33
34,34
35,35
24,36
94,37
80,38
9,39
18,40
41,41
107,42
3,43
24,44
13,45
45,46
47,47
21,48
49,49
50,50
51,51
52,52
106,53
54,54
55,55
56,56
57,57
58,58
59,59
0,0
1,1
2,2
3,3
4,4
5,5
6,6
7,7
8,8
9,9
81,10
11,11
12,12
13,13
14,14
15,15
16,16
17,17
18,18
19,19
20,20
21,21
22,22
23,23
24,24
25,25
26,26
27,27
11,28
11,29
52,30
31,31
32,32
9,33
34,34
35,35
36,36
37,37
38,38
39,39
38,40
41,41
42,42
43,43
45,44
52,45
46,46
47,47
48,48
49,49
50,50
51,51
52,52
53,53
54,54
55,55
56,56
57,57
58,58
59,59
0,0
1,1
2,2
3,3
4,4
5,5
6,6
7,7
8,8
9,9
11,10
11,11
81,12
13,13
14,14
15,15
15,16
1,17
18,18
19,19
20,20
21,21
22,22
23,23
24,24
25,25
26,26
27,27
28,28
29,29
30,30
31,31
32,32
33,33
34,34
35,35
36,36
37,37
38,38
39,39
104,40
41,41
42,42
43,43
44,44
45,45
46,46
47,47
48,48
106,49
50,50
51,51
50,52
53,53
54,54
55,55
52,56
57,57
58,58
59,59
0,0
1,1
2,2
3,3
4,4
91,5
6,6
7,7
8,8
9,9
10,10
28,11
12,12
13,13
14,14
15,15
16,16
17,17
18,18
19,19
20,20
21,21
22,22
23,23
24,24
25,25
26,26
27,27
28,28
29,29
30,30
31,31
32,32
33,33
34,34
35,35
36,36
37,37
38,38
39,39
40,40
41,41
42,42
43,43
44,44
45,45
46,46
47,47
48,48
51,49
50,50
51,51
52,52
53,53
54,54
55,55
56,56
57,57
58,58
59,59
0,0
1,1
2,2
3,3
110,4
5,5
6,6
7,7
8,8
9,9
11,10
11,11
12,12
13,13
14,14
16,15
15,16
17,17
18,18
19,19
20,20
21,21
22,22
23,23
24,24
25,25
26,26
27,27
28,28
29,29
32,30
31,31
32,32
33,33
34,34
35,35
36,36
37,37
38,38
39,39
104,40
41,41
42,42
43,43
44,44
45,45
46,46
47,47
48,48
49,49
50,50
51,51
52,52
53,53
54,54
55,55
53,56
57,57
58,58
59,59
0,0
1,1
2,2
3,3
4,4
5,5
6,6
7,7
8,8
9,9
10,10
11,11
12,12
13,13
14,14
15,15
15,16
17,17
1,18
19,19
20,20
21,21
22,22
23,23
24,24
25,25
26,26
27,27
28,28
46,29
30,30
31,31
32,32
33,33
34,34
35,35
36,36
37,37
38,38
39,39
47,40
41,41
42,42
43,43
44,44
45,45
46,46
47,47
48,48
105,49
50,50
51,51
52,52
53,53
54,54
55,55
56,56
57,57
58,58
59,59
0,0
1,1
3,2
3,3
78,4
5,5
6,6
7,7
8,8
33,9
10,10
11,11
12,12
13,13
14,14
15,15
15,16
17,17
61,18
19,19
20,20
21,21
92,22
23,23
24,24
25,25
26,26
78,27
28,28
73,29
71,30
31,31
32,32
33,33
34,34
35,35
36,36
37,37
38,38
39,39
104,40
41,41
42,42
43,43
44,44
45,45
46,46
47,47
48,48
49,49
50,50
51,51
52,52
53,53
54,54
57,55
56,56
57,57
58,58
59,59
0,0
1,1
2,2
3,3
4,4
5,5
6,6
7,7
8,8
9,9
10,10
11,11
12,12
13,13
14,14
16,15
15,16
17,17
18,18
19,19
20,20
21,21
22,22
23,23
24,24
25,25
26,26
27,27
28,28
29,29
30,30
31,31
32,32
33,33
34,34
35,35
36,36
37,37
38,38
39,39
40,40
41,41
42,42
43,43
44,44
45,45
46,46
47,47
48,48
49,49
50,50
51,51
52,52
53,53
54,54
55,55
56,56
57,57
58,58
59,59
0,0
78,1
76,2
3,3
4,4
5,5
62,6
7,7
8,8
9,9
10,10
10,11
12,12
13,13
14,14
15,15
16,16
17,17
18,18
19,19
20,20
92,21
22,22
23,23
24,24
25,25
26,26
27,27
11,28
29,29
30,30
31,31
32,32
33,33
34,34
35,35
36,36
37,37
38,38
104,40
41,41
42,42
43,43
44,44
45,45
46,46
47,47
48,48
105,49
110,50
51,51
52,52
53,53
54,54
55,55
56,56
57,57
58,58
59,59
0,0
78,1
2,2
3,3
4,4
5,5
6,6
7,7
8,8
9,9
33,10
11,11
12,12
13,13
87,14
16,15
16,16
17,17
18,18
19,19
20,20
21,21
22,22
23,23
24,24
25,25
26,26
66,27
28,28
29,29
68,30
71,31
32,32
33,33
34,34
35,35
36,36
37,37
38,38
39,39
40,40
41,41
42,42
43,43
44,44
45,45
46,46
47,47
48,48
49,49
50,50
51,51
52,52
53,53
54,54
55,55
56,56
57,57
58,58
59,59
66,0
104,1
76,2
3,3
4,4
5,5
6,6
7,7
8,8
9,9
90,10
75,11
81,12
13,13
14,14
15,15
15,16
17,17
18,18
19,19
20,20
21,21
22,22
23,23
24,24
25,25
26,26
17,27
83,28
29,29
30,30
31,31
32,32
33,33
34,34
92,35
84,36
37,37
38,38
39,39
104,40
41,41
42,42
43,43
44,44
45,45
43,46
47,47
48,48
49,49
50,50
51,51
52,52
109,53
54,54
55,55
56,56
57,57
58,58
59,59
0,0
1,1
2,2
3,3
4,4
5,5
6,6
7,7
8,8
9,9
11,10
11,11
12,12
13,13
14,14
15,15
16,16
17,17
18,18
19,19
20,20
21,21
22,22
23,23
24,24
25,25
26,26
27,27
28,28
29,29
30,30
31,31
32,32
33,33
34,34
35,35
36,36
37,37
38,38
39,39
104,40
41,41
42,42
46,43
44,44
45,45
46,46
47,47
48,48
49,49
50,50
51,51
52,52
53,53
54,54
55,55
52,56
57,57
58,58
59,59
0,0
1,1
2,2
3,3
16,4
5,5
105,6
7,7
8,8
9,9
10,10
11,11
12,12
13,13
14,14
15,15
16,16
17,17
18,18
19,19
20,20
21,21
22,22
23,23
24,24
25,25
26,26
27,27
28,28
29,29
30,30
31,31
32,32
33,33
34,34
35,35
36,36
37,37
38,38
39,39
40,40
41,41
42,42
43,43
44,44
45,45
46,46
47,47
48,48
49,49
50,50
51,51
52,52
111,53
54,54
117,55
56,56
57,57
58,58
59,59
0,0
1,1
2,2
19,3
4,4
5,5
6,6
7,7
8,8
9,9
10,10
11,11
12,12
13,13
14,14
16,15
16,16
17,17
18,18
19,19
20,20
21,21
22,22
23,23
17,24
25,25
26,26
27,27
10,28
29,29
30,30
31,31
32,32
33,33
34,34
92,35
36,36
37,37
38,38
39,39
36,40
41,41
42,42
43,43
44,44
45,45
46,46
47,47
48,48
50,49
50,50
51,51
52,52
53,53
54,54
117,55
107,56
57,57
58,58
59,59
0,0
1,1
2,2
3,3
4,4
5,5
64,6
7,7
8,8
9,9
10,10
11,11
12,12
13,13
14,14
15,15
16,16
17,17
18,18
19,19
20,20
21,21
22,22
23,23
24,24
25,25
26,26
27,27
28,28
29,29
106,30
31,31
32,32
33,33
34,34
35,35
36,36
37,37
38,38
39,39
40,40
41,41
42,42
67,43
44,44
45,45
46,46
47,47
48,48
49,49
50,50
51,51
52,52
53,53
54,54
55,55
56,56
57,57
58,58
59,59
0,0
1,1
2,2
17,3
78,4
5,5
64,6
7,7
8,8
9,9
24,10
3,11
12,12
13,13
86,14
15,15
15,16
17,17
61,18
60,19
61,20
21,21
22,22
23,23
24,24
25,25
26,26
27,27
11,28
73,29
71,30
31,31
32,32
33,33
34,34
35,35
36,36
37,37
84,38
39,39
40,40
41,41
42,42
46,43
45,44
45,45
46,46
47,47
75,48
49,49
50,50
51,51
52,52
106,53
54,54
55,55
56,56
57,57
59,59
0,0
78,1
2,2
67,3
4,4
5,5
6,6
7,7
8,8
33,9
75,10
29,11
12,12
13,13
14,14
15,15
16,16
18,17
18,18
19,19
20,20
21,21
22,22
23,23
24,24
25,25
26,26
27,27
28,28
29,29
30,30
31,31
32,32
33,33
34,34
35,35
36,36
37,37
38,38
39,39
40,40
41,41
79,42
104,43
44,44
45,45
67,46
47,47
48,48
49,49
50,50
51,51
110,52
54,54
117,55
56,56
57,57
58,58
59,59
0,0
1,1
52,2
46,3
109,4
5,5
62,6
79,7
8,8
9,9
73,10
28,11
12,12
13,13
14,14
15,15
90,16
84,17
1,18
19,19
61,20
21,21
22,22
23,23
95,24
25,25
26,26
27,27
28,28
9,29
68,30
114,31
95,32
33,33
34,34
35,35
36,36
37,37
38,38
39,39
40,40
41,41
79,42
104,43
44,44
45,45
102,46
47,47
48,48
49,49
50,50
51,51
53,52
109,53
54,54
55,55
56,56
57,57
58,58
59,59
0,0
1,1
2,2
3,3
4,4
5,5
6,6
7,7
8,8
9,9
10,10
10,11
12,12
13,13
14,14
15,15
15,16
17,17
18,18
19,19
20,20
21,21
22,22
23,23
24,24
25,25
26,26
27,27
73,28
29,29
30,30
70,31
32,32
33,33
34,34
35,35
36,36
37,37
38,38
39,39
40,40
59,41
79,42
43,43
44,44
45,45
43,46
47,47
48,48
49,49
50,50
51,51
52,52
109,53
54,54
55,55
56,56
57,57
58,58
59,59
0,0
1,1
2,2
3,3
4,4
5,5
6,6
7,7
8,8
9,9
72,10
11,11
12,12
13,13
14,14
15,15
15,16
17,17
18,18
19,19
20,20
21,21
22,22
23,23
24,24
25,25
26,26
104,27
28,28
29,29
30,30
31,31
32,32
9,33
34,34
35,35
84,36
92,37
66,38
64,39
1,40
41,41
79,42
102,43
82,44
45,45
46,46
47,47
48,48
111,49
50,50
51,51
110,52
53,53
54,54
55,55
52,56
57,57
58,58
59,59
0,0
1,1
2,2
3,3
4,4
5,5
6,6
7,7
8,8
9,9
10,10
74,11
86,12
13,13
14,14
15,15
15,16
17,17
102,18
19,19
20,20
21,21
22,22
23,23
24,24
25,25
26,26
27,27
28,28
29,29
30,30
31,31
32,32
33,33
34,34
35,35
36,36
37,37
38,38
39,39
40,40
41,41
42,42
104,43
44,44
45,45
46,46
47,47
48,48
49,49
50,50
51,51
52,52
53,53
54,54
55,55
56,56
57,57
58,58
59,59
0,0
1,1
92,2
36,3
4,4
5,5
62,6
7,7
8,8
9,9
10,10
11,11
12,12
13,13
14,14
15,15
15,16
17,17
18,18
19,19
20,20
21,21
22,22
99,23
24,24
25,25
26,26
1,27
28,28
29,29
30,30
31,31
32,32
33,33
34,34
35,35
36,36
37,37
38,38
39,39
40,40
41,41
42,42
43,43
44,44
45,45
102,46
47,47
22,48
53,49
50,50
51,51
109,52
107,54
117,55
56,56
50,57
58,58
59,59
0,0
1,1
2,2
3,3
4,4
5,5
62,6
7,7
8,8
9,9
11,10
11,11
12,12
13,13
14,14
10,15
11,16
27,17
18,18
19,19
20,20
21,21
22,22
23,23
52,24
25,25
26,26
27,27
29,28
29,29
30,30
31,31
32,32
33,33
34,34
35,35
36,36
37,37
95,38
39,39
40,40
41,41
42,42
43,43
44,44
2,45
46,46
43,47
48,48
49,49
50,50
51,51
52,52
53,53
54,54
55,55
56,56
57,57
58,58
59,59
0,0
35,1
2,2
2,3
4,4
5,5
6,6
23,7
8,8
9,9
10,10
11,11
12,12
13,13
14,14
16,15
16,16
24,17
18,18
19,19
61,20
21,21
22,22
23,23
28,24
28,25
71,26
28,27
28,28
74,29
30,30
31,31
39,32
33,33
40,34
67,35
9,36
37,37
80,38
95,39
66,40
99,41
107,42
9,43
37,44
102,45
0,46
113,47
104,48
106,49
51,50
51,51
52,52
106,53
54,54
55,55
52,56
57,57
58,58
59,59
0,0
1,1
2,2
3,3
4,4
5,5
6,6
7,7
8,8
9,9
10,10
11,11
12,12
13,13
14,14
15,15
15,16
17,17
18,18
19,19
20,20
21,21
22,22
23,23
24,24
25,25
26,26
27,27
28,28
29,29
30,30
31,31
32,32
33,33
34,34
35,35
36,36
37,37
38,38
39,39
40,40
41,41
42,42
43,43
44,44
45,45
46,46
47,47
48,48
49,49
50,50
51,51
52,52
53,53
54,54
55,55
56,56
57,57
58,58
59,59
0,0
1,1
1,2
3,3
4,4
5,5
6,6
7,7
8,8
9,9
10,10
28,11
12,12
13,13
14,14
15,15
15,16
17,17
18,18
19,19
20,20
21,21
22,22
23,23
24,24
25,25
26,26
27,27
28,28
11,29
78,30
31,31
85,32
33,33
34,34
35,35
36,36
37,37
38,38
39,39
40,40
41,41
42,42
43,43
44,44
46,45
46,46
47,47
48,48
51,49
50,50
51,51
52,52
53,53
54,54
55,55
56,56
57,57
58,58
59,59
0,0
1,1
2,2
3,3
4,4
5,5
6,6
7,7
8,8
9,9
10,10
11,11
12,12
13,13
14,14
15,15
16,16
17,17
18,18
19,19
20,20
21,21
22,22
23,23
24,24
25,25
26,26
27,27
28,28
29,29
32,30
31,31
32,32
33,33
34,34
35,35
36,36
37,37
38,38
39,39
104,40
41,41
42,42
43,43
44,44
45,45
46,46
47,47
48,48
49,49
50,50
51,51
52,52
53,53
54,54
55,55
56,56
57,57
58,58
59,59
0,0
1,1
3,2
60,3
4,4
5,5
6,6
7,7
8,8
9,9
10,10
11,11
12,12
13,13
14,14
15,15
15,16
17,17
24,18
19,19
20,20
22,22
23,23
24,24
25,25
26,26
27,27
28,28
29,29
31,30
22,31
32,32
82,33
34,34
35,35
36,36
37,37
38,38
39,39
44,40
41,41
42,42
46,43
44,44
45,45
46,46
15,47
48,48
49,49
50,50
51,51
52,52
114,53
54,54
56,55
56,56
57,57
58,58
115,59
0,0
1,1
2,2
3,3
4,4
5,5
6,6
7,7
8,8
9,9
72,10
72,11
12,12
13,13
14,14
15,15
5,16
17,17
18,18
19,19
20,20
21,21
22,22
23,23
24,24
25,25
26,26
27,27
28,28
29,29
71,30
31,31
32,32
33,33
34,34
35,35
36,36
37,37
38,38
39,39
104,40
41,41
42,42
43,43
44,44
45,45
46,46
47,47
48,48
49,49
50,50
51,51
52,52
53,53
24,55
117,56
33,57
58,58
59,59
0,0
102,1
2,2
3,3
4,4
5,5
6,6
7,7
8,8
9,9
75,10
11,11
12,12
13,13
14,14
15,15
16,16
17,17
61,18
19,19
20,20
21,21
76,22
23,23
24,24
25,25
26,26
27,27
28,28
29,29
30,30
31,31
32,32
109,33
34,34
67,35
36,36
37,37
38,38
39,39
104,40
41,41
42,42
61,43
44,44
45,45
46,46
47,47
48,48
49,49
50,50
51,51
52,52
53,53
54,54
55,55
56,56
57,57
58,58
59,59
0,0
1,1
2,2
3,3
4,4
5,5
6,6
7,7
8,8
9,9
10,10
11,11
12,12
13,13
14,14
5,15
16,16
17,17
18,18
19,19
20,20
21,21
22,22
23,23
24,24
25,25
26,26
27,27
28,28
29,29
69,30
31,31
32,32
33,33
34,34
35,35
36,36
37,37
38,38
104,40
41,41
42,42
40,43
44,44
45,45
46,46
47,47
48,48
49,49
110,50
51,51
52,52
53,53
54,54
55,55
56,56
57,57
58,58
59,59
0,0
74,1
104,2
2,3
4,4
5,5
6,6
7,7
8,8
9,9
29,10
74,11
12,12
13,13
86,14
16,15
16,16
17,17
61,18
19,19
61,20
21,21
22,22
23,23
37,24
25,25
26,26
70,27
74,28
29,29
30,30
31,31
32,32
95,33
34,34
35,35
36,36
37,37
38,38
39,39
40,40
41,41
42,42
43,43
44,44
45,45
46,46
47,47
48,48
49,49
110,50
51,51
52,52
109,53
54,54
55,55
56,56
57,57
58,58
59,59
104,0
1,1
2,2
3,3
4,4
5,5
6,6
7,7
8,8
9,9
10,10
11,11
81,12
13,13
14,14
15,15
16,16
17,17
18,18
19,19
20,20
21,21
22,22
23,23
24,24
25,25
26,26
27,27
28,28
29,29
30,30
31,31
32,32
33,33
34,34
35,35
36,36
37,37
38,38
39,39
104,40
41,41
42,42
43,43
44,44
45,45
46,46
47,47
48,48
49,49
50,50
51,51
52,52
53,53
54,54
55,55
56,56
57,57
58,58
59,59
0,0
102,1
2,2
3,3
37,4
5,5
6,6
7,7
8,8
9,9
77,10
72,11
12,12
13,13
14,14
15,15
16,16
17,17
61,18
19,19
20,20
21,21
22,22
23,23
24,24
25,25
26,26
78,27
83,28
29,29
30,30
31,31
32,32
82,33
34,34
35,35
104,36
37,37
38,38
39,39
104,40
41,41
42,42
61,43
44,44
45,45
46,46
47,47
48,48
49,49
50,50
51,51
52,52
53,53
54,54
117,55
56,56
57,57
58,58
59,59
0,0
1,1
2,2
3,3
4,4
5,5
6,6
7,7
8,8
9,9
10,10
11,11
12,12
13,13
14,14
15,15
16,16
17,17
18,18
19,19
20,20
21,21
22,22
23,23
24,24
25,25
26,26
27,27
28,28
29,29
30,30
31,31
32,32
33,33
34,34
35,35
36,36
37,37
38,38
39,39
40,40
41,41
42,42
18,43
44,44
45,45
3,46
15,47
48,48
49,49
50,50
51,51
52,52
53,53
54,54
55,55
56,56
57,57
58,58
59,59
0,0
29,1
2,2
3,3
4,4
5,5
6,6
7,7
8,8
9,9
10,10
29,11
12,12
13,13
14,14
15,15
15,16
17,17
18,18
19,19
20,20
21,21
22,22
8,23
24,24
25,25
26,26
27,27
28,28
29,29
30,30
30,31
17,32
9,33
34,34
35,35
12,36
9,37
9,38
39,39
40,40
41,41
42,42
67,43
44,44
45,45
46,46
47,47
48,48
49,49
50,50
51,51
52,52
53,53
54,54
55,55
56,56
57,57
58,58
59,59
0,0
1,1
2,2
3,3
65,4
5,5
6,6
7,7
8,8
9,9
10,10
10,11
12,12
13,13
14,14
16,15
16,16
17,17
18,18
19,19
20,20
21,21
22,22
23,23
24,24
25,25
26,26
27,27
83,28
29,29
30,30
31,31
32,32
33,33
34,34
35,35
36,36
37,37
38,38
39,39
40,40
41,41
42,42
3,43
44,44
45,45
46,46
47,47
48,48
49,49
50,50
51,51
52,52
53,53
54,54
55,55
56,56
57,57
58,58
59,59
1,0
29,1
2,2
3,3
9,4
16,5
9,6
16,7
16,8
48,9
29,10
11,11
12,12
13,13
14,14
15,15
16,16
60,17
18,18
19,19
20,20
21,21
22,22
23,23
24,24
25,25
26,26
27,27
83,28
29,29
30,30
31,31
102,32
33,33
34,34
35,35
36,36
69,37
39,38
40,40
41,41
42,42
43,43
44,44
45,45
46,46
47,47
48,48
49,49
50,50
51,51
54,52
53,53
54,54
55,55
56,56
57,57
58,58
59,59
0,0
1,1
2,2
3,3
4,4
5,5
6,6
7,7
8,8
9,9
28,10
29,11
12,12
13,13
14,14
15,15
16,16
17,17
18,18
19,19
20,20
21,21
22,22
23,23
24,24
25,25
26,26
27,27
28,28
29,29
30,30
31,31
32,32
33,33
34,34
4,35
36,36
37,37
38,38
39,39
40,40
58,41
42,42
43,43
34,44
45,45
43,46
47,47
48,48
49,49
50,50
51,51
52,52
53,53
14,54
55,55
59,56
57,57
58,58
59,59
0,0
1,1
2,2
3,3
72,4
5,5
6,6
7,7
8,8
9,9
10,10
11,11
76,12
29,13
11,14
16,15
15,16
9,17
9,18
31,19
9,20
76,21
22,22
30,23
29,24
29,25
32,26
11,27
29,28
11,29
61,30
9,31
18,32
9,33
29,34
18,35
29,36
18,37
88,38
76,39
20,40
16,41
42,42
43,43
34,44
44,45
46,46
47,47
48,48
49,49
50,50
51,51
54,52
53,53
51,54
55,55
56,56
57,57
58,58
59,59
0,0
1,1
2,2
3,3
4,4
5,5
6,6
7,7
8,8
9,9
10,10
11,11
12,12
13,13
14,14
15,15
16,16
17,17
18,18
19,19
20,20
21,21
22,22
23,23
24,24
25,25
26,26
27,27
28,28
29,29
30,30
31,31
32,32
33,33
34,34
35,35
36,36
37,37
38,38
39,39
40,40
41,41
42,42
43,43
44,44
45,45
46,46
47,47
48,48
49,49
50,50
51,51
53,52
53,53
55,55
56,56
57,57
58,58
59,59
0,0
1,1
2,2
48,3
4,4
5,5
6,6
7,7
8,8
9,9
10,10
11,11
12,12
13,13
14,14
15,15
16,16
17,17
18,18
19,19
20,20
21,21
22,22
23,23
24,24
25,25
26,26
27,27
28,28
29,29
30,30
31,31
32,32
33,33
34,34
35,35
36,36
37,37
38,38
39,39
40,40
41,41
42,42
43,43
44,44
45,45
46,46
47,47
48,48
68,49
50,50
51,51
52,52
53,53
54,54
55,55
56,56
57,57
58,58
59,59
0,0
1,1
2,2
3,3
4,4
5,5
6,6
7,7
8,8
9,9
10,10
29,11
12,12
13,13
14,14
15,15
16,16
17,17
18,18
19,19
20,20
21,21
22,22
23,23
24,24
25,25
26,26
27,27
28,28
29,29
30,30
31,31
32,32
33,33
47,34
35,35
36,36
37,37
38,38
39,39
40,40
41,41
42,42
43,43
44,44
45,45
46,46
47,47
48,48
49,49
50,50
51,51
52,52
53,53
55,55
56,56
57,57
58,58
59,59
0,0
1,1
2,2
3,3
4,4
5,5
6,6
7,7
8,8
9,9
10,10
11,11
12,12
13,13
14,14
15,15
16,16
17,17
18,18
19,19
20,20
21,21
22,22
23,23
24,24
25,25
26,26
27,27
28,28
29,29
30,30
31,31
32,32
33,33
34,34
35,35
36,36
37,37
38,38
39,39
40,40
41,41
42,42
43,43
36,44
45,45
46,46
47,47
48,48
49,49
50,50
51,51
52,52
53,53
55,55
56,56
57,57
58,58
59,59
0,0
1,1
2,2
3,3
4,4
5,5
6,6
7,7
8,8
9,9
10,10
11,11
12,12
13,13
14,14
15,15
16,16
17,17
18,18
19,19
20,20
21,21
22,22
23,23
24,24
25,25
26,26
27,27
28,28
29,29
30,30
31,31
32,32
33,33
34,34
35,35
36,36
37,37
38,38
39,39
40,40
41,41
42,42
43,43
44,44
45,45
46,46
47,47
48,48
49,49
50,50
51,51
52,52
53,53
54,54
55,55
56,56
57,57
58,58
59,59
0,0
0,1
2,2
3,3
4,4
5,5
6,6
7,7
8,8
9,9
10,10
11,11
12,12
13,13
14,14
15,15
16,16
17,17
18,18
19,19
20,20
21,21
22,22
23,23
24,24
25,25
26,26
27,27
28,28
29,29
30,30
31,31
32,32
33,33
34,34
35,35
36,36
37,37
38,38
39,39
47,40
41,41
42,42
43,43
44,44
45,45
46,46
47,47
48,48
49,49
50,50
51,51
52,52
53,53
54,54
55,55
56,56
57,57
58,58
59,59
88,0
1,1
11,2
10,3
9,4
11,5
9,6
16,7
8,8
31,9
11,10
11,11
12,12
13,13
14,14
15,15
16,16
17,17
18,18
19,19
20,20
21,21
22,22
23,23
24,24
25,25
26,26
27,27
28,28
29,29
30,30
31,31
69,32
33,33
34,34
24,35
36,36
37,37
38,38
39,39
47,40
41,41
42,42
43,43
44,44
46,45
46,46
47,47
48,48
49,49
50,50
51,51
52,52
53,53
54,54
55,55
52,56
57,57
58,58
59,59
0,0
1,1
2,2
3,3
4,4
5,5
31,6
5,7
8,8
9,9
10,10
29,11
12,12
13,13
14,14
15,15
15,16
17,17
18,18
19,19
20,20
21,21
22,22
23,23
14,24
25,25
26,26
27,27
11,28
29,29
30,30
31,31
32,32
33,33
34,34
29,35
36,36
37,37
38,38
39,39
40,40
41,41
42,42
43,43
44,44
45,45
46,46
15,47
31,48
49,49
114,50
51,51
52,52
53,53
54,54
55,55
56,56
57,57
58,58
59,59
0,0
1,1
2,2
3,3
4,4
5,5
6,6
7,7
8,8
9,9
10,10
10,11
12,12
13,13
14,14
15,15
15,16
17,17
18,18
19,19
20,20
21,21
22,22
23,23
24,24
25,25
26,26
27,27
28,28
29,29
30,30
31,31
32,32
33,33
34,34
35,35
36,36
37,37
38,38
39,39
40,40
41,41
42,42
43,43
44,44
45,45
46,46
47,47
48,48
49,49
50,50
51,51
52,52
53,53
107,54
55,55
56,56
57,57
58,58
59,59
0,0
1,1
2,2
3,3
4,4
5,5
6,6
7,7
8,8
9,9
10,10
11,11
12,12
13,13
14,14
15,15
15,16
17,17
18,18
19,19
20,20
21,21
22,22
23,23
24,24
25,25
26,26
27,27
28,28
29,29
30,30
31,31
32,32
33,33
34,34
35,35
36,36
37,37
38,38
39,39
40,40
41,41
79,42
43,43
44,44
45,45
46,46
47,47
48,48
49,49
50,50
51,51
52,52
52,53
54,54
55,55
56,56
57,57
58,58
59,59
0,0
17,1
2,2
3,3
4,4
5,5
6,6
7,7
8,8
33,9
10,10
11,11
12,12
13,13
14,14
15,15
16,16
17,17
18,18
19,19
20,20
21,21
22,22
23,23
24,24
25,25
26,26
27,27
28,28
28,29
30,30
31,31
32,32
33,33
34,34
35,35
36,36
37,37
38,38
39,39
40,40
41,41
42,42
17,43
44,44
8,45
20,46
15,47
48,48
49,49
50,50
51,51
52,52
53,53
54,54
55,55
56,56
57,57
59,59
0,0
1,1
2,2
3,3
4,4
5,5
6,6
7,7
8,8
9,9
10,10
10,11
12,12
13,13
14,14
15,15
15,16
17,17
18,18
19,19
20,20
21,21
22,22
23,23
24,24
25,25
26,26
27,27
28,28
29,29
84,30
31,31
32,32
33,33
34,34
35,35
36,36
37,37
38,38
39,39
40,40
41,41
42,42
43,43
44,44
45,45
46,46
47,47
48,48
49,49
50,50
51,51
52,52
106,53
54,54
55,55
56,56
57,57
58,58
59,59
0,0
3,1
4,4
5,5
6,6
7,7
8,8
9,9
10,10
28,11
12,12
13,13
14,14
16,15
16,16
17,17
18,18
13,19
20,20
21,21
22,22
23,23
24,24
25,25
26,26
27,27
28,28
29,29
30,30
31,31
32,32
33,33
34,34
35,35
36,36
37,37
38,38
39,39
40,40
41,41
42,42
2,43
44,44
45,45
46,46
47,47
48,48
49,49
50,50
51,51
52,52
53,53
54,54
55,55
56,56
57,57
58,58
59,59
0,0
3,1
2,2
3,3
4,4
5,5
6,6
7,7
8,8
9,9
29,10
11,11
12,12
13,13
14,14
15,15
16,16
60,17
18,18
19,19
20,20
21,21
22,22
23,23
24,24
25,25
26,26
27,27
28,28
29,29
105,30
30,31
32,32
33,33
34,34
35,35
36,36
86,37
38,38
40,40
41,41
42,42
104,43
44,44
45,45
46,46
47,47
48,48
49,49
50,50
51,51
56,52
53,53
54,54
55,55
56,56
57,57
58,58
59,59
0,0
2,2
3,3
4,4
5,5
6,6
7,7
8,8
24,9
29,10
29,11
12,12
13,13
14,14
15,15
15,16
18,17
18,18
19,19
20,20
21,21
22,22
23,23
24,24
25,25
26,26
27,27
28,28
29,29
30,30
31,31
32,32
9,33
34,34
35,35
36,36
37,37
38,38
39,39
40,40
41,41
7,42
43,43
44,44
46,45
46,46
47,47
32,48
49,49
50,50
51,51
53,52
53,53
56,54
55,55
56,56
57,57
58,58
59,59
0,0
1,1
2,2
3,3
4,4
5,5
6,6
7,7
8,8
9,9
10,10
11,11
30,12
13,13
14,14
16,15
16,16
17,17
18,18
19,19
20,20
21,21
22,22
23,23
24,24
25,25
26,26
27,27
28,28
29,29
30,30
31,31
32,32
33,33
34,34
0,35
36,36
37,37
38,38
39,39
40,40
42,41
42,42
43,43
47,44
45,45
46,46
47,47
48,48
49,49
50,50
51,51
52,52
53,53
54,54
55,55
56,56
57,57
58,58
59,59
1,1
2,2
36,3
4,4
5,5
6,6
7,7
8,8
9,9
10,10
9,11
10,12
13,13
14,14
15,15
15,16
17,17
18,18
19,19
20,20
21,21
22,22
23,23
24,24
25,25
26,26
27,27
28,28
29,29
30,30
31,31
30,32
33,33
34,34
35,35
36,36
37,37
38,38
39,39
40,40
41,41
42,42
43,43
54,44
45,45
43,46
44,47
48,48
49,49
50,50
51,51
52,52
53,53
54,54
55,55
56,56
57,57
58,58
59,59
0,0
1,1
2,2
3,3
4,4
5,5
6,6
7,7
8,8
9,9
29,10
11,11
12,12
13,13
14,14
5,15
16,16
17,17
18,18
19,19
20,20
21,21
22,22
23,23
45,24
25,25
26,26
46,27
28,28
29,29
30,30
31,31
32,32
33,33
34,34
35,35
36,36
37,37
38,38
39,39
47,40
41,41
79,42
43,43
44,44
45,45
46,46
47,47
48,48
106,49
50,50
51,51
52,52
53,53
55,55
56,56
57,57
58,58
59,59
0,0
1,1
2,2
3,3
4,4
5,5
6,6
7,7
8,8
33,9
10,10
29,11
12,12
13,13
14,14
15,15
15,16
17,17
18,18
19,19
20,20
21,21
22,22
23,23
24,24
25,25
26,26
27,27
28,28
29,29
30,30
31,31
32,32
33,33
34,34
35,35
36,36
37,37
38,38
39,39
36,40
41,41
42,42
43,43
40,44
45,45
46,46
47,47
48,48
49,49
50,50
51,51
52,52
53,53
54,54
55,55
56,56
57,57
58,58
59,59
0,0
1,1
2,2
3,3
4,4
5,5
6,6
7,7
8,8
9,9
10,10
29,11
12,12
13,13
14,14
15,15
16,16
17,17
18,18
19,19
20,20
21,21
22,22
23,23
24,24
25,25
26,26
27,27
28,28
29,29
30,30
31,31
32,32
33,33
34,34
35,35
36,36
37,37
38,38
39,39
40,40
41,41
42,42
43,43
40,44
45,45
46,46
47,47
48,48
49,49
50,50
51,51
52,52
53,53
54,54
55,55
56,56
57,57
58,58
59,59
0,0
1,1
2,2
3,3
4,4
5,5
6,6
7,7
8,8
31,9
29,10
29,11
12,12
13,13
14,14
16,15
15,16
4,17
18,18
19,19
20,20
21,21
22,22
23,23
24,24
25,25
26,26
27,27
28,28
11,29
30,30
31,31
32,32
33,33
34,34
35,35
36,36
37,37
38,38
39,39
40,40
41,41
42,42
24,43
44,44
45,45
46,46
47,47
48,48
49,49
50,50
51,51
52,52
53,53
54,54
55,55
56,56
57,57
58,58
116,59
0,0
1,1
2,2
3,3
4,4
5,5
6,6
7,7
8,8
9,9
10,10
11,11
12,12
13,13
14,14
15,15
16,16
17,17
18,18
19,19
20,20
21,21
22,22
23,23
24,24
25,25
26,26
27,27
28,28
29,29
30,30
31,31
32,32
33,33
34,34
35,35
36,36
37,37
38,38
39,39
47,40
41,41
42,42
43,43
44,44
45,45
46,46
47,47
48,48
49,49
50,50
51,51
52,52
53,53
54,54
55,55
56,56
57,57
58,58
59,59
0,0
18,1
2,2
3,3
9,4
10,5
74,6
14,7
8,8
21,9
10,10
11,11
12,12
13,13
14,14
15,15
15,16
17,17
18,18
19,19
20,20
21,21
22,22
23,23
10,24
25,25
26,26
27,27
10,28
11,29
30,30
31,31
32,32
33,33
34,34
35,35
36,36
37,37
78,38
39,39
47,40
41,41
42,42
46,43
44,44
45,45
46,46
47,47
22,48
49,49
50,50
51,51
52,52
53,53
54,54
55,55
56,56
57,57
58,58
115,59
0,0
1,1
2,2
3,3
4,4
5,5
6,6
7,7
8,8
31,9
11,10
11,11
1,12
13,13
14,14
15,15
15,16
17,17
18,18
19,19
20,20
21,21
22,22
23,23
28,24
25,25
26,26
27,27
11,28
29,29
32,30
31,31
32,32
33,33
34,34
29,35
36,36
37,37
38,38
39,39
40,40
41,41
42,42
43,43
45,44
45,45
46,46
47,47
48,48
49,49
50,50
51,51
52,52
53,53
54,54
55,55
56,56
57,57
58,58
59,59
0,0
1,1
2,2
3,3
46,4
5,5
6,6
7,7
16,8
9,9
10,10
10,11
12,12
13,13
14,14
15,15
15,16
17,17
18,18
19,19
20,20
21,21
22,22
23,23
24,24
25,25
26,26
27,27
83,28
11,29
30,30
31,31
31,32
33,33
34,34
35,35
36,36
37,37
39,38
39,39
43,40
41,41
42,42
43,43
44,44
45,45
46,46
47,47
48,48
49,49
50,50
51,51
52,52
53,53
54,54
55,55
56,56
57,57
58,58
59,59
0,0
1,1
2,2
3,3
4,4
5,5
6,6
7,7
8,8
9,9
10,10
10,11
12,12
13,13
14,14
15,15
16,16
17,17
18,18
19,19
20,20
21,21
22,22
23,23
24,24
25,25
26,26
27,27
28,28
11,29
30,30
31,31
32,32
33,33
34,34
35,35
36,36
37,37
38,38
39,39
40,40
41,41
42,42
43,43
44,44
45,45
46,46
47,47
48,48
49,49
50,50
51,51
52,52
53,53
54,54
55,55
56,56
57,57
58,58
59,59
0,0
1,1
2,2
3,3
4,4
5,5
6,6
7,7
8,8
9,9
29,10
11,11
12,12
13,13
14,14
15,15
15,16
17,17
18,18
19,19
20,20
21,21
22,22
23,23
24,24
25,25
26,26
27,27
28,28
29,29
30,30
31,31
32,32
33,33
34,34
35,35
36,36
37,37
38,38
39,39
40,40
41,41
42,42
27,43
44,44
45,45
46,46
15,47
9,48
49,49
50,50
51,51
52,52
106,53
54,54
55,55
56,56
57,57
58,58
59,59
0,0
11,1
17,2
3,3
4,4
5,5
6,6
7,7
8,8
9,9
11,10
11,11
14,12
13,13
14,14
15,15
16,16
17,17
18,18
19,19
20,20
21,21
22,22
23,23
24,24
25,25
26,26
27,27
28,28
29,29
30,30
22,31
32,32
9,33
34,34
35,35
36,36
37,37
17,38
39,39
40,40
41,41
42,42
17,43
44,44
87,45
46,46
47,47
48,48
49,49
50,50
51,51
52,52
53,53
54,54
55,55
56,56
57,57
58,58
59,59
0,0
1,1
2,2
3,3
4,4
5,5
6,6
7,7
8,8
9,9
10,10
10,11
12,12
13,13
14,14
15,15
16,16
17,17
18,18
19,19
20,20
21,21
22,22
23,23
24,24
25,25
26,26
27,27
83,28
29,29
30,30
31,31
32,32
33,33
34,34
35,35
36,36
37,37
38,38
39,39
40,40
41,41
42,42
3,43
44,44
45,45
46,46
47,47
48,48
49,49
50,50
51,51
52,52
53,53
54,54
55,55
56,56
57,57
58,58
59,59
2,0
24,1
2,2
3,3
74,4
43,5
7,7
8,8
9,9
12,12
13,13
14,14
15,15
16,16
66,17
18,18
19,19
20,20
21,21
22,22
23,23
24,24
25,25
26,26
28,28
29,29
30,30
31,31
32,32
33,33
34,34
35,35
36,36
102,37
39,38
40,40
41,41
42,42
46,43
44,44
45,45
46,46
47,47
48,48
49,49
50,50
51,51
52,52
53,53
54,54
55,55
56,56
57,57
58,58
59,59
0,0
1,1
2,2
3,3
4,4
5,5
6,6
7,7
8,8
33,9
29,10
11,11
12,12
13,13
14,14
15,15
16,16
17,17
18,18
19,19
20,20
21,21
22,22
23,23
24,24
25,25
26,26
27,27
28,28
29,29
30,30
31,31
32,32
33,33
34,34
28,35
17,36
37,37
38,38
39,39
40,40
58,41
42,42
46,43
44,44
45,45
46,46
47,47
48,48
49,49
50,50
51,51
52,52
53,53
56,54
55,55
56,56
57,57
58,58
59,59
0,0
1,1
2,2
3,3
75,4
5,5
6,6
101,7
8,8
84,9
10,10
11,11
12,12
13,13
14,14
15,15
15,16
17,17
18,18
19,19
20,20
21,21
22,22
23,23
24,24
25,25
26,26
17,27
28,28
29,29
30,30
31,31
32,32
17,33
16,34
32,35
36,36
43,37
39,38
39,39
40,40
41,41
42,42
43,43
34,44
44,45
46,46
47,47
48,48
49,49
50,50
51,51
52,52
53,53
54,54
55,55
56,56
57,57
58,58
59,59
0,0
1,1
2,2
3,3
4,4
5,5
6,6
7,7
8,8
9,9
10,10
11,11
12,12
13,13
14,14
15,15
16,16
17,17
18,18
19,19
20,20
21,21
22,22
23,23
24,24
25,25
26,26
27,27
28,28
29,29
30,30
31,31
32,32
33,33
34,34
35,35
36,36
37,37
38,38
39,39
40,40
41,41
79,42
43,43
44,44
45,45
46,46
47,47
48,48
49,49
50,50
51,51
52,52
53,53
54,54
55,55
56,56
57,57
58,58
59,59
0,0
88,1
2,2
36,3
4,4
5,5
62,6
7,7
8,8
9,9
10,10
10,11
12,12
13,13
14,14
15,15
16,16
17,17
18,18
60,19
20,20
21,21
22,22
23,23
24,24
25,25
26,26
43,27
27,28
28,29
30,30
39,31
32,32
82,33
34,34
101,35
33,36
102,37
38,38
39,39
104,40
59,41
79,42
37,43
44,44
45,45
43,46
47,47
48,48
49,49
50,50
51,51
52,52
30,53
54,54
55,55
56,56
57,57
58,58
59,59
0,0
1,1
2,2
3,3
4,4
5,5
6,6
7,7
8,8
9,9
11,10
11,11
12,12
13,13
14,14
16,15
15,16
17,17
18,18
19,19
20,20
21,21
22,22
23,23
24,24
25,25
26,26
27,27
28,28
29,29
30,30
31,31
32,32
33,33
34,34
35,35
36,36
37,37
38,38
39,39
40,40
41,41
42,42
43,43
44,44
45,45
46,46
47,47
48,48
49,49
50,50
51,51
52,52
53,53
54,54
55,55
56,56
57,57
58,58
59,59
0,0
1,1
0,2
3,3
4,4
5,5
6,6
7,7
8,8
9,9
10,10
28,11
12,12
13,13
14,14
15,15
16,16
24,17
76,18
19,19
101,20
21,21
22,22
99,23
95,24
25,25
26,26
92,27
28,28
28,29
30,30
31,31
18,32
33,33
34,34
92,35
36,36
92,37
38,38
39,39
104,40
41,41
42,42
43,43
44,44
45,45
46,46
47,47
48,48
49,49
23,50
51,51
52,52
53,53
54,54
4,55
56,56
57,57
58,58
59,59
0,0
1,1
2,2
3,3
4,4
5,5
6,6
7,7
8,8
9,9
11,10
28,11
12,12
13,13
14,14
15,15
16,16
17,17
18,18
19,19
20,20
21,21
22,22
23,23
24,24
25,25
26,26
27,27
28,28
29,29
30,30
31,31
32,32
33,33
34,34
35,35
36,36
37,37
38,38
39,39
40,40
41,41
42,42
43,43
44,44
45,45
46,46
47,47
48,48
49,49
50,50
51,51
52,52
53,53
54,54
55,55
56,56
57,57
58,58
115,59
0,0
77,1
2,2
3,3
35,4
5,5
6,6
7,7
8,8
9,9
10,10
11,11
12,12
13,13
14,14
15,15
16,16
17,17
18,18
19,19
20,20
21,21
22,22
23,23
24,24
25,25
26,26
27,27
28,28
29,29
30,30
31,31
32,32
33,33
34,34
35,35
36,36
37,37
38,38
39,39
47,40
41,41
42,42
0,43
44,44
45,45
46,46
47,47
48,48
49,49
50,50
51,51
52,52
53,53
54,54
55,55
56,56
57,57
58,58
59,59
46,0
1,1
2,2
3,3
4,4
5,5
6,6
7,7
8,8
9,9
11,10
11,11
12,12
13,13
14,14
15,15
15,16
17,17
18,18
19,19
20,20
21,21
22,22
23,23
24,24
25,25
26,26
27,27
28,28
10,29
30,30
31,31
32,32
33,33
34,34
35,35
36,36
37,37
38,38
39,39
47,40
41,41
42,42
46,43
44,44
45,45
46,46
16,47
22,48
49,49
50,50
51,51
52,52
53,53
54,54
55,55
56,56
57,57
58,58
59,59
0,0
1,1
27,2
3,3
4,4
5,5
6,6
7,7
8,8
9,9
11,10
10,12
13,13
14,14
15,15
27,17
1,18
21,21
22,22
23,23
3,24
25,25
26,26
29,27
29,28
30,30
43,31
34,34
37,37
78,38
39,39
40,40
41,41
42,42
47,44
16,45
36,46
15,47
13,48
49,49
50,50
51,51
52,52
57,53
54,54
55,55
56,56
57,57
58,58
59,59
0,0
1,1
2,2
3,3
4,4
5,5
6,6
7,7
8,8
9,9
10,10
11,11
12,12
13,13
14,14
15,15
15,16
17,17
18,18
19,19
20,20
21,21
22,22
23,23
24,24
25,25
26,26
27,27
28,28
29,29
30,30
31,31
32,32
33,33
34,34
35,35
36,36
37,37
38,38
39,39
40,40
41,41
42,42
43,43
44,44
45,45
46,46
47,47
48,48
49,49
50,50
51,51
52,52
53,53
105,54
55,55
56,56
57,57
58,58
59,59
2,0
1,1
2,2
3,3
4,4
5,5
6,6
7,7
16,8
9,9
10,10
90,11
12,12
13,13
14,14
15,15
16,16
17,17
18,18
19,19
20,20
21,21
22,22
23,23
24,24
25,25
26,26
27,27
28,28
11,29
30,30
31,31
32,32
33,33
34,34
35,35
36,36
37,37
38,38
39,39
40,40
41,41
42,42
43,43
44,44
45,45
46,46
47,47
48,48
49,49
50,50
51,51
52,52
53,53
54,54
55,55
56,56
57,57
58,58
59,59
0,0
1,1
2,2
3,3
4,4
5,5
6,6
7,7
8,8
9,9
10,10
11,11
12,12
13,13
14,14
15,15
16,16
17,17
18,18
19,19
20,20
21,21
22,22
23,23
24,24
25,25
26,26
27,27
28,28
29,29
30,30
31,31
32,32
33,33
34,34
35,35
36,36
37,37
38,38
39,39
40,40
41,41
42,42
43,43
44,44
45,45
46,46
47,47
48,48
49,49
50,50
51,51
52,52
53,53
54,54
55,55
56,56
57,57
58,58
59,59
0,0
1,1
2,2
3,3
4,4
5,5
6,6
7,7
8,8
9,9
10,10
11,11
12,12
13,13
14,14
15,15
16,16
17,17
18,18
19,19
20,20
21,21
22,22
23,23
24,24
25,25
26,26
27,27
28,28
29,29
30,30
31,31
32,32
33,33
34,34
35,35
36,36
37,37
38,38
39,39
40,40
41,41
42,42
43,43
44,44
45,45
46,46
47,47
48,48
49,49
50,50
51,51
52,52
106,53
54,54
117,55
56,56
57,57
58,58
59,59
0,0
1,1
2,2
3,3
4,4
5,5
6,6
7,7
8,8
9,9
10,10
29,11
12,12
13,13
14,14
15,15
16,16
17,17
18,18
19,19
20,20
21,21
22,22
23,23
24,24
25,25
26,26
27,27
28,28
29,29
30,30
31,31
32,32
33,33
34,34
35,35
36,36
37,37
38,38
39,39
40,40
41,41
42,42
43,43
44,44
45,45
46,46
47,47
48,48
49,49
50,50
51,51
52,52
106,53
54,54
117,55
56,56
57,57
58,58
59,59
0,0
1,1
2,2
3,3
4,4
5,5
6,6
7,7
8,8
9,9
10,10
90,11
12,12
13,13
14,14
15,15
16,16
17,17
18,18
19,19
20,20
21,21
22,22
23,23
24,24
25,25
26,26
27,27
28,28
11,29
30,30
31,31
32,32
33,33
34,34
35,35
36,36
37,37
38,38
39,39
40,40
41,41
42,42
43,43
44,44
45,45
46,46
47,47
48,48
49,49
50,50
106,51
106,52
53,53
54,54
55,55
108,56
57,57
58,58
59,59
0,0
1,1
2,2
3,3
4,4
5,5
6,6
15,7
16,8
9,9
10,10
11,11
12,12
13,13
14,14
15,15
16,16
18,17
18,18
19,19
20,20
21,21
22,22
23,23
24,24
25,25
26,26
27,27
28,28
29,29
30,30
31,31
32,32
33,33
34,34
35,35
36,36
37,37
38,38
39,39
40,40
41,41
42,42
3,43
24,44
45,45
46,46
47,47
48,48
49,49
50,50
51,51
52,52
53,53
54,54
55,55
113,56
57,57
58,58
59,59
0,0
1,1
2,2
3,3
90,4
5,5
6,6
7,7
8,8
9,9
10,10
11,11
12,12
13,13
14,14
15,15
16,16
17,17
18,18
19,19
20,20
21,21
22,22
23,23
24,24
25,25
26,26
27,27
28,28
29,29
30,30
31,31
32,32
33,33
34,34
35,35
36,36
37,37
38,38
39,39
40,40
41,41
42,42
43,43
44,44
45,45
46,46
47,47
48,48
49,49
50,50
51,51
52,52
53,53
54,54
55,55
108,56
119,57
58,58
59,59
2,0
1,1
2,2
3,3
4,4
5,5
6,6
7,7
8,8
9,9
10,10
10,11
10,12
13,13
14,14
15,15
16,16
19,17
1,18
19,19
20,20
21,21
22,22
59,23
24,24
25,25
26,26
27,27
28,28
29,29
30,30
31,31
32,32
33,33
34,34
35,35
36,36
27,37
38,38
39,39
40,40
41,41
42,42
43,43
47,44
45,45
40,46
47,47
48,48
49,49
50,50
51,51
52,52
53,53
54,54
55,55
56,56
57,57
58,58
59,59
0,0
1,1
2,2
3,3
4,4
5,5
62,6
7,7
8,8
9,9
11,10
72,11
12,12
13,13
14,14
15,15
16,16
17,17
18,18
60,19
61,20
21,21
22,22
113,23
24,24
25,25
26,26
27,27
27,28
29,29
30,30
31,31
32,32
33,33
34,34
24,35
36,36
37,37
38,38
39,39
40,40
41,41
42,42
43,43
44,44
45,45
44,46
47,47
48,48
105,49
50,50
51,51
52,52
53,53
54,54
55,55
56,56
57,57
58,58
59,59
0,0
1,1
2,2
3,3
4,4
5,5
6,6
7,7
8,8
9,9
10,10
75,11
12,12
13,13
14,14
15,15
10,16
9,17
45,18
19,19
20,20
21,21
22,22
92,23
16,24
11,25
88,26
11,27
11,28
11,29
79,30
31,31
69,32
9,33
7,34
9,35
10,36
69,37
30,38
69,39
22,40
41,41
42,42
43,43
47,44
45,45
46,46
47,47
48,48
49,49
50,50
51,51
52,52
53,53
54,54
55,55
56,56
57,57
58,58
59,59
0,0
1,1
2,2
3,3
4,4
5,5
6,6
7,7
8,8
74,9
10,10
72,11
77,12
13,13
14,14
15,15
16,16
17,17
60,18
60,19
20,20
21,21
22,22
23,23
24,24
25,25
26,26
27,27
74,28
29,29
109,30
30,31
32,32
38,33
34,34
35,35
36,36
37,37
38,38
39,39
40,40
41,41
42,42
43,43
44,44
45,45
46,46
47,47
48,48
49,49
50,50
51,51
52,52
53,53
54,54
55,55
56,56
57,57
58,58
59,59
0,0
1,1
2,2
3,3
4,4
5,5
6,6
7,7
8,8
9,9
81,10
11,11
12,12
13,13
14,14
15,15
15,16
18,17
18,18
19,19
20,20
21,21
22,22
23,23
24,24
25,25
26,26
27,27
74,28
29,29
30,30
31,31
32,32
33,33
34,34
35,35
33,36
37,37
38,38
39,39
40,40
41,41
42,42
43,43
44,44
45,45
46,46
47,47
48,48
49,49
50,50
51,51
52,52
53,53
54,54
55,55
56,56
57,57
58,58
59,59
0,0
90,1
2,2
3,3
88,4
5,5
62,6
7,7
8,8
9,9
10,10
72,11
12,12
13,13
14,14
16,15
15,16
17,17
18,18
19,19
20,20
21,21
22,22
23,23
24,24
25,25
26,26
102,27
74,28
29,29
31,31
32,32
33,33
34,34
35,35
33,36
37,37
38,38
39,39
104,40
41,41
42,42
43,43
44,44
45,45
46,46
47,47
48,48
49,49
50,50
51,51
52,52
53,53
54,54
55,55
56,56
57,57
58,58
59,59
0,0
1,1
2,2
3,3
4,4
5,5
6,6
7,7
8,8
9,9
10,10
11,11
12,12
13,13
14,14
15,15
15,16
17,17
18,18
19,19
20,20
21,21
22,22
23,23
24,24
25,25
26,26
27,27
28,28
29,29
30,30
31,31
32,32
33,33
34,34
35,35
36,36
37,37
38,38
39,39
40,40
41,41
42,42
43,43
44,44
45,45
46,46
47,47
12,48
49,49
50,50
51,51
52,52
53,53
54,54
55,55
56,56
57,57
58,58
59,59
0,0
1,1
2,2
3,3
4,4
5,5
6,6
7,7
8,8
9,9
10,10
11,11
12,12
13,13
14,14
16,15
5,16
17,17
18,18
19,19
20,20
21,21
22,22
23,23
24,24
25,25
26,26
27,27
28,28
11,29
30,30
31,31
32,32
33,33
34,34
35,35
36,36
37,37
38,38
39,39
47,40
41,41
42,42
43,43
44,44
4,45
46,46
47,47
48,48
49,49
50,50
51,51
52,52
53,53
54,54
55,55
56,56
57,57
58,58
59,59
2,0
1,1
2,2
3,3
4,4
5,5
6,6
7,7
8,8
9,9
10,10
29,11
12,12
13,13
14,14
16,15
16,16
17,17
18,18
19,19
20,20
21,21
22,22
23,23
24,24
25,25
26,26
27,27
28,28
29,29
30,30
31,31
32,32
33,33
34,34
35,35
36,36
37,37
38,38
39,39
40,40
41,41
42,42
43,43
44,44
45,45
46,46
47,47
48,48
49,49
50,50
51,51
52,52
53,53
54,54
57,55
56,56
57,57
58,58
59,59
77,0
1,1
2,2
3,3
4,4
5,5
6,6
7,7
8,8
9,9
81,10
11,11
81,12
13,13
14,14
15,15
15,16
17,17
18,18
19,19
20,20
21,21
22,22
23,23
24,24
25,25
26,26
27,27
28,28
29,29
69,30
31,31
32,32
33,33
34,34
35,35
36,36
37,37
38,38
39,39
40,40
41,41
42,42
43,43
44,44
45,45
46,46
47,47
48,48
49,49
50,50
51,51
52,52
53,53
54,54
55,55
56,56
57,57
58,58
59,59
0,0
1,1
2,2
3,3
4,4
5,5
6,6
7,7
8,8
9,9
10,10
81,11
12,12
13,13
14,14
16,15
16,16
17,17
18,18
19,19
20,20
21,21
22,22
23,23
24,24
25,25
26,26
27,27
28,28
29,29
30,30
31,31
32,32
85,33
34,34
35,35
36,36
37,37
38,38
39,39
40,40
41,41
42,42
40,43
44,44
46,45
3,46
47,47
48,48
49,49
50,50
51,51
52,52
53,53
54,54
55,55
56,56
57,57
58,58
59,59
0,0
1,1
2,2
3,3
4,4
5,5
6,6
7,7
8,8
9,9
10,10
11,11
12,12
13,13
14,14
15,15
16,16
17,17
18,18
19,19
20,20
21,21
22,22
23,23
24,24
25,25
26,26
27,27
28,28
29,29
30,30
31,31
32,32
85,33
34,34
35,35
36,36
37,37
38,38
39,39
40,40
41,41
42,42
43,43
44,44
45,45
46,46
47,47
48,48
49,49
50,50
51,51
52,52
53,53
54,54
55,55
56,56
57,57
58,58
59,59
0,0
1,1
2,2
3,3
4,4
5,5
13,6
7,7
8,8
9,9
10,10
11,11
13,13
14,14
15,15
23,16
17,17
18,18
19,19
20,20
21,21
22,22
23,23
24,24
25,25
26,26
27,27
28,28
29,29
30,30
31,31
32,32
33,33
34,34
35,35
36,36
37,37
38,38
39,39
40,40
41,41
42,42
43,43
44,44
45,45
46,46
47,47
48,48
49,49
50,50
51,51
52,52
53,53
54,54
117,55
107,56
57,57
58,58
59,59
0,0
1,1
2,2
3,3
4,4
5,5
6,6
7,7
8,8
9,9
10,10
29,11
12,12
13,13
14,14
16,15
16,16
17,17
18,18
19,19
20,20
21,21
22,22
23,23
24,24
25,25
26,26
27,27
28,28
29,29
30,30
31,31
32,32
33,33
34,34
35,35
36,36
37,37
38,38
39,39
40,40
41,41
42,42
43,43
44,44
45,45
46,46
47,47
48,48
49,49
50,50
51,51
52,52
53,53
54,54
55,55
107,56
57,57
58,58
59,59
86,0
1,1
2,2
3,3
4,4
5,5
6,6
7,7
97,9
27,10
11,11
12,12
13,13
14,14
15,15
16,16
1,17
18,18
19,19
20,20
21,21
22,22
23,23
24,24
35,25
26,26
27,27
28,28
11,29
6,30
31,31
32,32
85,33
34,34
35,35
36,36
37,37
38,38
39,39
104,40
41,41
42,42
43,43
45,44
45,45
46,46
47,47
48,48
49,49
50,50
51,51
105,52
119,53
54,54
55,55
113,56
117,57
58,58
59,59
0,0
1,1
2,2
3,3
78,4
5,5
6,6
7,7
8,8
9,9
10,10
11,11
12,12
13,13
14,14
15,15
16,16
18,17
18,18
19,19
20,20
21,21
22,22
23,23
24,24
25,25
26,26
27,27
28,28
29,29
69,30
31,31
32,32
33,33
34,34
35,35
36,36
37,37
38,38
39,39
40,40
41,41
42,42
43,43
44,44
45,45
46,46
47,47
48,48
49,49
50,50
51,51
52,52
53,53
54,54
55,55
56,56
55,57
58,58
59,59
104,0
1,1
2,2
3,3
4,4
5,5
6,6
7,7
8,8
17,9
28,10
11,11
10,12
13,13
14,14
15,15
16,16
1,17
90,18
19,19
20,20
21,21
22,22
23,23
24,24
25,25
26,26
84,27
28,28
11,29
30,30
31,31
32,32
33,33
34,34
35,35
36,36
37,37
114,38
39,39
40,40
41,41
42,42
43,43
47,44
45,45
40,46
47,47
48,48
49,49
50,50
107,51
56,52
109,53
113,54
117,55
56,56
57,57
58,58
59,59
0,0
88,1
2,2
3,3
4,4
5,5
6,6
7,7
8,8
9,9
10,10
11,11
12,12
13,13
14,14
15,15
16,16
17,17
19,18
88,19
87,20
21,21
22,22
23,23
24,24
25,25
26,26
27,27
28,28
28,29
30,30
31,31
32,32
33,33
34,34
24,35
36,36
37,37
38,38
39,39
40,40
41,41
42,42
43,43
44,44
45,45
40,46
47,47
48,48
49,49
50,50
51,51
52,52
53,53
54,54
55,55
56,56
57,57
58,58
59,59
0,0
1,1
2,2
3,3
4,4
5,5
6,6
7,7
8,8
9,9
10,10
72,11
77,12
47,13
31,14
16,15
16,16
22,17
22,18
22,19
22,20
9,21
31,22
22,23
43,24
11,25
69,26
11,27
0,28
31,29
71,30
92,31
92,32
68,33
31,34
74,35
11,36
70,37
71,38
64,39
31,40
42,42
43,43
40,44
45,45
46,46
47,47
48,48
49,49
50,50
51,51
52,52
53,53
54,54
55,55
56,56
57,57
58,58
59,59
0,0
1,1
2,2
3,3
4,4
5,5
6,6
7,7
8,8
9,9
10,10
29,11
12,12
13,13
14,14
15,15
16,16
17,17
18,18
19,19
20,20
21,21
22,22
23,23
24,24
25,25
26,26
27,27
28,28
29,29
30,30
31,31
32,32
33,33
34,34
35,35
36,36
37,37
38,38
39,39
40,40
41,41
42,42
43,43
44,44
45,45
46,46
47,47
48,48
49,49
50,50
51,51
52,52
53,53
54,54
55,55
52,56
57,57
58,58
59,59
0,0
1,1
2,2
3,3
4,4
5,5
62,6
7,7
8,8
9,9
10,10
11,11
12,12
13,13
14,14
15,15
15,16
17,17
0,18
19,19
20,20
21,21
22,22
23,23
24,24
25,25
26,26
27,27
28,28
29,29
30,30
31,31
53,32
39,33
101,34
102,35
9,36
37,37
38,38
39,39
104,40
41,41
42,42
43,43
54,44
45,45
46,46
47,47
48,48
49,49
50,50
51,51
52,52
53,53
49,54
55,55
56,56
57,57
58,58
59,59
0,0
1,1
2,2
3,3
4,4
5,5
6,6
7,7
8,8
38,9
10,10
11,11
12,12
13,13
14,14
15,15
15,16
17,17
18,18
19,19
20,20
21,21
22,22
23,23
24,24
25,25
26,26
46,27
74,28
11,29
31,31
32,32
33,33
34,34
35,35
36,36
37,37
38,38
39,39
40,40
41,41
42,42
43,43
44,44
45,45
46,46
47,47
48,48
49,49
50,50
51,51
52,52
53,53
55,55
56,56
57,57
58,58
59,59
0,0
18,1
0,2
3,3
37,4
5,5
6,6
7,7
8,8
9,9
14,10
11,11
12,12
13,13
14,14
15,15
15,16
17,17
18,18
19,19
20,20
21,21
22,22
23,23
24,24
25,25
26,26
27,27
29,28
29,29
30,30
31,31
32,32
33,33
34,34
35,35
43,36
37,37
38,38
39,39
40,40
41,41
42,42
36,43
46,44
17,45
46,46
47,47
48,48
53,49
50,50
51,51
52,52
53,53
54,54
55,55
56,56
57,57
58,58
59,59
0,0
1,1
2,2
3,3
4,4
5,5
6,6
7,7
8,8
9,9
10,10
11,11
12,12
13,13
14,14
15,15
47,16
17,17
18,18
19,19
20,20
21,21
22,22
23,23
24,24
25,25
26,26
27,27
28,28
29,29
30,30
31,31
32,32
9,33
34,34
23,35
36,36
37,37
38,38
39,39
40,40
41,41
42,42
43,43
40,44
45,45
46,46
47,47
48,48
49,49
50,50
51,51
52,52
53,53
54,54
55,55
56,56
57,57
58,58
59,59
60,0
1,1
2,2
3,3
4,4
5,5
6,6
7,7
8,8
9,9
75,10
75,11
90,12
13,13
14,14
15,15
15,16
17,17
61,18
19,19
20,20
21,21
22,22
23,23
24,24
25,25
26,26
27,27
28,28
75,29
68,30
31,31
32,32
33,33
34,34
35,35
36,36
37,37
38,38
95,39
47,40
41,41
42,42
43,43
44,44
45,45
46,46
47,47
48,48
49,49
50,50
51,51
52,52
109,53
54,54
57,55
56,56
57,57
58,58
59,59
0,0
1,1
2,2
3,3
4,4
5,5
6,6
7,7
8,8
9,9
81,10
29,11
12,12
13,13
14,14
15,15
16,16
17,17
18,18
19,19
20,20
21,21
22,22
23,23
24,24
25,25
26,26
27,27
28,28
29,29
30,30
31,31
32,32
33,33
34,34
35,35
36,36
37,37
38,38
39,39
40,40
16,41
42,42
43,43
44,44
45,45
46,46
47,47
48,48
49,49
50,50
51,51
52,52
109,53
54,54
55,55
56,56
57,57
58,58
59,59
0,0
1,1
2,2
3,3
4,4
5,5
6,6
7,7
8,8
9,9
10,10
11,11
12,12
13,13
14,14
15,15
16,16
17,17
18,18
19,19
20,20
21,21
22,22
23,23
24,24
25,25
26,26
27,27
83,28
29,29
30,30
31,31
32,32
33,33
34,34
35,35
36,36
37,37
38,38
39,39
40,40
41,41
42,42
43,43
44,44
45,45
46,46
47,47
48,48
49,49
50,50
51,51
52,52
53,53
54,54
55,55
56,56
57,57
58,58
59,59
0,0
1,1
2,2
3,3
4,4
5,5
6,6
7,7
8,8
9,9
10,10
11,11
12,12
13,13
14,14
15,15
23,16
60,17
61,18
19,19
20,20
21,21
22,22
23,23
24,24
25,25
26,26
27,27
28,28
72,29
30,30
31,31
32,32
33,33
34,34
35,35
18,36
64,37
38,38
39,39
40,40
115,41
15,42
43,43
84,44
99,45
102,46
47,47
48,48
49,49
50,50
51,51
52,52
53,53
54,54
57,55
56,56
57,57
58,58
59,59
0,0
1,1
2,2
3,3
4,4
5,5
6,6
7,7
8,8
9,9
28,10
29,11
12,12
13,13
14,14
15,15
16,16
17,17
18,18
19,19
20,20
21,21
22,22
23,23
24,24
25,25
26,26
27,27
28,28
29,29
30,30
31,31
32,32
33,33
34,34
35,35
36,36
37,37
38,38
39,39
40,40
41,41
42,42
43,43
44,44
45,45
46,46
47,47
48,48
49,49
50,50
51,51
52,52
106,53
54,54
55,55
56,56
57,57
58,58
59,59
0,0
1,1
0,2
3,3
4,4
5,5
6,6
7,7
8,8
9,9
10,10
11,11
13,13
14,14
16,15
16,16
17,17
18,18
19,19
20,20
21,21
22,22
23,23
24,24
25,25
26,26
27,27
28,28
11,29
30,30
31,31
32,32
33,33
34,34
35,35
2,36
37,37
38,38
39,39
40,40
41,41
42,42
0,43
44,44
45,45
46,46
47,47
48,48
49,49
50,50
51,51
53,52
53,53
54,54
55,55
110,56
57,57
58,58
59,59
0,0
1,1
2,2
3,3
4,4
5,5
6,6
7,7
8,8
9,9
27,10
11,11
12,12
13,13
14,14
15,15
16,16
1,17
18,18
19,19
20,20
21,21
22,22
23,23
24,24
25,25
26,26
27,27
28,28
11,29
30,30
31,31
32,32
33,33
34,34
35,35
36,36
37,37
38,38
39,39
40,40
41,41
42,42
3,43
24,44
45,45
46,46
47,47
48,48
49,49
50,50
51,51
52,52
53,53
54,54
55,55
56,56
57,57
59,59
0,0
1,1
2,2
3,3
90,4
5,5
6,6
7,7
8,8
97,9
28,10
11,11
12,12
13,13
14,14
15,15
16,16
17,17
18,18
19,19
20,20
22,21
22,22
23,23
24,24
25,25
26,26
27,27
33,28
29,29
69,30
31,31
32,32
33,33
34,34
35,35
36,36
37,37
38,38
39,39
40,40
41,41
42,42
46,43
24,44
45,45
46,46
47,47
48,48
49,49
50,50
51,51
52,52
53,53
54,54
55,55
108,56
57,57
58,58
59,59
0,0
1,1
2,2
3,3
4,4
5,5
6,6
100,7
8,8
9,9
10,10
11,11
11,12
13,13
14,14
15,15
15,16
18,17
18,18
19,19
20,20
21,21
22,22
23,23
24,24
25,25
26,26
27,27
74,28
29,29
30,30
31,31
32,32
33,33
34,34
35,35
36,36
37,37
38,38
39,39
40,40
41,41
42,42
43,43
47,44
45,45
40,46
47,47
48,48
49,49
107,50
51,51
56,52
53,53
54,54
55,55
56,56
57,57
58,58
59,59
0,0
24,1
2,2
3,3
4,4
5,5
62,6
7,7
8,8
9,9
11,10
11,11
12,12
13,13
14,14
16,15
16,16
17,17
17,18
60,19
20,20
21,21
22,22
110,23
24,24
25,25
26,26
27,27
28,28
72,29
30,30
31,31
32,32
33,33
34,34
24,35
36,36
37,37
39,38
39,39
40,40
41,41
42,42
46,43
4,44
45,45
40,46
47,47
3,48
106,49
50,50
51,51
52,52
53,53
54,54
55,55
116,56
56,57
58,58
59,59
0,0
1,1
2,2
3,3
4,4
5,5
6,6
7,7
8,8
9,9
10,10
29,11
12,12
13,13
14,14
15,15
16,16
18,17
18,18
19,19
20,20
21,21
22,22
23,23
24,24
25,25
26,26
27,27
28,28
29,29
30,30
27,31
32,32
33,33
34,34
35,35
36,36
37,37
38,38
39,39
40,40
41,41
42,42
43,43
44,44
45,45
46,46
47,47
2,48
49,49
50,50
51,51
52,52
53,53
54,54
55,55
56,56
57,57
58,58
59,59
0,0
1,1
2,2
3,3
4,4
5,5
6,6
7,7
8,8
9,9
10,10
11,11
4,12
13,13
87,14
15,15
15,16
17,17
18,18
19,19
20,20
21,21
22,22
23,23
24,24
25,25
26,26
27,27
11,28
29,29
30,30
31,31
32,32
9,33
34,34
35,35
36,36
37,37
38,38
39,39
108,40
41,41
42,42
17,43
44,44
45,45
46,46
47,47
48,48
49,49
50,50
51,51
52,52
53,53
54,54
117,55
49,56
57,57
58,58
59,59
0,0
1,1
2,2
3,3
4,4
5,5
6,6
7,7
8,8
9,9
10,10
11,11
12,12
13,13
14,14
15,15
16,16
1,17
18,18
19,19
20,20
21,21
22,22
23,23
24,24
25,25
26,26
27,27
28,28
29,29
30,30
30,31
32,32
33,33
34,34
35,35
36,36
37,37
38,38
39,39
40,40
41,41
42,42
43,43
44,44
45,45
46,46
47,47
48,48
49,49
50,50
51,51
52,52
53,53
54,54
55,55
56,56
57,57
58,58
59,59
0,0
90,1
92,2
3,3
4,4
5,5
62,6
7,7
8,8
9,9
10,10
72,11
12,12
13,13
14,14
15,15
16,16
17,17
61,18
19,19
20,20
92,21
22,22
101,23
24,24
25,25
26,26
116,27
28,28
74,29
31,31
32,32
33,33
34,34
35,35
84,36
37,37
38,38
39,39
104,40
41,41
42,42
43,43
44,44
45,45
46,46
47,47
48,48
49,49
50,50
51,51
52,52
53,53
54,54
55,55
52,56
57,57
58,58
59,59
0,0
1,1
2,2
3,3
4,4
5,5
6,6
7,7
8,8
9,9
10,10
29,11
12,12
13,13
14,14
15,15
15,16
17,17
18,18
19,19
20,20
21,21
22,22
23,23
24,24
25,25
26,26
27,27
28,28
29,29
30,30
31,31
32,32
33,33
34,34
35,35
36,36
37,37
38,38
39,39
40,40
41,41
42,42
43,43
44,44
45,45
46,46
47,47
48,48
49,49
50,50
51,51
52,52
53,53
55,55
56,56
57,57
58,58
59,59
11,0
15,1
24,2
3,3
23,4
5,5
6,6
32,7
71,8
9,9
10,10
11,11
12,12
13,13
14,14
15,15
15,16
17,17
18,18
19,19
20,20
21,21
22,22
23,23
23,24
25,25
26,26
9,27
28,28
28,29
30,30
37,31
32,32
4,33
34,34
35,35
3,36
37,37
38,38
39,39
40,40
41,41
42,42
37,43
44,44
23,45
38,46
47,47
48,48
49,49
50,50
51,51
52,52
53,53
54,54
55,55
56,56
57,57
58,58
59,59
0,0
1,1
2,2
3,3
4,4
5,5
6,6
7,7
8,8
9,9
10,10
11,11
12,12
13,13
14,14
16,15
16,16
17,17
18,18
19,19
20,20
21,21
22,22
23,23
24,24
25,25
26,26
27,27
29,28
29,29
30,30
31,31
32,32
33,33
34,34
35,35
36,36
37,37
38,38
39,39
47,40
41,41
42,42
43,43
44,44
45,45
46,46
47,47
48,48
49,49
50,50
51,51
110,52
53,53
54,54
57,55
56,56
57,57
59,59
1,0
1,1
2,2
3,3
4,4
5,5
62,6
7,7
8,8
9,9
81,10
11,11
12,12
13,13
14,14
16,15
16,16
17,17
18,18
19,19
20,20
21,21
92,22
99,23
52,24
25,25
26,26
27,27
28,28
29,29
30,30
31,31
32,32
33,33
34,34
35,35
18,36
37,37
38,38
95,39
40,40
41,41
42,42
46,43
44,44
45,45
24,46
47,47
48,48
49,49
50,50
51,51
52,52
53,53
54,54
55,55
49,56
57,57
58,58
59,59
60,60
61,61
62,62
63,63
64,64
65,65
66,66
67,67
68,68
69,69
70,70
71,71
29,72
73,73
73,74
32,75
76,76
83,77
78,78
79,79
80,80
81,81
82,82
83,83
84,84
85,85
13,86
87,87
88,88
89,89
90,90
91,91
92,92
93,93
94,94
95,95
96,96
97,97
98,98
99,99
100,100
101,101
102,102
103,103
104,104
105,105
106,106
107,107
108,108
109,109
110,110
111,111
112,112
113,113
114,114
115,115
116,116
117,117
118,118
119,119
60,60
61,61
62,62
63,63
64,64
65,65
66,66
67,67
68,68
69,69
70,70
71,71
72,72
73,73
73,74
75,75
76,76
90,77
27,78
79,79
80,80
81,81
33,82
83,83
84,84
85,85
86,86
14,87
88,88
89,89
24,90
91,91
92,92
93,93
94,94
95,95
96,96
97,97
98,98
99,99
100,100
101,101
102,102
103,103
104,104
105,105
106,106
107,107
108,108
109,109
110,110
111,111
112,112
113,113
114,114
115,115
116,116
117,117
118,118
119,119
60,60
61,61
62,62
63,63
64,64
65,65
66,66
67,67
68,68
69,69
70,70
71,71
75,72
73,73
74,74
75,75
76,76
77,77
43,78
79,79
80,80
81,81
82,82
83,83
84,84
85,85
86,86
87,87
88,88
89,89
90,90
91,91
92,92
93,93
94,94
95,95
96,96
97,97
98,98
99,99
100,100
101,101
102,102
103,103
40,104
106,105
106,106
107,107
108,108
109,109
110,110
111,111
112,112
113,113
114,114
115,115
116,116
117,117
118,118
119,119
60,60
61,61
62,62
63,63
64,64
65,65
66,66
3,67
68,68
69,69
71,70
71,71
75,72
28,73
74,74
10,75
76,76
77,77
78,78
79,79
80,80
81,81
82,82
83,83
84,84
85,85
86,86
87,87
88,88
89,89
90,90
91,91
92,92
93,93
94,94
95,95
96,96
97,97
98,98
99,99
100,100
101,101
102,102
103,103
40,104
105,105
106,106
107,107
108,108
109,109
110,110
111,111
112,112
113,113
114,114
115,115
116,116
117,117
118,118
119,119
60,60
61,61
62,62
63,63
64,64
65,65
82,66
67,67
30,68
69,69
70,70
70,71
72,72
83,73
74,74
11,75
76,76
77,77
78,78
79,79
80,80
81,81
82,82
83,83
84,84
85,85
86,86
87,87
88,88
89,89
90,90
91,91
92,92
93,93
94,94
95,95
96,96
97,97
98,98
99,99
100,100
101,101
102,102
103,103
104,104
105,105
106,106
107,107
108,108
109,109
110,110
111,111
112,112
113,113
114,114
115,115
116,116
117,117
118,118
119,119
60,60
61,61
62,62
63,63
64,64
65,65
66,66
67,67
68,68
69,69
70,70
71,71
72,72
74,73
74,74
83,75
76,76
77,77
40,78
79,79
80,80
73,81
82,82
29,83
84,84
85,85
86,86
87,87
88,88
89,89
90,90
113,91
92,92
109,93
94,94
95,95
96,96
97,97
98,98
99,99
100,100
101,101
102,102
103,103
104,104
105,105
106,106
107,107
108,108
109,109
110,110
111,111
112,112
113,113
114,114
115,115
116,116
117,117
118,118
119,119
14,60
29,61
14,62
14,63
3,64
97,65
22,66
93,67
94,68
94,69
68,70
76,71
10,72
11,73
115,75
92,76
9,77
9,78
7,79
9,80
10,81
9,82
11,83
14,84
9,85
13,86
14,87
13,88
13,89
96,90
100,91
9,92
96,93
94,94
88,95
100,96
9,97
58,98
16,99
100,100
23,101
96,102
96,103
22,104
49,105
109,106
105,107
105,108
114,109
110,110
105,111
112,112
113,113
53,114
115,115
116,116
117,117
118,118
119,119
15,60
21,61
22,62
31,63
64,64
8,65
93,66
64,67
37,68
30,69
30,70
93,71
9,72
10,73
11,74
0,75
92,76
9,77
20,78
21,79
96,80
10,81
9,82
11,83
72,84
12,85
13,86
100,87
118,88
88,89
62,90
5,91
64,92
93,93
30,94
8,95
100,96
22,97
100,98
21,99
16,100
101,101
30,102
22,103
63,104
105,105
106,106
107,107
73,108
109,109
110,110
111,111
112,112
113,113
53,114
115,115
116,116
117,117
118,118
119,119
60,60
61,61
62,62
63,63
64,64
65,65
104,66
43,67
68,68
69,69
70,70
71,71
28,72
73,73
74,74
10,75
82,76
77,77
104,78
79,79
80,80
81,81
82,82
83,83
2,84
77,85
86,86
87,87
88,88
89,89
90,90
91,91
119,92
93,93
94,94
95,95
96,96
97,97
98,98
99,99
100,100
101,101
104,102
103,103
104,104
105,105
106,106
107,107
108,108
53,109
110,110
111,111
112,112
113,113
114,114
115,115
116,116
117,117
118,118
119,119
60,60
61,61
62,62
63,63
64,64
65,65
104,66
3,67
30,68
31,69
70,70
71,71
10,72
28,73
28,74
11,75
76,76
73,77
27,78
79,79
80,80
81,81
82,82
83,83
84,84
85,85
86,86
87,87
88,88
89,89
90,90
91,91
92,92
93,93
94,94
95,95
96,96
97,97
98,98
99,99
100,100
101,101
37,102
103,103
104,104
109,105
53,106
107,107
108,108
109,109
110,110
111,111
112,112
113,113
114,114
115,115
116,116
117,117
118,118
119,119
60,60
61,61
62,62
63,63
64,64
65,65
66,66
67,67
68,68
69,69
70,70
76,71
72,72
73,73
74,74
75,75
76,76
77,77
78,78
79,79
80,80
81,81
82,82
83,83
84,84
84,85
86,86
87,87
88,88
89,89
90,90
91,91
92,92
93,93
94,94
95,95
96,96
97,97
98,98
99,99
100,100
101,101
104,102
103,103
104,104
106,105
106,106
107,107
108,108
109,109
110,110
111,111
112,112
113,113
114,114
115,115
116,116
117,117
118,118
119,119
60,60
61,61
62,62
63,63
64,64
65,65
66,66
67,67
68,68
69,69
70,70
71,71
72,72
73,73
74,74
75,75
76,76
77,77
78,78
79,79
80,80
81,81
82,82
83,83
84,84
85,85
86,86
87,87
88,88
89,89
90,90
91,91
92,92
93,93
94,94
95,95
96,96
97,97
98,98
99,99
100,100
101,101
102,102
103,103
104,104
105,105
106,106
107,107
108,108
109,109
110,110
111,111
112,112
113,113
114,114
115,115
116,116
117,117
118,118
119,119
60,60
61,61
62,62
63,63
64,64
65,65
66,66
67,67
68,68
109,69
70,70
71,71
29,72
73,73
28,74
75,75
76,76
73,77
78,78
79,79
80,80
81,81
82,82
83,83
84,84
85,85
86,86
87,87
88,88
89,89
90,90
91,91
76,92
93,93
94,94
95,95
96,96
97,97
98,98
99,99
100,100
101,101
102,102
103,103
104,104
105,105
106,106
107,107
108,108
109,109
110,110
111,111
112,112
113,113
114,114
115,115
116,116
117,117
118,118
119,119
60,60
61,61
62,62
63,63
64,64
65,65
66,66
67,67
68,68
69,69
70,70
71,71
29,72
81,73
29,74
29,75
76,76
83,77
27,78
79,79
80,80
81,81
82,82
83,83
1,84
29,85
86,86
87,87
89,88
16,89
10,90
91,91
92,92
93,93
94,94
9,95
96,96
97,97
98,98
99,99
100,100
101,101
102,102
103,103
36,104
106,105
106,106
107,107
108,108
109,109
110,110
111,111
112,112
113,113
114,114
115,115
116,116
117,117
118,118
119,119
60,60
18,61
62,62
63,63
64,64
65,65
66,66
37,67
31,68
30,69
22,70
22,71
75,72
73,73
28,74
75,75
22,76
77,77
1,78
79,79
80,80
81,81
82,82
83,83
36,84
27,85
86,86
87,87
88,88
89,89
14,90
91,91
48,92
93,93
94,94
95,95
96,96
97,97
98,98
41,99
100,100
23,101
37,102
97,103
40,104
105,105
105,106
107,107
108,108
109,109
50,110
111,111
112,112
113,113
114,114
115,115
116,116
117,117
118,118
119,119
60,60
18,61
62,62
63,63
64,64
65,65
35,66
40,67
31,68
69,69
102,70
70,71
88,72
73,73
28,74
28,75
76,76
77,77
84,78
79,79
80,80
81,81
82,82
83,83
36,84
33,85
86,86
87,87
88,88
89,89
90,90
91,91
48,92
93,93
94,94
95,95
96,96
97,97
98,98
99,99
100,100
6,101
44,102
13,103
40,104
105,105
105,106
51,107
49,108
109,109
110,110
111,111
112,112
113,113
109,114
115,115
116,116
117,117
118,118
119,119
60,60
61,61
62,62
63,63
64,64
65,65
66,66
67,67
68,68
69,69
70,70
71,71
10,72
83,73
74,74
75,75
76,76
77,77
78,78
79,79
80,80
81,81
82,82
83,83
84,84
85,85
86,86
87,87
88,88
89,89
90,90
91,91
92,92
93,93
94,94
95,95
96,96
97,97
98,98
99,99
100,100
101,101
104,102
103,103
104,104
106,105
106,106
107,107
108,108
109,109
110,110
111,111
112,112
113,113
114,114
115,115
116,116
117,117
118,118
119,119
60,60
61,61
62,62
63,63
64,64
65,65
66,66
67,67
109,68
69,69
31,70
71,71
11,72
28,73
74,74
75,75
76,76
77,77
78,78
79,79
80,80
81,81
82,82
83,83
84,84
85,85
86,86
87,87
88,88
89,89
90,90
91,91
92,92
93,93
94,94
95,95
96,96
97,97
98,98
99,99
100,100
101,101
102,102
103,103
104,104
105,105
106,106
107,107
108,108
109,109
110,110
111,111
112,112
113,113
114,114
115,115
116,116
117,117
118,118
119,119
60,60
60,61
62,62
63,63
64,64
65,65
104,66
67,67
76,68
30,69
30,70
71,71
29,72
28,73
11,74
31,75
76,76
11,77
2,78
79,79
80,80
81,81
33,82
81,83
84,84
85,85
13,86
87,87
88,88
89,89
90,90
91,91
92,92
20,93
94,94
95,95
96,96
97,97
98,98
99,99
100,100
101,101
102,102
103,103
104,104
105,105
106,106
107,107
108,108
109,109
110,110
111,111
112,112
113,113
114,114
115,115
116,116
117,117
118,118
119,119
60,60
61,61
62,62
63,63
64,64
65,65
66,66
67,67
68,68
69,69
71,70
76,71
72,72
73,73
74,74
75,75
76,76
90,77
78,78
79,79
80,80
81,81
57,82
83,83
84,84
85,85
86,86
87,87
88,88
89,89
29,90
91,91
92,92
62,93
94,94
95,95
96,96
97,97
98,98
99,99
100,100
101,101
102,102
103,103
104,104
106,105
106,106
107,107
108,108
109,109
110,110
111,111
112,112
91,113
114,114
115,115
116,116
117,117
118,118
119,119
60,60
61,61
62,62
63,63
6,64
65,65
102,66
67,67
66,68
69,69
70,70
71,71
72,72
74,73
74,74
72,75
76,76
73,77
66,78
79,79
80,80
81,81
82,82
83,83
84,84
85,85
86,86
87,87
88,88
89,89
90,90
91,91
103,92
62,93
21,94
95,95
96,96
97,97
98,98
99,99
100,100
101,101
66,102
103,103
104,104
105,105
106,106
107,107
108,108
109,109
110,110
111,111
114,112
113,113
114,114
115,115
107,116
117,117
118,118
119,119
60,60
61,61
62,62
63,63
64,64
65,65
66,66
67,67
68,68
68,69
70,70
68,71
75,72
74,73
74,74
75,75
76,76
77,77
66,78
79,79
80,80
81,81
82,82
83,83
84,84
33,85
86,86
87,87
88,88
89,89
90,90
91,91
92,92
93,93
94,94
95,95
96,96
97,97
98,98
99,99
100,100
101,101
102,102
103,103
104,104
105,105
106,106
107,107
108,108
109,109
110,110
111,111
112,112
113,113
114,114
115,115
116,116
117,117
118,118
119,119
60,60
20,61
62,62
63,63
64,64
33,65
66,66
1,67
30,68
69,69
71,70
71,71
10,72
83,73
11,74
10,75
76,76
12,77
40,78
79,79
9,80
48,81
82,82
73,83
36,84
85,85
86,86
87,87
88,88
89,89
90,90
91,91
30,92
36,102
103,103
104,104
105,105
106,106
107,107
108,108
109,109
110,110
111,111
112,112
113,113
114,114
115,115
116,116
117,117
118,118
119,119
60,60
61,61
62,62
63,63
64,64
65,65
66,66
67,67
68,68
69,69
70,70
71,71
75,72
73,73
74,74
75,75
76,76
77,77
74,78
79,79
80,80
83,81
9,82
83,83
84,84
85,85
86,86
87,87
88,88
89,89
90,90
91,91
92,92
93,93
94,94
95,95
96,96
97,97
98,98
99,99
100,100
101,101
102,102
103,103
104,104
105,105
106,106
107,107
108,108
109,109
110,110
111,111
112,112
113,113
114,114
115,115
116,116
117,117
118,118
119,119
28,60
73,61
27,62
9,63
13,64
81,65
21,66
21,67
78,68
21,69
92,70
92,71
73,72
9,73
29,74
96,75
62,76
61,77
11,78
26,79
61,80
21,81
21,82
28,83
21,84
29,85
13,86
14,87
58,88
13,89
96,90
16,91
30,92
21,93
94,94
40,95
21,96
96,97
100,98
61,99
16,100
23,101
21,102
19,103
30,104
107,105
109,106
51,107
21,108
58,109
110,110
105,111
112,112
113,113
114,114
115,115
45,116
117,117
118,118
76,119
60,60
60,61
103,62
63,63
80,64
9,65
93,66
104,67
109,68
75,69
9,70
96,71
82,72
99,73
9,74
12,75
66,76
9,77
82,78
79,79
38,80
12,81
12,82
81,83
86,84
9,85
14,86
14,87
12,88
86,89
88,90
5,91
92,92
96,93
94,94
9,95
96,96
97,97
98,98
99,99
15,100
101,101
109,102
116,103
9,104
107,105
50,106
107,107
92,108
109,109
110,110
111,111
112,112
113,113
53,114
115,115
78,116
117,117
118,118
119,119
60,60
61,61
62,62
63,63
64,64
65,65
66,66
43,67
68,68
69,69
70,70
31,71
72,72
83,73
28,74
75,75
75,76
81,77
78,78
79,79
80,80
28,81
82,82
83,83
84,84
85,85
86,86
87,87
88,88
89,89
90,90
91,91
76,92
93,93
94,94
95,95
96,96
97,97
98,98
99,99
100,100
101,101
102,102
103,103
104,104
105,105
106,106
107,107
108,108
109,109
110,110
111,111
112,112
113,113
114,114
115,115
116,116
117,117
118,118
119,119
60,60
61,61
62,62
63,63
64,64
65,65
66,66
3,67
68,68
69,69
70,70
76,71
27,72
73,73
11,74
75,75
76,76
33,77
104,78
79,79
80,80
81,81
82,82
83,83
84,84
85,85
86,86
87,87
88,88
88,89
90,90
91,91
92,92
93,93
94,94
95,95
96,96
97,97
98,98
99,99
100,100
101,101
104,102
103,103
104,104
109,105
53,106
107,107
108,108
109,109
110,110
111,111
112,112
113,113
114,114
115,115
116,116
117,117
118,118
119,119
60,60
61,61
62,62
63,63
64,64
65,65
104,66
67,67
68,68
69,69
70,70
76,71
10,72
73,73
74,74
75,75
76,76
77,77
78,78
79,79
80,80
81,81
82,82
83,83
84,84
85,85
86,86
87,87
88,88
89,89
90,90
91,91
92,92
93,93
94,94
95,95
96,96
97,97
98,98
99,99
100,100
101,101
84,102
103,103
104,104
111,105
106,106
107,107
108,108
109,109
110,110
111,111
112,112
113,113
114,114
115,115
116,116
117,117
118,118
119,119
60,60
61,61
62,62
63,63
64,64
65,65
66,66
67,67
68,68
69,69
70,70
71,71
77,72
73,73
74,74
75,75
76,76
77,77
78,78
79,79
80,80
81,81
82,82
83,83
84,84
85,85
86,86
87,87
88,88
89,89
90,90
91,91
92,92
93,93
94,94
95,95
96,96
97,97
98,98
99,99
100,100
101,101
102,102
103,103
104,104
105,105
106,106
107,107
108,108
109,109
110,110
111,111
112,112
113,113
83,114
115,115
116,116
117,117
118,118
119,119
60,60
61,61
62,62
63,63
64,64
65,65
38,66
67,67
71,68
69,69
70,70
71,71
29,72
75,73
29,74
10,75
76,76
73,77
78,78
79,79
80,80
81,81
82,82
83,83
84,84
87,85
86,86
87,87
88,88
89,89
90,90
91,91
48,92
93,93
94,94
95,95
96,96
97,97
98,98
99,99
100,100
101,101
102,102
87,103
104,104
111,105
106,106
107,107
108,108
109,109
110,110
111,111
112,112
113,113
114,114
115,115
116,116
117,117
118,118
119,119
60,60
61,61
62,62
63,63
64,64
65,65
66,66
67,67
31,68
30,69
70,70
71,71
1,72
73,74
29,75
76,76
65,77
79,79
80,80
81,81
82,82
10,83
36,84
14,85
86,86
87,87
16,88
16,89
10,90
118,91
92,92
93,93
94,94
85,95
96,96
97,97
98,98
99,99
100,100
101,101
102,102
103,103
40,104
105,105
106,106
107,107
108,108
109,109
110,110
111,111
112,112
113,113
114,114
115,115
116,116
117,117
118,118
119,119
60,60
18,61
6,62
63,63
64,64
65,65
38,66
3,67
31,68
30,69
71,70
70,71
28,72
73,73
28,74
75,75
76,76
48,77
78,78
79,79
93,80
81,81
29,82
29,83
36,84
1,85
86,86
14,87
89,88
89,89
12,90
91,91
48,92
93,93
37,94
9,95
22,96
97,97
98,98
99,99
100,100
101,101
67,102
97,103
40,104
115,105
106,106
51,107
50,108
53,109
50,110
111,111
112,112
113,113
114,114
115,115
116,116
117,117
118,118
119,119
60,60
18,61
62,62
63,63
64,64
65,65
104,66
3,67
31,68
69,69
102,70
71,71
4,72
73,73
1,74
11,75
76,76
77,77
27,78
79,79
80,80
81,81
82,82
83,83
36,84
0,85
86,86
87,87
88,88
89,89
90,90
91,91
76,92
93,93
94,94
95,95
96,96
97,97
98,98
99,99
100,100
101,101
46,102
13,103
40,104
49,105
49,106
59,107
105,108
109,109
110,110
111,111
112,112
113,113
114,114
59,115
116,116
117,117
118,118
119,119
61,61
62,62
63,63
64,64
65,65
66,66
18,67
76,68
69,69
71,70
31,71
10,72
83,73
28,74
10,75
76,76
77,77
78,78
79,79
80,80
81,81
82,82
83,83
3,84
85,85
86,86
87,87
88,88
89,89
90,90
91,91
92,92
93,93
94,94
95,95
96,96
97,97
98,98
99,99
100,100
101,101
102,102
103,103
104,104
111,105
106,106
107,107
108,108
109,109
110,110
111,111
112,112
113,113
114,114
115,115
116,116
117,117
118,118
119,119
60,60
61,61
62,62
63,63
64,64
65,65
104,66
67,67
68,68
69,69
70,70
71,71
11,72
73,73
74,74
75,75
76,76
77,77
78,78
79,79
80,80
81,81
82,82
83,83
84,84
85,85
86,86
87,87
88,88
89,89
90,90
91,91
92,92
93,93
103,94
95,95
96,96
97,97
98,98
99,99
100,100
101,101
102,102
103,103
104,104
105,105
106,106
107,107
108,108
109,109
110,110
111,111
112,112
113,113
114,114
115,115
116,116
117,117
118,118
119,119
60,60
61,61
62,62
63,63
64,64
65,65
66,66
67,67
76,68
69,69
71,70
71,71
74,72
73,73
72,74
75,75
76,76
83,77
2,78
79,79
80,80
81,81
82,82
83,83
84,84
85,85
86,86
87,87
88,88
89,89
90,90
91,91
92,92
93,93
94,94
95,95
96,96
97,97
98,98
99,99
100,100
101,101
102,102
103,103
104,104
105,105
106,106
107,107
108,108
109,109
110,110
111,111
112,112
113,113
114,114
115,115
116,116
117,117
118,118
119,119
17,60
61,61
62,62
63,63
64,64
65,65
66,66
67,67
68,68
69,69
76,70
76,71
72,72
73,73
28,74
75,75
76,76
90,77
78,78
79,79
80,80
28,81
85,82
85,83
84,84
85,85
86,86
87,87
88,88
89,89
90,90
91,91
92,92
93,93
94,94
95,95
96,96
97,97
98,98
99,99
100,100
101,101
102,102
103,103
104,104
105,105
106,106
107,107
108,108
109,109
110,110
111,111
112,112
113,113
114,114
115,115
116,116
117,117
118,118
119,119
60,60
61,61
62,62
63,63
64,64
65,65
66,66
67,67
68,68
69,69
70,70
70,71
72,72
74,73
74,74
75,75
76,76
77,77
17,78
79,79
80,80
81,81
82,82
83,83
84,84
85,85
86,86
87,87
88,88
89,89
90,90
91,91
92,92
62,93
94,94
95,95
96,96
97,97
98,98
99,99
100,100
101,101
102,102
103,103
104,104
105,105
106,106
107,107
108,108
109,109
110,110
111,111
112,112
113,113
114,114
115,115
116,116
117,117
118,118
119,119
60,60
61,61
62,62
63,63
64,64
65,65
66,66
67,67
68,68
69,69
71,70
71,71
75,72
83,73
83,74
72,75
76,76
77,77
43,78
79,79
80,80
72,81
82,82
74,83
84,84
33,85
86,86
87,87
88,88
88,89
90,90
91,91
21,92
93,93
94,94
95,95
96,96
97,97
98,98
99,99
100,100
101,101
102,102
103,103
104,104
106,105
106,106
107,107
108,108
106,109
110,110
111,111
112,112
113,113
114,114
115,115
116,116
117,117
118,118
119,119
60,60
61,61
62,62
63,63
64,64
65,65
66,66
67,67
68,68
69,69
70,70
71,71
72,72
73,73
74,74
75,75
76,76
77,77
78,78
79,79
80,80
81,81
82,82
83,83
84,84
85,85
86,86
87,87
88,88
89,89
90,90
91,91
92,92
93,93
94,94
95,95
96,96
97,97
98,98
99,99
100,100
101,101
102,102
103,103
104,104
105,105
106,106
107,107
108,108
109,109
110,110
111,111
112,112
113,113
114,114
115,115
116,116
117,117
118,118
119,119
60,60
18,61
62,62
63,63
64,64
65,65
66,66
67,67
68,68
69,69
70,70
71,71
75,72
73,73
74,74
10,75
76,76
77,77
104,78
79,79
70,80
72,81
82,82
73,83
84,84
85,85
86,86
87,87
88,88
89,89
90,90
91,91
92,92
93,93
94,94
95,95
96,96
97,97
98,98
99,99
100,100
101,101
102,102
103,103
104,104
106,105
106,106
107,107
108,108
109,109
110,110
111,111
112,112
113,113
114,114
115,115
116,116
117,117
118,118
119,119
96,61
61,62
45,63
64,64
96,65
38,66
20,67
66,68
109,69
94,70
71,71
75,72
9,73
74,74
72,75
92,76
38,77
93,78
79,79
92,80
12,81
12,82
9,83
9,84
9,85
13,86
87,87
86,88
12,89
61,90
100,91
71,92
96,93
93,94
95,95
96,96
97,97
98,98
99,99
100,100
101,101
93,102
96,103
96,104
106,105
106,106
51,107
108,108
109,109
110,110
105,111
112,112
113,113
114,114
115,115
116,116
117,117
118,118
64,119
93,62
61,63
93,64
21,65
21,66
4,67
92,68
21,69
92,70
94,71
19,72
20,73
31,74
60,75
61,76
19,77
19,78
62,79
104,80
19,81
24,82
27,83
61,84
24,85
13,86
14,87
0,88
1,89
19,90
41,91
21,92
104,93
60,94
19,95
21,96
19,97
21,98
100,99
13,100
23,101
62,102
21,103
21,104
107,105
109,106
107,107
108,108
109,109
110,110
111,111
112,112
91,113
109,114
115,115
116,116
117,117
118,118
119,119
60,60
61,61
62,62
63,63
64,64
65,65
66,66
43,67
68,68
69,69
70,70
71,71
75,72
73,73
74,74
75,75
4,76
77,77
104,78
79,79
80,80
81,81
82,82
83,83
84,84
85,85
86,86
87,87
88,88
89,89
90,90
91,91
119,92
93,93
94,94
95,95
96,96
97,97
98,98
99,99
100,100
101,101
102,102
103,103
104,104
105,105
106,106
107,107
108,108
109,109
110,110
111,111
112,112
113,113
114,114
115,115
116,116
117,117
118,118
119,119
60,60
61,61
62,62
63,63
64,64
65,65
66,66
46,67
68,68
69,69
70,70
71,71
72,72
75,73
74,74
75,75
76,76
73,77
78,78
79,79
80,80
81,81
82,82
83,83
84,84
85,85
86,86
87,87
88,88
89,89
90,90
91,91
76,92
93,93
103,94
95,95
96,96
97,97
98,98
99,99
100,100
101,101
104,102
103,103
104,104
106,105
109,106
107,107
108,108
109,109
110,110
111,111
112,112
113,113
114,114
115,115
116,116
117,117
118,118
119,119
60,60
61,61
62,62
63,63
64,64
65,65
66,66
67,67
68,68
69,69
70,70
71,71
75,72
73,73
74,74
75,75
76,76
77,77
78,78
79,79
80,80
81,81
82,82
83,83
84,84
85,85
86,86
87,87
88,88
89,89
90,90
91,91
92,92
93,93
94,94
95,95
96,96
97,97
98,98
99,99
100,100
101,101
104,102
103,103
104,104
105,105
106,106
107,107
108,108
109,109
110,110
111,111
112,112
113,113
114,114
115,115
116,116
117,117
118,118
119,119
60,60
61,61
62,62
63,63
64,64
65,65
66,66
67,67
68,68
69,69
70,70
71,71
77,72
72,73
74,74
75,75
76,76
77,77
78,78
79,79
80,80
81,81
82,82
83,83
84,84
85,85
86,86
87,87
88,88
88,89
90,90
91,91
92,92
93,93
94,94
95,95
96,96
97,97
98,98
99,99
100,100
101,101
102,102
103,103
104,104
106,105
106,106
107,107
108,108
109,109
110,110
111,111
112,112
113,113
114,114
115,115
116,116
117,117
118,118
119,119
60,60
61,61
62,62
63,63
64,64
65,65
66,66
67,67
68,68
68,69
68,70
71,71
29,72
73,73
74,74
75,75
76,76
82,77
78,78
79,79
80,80
81,81
82,82
83,83
84,84
85,85
86,86
87,87
88,88
89,89
90,90
91,91
92,92
93,93
94,94
95,95
96,96
97,97
98,98
99,99
100,100
101,101
102,102
103,103
104,104
105,105
106,106
107,107
108,108
109,109
110,110
111,111
112,112
113,113
114,114
115,115
4,116
117,117
118,118
119,119
60,60
61,61
62,62
63,63
64,64
65,65
92,66
67,67
68,68
69,69
70,70
71,71
11,72
75,73
74,74
11,75
92,76
73,77
2,78
79,79
80,80
81,81
74,82
73,83
17,84
33,85
86,86
87,87
16,88
89,89
29,90
91,91
21,92
93,93
94,94
73,95
96,96
97,97
98,98
99,99
100,100
101,101
102,102
6,103
36,104
106,105
106,106
107,107
108,108
109,109
110,110
111,111
112,112
113,113
114,114
115,115
116,116
117,117
118,118
119,119
60,60
61,61
62,62
63,63
64,64
65,65
66,66
3,67
68,68
68,69
70,70
71,71
11,72
73,73
74,74
29,75
76,76
77,77
78,78
79,79
80,80
81,81
82,82
83,83
84,84
85,85
86,86
87,87
88,88
89,89
90,90
91,91
92,92
93,93
94,94
95,95
96,96
97,97
98,98
99,99
100,100
23,101
102,102
97,103
47,104
105,105
106,106
107,107
108,108
109,109
110,110
111,111
112,112
113,113
114,114
115,115
116,116
117,117
118,118
119,119
60,60
18,61
62,62
63,63
64,64
65,65
48,66
3,67
71,68
93,69
66,70
70,71
75,72
11,73
74,74
75,75
76,76
77,77
36,78
79,79
80,80
81,81
82,82
83,83
84,84
9,85
86,86
14,87
88,88
88,89
90,90
91,91
35,92
93,93
94,94
95,95
96,96
97,97
98,98
99,99
100,100
101,101
48,102
13,103
40,104
105,105
51,106
107,107
108,108
106,109
110,110
111,111
112,112
91,113
114,114
115,115
116,116
117,117
118,118
119,119
60,60
61,61
62,62
63,63
64,64
65,65
66,66
67,67
68,68
69,69
70,70
71,71
10,72
73,73
74,74
72,75
76,76
77,77
78,78
79,79
80,80
81,81
82,82
83,83
84,84
85,85
86,86
87,87
88,88
89,89
90,90
91,91
92,92
93,93
94,94
95,95
96,96
97,97
98,98
99,99
100,100
101,101
102,102
103,103
104,104
105,105
106,106
107,107
108,108
109,109
110,110
111,111
112,112
113,113
114,114
115,115
116,116
117,117
118,118
119,119
60,60
61,61
62,62
1,63
64,64
65,65
66,66
67,67
68,68
69,69
71,70
71,71
72,72
73,73
74,74
75,75
76,76
77,77
78,78
79,79
80,80
81,81
82,82
83,83
84,84
85,85
86,86
87,87
88,88
89,89
90,90
91,91
92,92
93,93
94,94
95,95
96,96
97,97
98,98
99,99
100,100
101,101
104,102
103,103
104,104
105,105
106,106
107,107
108,108
109,109
110,110
111,111
112,112
113,113
114,114
115,115
116,116
117,117
118,118
119,119
60,60
35,61
62,62
63,63
109,64
38,65
66,66
67,67
109,68
70,69
53,70
109,71
77,72
73,73
74,74
11,75
71,76
77,77
78,78
107,79
80,80
81,81
82,82
83,83
84,84
85,85
86,86
24,87
89,88
89,89
88,90
91,91
92,92
93,93
103,94
95,95
96,96
97,97
98,98
99,99
100,100
107,101
102,102
103,103
39,104
109,105
109,106
107,107
106,108
109,109
110,110
111,111
106,112
113,113
114,114
115,115
116,116
108,117
118,118
119,119
90,60
60,61
62,62
63,63
64,64
65,65
66,66
109,67
68,68
94,69
70,70
70,71
77,72
73,73
74,74
75,75
71,76
77,77
78,78
79,79
93,80
81,81
82,82
83,83
102,84
85,85
86,86
87,87
88,88
88,89
90,90
91,91
94,92
93,93
94,94
95,95
96,96
97,97
98,98
99,99
100,100
101,101
102,102
103,103
102,104
111,105
106,106
107,107
108,108
109,109
110,110
111,111
114,112
113,113
114,114
115,115
116,116
108,117
107,118
119,119
60,60
61,61
62,62
63,63
105,64
65,65
66,66
67,67
68,68
69,69
70,70
71,71
72,72
73,73
74,74
28,75
76,76
83,77
78,78
79,79
80,80
10,81
82,82
83,83
36,84
74,85
86,86
87,87
88,88
88,89
90,90
91,91
92,92
93,93
94,94
95,95
96,96
97,97
98,98
99,99
100,100
101,101
102,102
103,103
104,104
105,105
106,106
107,107
56,108
109,109
110,110
111,111
112,112
113,113
114,114
115,115
116,116
117,117
118,118
119,119
60,60
61,61
62,62
63,63
105,64
65,65
104,66
67,67
68,68
69,69
70,70
71,71
72,72
83,73
74,74
75,75
76,76
77,77
4,78
79,79
80,80
72,81
82,82
83,83
84,84
85,85
86,86
87,87
88,88
89,89
90,90
91,91
92,92
93,93
94,94
95,95
96,96
97,97
98,98
99,99
100,100
101,101
66,102
103,103
104,104
105,105
106,106
107,107
108,108
109,109
110,110
111,111
112,112
113,113
114,114
115,115
116,116
117,117
118,118
119,119
60,60
61,61
62,62
63,63
64,64
65,65
66,66
67,67
68,68
69,69
70,70
71,71
72,72
73,73
74,74
75,75
76,76
77,77
78,78
79,79
80,80
81,81
82,82
83,83
84,84
85,85
86,86
87,87
88,88
89,89
90,90
91,91
92,92
93,93
94,94
95,95
96,96
97,97
98,98
99,99
100,100
101,101
102,102
103,103
104,104
106,105
106,106
116,107
64,108
90,109
110,110
111,111
112,112
113,113
114,114
115,115
116,116
117,117
118,118
119,119
60,60
61,61
62,62
63,63
64,64
65,65
66,66
67,67
68,68
69,69
70,70
71,71
72,72
73,73
74,74
75,75
76,76
77,77
78,78
79,79
80,80
81,81
82,82
83,83
84,84
85,85
86,86
87,87
88,88
89,89
90,90
91,91
92,92
93,93
94,94
95,95
96,96
97,97
98,98
99,99
100,100
101,101
102,102
103,103
104,104
105,105
106,106
107,107
108,108
109,109
110,110
111,111
112,112
113,113
114,114
115,115
116,116
117,117
118,118
119,119
60,60
61,61
62,62
63,63
64,64
65,65
66,66
67,67
71,68
69,69
70,70
71,71
72,72
73,73
74,74
75,75
76,76
77,77
78,78
79,79
80,80
81,81
82,82
83,83
84,84
85,85
86,86
87,87
88,88
89,89
90,90
91,91
92,92
93,93
94,94
95,95
96,96
97,97
98,98
99,99
100,100
101,101
102,102
103,103
104,104
106,105
106,106
107,107
108,108
109,109
110,110
111,111
112,112
113,113
114,114
115,115
116,116
117,117
118,118
119,119
60,60
61,61
62,62
63,63
64,64
65,65
66,66
67,67
68,68
69,69
70,70
71,71
75,72
73,73
74,74
72,75
76,76
77,77
78,78
79,79
78,80
81,81
82,82
83,83
84,84
85,85
86,86
87,87
88,88
89,89
90,90
91,91
92,92
93,93
94,94
95,95
96,96
97,97
98,98
99,99
100,100
101,101
102,102
103,103
104,104
105,105
106,106
110,107
108,108
109,109
110,110
111,111
112,112
113,113
114,114
115,115
116,116
117,117
118,118
119,119
60,60
61,61
62,62
63,63
64,64
65,65
66,66
67,67
68,68
69,69
70,70
71,71
72,72
73,73
74,74
72,75
76,76
77,77
78,78
79,79
80,80
81,81
82,82
83,83
84,84
85,85
86,86
87,87
88,88
89,89
90,90
91,91
92,92
93,93
94,94
95,95
96,96
97,97
98,98
99,99
100,100
101,101
102,102
103,103
104,104
105,105
106,106
108,108
109,109
110,110
111,111
112,112
113,113
114,114
115,115
116,116
117,117
118,118
106,119
60,60
61,61
62,62
63,63
64,64
65,65
66,66
67,67
68,68
69,69
70,70
71,71
74,72
73,73
74,74
74,75
76,76
77,77
78,78
79,79
80,80
81,81
73,82
83,83
84,84
85,85
86,86
87,87
88,88
89,89
90,90
91,91
92,92
93,93
94,94
95,95
96,96
97,97
98,98
99,99
100,100
101,101
102,102
103,103
104,104
93,105
106,106
51,107
108,108
109,109
110,110
111,111
112,112
91,113
52,114
115,115
116,116
117,117
118,118
119,119
60,60
61,61
93,62
63,63
64,64
65,65
66,66
67,67
68,68
69,69
70,70
71,71
75,72
73,73
74,74
75,75
76,76
77,77
78,78
79,79
80,80
81,81
82,82
73,83
84,84
85,85
86,86
87,87
88,88
89,89
90,90
91,91
92,92
93,93
94,94
95,95
96,96
97,97
98,98
99,99
100,100
101,101
102,102
103,103
104,104
105,105
106,106
107,107
108,108
109,109
110,110
111,111
112,112
113,113
114,114
115,115
116,116
55,117
118,118
119,119
60,60
61,61
62,62
63,63
64,64
65,65
66,66
67,67
68,68
69,69
70,70
70,71
72,72
73,73
74,74
75,75
76,76
77,77
78,78
79,79
80,80
81,81
82,82
83,83
84,84
85,85
86,86
87,87
88,88
89,89
90,90
91,91
92,92
93,93
94,94
95,95
96,96
97,97
98,98
99,99
100,100
101,101
102,102
103,103
104,104
107,105
105,106
107,107
108,108
109,109
110,110
111,111
112,112
113,113
114,114
115,115
116,116
117,117
118,118
119,119
84,60
35,61
62,62
63,63
80,65
66,66
102,67
68,68
68,69
92,70
69,71
90,72
73,73
74,74
75,75
68,76
77,77
78,78
110,79
66,80
81,81
77,82
83,83
78,84
85,85
87,86
92,87
89,88
89,89
90,90
93,93
106,94
95,95
96,96
97,97
98,98
99,99
100,100
115,101
102,102
103,103
66,104
109,105
106,106
107,107
109,108
114,109
110,110
111,111
109,112
91,113
114,114
115,115
116,116
109,117
118,118
111,119
90,60
61,61
62,62
63,63
64,64
65,65
66,66
35,67
68,68
69,69
70,70
71,71
77,72
73,73
74,74
75,75
71,76
77,77
78,78
68,79
80,80
81,81
82,82
83,83
78,84
85,85
86,86
87,87
88,88
88,89
90,90
91,91
71,92
93,93
94,94
95,95
96,96
97,97
98,98
99,99
100,100
101,101
102,102
93,103
102,104
105,105
107,106
110,107
105,108
109,109
107,110
111,111
112,112
113,113
114,114
115,115
116,116
108,117
107,118
119,119
60,60
61,61
106,62
104,63
103,64
80,65
66,66
4,67
93,68
71,69
69,70
71,71
75,72
83,73
74,74
72,75
69,76
73,77
80,78
104,79
80,80
81,81
82,82
77,83
104,84
85,85
86,86
64,87
78,88
89,89
90,90
108,91
109,92
106,93
94,94
68,95
94,96
97,97
98,98
99,99
100,100
101,101
80,102
94,103
102,104
106,105
107,106
107,107
108,108
109,109
110,110
109,111
114,112
113,113
109,114
115,115
107,116
106,117
116,118
119,119
60,60
61,61
62,62
76,63
64,64
65,65
70,66
67,67
68,68
68,69
70,70
70,71
72,72
73,73
74,74
75,75
76,76
77,77
78,78
79,79
80,80
81,81
82,82
83,83
84,84
85,85
86,86
45,87
88,88
64,89
90,90
91,91
92,92
93,93
94,94
95,95
96,96
97,97
98,98
99,99
100,100
101,101
102,102
103,103
104,104
112,105
106,106
107,107
108,108
109,109
110,110
111,111
112,112
113,113
114,114
115,115
116,116
117,117
118,118
119,119
60,60
61,61
62,62
64,64
65,65
66,66
67,67
68,68
69,69
70,70
70,71
72,72
73,73
85,74
72,75
76,76
77,77
78,78
79,79
80,80
81,81
82,82
83,83
84,84
85,85
86,86
87,87
88,88
89,89
90,90
91,91
92,92
93,93
94,94
95,95
96,96
97,97
98,98
99,99
100,100
99,101
104,102
103,103
104,104
105,105
109,106
116,107
108,108
109,109
110,110
111,111
112,112
113,113
114,114
115,115
116,116
117,117
118,118
119,119
60,60
61,61
62,62
63,63
64,64
65,65
66,66
67,67
68,68
69,69
70,70
71,71
81,72
73,73
74,74
75,75
76,76
77,77
66,78
79,79
80,80
81,81
82,82
83,83
84,84
85,85
86,86
87,87
88,88
89,89
90,90
91,91
92,92
93,93
94,94
95,95
96,96
97,97
98,98
99,99
100,100
101,101
102,102
103,103
104,104
105,105
106,106
116,107
108,108
109,109
110,110
111,111
112,112
113,113
114,114
115,115
116,116
117,117
118,118
119,119
95,60
61,61
106,64
65,65
66,66
67,67
71,68
69,69
70,70
71,71
74,72
74,73
74,74
75,75
114,76
83,77
78,78
79,79
76,80
72,81
82,82
83,83
84,84
85,85
86,86
87,87
77,88
89,89
77,90
91,91
92,92
62,93
94,94
95,95
96,96
97,97
98,98
99,99
100,100
101,101
104,102
103,103
104,104
105,105
106,106
116,107
108,108
109,109
110,110
111,111
112,112
113,113
114,114
115,115
116,116
117,117
113,118
119,119
60,60
61,61
62,62
63,63
64,64
65,65
66,66
67,67
68,68
69,69
70,70
71,71
72,72
73,73
74,74
72,75
76,76
77,77
78,78
79,79
78,80
81,81
82,82
73,83
84,84
85,85
86,86
87,87
88,88
89,89
90,90
91,91
92,92
93,93
94,94
95,95
96,96
97,97
98,98
99,99
100,100
101,101
102,102
103,103
104,104
105,105
106,106
116,107
105,108
109,109
110,110
111,111
112,112
113,113
114,114
115,115
116,116
117,117
118,118
119,119
60,60
61,61
62,62
63,63
64,64
65,65
66,66
67,67
68,68
69,69
70,70
71,71
72,72
79,79
80,80
81,81
82,82
73,83
84,84
85,85
86,86
89,87
88,88
89,89
77,90
91,91
92,92
93,93
94,94
95,95
96,96
97,97
98,98
99,99
100,100
101,101
102,102
103,103
104,104
105,105
106,106
107,107
108,108
109,109
110,110
111,111
112,112
113,113
114,114
107,115
107,116
109,117
107,118
106,119
60,60
61,61
62,62
63,63
64,64
65,65
66,66
67,67
109,68
69,69
70,70
71,71
72,72
73,73
74,74
72,75
76,76
77,77
78,78
79,79
80,80
81,81
82,82
83,83
84,84
85,85
86,86
87,87
88,88
89,89
90,90
91,91
92,92
93,93
94,94
95,95
96,96
97,97
98,98
99,99
100,100
101,101
102,102
103,103
104,104
105,105
108,106
107,107
108,108
109,109
110,110
111,111
112,112
113,113
114,114
115,115
107,116
117,117
118,118
119,119
60,60
61,61
62,62
63,63
64,64
65,65
66,66
67,67
68,68
69,69
70,70
71,71
75,72
83,73
74,74
75,75
119,76
77,77
78,78
79,79
80,80
81,81
82,82
83,83
84,84
85,85
86,86
87,87
88,88
89,89
90,90
91,91
92,92
93,93
94,94
95,95
96,96
97,97
98,98
99,99
100,100
101,101
102,102
103,103
104,104
105,105
106,106
107,107
108,108
109,109
110,110
111,111
112,112
113,113
114,114
115,115
116,116
117,117
118,118
119,119
60,60
61,61
62,62
63,63
64,64
65,65
66,66
67,67
68,68
69,69
70,70
71,71
72,72
73,73
75,74
75,75
76,76
77,77
78,78
79,79
80,80
81,81
82,82
83,83
84,84
85,85
86,86
87,87
89,88
89,89
90,90
91,91
92,92
93,93
94,94
95,95
96,96
97,97
98,98
99,99
100,100
101,101
102,102
103,103
104,104
106,105
105,106
107,107
108,108
109,109
110,110
111,111
112,112
113,113
114,114
115,115
116,116
117,117
118,118
119,119
60,60
61,61
62,62
63,63
64,64
65,65
66,66
67,67
68,68
69,69
70,70
70,71
77,72
73,73
74,74
75,75
76,76
85,77
78,78
79,79
80,80
81,81
82,82
83,83
84,84
85,85
86,86
87,87
89,88
89,89
90,90
91,91
92,92
93,93
94,94
95,95
96,96
97,97
98,98
99,99
100,100
101,101
102,102
103,103
40,104
105,105
106,106
107,107
108,108
109,109
110,110
111,111
112,112
113,113
114,114
115,115
116,116
106,117
118,118
119,119
60,60
61,61
62,62
63,63
64,64
65,65
66,66
67,67
68,68
69,69
70,70
71,71
90,72
83,73
83,74
81,75
76,76
81,77
104,78
79,79
80,80
81,81
82,82
83,83
84,84
85,85
86,86
87,87
89,88
88,89
90,90
113,91
103,92
93,93
94,94
95,95
96,96
97,97
98,98
99,99
100,100
101,101
102,102
103,103
102,104
105,105
106,106
107,107
108,108
109,109
110,110
111,111
112,112
113,113
114,114
115,115
116,116
55,117
118,118
119,119
60,60
61,61
6,62
63,63
64,64
65,65
66,66
3,67
68,68
71,69
70,70
71,71
10,72
28,73
74,74
10,75
76,76
83,77
78,78
79,79
80,80
81,81
82,82
83,83
36,84
28,85
86,86
87,87
88,88
89,89
90,90
91,91
92,92
93,93
94,94
95,95
96,96
97,97
98,98
99,99
100,100
101,101
102,102
103,103
104,104
105,105
106,106
107,107
56,108
109,109
110,110
111,111
112,112
113,113
114,114
115,115
105,116
117,117
118,118
119,119
60,60
61,61
62,62
63,63
62,64
65,65
66,66
61,67
68,68
71,69
71,70
71,71
72,72
74,73
74,74
72,75
71,76
77,77
78,78
79,79
80,80
72,81
82,82
83,83
84,84
85,85
86,86
87,87
88,88
89,89
90,90
91,91
92,92
93,93
94,94
95,95
96,96
97,97
98,98
99,99
100,100
101,101
102,102
103,103
104,104
105,105
106,106
107,107
108,108
109,109
110,110
111,111
112,112
113,113
114,114
115,115
116,116
117,117
54,118
119,119
60,60
61,61
62,62
63,63
64,64
65,65
66,66
67,67
68,68
69,69
70,70
71,71
10,72
73,73
74,74
75,75
76,76
77,77
78,78
79,79
80,80
81,81
82,82
83,83
84,84
85,85
86,86
87,87
88,88
89,89
90,90
91,91
92,92
93,93
94,94
95,95
96,96
97,97
98,98
99,99
100,100
101,101
102,102
103,103
104,104
105,105
106,106
116,107
49,108
109,109
110,110
111,111
112,112
113,113
114,114
115,115
119,116
117,117
118,118
119,119
60,60
61,61
62,62
47,63
64,64
65,65
66,66
2,67
68,68
68,69
71,70
71,71
75,72
73,73
74,74
72,75
92,76
79,79
80,80
81,81
82,82
83,83
84,84
85,85
86,86
87,87
9,88
89,89
88,90
91,91
92,92
94,94
95,95
96,96
97,97
98,98
99,99
100,100
101,101
102,102
103,103
104,104
109,105
109,106
108,107
111,108
57,109
110,110
111,111
112,112
113,113
55,114
58,115
116,116
117,117
118,118
119,119
60,60
61,61
62,62
63,63
64,64
65,65
66,66
67,67
71,68
69,69
70,70
71,71
72,72
83,73
74,74
75,75
76,76
77,77
78,78
79,79
78,80
81,81
82,82
83,83
84,84
85,85
86,86
87,87
88,88
89,89
90,90
91,91
92,92
93,93
94,94
95,95
96,96
97,97
98,98
99,99
100,100
101,101
102,102
103,103
104,104
105,105
106,106
107,107
108,108
109,109
110,110
111,111
112,112
113,113
114,114
115,115
116,116
117,117
118,118
119,119
60,60
61,61
62,62
63,63
111,64
65,65
66,66
67,67
68,68
69,69
71,70
71,71
75,72
83,73
74,74
72,75
71,76
77,77
78,78
79,79
76,80
81,81
77,82
83,83
84,84
85,85
86,86
87,87
89,88
89,89
90,90
91,91
92,92
93,93
94,94
95,95
96,96
97,97
98,98
99,99
100,100
101,101
102,102
103,103
104,104
105,105
106,106
105,107
108,108
109,109
110,110
111,111
112,112
113,113
114,114
115,115
116,116
55,117
118,118
119,119
60,60
61,61
62,62
63,63
64,64
65,65
66,66
67,67
68,68
80,69
70,70
71,71
72,72
83,73
74,74
72,75
76,76
77,77
78,78
79,79
80,80
81,81
82,82
83,83
84,84
85,85
86,86
87,87
88,88
89,89
90,90
91,91
92,92
93,93
94,94
95,95
96,96
97,97
98,98
99,99
100,100
101,101
102,102
103,103
104,104
105,105
106,106
107,107
108,108
109,109
110,110
111,111
112,112
113,113
114,114
115,115
116,116
117,117
118,118
119,119
60,60
61,61
62,62
63,63
64,64
65,65
66,66
67,67
68,68
69,69
70,70
71,71
74,72
83,73
74,74
74,75
76,76
77,77
78,78
79,79
80,80
81,81
82,82
82,83
84,84
85,85
86,86
87,87
89,88
89,89
90,90
91,91
92,92
93,93
94,94
95,95
96,96
97,97
98,98
99,99
100,100
101,101
76,102
103,103
104,104
106,105
106,106
51,107
108,108
109,109
50,110
111,111
112,112
113,113
57,114
115,115
116,116
55,117
118,118
119,119
60,60
61,61
6,62
63,63
64,64
65,65
66,66
67,67
68,68
69,69
70,70
71,71
72,72
73,73
74,74
75,75
76,76
77,77
78,78
79,79
80,80
81,81
82,82
83,83
84,84
85,85
86,86
87,87
88,88
89,89
90,90
91,91
92,92
93,93
94,94
95,95
96,96
97,97
98,98
99,99
100,100
101,101
102,102
103,103
104,104
105,105
106,106
107,107
108,108
53,109
110,110
111,111
112,112
113,113
114,114
115,115
52,116
55,117
118,118
119,119
60,60
61,61
93,62
63,63
64,64
65,65
71,66
67,67
68,68
69,69
70,70
71,71
72,72
74,73
83,74
72,75
76,76
77,77
78,78
79,79
80,80
81,81
81,82
83,83
84,84
85,85
86,86
87,87
88,88
89,89
90,90
91,91
92,92
93,93
94,94
95,95
96,96
97,97
98,98
99,99
100,100
101,101
102,102
103,103
104,104
105,105
105,106
107,107
108,108
109,109
110,110
111,111
112,112
113,113
114,114
59,115
116,116
117,117
115,118
119,119
60,60
61,61
62,62
63,63
64,64
65,65
66,66
67,67
68,68
69,69
70,70
71,71
72,72
73,73
74,74
72,75
76,76
85,77
78,78
79,79
76,80
81,81
82,82
83,83
36,84
85,85
86,86
87,87
88,88
89,89
90,90
91,91
92,92
93,93
94,94
95,95
96,96
97,97
98,98
99,99
100,100
101,101
102,102
103,103
104,104
105,105
106,106
107,107
108,108
109,109
110,110
111,111
112,112
113,113
114,114
115,115
116,116
117,117
118,118
119,119
60,60
61,61
62,62
63,63
64,64
65,65
66,66
67,67
68,68
69,69
70,70
71,71
72,72
73,73
74,74
72,75
76,76
85,77
78,78
79,79
80,80
81,81
82,82
83,83
84,84
85,85
86,86
87,87
88,88
89,89
90,90
91,91
92,92
93,93
94,94
95,95
96,96
97,97
98,98
99,99
100,100
101,101
102,102
103,103
104,104
105,105
106,106
107,107
108,108
109,109
110,110
111,111
112,112
113,113
114,114
115,115
116,116
117,117
118,118
119,119
60,60
61,61
62,62
63,63
6,64
65,65
66,66
67,67
68,68
69,69
70,70
71,71
72,72
73,73
74,74
10,75
76,76
77,77
78,78
79,79
80,80
81,81
82,82
83,83
84,84
85,85
86,86
87,87
88,88
89,89
105,90
91,91
92,92
93,93
94,94
95,95
96,96
97,97
98,98
99,99
100,100
101,101
102,102
103,103
104,104
105,105
106,106
107,107
108,108
109,109
110,110
111,111
112,112
113,113
114,114
115,115
116,116
117,117
118,118
119,119
60,60
61,61
92,62
63,63
6,64
65,65
66,66
67,67
68,68
69,69
70,70
71,71
75,72
74,73
74,74
75,75
76,76
77,77
78,78
79,79
80,80
81,81
82,82
83,83
84,84
85,85
86,86
87,87
89,88
89,89
90,90
91,91
92,92
93,93
94,94
95,95
96,96
97,97
98,98
99,99
100,100
101,101
102,102
94,103
104,104
111,105
106,106
116,107
108,108
109,109
110,110
111,111
112,112
113,113
114,114
115,115
110,116
117,117
59,118
119,119
60,60
61,61
62,62
63,63
64,64
65,65
66,66
67,67
68,68
69,69
70,70
71,71
72,72
73,73
74,74
72,75
76,76
77,77
78,78
79,79
80,80
81,81
82,82
83,83
84,84
85,85
86,86
87,87
88,88
88,89
90,90
91,91
92,92
93,93
94,94
95,95
96,96
97,97
98,98
99,99
100,100
101,101
102,102
103,103
104,104
105,105
108,106
116,107
108,108
109,109
110,110
111,111
112,112
113,113
114,114
115,115
116,116
117,117
118,118
119,119
60,60
61,61
62,62
63,63
64,64
65,65
66,66
67,67
68,68
69,69
71,70
71,71
75,72
73,73
83,74
72,75
76,76
77,77
78,78
79,79
80,80
81,81
82,82
82,83
84,84
85,85
86,86
87,87
88,88
89,89
90,90
91,91
92,92
93,93
94,94
95,95
96,96
97,97
98,98
99,99
100,100
101,101
102,102
103,103
104,104
105,105
106,106
116,107
108,108
109,109
110,110
111,111
112,112
113,113
114,114
115,115
116,116
117,117
118,118
119,119
60,60
61,61
62,62
63,63
64,64
65,65
66,66
67,67
68,68
69,69
70,70
71,71
72,72
73,73
74,74
72,75
68,76
77,77
78,78
79,79
80,80
81,81
82,82
83,83
84,84
85,85
86,86
87,87
89,88
89,89
90,90
91,91
92,92
93,93
94,94
95,95
96,96
97,97
98,98
99,99
100,100
101,101
102,102
103,103
104,104
109,105
106,106
107,107
108,108
109,109
110,110
111,111
112,112
113,113
114,114
115,115
116,116
117,117
118,118
119,119
60,60
61,61
62,62
63,63
64,64
65,65
66,66
67,67
68,68
69,69
70,70
71,71
72,72
73,73
74,74
72,75
76,76
77,77
78,78
79,79
68,80
81,81
82,82
83,83
84,84
85,85
86,86
87,87
88,88
89,89
90,90
91,91
92,92
93,93
94,94
95,95
96,96
97,97
98,98
99,99
100,100
101,101
102,102
103,103
104,104
105,105
105,106
107,107
108,108
109,109
110,110
111,111
112,112
113,113
114,114
115,115
116,116
117,117
118,118
119,119
60,60
61,61
62,62
63,63
64,64
65,65
66,66
67,67
68,68
69,69
70,70
71,71
72,72
73,73
74,74
75,75
76,76
77,77
78,78
79,79
80,80
73,81
82,82
83,83
84,84
85,85
86,86
87,87
88,88
88,89
90,90
91,91
92,92
93,93
94,94
95,95
96,96
97,97
98,98
99,99
100,100
101,101
102,102
103,103
104,104
105,105
106,106
107,107
108,108
114,109
110,110
111,111
112,112
113,113
114,114
115,115
116,116
117,117
118,118
119,119
60,60
61,61
62,62
63,63
64,64
65,65
66,66
67,67
68,68
69,69
70,70
71,71
74,72
73,73
74,74
74,75
76,76
77,77
78,78
79,79
80,80
83,81
82,82
83,83
84,84
85,85
86,86
87,87
88,88
89,89
90,90
91,91
92,92
93,93
94,94
95,95
96,96
97,97
98,98
99,99
100,100
101,101
64,102
103,103
66,104
105,105
106,106
107,107
108,108
94,109
110,110
111,111
112,112
113,113
114,114
115,115
116,116
105,117
118,118
119,119
60,60
61,61
62,62
63,63
64,64
65,65
66,66
67,67
68,68
69,69
70,70
71,71
72,72
83,73
74,74
75,75
76,76
77,77
78,78
79,79
80,80
81,81
82,82
83,83
84,84
85,85
86,86
87,87
88,88
89,89
90,90
91,91
92,92
93,93
94,94
95,95
96,96
97,97
98,98
99,99
100,100
101,101
102,102
103,103
104,104
105,105
106,106
107,107
108,108
108,109
110,110
111,111
112,112
113,113
114,114
115,115
107,116
117,117
118,118
119,119
60,60
61,61
62,62
63,63
64,64
65,65
66,66
67,67
68,68
69,69
70,70
71,71
72,72
83,73
74,74
75,75
76,76
77,77
78,78
79,79
80,80
81,81
83,82
83,83
84,84
85,85
86,86
87,87
88,88
89,89
90,90
91,91
92,92
93,93
94,94
95,95
96,96
97,97
98,98
99,99
100,100
101,101
102,102
103,103
104,104
108,105
106,106
107,107
104,108
109,109
110,110
111,111
112,112
113,113
114,114
115,115
116,116
117,117
118,118
119,119
60,60
61,61
62,62
63,63
64,64
65,65
66,66
67,67
68,68
69,69
70,70
70,71
73,72
73,73
77,74
72,75
76,76
77,77
76,78
79,79
80,80
81,81
82,82
83,83
84,84
85,85
86,86
87,87
88,88
89,89
90,90
91,91
92,92
93,93
94,94
95,95
96,96
97,97
98,98
99,99
100,100
101,101
102,102
103,103
104,104
105,105
106,106
107,107
108,108
109,109
110,110
111,111
112,112
113,113
114,114
115,115
116,116
117,117
118,118
119,119
60,60
61,61
62,62
63,63
64,64
65,65
66,66
67,67
68,68
69,69
70,70
71,71
72,72
73,73
74,74
72,75
76,76
77,77
78,78
79,79
80,80
73,81
82,82
83,83
84,84
85,85
86,86
87,87
90,88
89,89
90,90
91,91
92,92
93,93
94,94
95,95
96,96
97,97
98,98
99,99
16,100
101,101
102,102
103,103
102,104
105,105
106,106
107,107
108,108
109,109
110,110
111,111
112,112
113,113
114,114
115,115
116,116
117,117
118,118
119,119
60,60
61,61
62,62
63,63
64,64
65,65
66,66
67,67
68,68
69,69
71,70
70,71
75,72
74,73
74,74
75,75
76,76
77,77
78,78
79,79
80,80
72,81
82,82
83,83
1,84
85,85
86,86
87,87
88,88
89,89
16,90
91,91
92,92
93,93
94,94
95,95
96,96
97,97
98,98
99,99
100,100
101,101
102,102
103,103
104,104
109,105
106,106
107,107
108,108
109,109
110,110
111,111
112,112
113,113
114,114
115,115
116,116
117,117
118,118
119,119
60,60
61,61
62,62
63,63
64,64
65,65
66,66
67,67
68,68
69,69
70,70
76,71
75,72
75,73
90,74
29,75
76,76
77,77
78,78
79,79
80,80
81,81
71,82
29,83
84,84
85,85
86,86
87,87
88,88
89,89
16,90
91,91
92,92
93,93
94,94
95,95
96,96
97,97
98,98
99,99
100,100
101,101
102,102
103,103
104,104
106,105
106,106
107,107
108,108
109,109
110,110
111,111
112,112
113,113
114,114
115,115
116,116
117,117
118,118
119,119
60,60
61,61
62,62
63,63
64,64
65,65
66,66
67,67
71,68
69,69
70,70
71,71
72,72
73,73
74,74
72,75
76,76
77,77
68,78
79,79
80,80
81,81
82,82
83,83
84,84
85,85
86,86
87,87
88,88
89,89
90,90
91,91
92,92
93,93
94,94
95,95
96,96
97,97
98,98
99,99
100,100
101,101
102,102
103,103
104,104
119,105
106,106
107,107
108,108
109,109
110,110
111,111
112,112
113,113
114,114
115,115
116,116
117,117
118,118
119,119
60,60
61,61
62,62
63,63
64,64
65,65
66,66
67,67
71,68
69,69
70,70
71,71
72,72
83,73
74,74
75,75
76,76
77,77
78,78
79,79
80,80
81,81
82,82
83,83
84,84
85,85
86,86
87,87
88,88
89,89
90,90
91,91
92,92
93,93
94,94
95,95
96,96
97,97
98,98
99,99
100,100
101,101
102,102
103,103
104,104
111,105
116,106
107,107
108,108
109,109
110,110
111,111
112,112
113,113
114,114
115,115
116,116
117,117
118,118
119,119
60,60
61,61
62,62
63,63
64,64
65,65
66,66
67,67
68,68
69,69
70,70
71,71
81,72
83,73
74,74
75,75
71,76
77,77
78,78
79,79
80,80
81,81
82,82
83,83
84,84
33,85
86,86
87,87
88,88
89,89
90,90
91,91
92,92
93,93
94,94
95,95
96,96
97,97
98,98
99,99
100,100
101,101
102,102
103,103
104,104
105,105
106,106
107,107
108,108
109,109
110,110
111,111
112,112
113,113
114,114
115,115
116,116
117,117
115,118
119,119
60,60
61,61
62,62
63,63
64,64
65,65
66,66
67,67
68,68
69,69
70,70
76,71
75,72
73,73
74,74
75,75
76,76
77,77
78,78
79,79
80,80
81,81
82,82
83,83
84,84
33,85
86,86
87,87
88,88
89,89
90,90
91,91
92,92
93,93
94,94
95,95
96,96
97,97
98,98
99,99
100,100
101,101
102,102
103,103
104,104
119,105
106,106
107,107
108,108
109,109
110,110
111,111
112,112
113,113
108,114
115,115
117,116
117,117
107,118
119,119
60,60
61,61
62,62
63,63
93,64
65,65
66,66
67,67
68,68
69,69
70,70
30,71
75,72
73,73
74,74
75,75
76,76
90,77
78,78
79,79
80,80
82,81
82,82
83,83
84,84
85,85
86,86
87,87
88,88
89,89
90,90
91,91
92,92
93,93
94,94
95,95
96,96
97,97
98,98
99,99
100,100
101,101
102,102
103,103
104,104
109,105
116,106
107,107
108,108
109,109
110,110
111,111
112,112
113,113
114,114
115,115
107,116
117,117
118,118
119,119
60,60
61,61
62,62
15,63
64,64
65,65
76,66
67,67
68,68
69,69
71,70
70,71
74,72
74,73
74,74
75,75
76,76
77,77
73,78
79,79
80,80
73,81
74,82
83,83
84,84
85,85
86,86
87,87
88,88
89,89
88,90
91,91
92,92
93,93
94,94
95,95
96,96
97,97
98,98
99,99
100,100
101,101
102,102
103,103
104,104
105,105
106,106
107,107
108,108
109,109
110,110
111,111
112,112
113,113
114,114
115,115
116,116
117,117
118,118
119,119
60,60
61,61
62,62
63,63
103,64
65,65
66,66
67,67
68,68
69,69
70,70
71,71
72,72
73,73
74,74
75,75
76,76
77,77
78,78
79,79
80,80
81,81
82,82
83,83
84,84
85,85
86,86
87,87
88,88
89,89
90,90
91,91
92,92
93,93
94,94
95,95
96,96
97,97
98,98
99,99
100,100
101,101
102,102
103,103
104,104
108,105
106,106
111,107
108,108
106,109
110,110
111,111
112,112
113,113
114,114
115,115
116,116
117,117
118,118
119,119
60,60
61,61
62,62
63,63
97,64
65,65
66,66
67,67
68,68
69,69
70,70
71,71
72,72
73,73
74,74
75,75
76,76
73,77
78,78
79,79
80,80
81,81
82,82
83,83
84,84
85,85
86,86
87,87
88,88
89,89
90,90
91,91
92,92
93,93
94,94
95,95
96,96
97,97
98,98
99,99
100,100
101,101
102,102
103,103
104,104
49,105
108,106
107,107
108,108
109,109
110,110
111,111
112,112
113,113
114,114
115,115
116,116
117,117
118,118
119,119
60,60
61,61
62,62
63,63
64,64
65,65
66,66
67,67
68,68
69,69
70,70
66,71
72,72
73,73
73,74
75,75
76,76
77,77
78,78
79,79
80,80
81,81
82,82
77,83
84,84
85,85
86,86
87,87
77,88
89,89
90,90
91,91
92,92
93,93
94,94
95,95
96,96
97,97
98,98
99,99
100,100
101,101
102,102
103,103
104,104
111,105
106,106
107,107
108,108
109,109
110,110
111,111
112,112
113,113
114,114
115,115
116,116
117,117
118,118
119,119
60,60
61,61
62,62
63,63
64,64
65,65
68,66
62,67
68,68
69,69
70,70
68,71
75,72
73,73
74,74
72,75
71,76
77,77
70,78
79,79
80,80
81,81
82,82
83,83
84,84
85,85
86,86
87,87
88,88
89,89
90,90
91,91
92,92
93,93
94,94
95,95
96,96
97,97
98,98
99,99
100,100
101,101
102,102
103,103
104,104
105,105
106,106
107,107
108,108
109,109
110,110
111,111
112,112
113,113
114,114
115,115
116,116
117,117
118,118
119,119
60,60
61,61
62,62
63,63
64,64
65,65
66,66
67,67
68,68
69,69
70,70
70,71
32,72
73,73
74,74
72,75
76,76
77,77
78,78
79,79
80,80
81,81
82,82
83,83
84,84
85,85
86,86
87,87
88,88
89,89
90,90
91,91
92,92
93,93
94,94
95,95
96,96
97,97
98,98
99,99
100,100
101,101
102,102
103,103
104,104
105,105
106,106
107,107
108,108
109,109
109,110
111,111
112,112
113,113
114,114
115,115
109,116
117,117
118,118
119,119
60,60
61,61
62,62
63,63
64,64
65,65
66,66
67,67
68,68
69,69
102,70
102,71
74,72
73,73
74,74
75,75
92,76
85,77
102,78
79,79
80,80
81,81
82,82
73,83
84,84
85,85
86,86
87,87
88,88
89,89
90,90
91,91
62,92
93,93
94,94
95,95
96,96
97,97
98,98
99,99
100,100
101,101
66,102
103,103
104,104
111,105
107,106
107,107
108,108
109,109
110,110
111,111
112,112
113,113
114,114
115,115
116,116
117,117
118,118
119,119
60,60
61,61
62,62
63,63
64,64
65,65
66,66
67,67
71,68
69,69
70,70
70,71
72,72
73,73
74,74
72,75
92,76
77,77
78,78
79,79
80,80
77,81
82,82
83,83
9,84
33,85
86,86
87,87
88,88
89,89
10,90
91,91
92,92
93,93
94,94
95,95
96,96
97,97
98,98
99,99
100,100
101,101
102,102
103,103
104,104
105,105
106,106
107,107
108,108
109,109
110,110
111,111
112,112
114,114
115,115
116,116
117,117
118,118
119,119
60,60
61,61
62,62
63,63
64,64
65,65
66,66
67,67
68,68
69,69
70,70
71,71
72,72
73,73
74,74
72,75
76,76
85,77
78,78
79,79
93,80
81,81
82,82
83,83
84,84
85,85
86,86
14,87
88,88
89,89
90,90
92,92
93,93
94,94
95,95
96,96
97,97
98,98
99,99
100,100
101,101
102,102
103,103
104,104
105,105
106,106
107,107
108,108
109,109
110,110
111,111
112,112
113,113
114,114
115,115
116,116
117,117
107,118
119,119
60,60
61,61
93,62
63,63
101,64
65,65
66,66
67,67
68,68
69,69
70,70
71,71
28,72
72,73
74,74
11,75
80,76
77,77
78,78
79,79
93,80
81,81
82,82
83,83
84,84
85,85
86,86
87,87
88,88
89,89
88,90
91,91
99,92
80,93
94,94
95,95
96,96
97,97
98,98
99,99
100,100
101,101
102,102
103,103
104,104
49,105
106,106
110,107
110,108
109,109
110,110
111,111
112,112
113,113
114,114
115,115
116,116
55,117
115,118
119,119
60,60
61,61
62,62
63,63
105,64
65,65
66,66
67,67
68,68
68,69
70,70
71,71
72,72
73,73
74,74
10,75
76,76
83,77
78,78
79,79
80,80
81,81
82,82
83,83
84,84
85,85
86,86
87,87
89,88
89,89
90,90
91,91
92,92
93,93
94,94
95,95
96,96
97,97
98,98
99,99
100,100
101,101
102,102
103,103
104,104
105,105
106,106
116,107
108,108
109,109
110,110
111,111
112,112
113,113
114,114
115,115
116,116
109,117
118,118
119,119
60,60
61,61
62,62
63,63
64,64
65,65
66,66
67,67
68,68
69,69
71,70
71,71
72,72
73,73
74,74
72,75
76,76
77,77
66,78
79,79
80,80
10,81
82,82
83,83
84,84
85,85
86,86
87,87
88,88
88,89
90,90
91,91
92,92
93,93
94,94
95,95
96,96
97,97
98,98
99,99
100,100
101,101
66,102
103,103
104,104
105,105
56,106
107,107
108,108
109,109
110,110
111,111
112,112
113,113
114,114
115,115
116,116
117,117
51,118
119,119
60,60
61,61
62,62
63,63
64,64
65,65
66,66
67,67
68,68
69,69
70,70
71,71
72,72
73,73
83,74
72,75
76,76
77,77
78,78
79,79
80,80
81,81
82,82
83,83
84,84
85,85
86,86
87,87
88,88
89,89
90,90
91,91
92,92
93,93
94,94
95,95
96,96
97,97
98,98
99,99
100,100
101,101
102,102
103,103
104,104
105,105
106,106
116,107
108,108
53,109
110,110
111,111
112,112
113,113
114,114
115,115
116,116
117,117
118,118
119,119
60,60
61,61
62,62
63,63
64,64
85,65
66,66
67,67
70,68
69,69
70,70
71,71
72,72
83,73
74,74
72,75
71,76
90,77
78,78
79,79
80,80
81,81
82,82
83,83
84,84
85,85
86,86
87,87
88,88
89,89
90,90
91,91
92,92
94,93
94,94
95,95
96,96
97,97
98,98
99,99
100,100
101,101
104,102
103,103
104,104
108,105
106,106
107,107
106,108
109,109
110,110
111,111
112,112
113,113
114,114
115,115
116,116
57,117
118,118
119,119
60,60
61,61
62,62
63,63
64,64
65,65
66,66
67,67
68,68
69,69
70,70
71,71
72,72
74,73
74,74
72,75
76,76
77,77
78,78
79,79
80,80
81,81
82,82
83,83
84,84
85,85
86,86
87,87
88,88
89,89
90,90
91,91
92,92
93,93
94,94
95,95
96,96
97,97
98,98
99,99
100,100
101,101
102,102
103,103
104,104
105,105
106,106
107,107
108,108
109,109
110,110
111,111
112,112
113,113
114,114
115,115
116,116
117,117
118,118
119,119
60,60
61,61
62,62
63,63
64,64
65,65
66,66
104,67
68,68
69,69
68,70
71,71
72,72
74,73
72,75
76,76
77,77
78,78
79,79
80,80
33,81
9,82
83,83
84,84
85,85
86,86
87,87
88,88
89,89
90,90
91,91
92,92
93,93
94,94
68,95
96,96
97,97
98,98
99,99
100,100
101,101
102,102
86,103
104,104
50,105
106,106
107,107
108,108
109,109
110,110
111,111
112,112
113,113
114,114
115,115
116,116
117,117
118,118
119,119
60,60
61,61
62,62
63,63
64,64
65,65
66,66
67,67
68,68
69,69
70,70
71,71
74,72
73,73
74,74
72,75
76,76
77,77
78,78
79,79
80,80
81,81
33,82
83,83
84,84
85,85
86,86
87,87
88,88
89,89
90,90
91,91
92,92
93,93
94,94
95,95
96,96
97,97
98,98
99,99
100,100
101,101
102,102
103,103
104,104
49,105
106,106
107,107
108,108
109,109
110,110
111,111
112,112
113,113
114,114
115,115
116,116
117,117
118,118
119,119
60,60
61,61
62,62
63,63
64,64
65,65
66,66
67,67
68,68
69,69
71,70
70,71
72,72
83,73
74,74
75,75
76,76
77,77
68,78
79,79
80,80
81,81
82,82
83,83
84,84
85,85
86,86
87,87
88,88
89,89
90,90
91,91
92,92
93,93
94,94
95,95
96,96
97,97
98,98
99,99
100,100
101,101
102,102
103,103
104,104
105,105
106,106
107,107
108,108
109,109
110,110
111,111
112,112
113,113
114,114
115,115
116,116
55,117
118,118
119,119
60,60
61,61
62,62
63,63
64,64
65,65
66,66
67,67
68,68
69,69
70,70
70,71
72,72
73,73
74,74
75,75
76,76
77,77
104,78
79,79
80,80
48,81
82,82
83,83
84,84
85,85
86,86
87,87
88,88
89,89
90,90
91,91
92,92
93,93
94,94
95,95
96,96
97,97
98,98
99,99
100,100
101,101
102,102
103,103
104,104
105,105
106,106
107,107
108,108
109,109
110,110
111,111
112,112
113,113
114,114
115,115
116,116
117,117
118,118
119,119
60,60
61,61
62,62
63,63
64,64
65,65
66,66
67,67
62,68
69,69
70,70
71,71
72,72
73,73
77,74
75,75
76,76
77,77
78,78
79,79
80,80
81,81
82,82
83,83
36,84
85,85
86,86
87,87
88,88
89,89
90,90
91,91
92,92
93,93
94,94
95,95
96,96
97,97
98,98
99,99
100,100
101,101
102,102
62,103
104,104
105,105
106,106
87,107
108,108
53,109
110,110
111,111
112,112
113,113
114,114
115,115
116,116
117,117
59,118
119,119
60,60
61,61
62,62
63,63
64,64
65,65
66,66
67,67
68,68
69,69
70,70
71,71
72,72
73,73
74,74
72,75
76,76
77,77
66,78
79,79
80,80
81,81
82,82
83,83
39,84
85,85
86,86
87,87
89,88
89,89
90,90
91,91
92,92
93,93
94,94
95,95
96,96
97,97
98,98
99,99
100,100
101,101
102,102
103,103
104,104
105,105
106,106
107,107
108,108
109,109
110,110
111,111
112,112
113,113
114,114
115,115
116,116
117,117
118,118
119,119
60,60
61,61
62,62
63,63
64,64
65,65
66,66
67,67
68,68
69,69
68,70
70,71
75,72
75,73
11,74
75,75
76,76
77,77
78,78
79,79
80,80
29,81
78,82
29,83
18,84
90,85
86,86
87,87
88,88
89,89
16,90
91,91
92,92
80,93
94,94
95,95
96,96
97,97
98,98
99,99
100,100
101,101
102,102
103,103
104,104
105,105
106,106
107,107
53,108
94,109
110,110
111,111
112,112
113,113
114,114
115,115
116,116
55,117
118,118
119,119
60,60
61,61
62,62
63,63
64,64
65,65
71,66
67,67
68,68
69,69
70,70
71,71
72,72
73,73
74,74
75,75
76,76
77,77
78,78
79,79
80,80
73,81
82,82
11,83
84,84
85,85
86,86
87,87
88,88
89,89
15,90
91,91
92,92
93,93
94,94
95,95
96,96
97,97
98,98
99,99
100,100
101,101
102,102
103,103
104,104
106,105
106,106
107,107
108,108
109,109
110,110
111,111
112,112
113,113
114,114
115,115
116,116
117,117
118,118
119,119
60,60
61,61
62,62
63,63
64,64
65,65
66,66
67,67
68,68
68,69
70,70
70,71
72,72
73,73
72,75
76,76
77,77
69,78
79,79
80,80
81,81
82,82
83,83
84,84
85,85
86,86
87,87
88,88
89,89
90,90
91,91
92,92
93,93
94,94
95,95
96,96
97,97
98,98
99,99
100,100
101,101
102,102
103,103
104,104
116,105
50,106
107,107
108,108
109,109
110,110
111,111
112,112
113,113
114,114
115,115
116,116
117,117
118,118
119,119
60,60
61,61
62,62
63,63
64,64
65,65
66,66
67,67
68,68
69,69
70,70
71,71
72,72
83,73
74,74
75,75
76,76
77,77
78,78
79,79
80,80
81,81
82,82
83,83
84,84
85,85
86,86
14,87
88,88
89,89
90,90
91,91
92,92
93,93
94,94
95,95
96,96
97,97
98,98
99,99
100,100
101,101
102,102
103,103
2,104
105,105
111,106
105,107
108,108
109,109
110,110
111,111
112,112
113,113
114,114
115,115
107,116
117,117
115,118
119,119
60,60
61,61
62,62
63,63
64,64
65,65
66,66
67,67
68,68
69,69
70,70
70,71
72,72
74,73
74,74
75,75
71,76
77,77
78,78
79,79
80,80
81,81
82,82
83,83
36,84
33,85
86,86
87,87
88,88
89,89
90,90
91,91
21,92
93,93
94,94
95,95
96,96
97,97
98,98
99,99
100,100
101,101
102,102
103,103
104,104
105,105
106,106
107,107
108,108
108,109
110,110
111,111
112,112
113,113
114,114
115,115
116,116
117,117
118,118
119,119
60,60
61,61
62,62
63,63
64,64
65,65
66,66
67,67
68,68
69,69
70,70
76,71
74,72
73,73
74,74
75,75
76,76
77,77
78,78
79,79
80,80
81,81
82,82
83,83
84,84
33,85
86,86
87,87
88,88
89,89
90,90
91,91
92,92
93,93
94,94
95,95
96,96
97,97
98,98
99,99
100,100
101,101
102,102
103,103
104,104
105,105
106,106
107,107
108,108
109,109
110,110
111,111
112,112
113,113
114,114
115,115
116,116
117,117
115,118
119,119
60,60
61,61
62,62
63,63
93,64
65,65
66,66
67,67
68,68
69,69
70,70
71,71
75,72
73,73
74,74
72,75
76,76
90,77
78,78
79,79
80,80
81,81
82,82
73,83
84,84
85,85
86,86
87,87
24,88
89,89
90,90
91,91
92,92
93,93
94,94
95,95
96,96
97,97
98,98
99,99
100,100
101,101
102,102
103,103
104,104
111,105
106,106
107,107
108,108
109,109
110,110
111,111
112,112
113,113
114,114
115,115
116,116
117,117
118,118
119,119
60,60
61,61
62,62
15,63
64,64
65,65
76,66
67,67
68,68
69,69
70,70
71,71
74,72
73,73
74,74
75,75
76,76
77,77
78,78
79,79
76,80
73,81
83,82
73,83
84,84
85,85
86,86
87,87
88,88
89,89
88,90
91,91
92,92
62,93
94,94
95,95
96,96
97,97
98,98
99,99
100,100
101,101
102,102
103,103
104,104
111,105
106,106
107,107
108,108
109,109
110,110
111,111
112,112
113,113
114,114
115,115
116,116
117,117
118,118
119,119
60,60
61,61
62,62
63,63
103,64
65,65
66,66
67,67
68,68
30,69
68,70
69,71
72,72
83,73
72,74
72,75
76,76
77,77
78,78
79,79
80,80
72,81
74,82
1,83
84,84
72,85
86,86
87,87
32,88
89,89
73,90
91,91
92,92
93,93
94,94
95,95
96,96
97,97
98,98
99,99
100,100
101,101
102,102
103,103
104,104
108,105
105,106
107,107
108,108
109,109
110,110
111,111
112,112
113,113
114,114
115,115
116,116
117,117
118,118
119,119
60,60
61,61
62,62
63,63
64,64
65,65
66,66
67,67
68,68
69,69
70,70
71,71
72,72
73,73
74,74
75,75
76,76
77,77
78,78
79,79
80,80
81,81
82,82
83,83
84,84
85,85
86,86
87,87
88,88
89,89
90,90
91,91
92,92
93,93
94,94
95,95
96,96
97,97
98,98
99,99
100,100
101,101
102,102
103,103
104,104
49,105
49,106
107,107
108,108
109,109
110,110
111,111
112,112
113,113
114,114
115,115
116,116
117,117
115,118
119,119
60,60
61,61
62,62
63,63
64,64
65,65
66,66
67,67
66,68
69,69
70,70
66,71
72,72
73,73
74,74
75,75
71,76
77,77
78,78
79,79
80,80
81,81
82,82
73,83
84,84
85,85
62,86
87,87
77,88
89,89
90,90
91,91
92,92
80,93
94,94
95,95
96,96
97,97
98,98
99,99
100,100
101,101
102,102
103,103
102,104
105,105
106,106
107,107
108,108
109,109
110,110
111,111
112,112
113,113
114,114
115,115
116,116
55,117
118,118
119,119
60,60
61,61
62,62
63,63
64,64
65,65
66,66
67,67
68,68
69,69
70,70
71,71
72,72
73,73
74,74
75,75
76,76
77,77
71,78
79,79
80,80
81,81
82,82
82,83
84,84
85,85
86,86
87,87
88,88
89,89
90,90
91,91
92,92
93,93
94,94
95,95
96,96
97,97
98,98
99,99
100,100
101,101
102,102
103,103
104,104
105,105
105,106
107,107
108,108
109,109
110,110
111,111
112,112
113,113
114,114
115,115
116,116
117,117
118,118
119,119
60,60
61,61
62,62
63,63
64,64
85,65
66,66
67,67
68,68
69,69
70,70
71,71
77,72
73,73
74,74
72,75
76,76
77,77
78,78
79,79
80,80
81,81
77,82
73,83
84,84
85,85
86,86
87,87
88,88
89,89
90,90
91,91
92,92
93,93
94,94
95,95
96,96
97,97
98,98
99,99
100,100
101,101
102,102
103,103
104,104
105,105
49,106
107,107
110,108
94,109
110,110
111,111
112,112
113,113
114,114
115,115
116,116
117,117
118,118
119,119
60,60
61,61
62,62
63,63
64,64
65,65
66,66
67,67
68,68
69,69
102,70
70,71
72,72
73,73
74,74
75,75
92,76
77,77
67,78
79,79
80,80
81,81
82,82
83,83
84,84
85,85
86,86
87,87
88,88
89,89
90,90
91,91
62,92
93,93
94,94
95,95
96,96
97,97
98,98
99,99
100,100
101,101
102,102
103,103
104,104
105,105
106,106
107,107
108,108
109,109
110,110
111,111
112,112
113,113
114,114
115,115
116,116
117,117
118,118
119,119
60,60
61,61
62,62
63,63
64,64
65,65
66,66
67,67
68,68
68,69
70,70
71,71
72,72
73,73
74,74
72,75
76,76
77,77
78,78
79,79
80,80
81,81
82,82
83,83
84,84
85,85
86,86
87,87
88,88
89,89
90,90
91,91
92,92
93,93
94,94
95,95
96,96
97,97
98,98
99,99
100,100
101,101
102,102
103,103
104,104
105,105
106,106
107,107
108,108
109,109
110,110
111,111
112,112
113,113
114,114
115,115
67,116
117,117
118,118
119,119
60,60
61,61
62,62
63,63
64,64
65,65
66,66
67,67
68,68
69,69
70,70
71,71
72,72
73,73
74,74
72,75
76,76
85,77
78,78
42,79
80,80
81,81
82,82
83,83
84,84
33,85
86,86
87,87
88,88
89,89
90,90
91,91
94,94
95,95
96,96
97,97
98,98
99,99
100,100
101,101
102,102
103,103
104,104
105,105
109,106
107,107
108,108
109,109
110,110
111,111
112,112
113,113
114,114
115,115
107,116
117,117
118,118
119,119
60,60
61,61
62,62
63,63
6,64
65,65
102,66
3,67
68,68
68,69
70,70
71,71
72,72
83,73
74,74
75,75
76,76
77,77
78,78
79,79
80,80
81,81
82,82
83,83
84,84
85,85
86,86
87,87
88,88
89,89
90,90
91,91
92,92
93,93
94,94
95,95
96,96
97,97
98,98
99,99
100,100
101,101
102,102
103,103
104,104
105,105
106,106
52,107
108,108
109,109
107,110
111,111
112,112
113,113
114,114
115,115
116,116
55,117
118,118
119,119
60,60
37,61
94,62
63,63
6,64
65,65
104,66
67,67
70,68
102,69
70,70
71,71
75,72
83,73
74,74
75,75
68,76
77,77
78,78
79,79
80,80
81,81
82,82
74,83
84,84
85,85
86,86
87,87
89,88
89,89
90,90
91,91
92,92
93,93
94,94
95,95
96,96
97,97
98,98
99,99
100,100
101,101
62,102
94,103
62,104
105,105
106,106
110,107
108,108
53,109
110,110
111,111
112,112
113,113
114,114
115,115
116,116
55,117
51,118
119,119
60,60
61,61
62,62
63,63
64,64
65,65
66,66
67,67
68,68
69,69
70,70
71,71
72,72
73,73
74,74
72,75
76,76
77,77
67,78
79,79
80,80
81,81
82,82
73,83
84,84
85,85
86,86
87,87
88,88
89,89
90,90
91,91
92,92
93,93
94,94
95,95
96,96
97,97
98,98
99,99
100,100
101,101
1,102
103,103
104,104
106,105
108,106
107,107
108,108
114,109
110,110
111,111
112,112
113,113
114,114
115,115
107,116
117,117
118,118
119,119
60,60
61,61
62,62
63,63
64,64
76,65
71,66
102,67
68,68
69,69
70,70
71,71
81,72
72,73
24,74
10,75
53,76
77,77
78,78
79,79
80,80
81,81
82,82
83,83
84,84
85,85
86,86
87,87
89,88
89,89
81,90
47,91
32,92
39,93
94,94
95,95
96,96
97,97
98,98
99,99
100,100
101,101
102,102
30,103
27,104
105,105
106,106
107,107
53,108
53,109
109,110
111,111
112,112
113,113
114,114
115,115
116,116
55,117
118,118
119,119
60,60
61,61
62,62
63,63
64,64
65,65
66,66
67,67
68,68
69,69
70,70
71,71
74,72
73,73
74,74
74,75
68,76
77,77
78,78
79,79
76,80
81,81
82,82
83,83
84,84
85,85
86,86
87,87
89,88
89,89
90,90
91,91
92,92
93,93
94,94
95,95
96,96
97,97
98,98
99,99
100,100
101,101
102,102
103,103
104,104
105,105
106,106
107,107
108,108
109,109
110,110
111,111
112,112
113,113
111,114
115,115
116,116
117,117
118,118
119,119
60,60
61,61
62,62
63,63
64,64
65,65
66,66
67,67
71,68
69,69
70,70
71,71
75,72
73,73
74,74
72,75
78,76
77,77
78,78
79,79
68,80
12,81
82,82
83,83
84,84
85,85
86,86
87,87
88,88
89,89
90,90
91,91
92,92
93,93
94,94
95,95
96,96
97,97
98,98
99,99
100,100
101,101
66,102
103,103
104,104
105,105
106,106
107,107
108,108
109,109
110,110
111,111
112,112
113,113
114,114
115,115
116,116
117,117
118,118
119,119
60,60
61,61
62,62
63,63
64,64
65,65
66,66
67,67
68,68
69,69
70,70
71,71
72,72
73,73
74,74
72,75
76,76
77,77
78,78
79,79
80,80
73,81
82,82
83,83
84,84
85,85
86,86
87,87
88,88
89,89
90,90
91,91
92,92
93,93
94,94
95,95
96,96
97,97
98,98
99,99
100,100
101,101
102,102
103,103
104,104
105,105
105,106
107,107
108,108
109,109
110,110
111,111
112,112
113,113
114,114
115,115
116,116
117,117
118,118
119,119
60,60
61,61
62,62
63,63
64,64
65,65
66,66
67,67
69,68
69,69
70,70
71,71
74,72
73,73
74,74
74,75
76,76
77,77
78,78
79,79
93,80
74,81
82,82
83,83
84,84
85,85
86,86
87,87
89,88
89,89
90,90
91,91
93,92
93,93
94,94
95,95
96,96
97,97
98,98
99,99
100,100
101,101
66,102
103,103
104,104
105,105
106,106
107,107
108,108
109,109
110,110
111,111
112,112
91,113
114,114
115,115
116,116
117,117
118,118
119,119
60,60
61,61
62,62
63,63
64,64
65,65
66,66
67,67
68,68
69,69
70,70
71,71
72,72
73,73
74,74
75,75
76,76
77,77
78,78
79,79
80,80
12,81
82,82
83,83
84,84
85,85
86,86
87,87
88,88
89,89
90,90
91,91
92,92
93,93
94,94
95,95
96,96
97,97
98,98
99,99
100,100
101,101
102,102
103,103
104,104
105,105
106,106
107,107
110,108
114,109
110,110
111,111
112,112
113,113
114,114
115,115
116,116
117,117
118,118
119,119
60,60
61,61
62,62
63,63
64,64
65,65
71,66
67,67
68,68
69,69
71,70
71,71
72,72
81,73
74,74
75,75
76,76
77,77
78,78
79,79
80,80
81,81
82,82
83,83
84,84
85,85
86,86
87,87
88,88
89,89
90,90
91,91
92,92
93,93
94,94
39,95
96,96
97,97
98,98
99,99
100,100
101,101
102,102
103,103
104,104
105,105
106,106
107,107
108,108
109,109
110,110
111,111
112,112
113,113
114,114
115,115
116,116
55,117
118,118
119,119
60,60
61,61
62,62
63,63
64,64
65,65
66,66
67,67
68,68
69,69
70,70
71,71
72,72
73,73
74,74
75,75
76,76
77,77
78,78
79,79
80,80
81,81
82,82
83,83
84,84
85,85
86,86
87,87
88,88
89,89
90,90
91,91
92,92
93,93
94,94
95,95
96,96
97,97
98,98
99,99
100,100
101,101
102,102
103,103
104,104
105,105
106,106
107,107
108,108
109,109
110,110
111,111
112,112
113,113
114,114
115,115
116,116
117,117
118,118
119,119
61,61
62,62
63,63
64,64
90,65
67,66
60,67
62,68
69,69
70,70
70,71
74,72
9,73
73,74
81,75
76,76
77,77
78,78
79,79
80,80
81,81
82,82
83,83
84,84
85,85
67,86
47,87
88,88
89,89
83,90
91,91
92,92
93,93
94,94
95,95
96,96
97,97
98,98
99,99
100,100
101,101
67,102
103,103
104,104
105,105
109,106
107,107
108,108
109,109
110,110
111,111
112,112
113,113
114,114
115,115
116,116
117,117
118,118
119,119
60,60
61,61
62,62
63,63
64,64
65,65
66,66
67,67
68,68
69,69
70,70
71,71
75,72
1,73
11,74
90,75
76,76
77,77
78,78
79,79
80,80
81,81
82,82
11,83
17,84
85,85
86,86
87,87
88,88
89,89
16,90
91,91
92,92
93,93
94,94
95,95
96,96
97,97
98,98
99,99
16,100
101,101
102,102
103,103
104,104
105,105
106,106
107,107
108,108
109,109
110,110
111,111
112,112
113,113
114,114
115,115
116,116
117,117
118,118
119,119
60,60
61,61
62,62
64,63
64,64
65,65
71,66
67,67
68,68
69,69
70,70
71,71
29,72
29,73
29,74
11,75
68,76
90,77
78,78
79,79
80,80
29,81
69,82
29,83
29,84
85,85
86,86
87,87
85,88
90,89
15,90
91,91
92,92
62,93
94,94
68,95
96,96
97,97
98,98
99,99
100,100
101,101
102,102
103,103
78,104
105,105
106,106
107,107
108,108
109,109
110,110
111,111
112,112
113,113
114,114
115,115
116,116
117,117
118,118
119,119
60,60
61,61
62,62
63,63
64,64
65,65
66,66
67,67
68,68
69,69
70,70
71,71
72,72
73,73
74,74
75,75
76,76
77,77
78,78
79,79
80,80
81,81
82,82
83,83
84,84
85,85
86,86
87,87
88,88
89,89
90,90
91,91
92,92
93,93
94,94
95,95
96,96
97,97
98,98
99,99
100,100
101,101
102,102
103,103
104,104
105,105
106,106
56,107
108,108
109,109
110,110
111,111
112,112
113,113
114,114
115,115
116,116
55,117
118,118
119,119
60,60
61,61
62,62
63,63
64,64
65,65
92,66
67,67
68,68
69,69
70,70
71,71
75,72
73,73
74,74
75,75
76,76
77,77
39,78
79,79
80,80
81,81
82,82
83,83
84,84
85,85
86,86
87,87
88,88
89,89
90,90
91,91
92,92
93,93
94,94
95,95
96,96
97,97
98,98
99,99
100,100
101,101
80,102
103,103
76,104
105,105
53,106
107,107
108,108
109,109
110,110
111,111
112,112
113,113
114,114
115,115
116,116
117,117
118,118
119,119
60,60
61,61
62,62
63,63
64,64
65,65
66,66
67,67
68,68
69,69
70,70
71,71
72,72
73,73
74,74
75,75
76,76
77,77
78,78
79,79
80,80
81,81
82,82
83,83
36,84
85,85
86,86
87,87
88,88
89,89
90,90
92,92
93,93
94,94
95,95
96,96
97,97
98,98
99,99
100,100
101,101
102,102
103,103
104,104
105,105
106,106
107,107
108,108
108,109
117,110
117,111
112,112
113,113
114,114
115,115
116,116
117,117
115,118
119,119
60,60
61,61
62,62
63,63
64,64
65,65
66,66
67,67
68,68
69,69
71,70
30,71
75,72
75,73
74,74
75,75
76,76
77,77
78,78
79,79
80,80
81,81
82,82
83,83
27,84
33,85
48,86
87,87
88,88
89,89
90,90
91,91
37,92
93,93
94,94
95,95
96,96
97,97
98,98
99,99
100,100
101,101
102,102
103,103
78,104
105,105
119,106
107,107
108,108
108,109
110,110
111,111
112,112
113,113
114,114
115,115
116,116
55,117
107,118
119,119
60,60
61,61
62,62
63,63
64,64
65,65
66,66
67,67
68,68
69,69
70,70
71,71
75,72
73,73
74,74
75,75
76,76
90,77
78,78
79,79
80,80
81,81
82,82
83,83
84,84
85,85
86,86
87,87
88,88
89,89
90,90
91,91
92,92
93,93
94,94
95,95
96,96
97,97
98,98
99,99
100,100
101,101
102,102
103,103
104,104
105,105
106,106
107,107
108,108
109,109
110,110
111,111
112,112
113,113
114,114
115,115
116,116
117,117
110,118
119,119
60,60
61,61
62,62
15,63
64,64
65,65
76,66
67,67
68,68
69,69
70,70
69,71
72,72
11,73
77,74
28,75
76,76
1,77
78,78
79,79
76,80
92,81
74,82
83,83
36,84
77,85
86,86
87,87
88,88
89,89
90,90
91,91
92,92
76,93
94,94
95,95
96,96
97,97
98,98
99,99
100,100
101,101
37,102
103,103
104,104
50,105
53,106
107,107
108,108
109,109
52,110
111,111
112,112
113,113
53,114
115,115
116,116
117,117
118,118
119,119
60,60
61,61
62,62
63,63
97,64
65,65
66,66
67,67
68,68
69,69
70,70
71,71
72,72
73,73
72,74
75,75
76,76
77,77
78,78
79,79
80,80
81,81
82,82
83,83
84,84
85,85
86,86
87,87
88,88
89,89
90,90
91,91
92,92
93,93
94,94
95,95
96,96
97,97
98,98
99,99
100,100
101,101
102,102
103,103
104,104
50,105
49,106
107,107
108,108
53,109
110,110
111,111
112,112
113,113
114,114
115,115
116,116
117,117
118,118
119,119
60,60
17,61
62,62
63,63
12,64
65,65
66,66
67,67
68,68
69,69
71,70
70,71
29,72
73,73
74,74
75,75
76,76
73,77
78,78
79,79
80,80
81,81
82,82
83,83
84,84
85,85
86,86
87,87
88,88
89,89
10,90
91,91
92,92
93,93
94,94
95,95
96,96
97,97
98,98
99,99
100,100
101,101
37,102
103,103
110,104
49,105
49,106
107,107
108,108
53,109
110,110
111,111
112,112
113,113
114,114
115,115
116,116
117,117
118,118
119,119
60,60
61,61
62,62
63,63
64,64
65,65
66,66
67,67
68,68
68,69
70,70
66,71
72,72
73,73
74,74
75,75
30,76
77,77
78,78
79,79
80,80
81,81
82,82
83,83
84,84
85,85
86,86
87,87
77,88
89,89
85,90
91,91
92,92
93,93
94,94
95,95
96,96
97,97
98,98
99,99
100,100
101,101
102,102
103,103
104,104
56,105
106,106
107,107
108,108
109,109
110,110
111,111
112,112
113,113
114,114
115,115
116,116
55,117
118,118
119,119
60,60
61,61
62,62
63,63
64,64
65,65
68,66
67,67
71,68
69,69
70,70
68,71
29,72
76,73
74,74
10,75
71,76
78,77
78,78
79,79
80,80
81,81
82,82
83,83
84,84
85,85
86,86
87,87
80,88
89,89
90,90
91,91
92,92
93,93
94,94
95,95
96,96
97,97
98,98
99,99
100,100
101,101
95,102
103,103
67,104
105,105
105,106
107,107
108,108
109,109
110,110
111,111
112,112
113,113
114,114
115,115
116,116
117,117
118,118
119,119
60,60
61,61
62,62
63,63
64,64
65,65
66,66
67,67
68,68
69,69
70,70
70,71
72,72
73,73
74,74
75,75
76,76
77,77
78,78
79,79
80,80
81,81
82,82
83,83
84,84
85,85
86,86
87,87
88,88
89,89
90,90
91,91
92,92
93,93
94,94
95,95
96,96
97,97
98,98
99,99
100,100
101,101
102,102
103,103
104,104
105,105
106,106
107,107
108,108
109,109
110,110
111,111
112,112
113,113
114,114
115,115
116,116
117,117
118,118
119,119
60,60
61,61
62,62
63,63
64,64
65,65
80,66
67,67
93,68
110,69
102,70
80,71
74,72
73,73
74,74
72,75
93,76
77,77
60,78
79,79
80,80
81,81
85,82
83,83
73,84
85,85
86,86
87,87
88,88
89,89
90,90
91,91
64,92
93,93
94,94
95,95
96,96
97,97
98,98
99,99
100,100
47,101
71,102
103,103
104,104
50,105
108,106
107,107
105,108
109,109
110,110
111,111
112,112
113,113
114,114
115,115
116,116
55,117
118,118
119,119
60,60
61,61
62,62
63,63
64,64
65,65
66,66
67,67
68,68
68,69
70,70
71,71
72,72
73,73
74,74
72,75
76,76
77,77
78,78
54,79
70,80
81,81
82,82
73,83
38,84
85,85
86,86
87,87
88,88
89,89
90,90
91,91
92,92
93,93
94,94
95,95
96,96
97,97
98,98
99,99
100,100
101,101
102,102
103,103
104,104
105,105
106,106
107,107
108,108
109,109
110,110
111,111
112,112
113,113
114,114
115,115
116,116
117,117
118,118
119,119
60,60
61,61
62,62
63,63
64,64
65,65
66,66
67,67
68,68
69,69
70,70
71,71
75,72
77,73
74,74
75,75
76,76
73,77
78,78
79,79
80,80
81,81
82,82
83,83
84,84
85,85
86,86
87,87
88,88
89,89
90,90
91,91
92,92
70,93
94,94
95,95
96,96
97,97
98,98
99,99
100,100
101,101
102,102
103,103
104,104
49,105
107,106
107,107
108,108
109,109
110,110
111,111
112,112
113,113
114,114
59,115
116,116
117,117
119,119
60,60
61,61
62,62
63,63
62,64
65,65
66,66
67,67
69,68
69,69
71,70
71,71
10,72
74,73
28,74
11,75
76,76
72,77
78,78
79,79
93,80
81,81
82,82
83,83
60,84
85,85
86,86
87,87
88,88
89,89
48,90
91,91
92,92
93,93
94,94
95,95
96,96
97,97
98,98
99,99
100,100
101,101
102,102
103,103
104,104
111,105
106,106
111,107
76,108
109,109
116,110
111,111
112,112
113,113
114,114
115,115
116,116
117,117
118,118
119,119
60,60
61,61
92,62
63,63
62,64
65,65
102,66
61,67
68,68
69,69
70,70
71,71
72,72
28,73
74,74
12,75
76,76
77,77
78,78
79,79
80,80
81,81
82,82
83,83
84,84
85,85
86,86
87,87
88,88
89,89
90,90
91,91
92,92
93,93
94,94
95,95
96,96
97,97
98,98
99,99
100,100
101,101
102,102
94,103
104,104
111,105
106,106
107,107
108,108
109,109
110,110
111,111
112,112
113,113
114,114
115,115
116,116
117,117
118,118
119,119
60,60
61,61
62,62
63,63
64,64
65,65
66,66
67,67
68,68
69,69
70,70
71,71
74,72
83,73
74,74
72,75
76,76
77,77
78,78
79,79
80,80
81,81
82,82
83,83
84,84
85,85
86,86
87,87
89,88
89,89
90,90
91,91
30,92
93,93
94,94
95,95
96,96
97,97
98,98
99,99
100,100
101,101
102,102
103,103
104,104
106,105
106,106
107,107
108,108
109,109
110,110
111,111
112,112
113,113
114,114
115,115
116,116
57,117
118,118
119,119
60,60
61,61
62,62
63,63
64,64
65,65
66,66
67,67
68,68
69,69
70,70
71,71
72,72
74,73
74,74
72,75
76,76
77,77
78,78
79,79
80,80
81,81
77,82
83,83
84,84
33,85
86,86
87,87
88,88
89,89
90,90
91,91
92,92
93,93
94,94
95,95
96,96
97,97
98,98
99,99
100,100
101,101
102,102
103,103
104,104
105,105
106,106
107,107
108,108
109,109
110,110
111,111
112,112
113,113
114,114
115,115
116,116
117,117
118,118
119,119
60,60
61,61
62,62
63,63
64,64
65,65
68,66
20,67
68,68
69,69
68,70
68,71
75,72
74,73
72,74
75,75
76,76
72,77
60,78
79,79
80,80
72,81
38,82
10,83
84,84
72,85
86,86
87,87
88,88
89,89
90,90
91,91
92,92
93,93
94,94
95,95
96,96
97,97
98,98
99,99
100,100
101,101
102,102
103,103
104,104
106,105
106,106
107,107
108,108
109,109
110,110
111,111
117,112
113,113
114,114
115,115
116,116
117,117
118,118
119,119
60,60
61,61
62,62
63,63
64,64
65,65
66,66
67,67
68,68
69,69
70,70
68,71
72,72
73,73
74,74
75,75
76,76
77,77
78,78
79,79
80,80
81,81
82,82
83,83
84,84
85,85
86,86
87,87
88,88
89,89
77,90
91,91
92,92
93,93
94,94
95,95
96,96
97,97
98,98
99,99
100,100
101,101
102,102
103,103
104,104
49,105
53,106
107,107
108,108
53,109
110,110
111,111
112,112
113,113
114,114
115,115
107,116
55,117
118,118
106,119
60,60
61,61
71,62
63,63
64,64
65,65
70,66
67,67
68,68
69,69
70,70
71,71
75,72
73,73
27,74
75,75
71,76
77,77
78,78
79,79
80,80
81,81
82,82
83,83
84,84
85,85
86,86
87,87
88,88
89,89
90,90
91,91
92,92
80,93
94,94
95,95
96,96
97,97
98,98
99,99
100,100
101,101
102,102
103,103
104,104
105,105
106,106
107,107
108,108
109,109
110,110
111,111
112,112
113,113
114,114
115,115
116,116
117,117
118,118
119,119
60,60
61,61
62,62
63,63
64,64
65,65
66,66
67,67
30,68
69,69
70,70
71,71
10,72
83,73
28,74
75,75
76,76
77,77
78,78
79,79
80,80
81,81
82,82
83,83
84,84
85,85
86,86
87,87
89,88
89,89
90,90
91,91
92,92
93,93
94,94
95,95
96,96
97,97
98,98
99,99
100,100
101,101
102,102
94,103
104,104
105,105
106,106
107,107
108,108
109,109
110,110
111,111
112,112
113,113
114,114
115,115
107,116
117,117
118,118
119,119
60,60
60,61
62,62
63,63
64,64
65,65
78,66
67,67
68,68
69,69
71,70
71,71
72,72
74,73
74,74
75,75
93,76
77,77
78,78
79,79
80,80
81,81
82,82
83,83
84,84
85,85
86,86
87,87
89,88
88,89
90,90
91,91
92,92
93,93
94,94
95,95
96,96
97,97
98,98
99,99
100,100
101,101
102,102
103,103
104,104
105,105
108,106
107,107
108,108
106,109
110,110
111,111
112,112
113,113
114,114
115,115
116,116
117,117
118,118
119,119
60,60
60,61
62,62
63,63
64,64
65,65
66,66
67,67
68,68
69,69
68,70
71,71
88,72
90,73
74,74
75,75
76,76
77,77
78,78
79,79
80,80
81,81
90,82
83,83
85,84
85,85
86,86
87,87
88,88
89,89
89,90
91,91
92,92
93,93
94,94
95,95
96,96
97,97
98,98
99,99
100,100
101,101
102,102
103,103
104,104
106,105
106,106
107,107
108,108
109,109
110,110
111,111
112,112
113,113
114,114
115,115
116,116
117,117
115,118
119,119
60,60
61,61
62,62
63,63
64,64
65,65
66,66
67,67
68,68
69,69
70,70
93,71
77,72
73,73
74,74
75,75
92,76
77,77
78,78
79,79
80,80
81,81
82,82
83,83
84,84
85,85
86,86
87,87
88,88
89,89
90,90
91,91
92,92
93,93
94,94
95,95
96,96
97,97
98,98
99,99
100,100
101,101
102,102
103,103
40,104
49,105
106,106
107,107
108,108
106,109
110,110
111,111
112,112
113,113
114,114
115,115
116,116
117,117
59,118
119,119
60,60
61,61
62,62
63,63
62,64
65,65
66,66
67,67
68,68
69,69
70,70
102,71
40,72
90,73
74,74
77,75
92,76
77,77
78,78
79,79
80,80
81,81
82,82
83,83
84,84
85,85
86,86
87,87
88,88
89,89
90,90
91,91
92,92
93,93
94,94
95,95
96,96
97,97
98,98
99,99
100,100
101,101
102,102
103,103
104,104
116,105
106,106
116,107
108,108
109,109
110,110
111,111
112,112
113,113
114,114
115,115
116,116
117,117
118,118
119,119
60,60
61,61
62,62
63,63
64,64
65,65
66,66
114,67
68,68
68,69
70,70
71,71
72,72
73,73
74,74
72,75
76,76
85,77
78,78
68,79
80,80
81,81
81,82
73,83
38,84
85,85
86,86
87,87
88,88
89,89
90,90
91,91
92,92
93,93
94,94
95,95
96,96
97,97
98,98
99,99
100,100
101,101
102,102
103,103
104,104
49,105
106,106
107,107
108,108
109,109
110,110
111,111
112,112
113,113
114,114
115,115
116,116
117,117
118,118
119,119
60,60
61,61
62,62
63,63
64,64
65,65
66,66
67,67
68,68
69,69
70,70
71,71
72,72
74,73
74,74
72,75
76,76
77,77
78,78
79,79
71,80
81,81
82,82
83,83
84,84
85,85
86,86
87,87
88,88
89,89
90,90
91,91
92,92
93,93
94,94
95,95
96,96
97,97
98,98
99,99
100,100
101,101
102,102
103,103
104,104
105,105
106,106
116,107
108,108
109,109
110,110
106,111
112,112
113,113
114,114
115,115
116,116
117,117
118,118
119,119
60,60
61,61
62,62
104,63
99,64
65,65
71,66
67,67
68,68
69,69
71,70
71,71
72,72
72,73
85,74
75,75
76,76
81,77
78,78
79,79
93,80
72,81
82,82
83,83
84,84
85,85
86,86
87,87
88,88
88,89
90,90
91,91
102,92
93,93
94,94
95,95
96,96
97,97
98,98
99,99
100,100
101,101
102,102
94,103
104,104
105,105
106,106
107,107
108,108
109,109
110,110
111,111
112,112
113,113
114,114
115,115
116,116
117,117
118,118
119,119
60,60
61,61
62,62
63,63
62,64
65,65
66,66
60,67
68,68
69,69
70,70
71,71
72,72
73,73
74,74
12,75
76,76
77,77
78,78
79,79
80,80
81,81
82,82
83,83
84,84
85,85
86,86
87,87
88,88
88,89
90,90
91,91
92,92
93,93
94,94
95,95
96,96
97,97
98,98
99,99
47,100
101,101
102,102
103,103
104,104
111,105
106,106
107,107
108,108
109,109
110,110
111,111
112,112
113,113
114,114
115,115
116,116
117,117
118,118
119,119
60,60
61,61
62,62
63,63
64,64
65,65
66,66
67,67
68,68
69,69
68,70
71,71
72,72
77,73
74,74
72,75
76,76
77,77
78,78
79,79
76,80
81,81
81,82
73,83
85,84
85,85
86,86
87,87
88,88
88,89
90,90
91,91
92,92
93,93
94,94
95,95
96,96
97,97
98,98
99,99
100,100
101,101
66,102
103,103
104,104
105,105
106,106
107,107
106,108
109,109
110,110
111,111
112,112
113,113
114,114
115,115
116,116
117,117
118,118
119,119
60,60
61,61
62,62
63,63
64,64
65,65
66,66
67,67
68,68
69,69
70,70
70,71
74,72
73,73
74,74
75,75
76,76
77,77
78,78
79,79
80,80
81,81
9,82
74,83
84,84
33,85
86,86
87,87
88,88
89,89
109,90
91,91
92,92
93,93
94,94
95,95
96,96
97,97
98,98
99,99
100,100
101,101
102,102
103,103
104,104
105,105
106,106
107,107
108,108
109,109
110,110
111,111
112,112
113,113
114,114
115,115
116,116
117,117
118,118
119,119
37,60
0,61
62,62
63,63
64,64
65,65
66,66
67,67
68,68
69,69
71,70
71,71
72,72
74,73
74,74
75,75
68,76
77,77
78,78
79,79
80,80
74,81
77,82
74,83
84,84
85,85
86,86
87,87
88,88
89,89
85,90
91,91
92,92
93,93
94,94
95,95
96,96
97,97
98,98
99,99
100,100
101,101
104,102
103,103
104,104
105,105
106,106
107,107
108,108
109,109
110,110
111,111
106,112
113,113
114,114
115,115
107,116
117,117
118,118
119,119
60,60
61,61
62,62
63,63
64,64
65,65
66,66
67,67
68,68
68,69
69,70
68,71
72,72
83,73
74,74
72,75
76,76
77,77
78,78
79,79
78,80
81,81
82,82
83,83
84,84
85,85
86,86
87,87
88,88
89,89
88,90
91,91
92,92
93,93
94,94
95,95
96,96
97,97
98,98
99,99
100,100
101,101
102,102
103,103
104,104
105,105
106,106
107,107
108,108
109,109
110,110
111,111
112,112
113,113
114,114
115,115
116,116
117,117
118,118
119,119
60,60
61,61
62,62
63,63
64,64
65,65
66,66
67,67
68,68
69,69
70,70
70,71
75,72
73,73
74,74
75,75
70,76
77,77
78,78
79,79
80,80
81,81
82,82
1,83
84,84
85,85
86,86
87,87
88,88
89,89
90,90
91,91
92,92
93,93
94,94
95,95
96,96
97,97
98,98
101,99
100,100
101,101
102,102
103,103
104,104
105,105
105,106
116,107
108,108
109,109
110,110
111,111
112,112
113,113
114,114
115,115
116,116
108,117
118,118
119,119
60,60
61,61
62,62
63,63
64,64
65,65
66,66
67,67
30,68
69,69
70,70
71,71
75,72
73,73
74,74
75,75
76,76
77,77
78,78
79,79
80,80
81,81
82,82
83,83
84,84
85,85
86,86
87,87
89,88
89,89
90,90
91,91
92,92
93,93
94,94
95,95
96,96
97,97
98,98
99,99
100,100
101,101
102,102
94,103
104,104
105,105
106,106
107,107
108,108
109,109
110,110
111,111
112,112
113,113
114,114
115,115
116,116
117,117
118,118
119,119
60,60
61,61
62,62
63,63
64,64
65,65
78,66
67,67
68,68
68,69
70,70
70,71
72,72
73,73
74,74
75,75
69,76
77,77
78,78
79,79
80,80
81,81
82,82
74,83
84,84
85,85
86,86
87,87
89,88
89,89
90,90
113,91
76,92
93,93
94,94
95,95
96,96
97,97
98,98
99,99
100,100
101,101
102,102
103,103
104,104
106,105
106,106
107,107
108,108
109,109
110,110
111,111
112,112
113,113
114,114
115,115
116,116
117,117
118,118
119,119
60,60
61,61
62,62
63,63
64,64
65,65
66,66
67,67
68,68
69,69
70,70
71,71
74,72
73,73
74,74
75,75
76,76
77,77
78,78
79,79
80,80
81,81
82,82
73,83
84,84
85,85
86,86
87,87
88,88
89,89
90,90
91,91
92,92
62,93
94,94
95,95
96,96
97,97
98,98
99,99
100,100
101,101
102,102
103,103
104,104
106,105
106,106
107,107
108,108
109,109
110,110
111,111
112,112
113,113
114,114
115,115
116,116
117,117
118,118
119,119
60,60
61,61
62,62
63,63
64,64
65,65
104,66
67,67
68,68
102,69
70,70
70,71
77,72
73,73
74,74
72,75
92,76
89,77
68,78
79,79
62,80
74,81
82,82
73,83
84,84
85,85
86,86
87,87
88,88
89,89
90,90
91,91
111,92
93,93
94,94
95,95
96,96
97,97
98,98
99,99
100,100
101,101
68,102
103,103
104,104
106,105
106,106
107,107
108,108
109,109
110,110
111,111
112,112
113,113
114,114
115,115
107,116
117,117
118,118
119,119
60,60
61,61
62,62
63,63
62,64
65,65
66,66
67,67
68,68
30,69
71,70
62,71
74,72
74,73
74,74
75,75
92,76
77,77
78,78
79,79
80,80
81,81
82,82
83,83
84,84
85,85
86,86
87,87
89,88
89,89
90,90
100,91
92,92
93,93
94,94
95,95
96,96
97,97
98,98
99,99
100,100
101,101
102,102
103,103
104,104
116,105
106,106
107,107
108,108
106,109
110,110
111,111
112,112
113,113
114,114
115,115
116,116
117,117
118,118
119,119
60,60
61,61
62,62
63,63
64,64
65,65
66,66
67,67
68,68
69,69
70,70
71,71
72,72
73,73
74,74
75,75
76,76
77,77
78,78
79,79
80,80
81,81
82,82
83,83
17,84
85,85
86,86
87,87
88,88
89,89
89,90
91,91
92,92
93,93
94,94
95,95
96,96
97,97
98,98
99,99
100,100
101,101
102,102
103,103
104,104
105,105
106,106
107,107
108,108
109,109
110,110
111,111
112,112
113,113
114,114
118,115
116,116
55,117
118,118
119,119
60,60
18,61
62,62
63,63
64,64
65,65
37,66
67,67
68,68
69,69
71,70
70,71
75,72
74,73
74,74
72,75
76,76
77,77
78,78
68,79
71,80
81,81
82,82
83,83
84,84
33,85
86,86
87,87
89,88
88,89
90,90
91,91
93,92
93,93
94,94
95,95
96,96
97,97
98,98
59,99
100,100
101,101
102,102
103,103
104,104
50,105
106,106
116,107
108,108
109,109
110,110
111,111
112,112
113,113
114,114
59,115
116,116
117,117
118,118
119,119
60,60
61,61
62,62
47,63
6,64
65,65
70,66
67,67
68,68
69,69
70,70
71,71
28,72
83,73
29,74
10,75
30,76
77,77
27,78
79,79
80,80
81,81
82,82
83,83
17,84
85,85
13,86
87,87
88,88
89,89
10,90
5,91
92,92
93,93
94,94
95,95
96,96
97,97
98,98
99,99
34,100
99,101
102,102
103,103
40,104
105,105
109,106
107,107
52,108
53,109
110,110
105,111
112,112
113,113
56,114
115,115
116,116
117,117
118,118
119,119
60,60
61,61
92,62
63,63
105,64
65,65
92,66
67,67
68,68
68,69
70,70
71,71
72,72
83,73
74,74
72,75
30,76
77,77
78,78
79,79
106,80
81,81
82,82
83,83
36,84
85,85
86,86
87,87
88,88
89,89
90,90
91,91
92,92
80,93
94,94
95,95
96,96
97,97
98,98
99,99
100,100
101,101
102,102
103,103
78,104
50,105
109,106
107,107
108,108
53,109
49,110
53,111
112,112
113,113
53,114
59,115
54,116
117,117
119,119
60,60
61,61
62,62
63,63
64,64
65,65
66,66
67,67
68,68
69,69
70,70
71,71
72,72
83,73
74,74
72,75
76,76
77,77
78,78
79,79
80,80
81,81
82,82
28,83
84,84
85,85
86,86
87,87
88,88
89,89
12,90
91,91
30,92
93,93
94,94
95,95
96,96
97,97
98,98
99,99
100,100
101,101
102,102
103,103
104,104
105,105
106,106
107,107
108,108
109,109
110,110
111,111
112,112
113,113
114,114
115,115
107,116
117,117
118,118
119,119
60,60
61,61
62,62
63,63
64,64
65,65
110,66
67,67
68,68
69,69
71,70
71,71
72,72
74,73
74,74
72,75
30,76
32,77
78,78
79,79
80,80
10,81
9,82
72,83
84,84
85,85
86,86
87,87
88,88
88,89
90,90
91,91
62,92
93,93
94,94
95,95
96,96
97,97
98,98
99,99
100,100
101,101
66,102
103,103
104,104
49,105
106,106
107,107
108,108
109,109
110,110
111,111
112,112
113,113
114,114
115,115
107,116
117,117
118,118
119,119
60,60
61,61
62,62
63,63
64,64
65,65
66,66
67,67
68,68
69,69
68,70
69,71
28,72
83,73
74,74
72,75
76,76
74,77
78,78
79,79
80,80
81,81
82,82
83,83
84,84
85,85
86,86
87,87
88,88
89,89
90,90
91,91
92,92
93,93
94,94
95,95
96,96
97,97
98,98
99,99
34,100
101,101
102,102
103,103
104,104
105,105
106,106
107,107
108,108
109,109
110,110
111,111
117,112
113,113
114,114
115,115
116,116
117,117
118,118
119,119
60,60
61,61
62,62
63,63
64,64
65,65
78,66
67,67
68,68
69,69
70,70
71,71
10,72
73,73
74,74
72,75
76,76
74,77
78,78
79,79
76,80
74,81
82,82
83,83
84,84
85,85
86,86
87,87
88,88
89,89
90,90
91,91
92,92
93,93
94,94
95,95
96,96
97,97
98,98
99,99
100,100
101,101
102,102
103,103
104,104
111,105
53,106
107,107
107,108
119,109
50,110
111,111
112,112
91,113
59,115
116,116
55,117
59,118
119,119
60,60
61,61
62,62
63,63
64,64
65,65
66,66
67,67
68,68
69,69
70,70
71,71
72,72
74,73
74,74
29,75
71,76
77,77
78,78
79,79
95,80
81,81
82,82
73,83
84,84
85,85
86,86
87,87
88,88
89,89
90,90
91,91
92,92
93,93
94,94
95,95
96,96
97,97
98,98
99,99
100,100
101,101
102,102
103,103
104,104
55,105
53,106
50,107
108,108
53,109
110,110
53,111
112,112
113,113
114,114
115,115
116,116
117,117
118,118
119,119
60,60
61,61
62,62
63,63
64,64
65,65
66,66
67,67
31,68
69,69
71,70
69,71
11,72
73,73
28,74
10,75
76,76
77,77
68,78
79,79
78,80
81,81
82,82
83,83
84,84
85,85
86,86
87,87
89,88
88,89
90,90
91,91
92,92
93,93
94,94
95,95
96,96
97,97
98,98
99,99
100,100
101,101
68,102
94,103
104,104
106,105
110,106
110,107
108,108
53,109
110,110
50,111
112,112
113,113
114,114
115,115
116,116
117,117
108,118
119,119
60,60
61,61
62,62
63,63
64,64
65,65
66,66
67,67
68,68
30,69
71,70
71,71
72,72
73,73
74,74
72,75
71,76
77,77
78,78
79,79
80,80
81,81
81,82
74,83
84,84
85,85
86,86
87,87
88,88
89,89
90,90
91,91
92,92
93,93
94,94
95,95
96,96
97,97
98,98
99,99
16,100
99,101
102,102
103,103
40,104
105,105
49,106
107,107
108,108
55,109
110,110
53,111
112,112
113,113
114,114
58,115
116,116
55,117
118,118
119,119
60,60
67,61
62,62
63,63
64,64
65,65
66,66
67,67
68,68
68,69
71,70
71,71
75,72
29,73
74,74
75,75
93,76
77,77
78,78
79,79
80,80
81,81
90,82
83,83
84,84
85,85
86,86
87,87
88,88
89,89
90,90
91,91
92,92
93,93
94,94
95,95
96,96
97,97
98,98
99,99
100,100
101,101
37,102
103,103
104,104
109,105
106,106
107,107
108,108
109,109
110,110
111,111
112,112
113,113
114,114
115,115
116,116
117,117
118,118
119,119
60,60
61,61
62,62
63,63
103,64
65,65
66,66
67,67
68,68
69,69
70,70
71,71
77,72
73,73
74,74
75,75
92,76
24,77
78,78
79,79
80,80
74,81
82,82
83,83
84,84
85,85
86,86
87,87
88,88
89,89
90,90
91,91
92,92
93,93
94,94
95,95
96,96
97,97
98,98
99,99
100,100
101,101
102,102
103,103
104,104
49,105
106,106
107,107
105,108
106,109
110,110
111,111
112,112
113,113
109,114
58,115
116,116
117,117
118,118
52,119
60,60
61,61
62,62
63,63
6,64
65,65
66,66
67,67
68,68
69,69
93,70
102,71
74,72
73,73
74,74
73,75
92,76
77,77
78,78
79,79
112,80
81,81
82,82
28,83
36,84
85,85
86,86
87,87
88,88
89,89
90,90
91,91
62,92
93,93
94,94
95,95
96,96
97,97
98,98
99,99
100,100
104,101
67,102
103,103
104,104
116,105
106,106
107,107
108,108
109,109
110,110
111,111
112,112
113,113
114,114
115,115
116,116
55,117
59,118
119,119
60,60
61,61
62,62
63,63
64,64
65,65
66,66
67,67
68,68
69,69
70,70
71,71
75,72
74,73
74,74
75,75
76,76
77,77
78,78
79,79
80,80
81,81
82,82
73,83
84,84
85,85
86,86
87,87
88,88
89,89
90,90
91,91
92,92
93,93
94,94
95,95
96,96
97,97
98,98
99,99
100,100
101,101
104,102
103,103
104,104
106,105
63,106
107,107
108,108
91,109
110,110
111,111
112,112
113,113
114,114
115,115
116,116
117,117
115,118
119,119
60,60
61,61
62,62
63,63
64,64
65,65
66,66
67,67
68,68
68,69
70,70
71,71
75,72
74,73
77,74
75,75
76,76
85,77
78,78
79,79
80,80
81,81
14,82
83,83
84,84
85,85
86,86
87,87
88,88
89,89
89,90
91,91
92,92
93,93
94,94
95,95
96,96
97,97
98,98
99,99
100,100
101,101
102,102
94,103
66,104
105,105
49,106
107,107
108,108
109,109
110,110
111,111
112,112
113,113
114,114
115,115
116,116
117,117
118,118
119,119
60,60
76,61
62,62
63,63
64,64
65,65
66,66
67,67
68,68
69,69
70,70
70,71
72,72
73,73
74,74
75,75
76,76
77,77
78,78
79,79
80,80
81,81
85,82
83,83
84,84
85,85
86,86
87,87
88,88
89,89
88,90
113,91
92,92
62,93
94,94
95,95
96,96
97,97
98,98
99,99
100,100
101,101
102,102
103,103
104,104
105,105
105,106
107,107
108,108
109,109
110,110
111,111
112,112
113,113
114,114
115,115
116,116
117,117
118,118
119,119
60,60
61,61
62,62
63,63
64,64
65,65
66,66
67,67
68,68
69,69
70,70
71,71
72,72
73,73
74,74
91,75
76,76
77,77
78,78
79,79
80,80
81,81
82,82
83,83
84,84
85,85
86,86
87,87
88,88
89,89
90,90
91,91
92,92
93,93
94,94
95,95
96,96
97,97
98,98
99,99
100,100
101,101
102,102
103,103
104,104
105,105
106,106
107,107
108,108
109,109
110,110
111,111
112,112
113,113
114,114
115,115
116,116
117,117
118,118
119,119
60,60
61,61
62,62
63,63
64,64
65,65
66,66
67,67
119,68
69,69
111,70
22,71
72,72
73,73
0,74
10,75
76,76
77,77
78,78
79,79
80,80
0,81
82,82
83,83
84,84
33,85
86,86
87,87
89,88
89,89
90,90
91,91
22,92
6,93
94,94
95,95
96,96
97,97
98,98
99,99
100,100
101,101
102,102
103,103
66,104
105,105
106,106
107,107
108,108
109,109
110,110
111,111
112,112
113,113
114,114
115,115
116,116
117,117
118,118
119,119
60,60
61,61
62,62
63,63
80,64
65,65
66,66
67,67
76,68
69,69
70,70
71,71
28,72
28,73
0,74
74,75
76,76
74,77
78,78
79,79
80,80
81,81
82,82
83,83
1,84
33,85
86,86
87,87
88,88
89,89
90,90
91,91
21,92
93,93
94,94
95,95
96,96
97,97
98,98
99,99
100,100
101,101
40,102
103,103
40,104
105,105
106,106
107,107
108,108
109,109
110,110
111,111
112,112
113,113
114,114
115,115
116,116
117,117
118,118
119,119
60,60
61,61
62,62
63,63
64,64
65,65
66,66
67,67
68,68
69,69
70,70
114,71
75,72
83,73
74,74
75,75
92,76
77,77
78,78
79,79
80,80
81,81
82,82
83,83
36,84
85,85
86,86
87,87
88,88
89,89
12,90
91,91
92,92
93,93
103,94
95,95
96,96
97,97
98,98
99,99
100,100
101,101
102,102
103,103
104,104
105,105
106,106
107,107
108,108
109,109
110,110
111,111
112,112
113,113
114,114
115,115
116,116
117,117
118,118
119,119
60,60
20,61
62,62
63,63
64,64
65,65
70,66
67,67
68,68
69,69
70,70
71,71
72,72
74,73
32,74
75,75
53,76
77,77
78,78
79,79
80,80
81,81
82,82
83,83
17,84
77,85
86,86
87,87
88,88
89,89
90,90
91,91
92,92
93,93
94,94
95,95
96,96
97,97
98,98
99,99
100,100
101,101
102,102
103,103
104,104
105,105
106,106
107,107
108,108
109,109
110,110
111,111
112,112
113,113
114,114
115,115
116,116
117,117
118,118
119,119
60,60
61,61
62,62
63,63
64,64
65,65
66,66
67,67
68,68
69,69
70,70
71,71
72,72
73,73
77,74
75,75
76,76
73,77
78,78
79,79
80,80
81,81
82,82
83,83
84,84
85,85
86,86
87,87
89,88
89,89
90,90
91,91
92,92
93,93
94,94
95,95
96,96
97,97
98,98
99,99
100,100
101,101
102,102
103,103
104,104
106,105
106,106
107,107
108,108
109,109
110,110
111,111
112,112
113,113
114,114
115,115
116,116
117,117
118,118
119,119
60,60
61,61
62,62
63,63
64,64
65,65
66,66
67,67
68,68
69,69
70,70
71,71
72,72
73,73
74,74
75,75
71,76
77,77
78,78
79,79
80,80
81,81
82,82
83,83
84,84
85,85
86,86
87,87
88,88
89,89
90,90
91,91
92,92
93,93
94,94
95,95
96,96
97,97
98,98
99,99
100,100
101,101
104,102
103,103
104,104
105,105
106,106
107,107
108,108
109,109
110,110
111,111
112,112
113,113
70,114
115,115
116,116
117,117
118,118
119,119
60,60
61,61
62,62
63,63
64,64
65,65
66,66
67,67
71,68
69,69
70,70
70,71
72,72
73,73
74,74
74,75
76,76
77,77
78,78
79,79
80,80
82,81
83,82
28,83
84,84
33,85
86,86
87,87
88,88
89,89
90,90
91,91
92,92
93,93
94,94
95,95
96,96
97,97
98,98
99,99
100,100
101,101
102,102
103,103
104,104
105,105
107,106
107,107
108,108
109,109
110,110
111,111
112,112
113,113
114,114
115,115
116,116
117,117
118,118
119,119
60,60
61,61
62,62
63,63
64,64
65,65
66,66
67,67
70,68
69,69
70,70
71,71
75,72
28,73
74,74
75,75
76,76
77,77
39,78
79,79
80,80
81,81
82,82
83,83
84,84
85,85
86,86
87,87
89,88
89,89
90,90
91,91
92,92
80,93
94,94
95,95
96,96
97,97
98,98
99,99
100,100
101,101
102,102
103,103
104,104
105,105
109,106
107,107
108,108
109,109
110,110
111,111
112,112
113,113
114,114
115,115
116,116
117,117
118,118
119,119
60,60
61,61
62,62
63,63
64,64
65,65
66,66
67,67
68,68
69,69
31,70
71,71
72,72
81,73
74,74
72,75
92,76
77,77
78,78
79,79
80,80
81,81
82,82
83,83
84,84
85,85
86,86
87,87
88,88
89,89
90,90
91,91
92,92
93,93
94,94
95,95
96,96
97,97
98,98
99,99
100,100
101,101
37,102
103,103
104,104
105,105
106,106
107,107
108,108
109,109
110,110
111,111
112,112
113,113
114,114
115,115
116,116
117,117
118,118
119,119
60,60
61,61
62,62
63,63
64,64
65,65
102,66
67,67
68,68
71,69
71,70
71,71
75,72
73,73
74,74
10,75
28,76
77,77
78,78
79,79
80,80
81,81
82,82
83,83
84,84
33,85
86,86
87,87
88,88
89,89
90,90
91,91
92,92
93,93
94,94
95,95
96,96
97,97
98,98
99,99
100,100
101,101
102,102
103,103
104,104
105,105
106,106
107,107
108,108
109,109
110,110
111,111
112,112
113,113
114,114
115,115
116,116
117,117
118,118
119,119
60,60
61,61
62,62
63,63
64,64
65,65
66,66
67,67
71,68
69,69
76,70
71,71
11,72
73,73
74,74
11,75
76,76
77,77
78,78
79,79
80,80
72,81
82,82
83,83
84,84
85,85
86,86
87,87
88,88
89,89
90,90
91,91
92,92
93,93
94,94
95,95
96,96
97,97
63,98
99,99
100,100
101,101
104,102
103,103
104,104
105,105
106,106
107,107
108,108
114,109
110,110
111,111
112,112
113,113
114,114
115,115
116,116
117,117
118,118
119,119
60,60
61,61
62,62
63,63
64,64
65,65
66,66
67,67
68,68
69,69
70,70
71,71
10,72
28,73
28,74
10,75
71,76
77,77
104,78
79,79
80,80
81,81
82,82
73,83
38,84
85,85
86,86
87,87
88,88
89,89
90,90
91,91
92,92
93,93
94,94
95,95
96,96
97,97
98,98
99,99
100,100
101,101
66,102
103,103
104,104
105,105
106,106
107,107
108,108
109,109
110,110
111,111
112,112
113,113
114,114
115,115
116,116
117,117
118,118
119,119
60,60
61,61
62,62
63,63
64,64
27,65
66,66
67,67
68,68
30,69
71,70
71,71
29,72
73,73
74,74
75,75
76,76
32,77
78,78
42,79
80,80
10,81
33,82
73,83
84,84
85,85
86,86
104,87
88,88
89,89
10,90
91,91
92,92
93,93
94,94
95,95
96,96
97,97
98,98
99,99
100,100
101,101
102,102
103,103
104,104
106,105
106,106
107,107
108,108
109,109
110,110
111,111
112,112
113,113
114,114
115,115
116,116
117,117
118,118
119,119
19,60
61,61
62,62
63,63
64,64
65,65
66,66
67,67
68,68
69,69
70,70
71,71
10,72
73,73
28,74
10,75
76,76
77,77
78,78
79,79
80,80
81,81
82,82
73,83
84,84
85,85
86,86
87,87
89,88
89,89
90,90
91,91
92,92
93,93
94,94
95,95
96,96
97,97
98,98
99,99
100,100
101,101
102,102
103,103
104,104
105,105
49,106
107,107
56,108
109,109
50,110
111,111
112,112
113,113
114,114
115,115
116,116
117,117
118,118
119,119
60,60
61,61
62,62
63,63
64,64
57,65
102,66
67,67
68,68
32,69
70,70
70,71
28,72
73,73
28,74
10,75
76,76
77,77
78,78
79,79
80,80
10,81
82,82
83,83
36,84
85,85
86,86
87,87
88,88
89,89
90,90
91,91
92,92
93,93
94,94
95,95
96,96
97,97
98,98
99,99
13,100
101,101
102,102
103,103
40,104
105,105
106,106
107,107
108,108
109,109
110,110
111,111
112,112
113,113
114,114
115,115
116,116
117,117
118,118
119,119
60,60
18,61
62,62
63,63
64,64
65,65
102,66
20,67
68,68
69,69
71,70
71,71
11,72
73,73
28,74
72,75
76,76
81,77
78,78
79,79
80,80
81,81
82,82
28,83
1,84
28,85
86,86
87,87
88,88
89,89
90,90
91,91
92,92
93,93
94,94
95,95
96,96
97,97
98,98
99,99
100,100
101,101
102,102
6,103
104,104
105,105
109,106
107,107
108,108
109,109
110,110
111,111
112,112
113,113
114,114
115,115
116,116
117,117
118,118
119,119
60,60
61,61
63,63
64,64
65,65
66,66
67,67
76,68
69,69
70,70
70,71
12,72
73,73
73,74
75,75
76,76
77,77
78,78
79,79
80,80
81,81
29,82
83,83
84,84
85,85
86,86
87,87
88,88
89,89
90,90
91,91
92,92
93,93
94,94
95,95
96,96
97,97
98,98
99,99
100,100
101,101
102,102
103,103
27,104
105,105
106,106
107,107
108,108
107,109
110,110
111,111
112,112
113,113
114,114
115,115
116,116
117,117
118,118
119,119
60,60
61,61
62,62
63,63
4,64
65,65
37,66
67,67
68,68
69,69
70,70
70,71
75,72
53,73
74,74
75,75
76,76
77,77
78,78
79,79
80,80
12,81
82,82
83,83
36,84
33,85
13,86
87,87
89,88
89,89
12,90
91,91
92,92
93,93
94,94
95,95
96,96
97,97
41,98
99,99
100,100
101,101
30,102
103,103
30,104
105,105
106,106
107,107
108,108
109,109
50,110
111,111
112,112
113,113
114,114
115,115
116,116
117,117
118,118
119,119
60,60
61,61
62,62
63,63
64,64
65,65
66,66
67,67
68,68
69,69
70,70
71,71
72,72
73,73
73,74
72,75
76,76
77,77
78,78
79,79
80,80
81,81
82,82
73,83
84,84
9,85
86,86
87,87
88,88
89,89
90,90
91,91
92,92
93,93
94,94
95,95
96,96
97,97
98,98
99,99
100,100
101,101
102,102
94,103
104,104
105,105
106,106
107,107
108,108
53,109
110,110
111,111
112,112
113,113
114,114
115,115
116,116
55,117
118,118
119,119
60,60
61,61
62,62
63,63
64,64
65,65
66,66
67,67
68,68
69,69
70,70
71,71
72,72
73,73
74,74
72,75
76,76
77,77
78,78
79,79
80,80
81,81
82,82
73,83
84,84
85,85
86,86
87,87
88,88
89,89
90,90
91,91
76,92
93,93
94,94
95,95
96,96
97,97
98,98
99,99
100,100
101,101
102,102
103,103
104,104
105,105
106,106
107,107
108,108
109,109
110,110
111,111
112,112
113,113
114,114
115,115
116,116
117,117
118,118
119,119
60,60
61,61
62,62
63,63
64,64
65,65
66,66
67,67
68,68
69,69
70,70
71,71
75,72
73,73
28,74
75,75
76,76
77,77
78,78
79,79
80,80
10,81
82,82
83,83
84,84
33,85
45,86
87,87
88,88
89,89
90,90
91,91
92,92
93,93
94,94
95,95
96,96
97,97
98,98
99,99
100,100
101,101
102,102
103,103
104,104
105,105
106,106
107,107
108,108
109,109
110,110
111,111
112,112
113,113
114,114
115,115
116,116
117,117
118,118
119,119
60,60
61,61
62,62
63,63
64,64
65,65
66,66
67,67
68,68
69,69
70,70
71,71
32,72
73,73
74,74
28,75
76,76
77,77
78,78
79,79
93,80
12,81
82,82
83,83
84,84
33,85
86,86
87,87
89,88
88,89
90,90
91,91
92,92
93,93
94,94
95,95
96,96
97,97
98,98
99,99
100,100
101,101
102,102
103,103
104,104
105,105
105,106
107,107
108,108
109,109
110,110
111,111
112,112
113,113
114,114
115,115
107,116
117,117
118,118
119,119
60,60
61,61
62,62
63,63
64,64
65,65
66,66
67,67
68,68
69,69
70,70
71,71
72,72
73,73
74,74
75,75
76,76
77,77
90,78
79,79
80,80
81,81
82,82
83,83
84,84
85,85
13,86
87,87
88,88
89,89
90,90
91,91
92,92
93,93
94,94
95,95
96,96
97,97
98,98
99,99
100,100
101,101
102,102
103,103
104,104
106,105
106,106
107,107
108,108
109,109
110,110
111,111
112,112
113,113
114,114
115,115
116,116
117,117
118,118
119,119
60,60
61,61
62,62
63,63
64,64
65,65
66,66
67,67
68,68
69,69
22,70
76,71
75,72
73,73
74,74
10,75
76,76
77,77
78,78
79,79
80,80
10,81
82,82
83,83
36,84
85,85
86,86
87,87
88,88
89,89
90,90
91,91
92,92
93,93
94,94
95,95
96,96
97,97
98,98
99,99
100,100
101,101
102,102
103,103
104,104
105,105
105,106
107,107
108,108
109,109
110,110
111,111
112,112
113,113
114,114
115,115
114,116
109,117
118,118
119,119
60,60
61,61
62,62
63,63
64,64
65,65
66,66
67,67
68,68
69,69
71,70
71,71
72,72
73,73
11,74
72,75
76,76
73,77
78,78
79,79
80,80
81,81
82,82
83,83
84,84
83,85
86,86
87,87
88,88
89,89
90,90
91,91
92,92
93,93
94,94
95,95
96,96
97,97
98,98
99,99
100,100
101,101
102,102
103,103
104,104
105,105
106,106
107,107
108,108
109,109
110,110
111,111
112,112
113,113
114,114
115,115
116,116
117,117
118,118
119,119
60,60
61,61
62,62
63,63
64,64
65,65
35,66
67,67
68,68
69,69
70,70
71,71
90,72
73,73
83,74
76,75
76,76
77,77
78,78
79,79
80,80
81,81
82,82
83,83
84,84
85,85
86,86
87,87
90,88
89,89
90,90
91,91
92,92
93,93
94,94
95,95
96,96
97,97
98,98
99,99
100,100
101,101
102,102
103,103
104,104
105,105
105,106
107,107
108,108
109,109
110,110
111,111
112,112
113,113
114,114
115,115
116,116
117,117
118,118
119,119
60,60
61,61
62,62
63,63
64,64
65,65
66,66
67,67
68,68
69,69
70,70
71,71
72,72
74,73
74,74
75,75
76,76
77,77
78,78
79,79
80,80
72,81
82,82
83,83
84,84
85,85
101,86
87,87
89,88
89,89
90,90
91,91
92,92
62,93
94,94
95,95
96,96
97,97
98,98
99,99
100,100
101,101
102,102
103,103
104,104
64,105
100,106
107,107
108,108
113,109
110,110
111,111
112,112
113,113
114,114
115,115
116,116
117,117
118,118
119,119
60,60
61,61
62,62
63,63
64,64
65,65
66,66
67,67
68,68
69,69
70,70
71,71
75,72
73,73
74,74
75,75
76,76
77,77
78,78
79,79
80,80
81,81
81,82
83,83
84,84
85,85
86,86
87,87
88,88
89,89
89,90
91,91
92,92
93,93
94,94
95,95
96,96
97,97
98,98
99,99
100,100
101,101
102,102
94,103
104,104
105,105
106,106
107,107
108,108
109,109
110,110
111,111
112,112
113,113
114,114
115,115
116,116
117,117
118,118
119,119
61,60
61,61
62,62
16,63
64,64
65,65
78,66
67,67
76,68
69,69
70,70
30,71
75,72
73,73
74,74
75,75
76,76
77,77
78,78
79,79
80,80
81,81
82,82
83,83
84,84
85,85
86,86
87,87
88,88
89,89
88,90
113,91
92,92
93,93
94,94
95,95
96,96
97,97
98,98
99,99
100,100
101,101
102,102
103,103
104,104
105,105
105,106
107,107
108,108
109,109
110,110
111,111
112,112
113,113
114,114
115,115
116,116
117,117
118,118
119,119
60,60
61,61
62,62
63,63
108,64
65,65
66,66
67,67
68,68
69,69
70,70
71,71
72,72
73,73
74,74
91,75
76,76
77,77
78,78
79,79
80,80
81,81
82,82
74,83
84,84
85,85
86,86
87,87
88,88
89,89
90,90
91,91
92,92
93,93
94,94
95,95
96,96
97,97
98,98
99,99
100,100
101,101
102,102
103,103
104,104
105,105
106,106
107,107
108,108
109,109
110,110
111,111
112,112
113,113
114,114
115,115
116,116
117,117
118,118
119,119
60,60
61,61
62,62
63,63
64,64
65,65
66,66
67,67
76,68
69,69
70,70
92,71
72,72
29,73
28,74
10,75
54,76
39,77
77,78
79,79
80,80
81,81
12,82
28,83
84,84
85,85
86,86
87,87
88,88
89,89
90,90
91,91
21,92
6,93
94,94
95,95
96,96
97,97
98,98
99,99
100,100
101,101
37,102
103,103
32,104
106,105
106,106
107,107
108,108
109,109
110,110
111,111
112,112
113,113
114,114
115,115
116,116
55,117
118,118
119,119
60,60
61,61
62,62
63,63
64,64
65,65
66,66
102,67
76,68
69,69
70,70
71,71
72,72
28,73
77,74
33,75
76,76
77,77
38,78
79,79
80,80
81,81
82,82
83,83
84,84
85,85
86,86
87,87
88,88
89,89
78,90
91,91
21,92
62,93
94,94
95,95
96,96
97,97
98,98
99,99
100,100
101,101
104,102
86,103
40,104
105,105
106,106
107,107
108,108
109,109
110,110
111,111
112,112
113,113
114,114
115,115
116,116
117,117
118,118
119,119
60,60
61,61
62,62
63,63
64,64
80,65
116,66
67,67
114,68
69,69
70,70
71,71
72,72
28,73
74,74
90,75
94,76
77,77
78,78
79,79
80,80
81,81
82,82
83,83
102,84
80,85
86,86
87,87
88,88
6,89
9,90
91,91
92,92
93,93
103,94
95,95
96,96
97,97
98,98
99,99
100,100
101,101
78,102
103,103
102,104
105,105
106,106
110,107
108,108
109,109
110,110
111,111
112,112
113,113
114,114
115,115
116,116
117,117
118,118
119,119
60,60
61,61
62,62
63,63
64,64
65,65
66,66
67,67
68,68
69,69
109,70
70,71
72,72
83,73
74,74
75,75
76,76
77,77
78,78
79,79
80,80
81,81
82,82
83,83
84,84
77,85
86,86
87,87
88,88
89,89
90,90
91,91
92,92
93,93
94,94
95,95
96,96
97,97
98,98
99,99
100,100
101,101
102,102
103,103
104,104
106,105
106,106
107,107
108,108
53,109
110,110
111,111
112,112
113,113
114,114
115,115
116,116
117,117
118,118
119,119
60,60
61,61
62,62
63,63
64,64
65,65
71,66
67,67
68,68
69,69
70,70
71,71
72,72
73,73
73,74
75,75
76,76
83,77
78,78
79,79
80,80
81,81
77,82
83,83
84,84
85,85
86,86
87,87
89,88
89,89
90,90
91,91
92,92
93,93
71,94
95,95
96,96
97,97
98,98
99,99
100,100
101,101
102,102
94,103
104,104
105,105
106,106
107,107
108,108
109,109
110,110
111,111
112,112
113,113
114,114
115,115
116,116
117,117
118,118
119,119
60,60
61,61
62,62
63,63
64,64
65,65
66,66
67,67
68,68
69,69
70,70
71,71
72,72
73,73
74,74
75,75
71,76
77,77
78,78
79,79
80,80
81,81
82,82
83,83
84,84
85,85
86,86
87,87
88,88
89,89
90,90
91,91
92,92
93,93
94,94
95,95
96,96
97,97
98,98
99,99
100,100
101,101
66,102
103,103
104,104
105,105
106,106
107,107
108,108
109,109
110,110
111,111
112,112
113,113
39,114
115,115
116,116
117,117
118,118
119,119
60,60
61,61
62,62
63,63
64,64
65,65
66,66
44,67
68,68
103,69
70,70
71,71
72,72
73,73
74,74
74,75
76,76
77,77
78,78
79,79
80,80
77,81
77,82
74,83
84,84
33,85
86,86
87,87
88,88
89,89
90,90
91,91
92,92
93,93
94,94
95,95
96,96
97,97
98,98
99,99
100,100
101,101
102,102
103,103
67,104
106,105
107,106
107,107
108,108
109,109
110,110
111,111
112,112
113,113
114,114
59,115
116,116
117,117
118,118
119,119
60,60
61,61
62,62
63,63
64,64
65,65
66,66
67,67
68,68
69,69
70,70
71,71
75,72
83,73
74,74
75,75
76,76
77,77
39,78
79,79
80,80
81,81
82,82
83,83
84,84
85,85
86,86
87,87
88,88
89,89
90,90
92,92
80,93
94,94
95,95
96,96
97,97
98,98
99,99
100,100
101,101
102,102
103,103
104,104
105,105
106,106
107,107
108,108
109,109
110,110
111,111
112,112
113,113
114,114
115,115
116,116
54,117
118,118
119,119
60,60
61,61
62,62
63,63
64,64
65,65
66,66
67,67
68,68
69,69
76,70
92,71
72,72
81,73
74,74
29,75
76,76
83,77
78,78
79,79
80,80
81,81
82,82
83,83
84,84
85,85
86,86
87,87
14,88
89,89
90,90
91,91
22,92
93,93
94,94
95,95
96,96
97,97
98,98
99,99
100,100
99,101
102,102
103,103
37,104
106,105
106,106
107,107
108,108
109,109
110,110
111,111
112,112
113,113
114,114
115,115
116,116
117,117
118,118
119,119
60,60
61,61
62,62
63,63
64,64
65,65
104,66
67,67
68,68
69,69
70,70
71,71
72,72
73,73
74,74
75,75
92,76
77,77
78,78
79,79
80,80
81,81
82,82
83,83
84,84
85,85
86,86
87,87
88,88
89,89
90,90
91,91
92,92
93,93
94,94
95,95
96,96
97,97
98,98
99,99
100,100
101,101
102,102
103,103
104,104
105,105
105,106
107,107
108,108
109,109
110,110
111,111
112,112
113,113
114,114
115,115
116,116
117,117
118,118
119,119
64,64
65,65
66,66
67,67
71,68
69,69
76,70
71,71
72,72
10,73
74,74
10,75
76,76
77,77
78,78
79,79
80,80
81,81
82,82
83,83
84,84
85,85
86,86
87,87
88,88
89,89
90,90
91,91
92,92
93,93
94,94
95,95
96,96
97,97
63,98
99,99
100,100
101,101
104,102
30,103
104,104
105,105
106,106
107,107
108,108
109,109
110,110
111,111
112,112
113,113
114,114
115,115
116,116
117,117
118,118
119,119
60,60
61,61
62,62
63,63
64,64
65,65
66,66
67,67
68,68
69,69
70,70
71,71
72,72
73,73
72,74
75,75
68,76
77,77
66,78
79,79
80,80
81,81
82,82
74,83
104,84
85,85
86,86
87,87
88,88
89,89
90,90
91,91
92,92
93,93
94,94
95,95
96,96
97,97
25,98
99,99
100,100
101,101
104,102
103,103
104,104
105,105
106,106
107,107
108,108
109,109
110,110
111,111
112,112
113,113
114,114
115,115
116,116
55,117
118,118
119,119
60,60
61,61
62,62
63,63
64,64
28,65
39,66
95,67
68,68
32,69
70,70
71,71
75,72
29,73
28,74
10,75
76,76
32,77
78,78
42,79
80,80
10,81
24,82
73,83
24,84
85,85
86,86
45,87
88,88
89,89
10,90
91,91
92,92
93,93
94,94
95,95
96,96
97,97
98,98
99,99
100,100
101,101
102,102
103,103
104,104
105,105
106,106
107,107
108,108
109,109
50,110
111,111
112,112
113,113
114,114
115,115
110,116
117,117
118,118
119,119
60,60
61,61
62,62
63,63
64,64
65,65
102,66
67,67
68,68
69,69
70,70
71,71
10,72
73,73
74,74
75,75
76,76
77,77
78,78
79,79
80,80
81,81
82,82
83,83
84,84
85,85
86,86
87,87
88,88
89,89
90,90
91,91
92,92
93,93
94,94
95,95
96,96
97,97
98,98
99,99
100,100
101,101
102,102
103,103
104,104
105,105
49,106
107,107
56,108
109,109
110,110
111,111
112,112
113,113
114,114
115,115
116,116
117,117
118,118
119,119
60,60
61,61
62,62
63,63
64,64
57,65
66,66
60,67
68,68
32,69
70,70
27,71
28,72
73,73
28,74
72,75
76,76
77,77
78,78
79,79
80,80
81,81
82,82
28,83
84,84
85,85
86,86
87,87
88,88
89,89
90,90
91,91
92,92
93,93
94,94
95,95
96,96
97,97
98,98
99,99
13,100
101,101
39,102
6,103
40,104
105,105
106,106
107,107
108,108
109,109
110,110
111,111
112,112
113,113
114,114
115,115
116,116
117,117
118,118
119,119
60,60
61,61
62,62
63,63
64,64
65,65
66,66
67,67
68,68
69,69
70,70
71,71
73,72
73,73
28,74
75,75
76,76
77,77
78,78
79,79
80,80
81,81
82,82
28,83
1,84
29,85
86,86
87,87
88,88
89,89
90,90
91,91
92,92
93,93
94,94
95,95
96,96
97,97
98,98
99,99
100,100
101,101
102,102
6,103
40,104
105,105
109,106
107,107
108,108
109,109
110,110
111,111
112,112
113,113
114,114
115,115
116,116
117,117
118,118
119,119
60,60
61,61
62,62
63,63
64,64
80,65
66,66
67,67
71,68
69,69
70,70
70,71
10,72
73,73
83,74
75,75
31,76
77,77
78,78
79,79
80,80
81,81
82,82
28,83
84,84
85,85
13,86
87,87
88,88
89,89
90,90
92,92
62,93
94,94
39,95
96,96
97,97
35,98
99,99
100,100
101,101
102,102
21,103
36,104
105,105
106,106
107,107
108,108
107,109
110,110
111,111
112,112
113,113
53,114
115,115
116,116
117,117
118,118
119,119
60,60
61,61
62,62
63,63
80,64
65,65
66,66
67,67
71,68
69,69
70,70
71,71
75,72
9,73
82,74
82,75
76,76
77,77
78,78
79,79
82,80
81,81
82,82
83,83
84,84
85,85
86,86
87,87
88,88
89,89
90,90
91,91
92,92
93,93
94,94
95,95
96,96
97,97
41,98
99,99
100,100
101,101
102,102
103,103
104,104
105,105
106,106
107,107
108,108
109,109
110,110
111,111
112,112
113,113
114,114
115,115
64,116
117,117
118,118
119,119
60,60
61,61
62,62
63,63
64,64
106,65
66,66
67,67
68,68
69,69
71,70
71,71
72,72
74,73
35,74
74,75
76,76
77,77
78,78
79,79
80,80
90,81
82,82
73,83
84,84
9,85
86,86
87,87
88,88
89,89
90,90
91,91
76,92
62,93
94,94
95,95
96,96
97,97
98,98
99,99
100,100
101,101
102,102
94,103
102,104
116,105
106,106
107,107
108,108
53,109
110,110
111,111
112,112
113,113
114,114
115,115
116,116
117,117
118,118
119,119
60,60
61,61
62,62
63,63
64,64
65,65
66,66
67,67
68,68
69,69
70,70
70,71
72,72
73,73
74,74
75,75
76,76
77,77
78,78
79,79
80,80
81,81
82,82
73,83
84,84
85,85
86,86
87,87
88,88
89,89
90,90
91,91
76,92
62,93
94,94
95,95
96,96
97,97
98,98
99,99
100,100
101,101
102,102
103,103
104,104
105,105
105,106
107,107
108,108
109,109
110,110
111,111
112,112
113,113
114,114
115,115
116,116
117,117
118,118
119,119
62,62
63,63
64,64
65,65
38,66
67,67
30,68
69,69
70,70
71,71
72,72
73,73
74,74
74,75
76,76
83,77
78,78
79,79
80,80
73,81
82,82
83,83
84,84
33,85
86,86
87,87
88,88
88,89
90,90
91,91
92,92
93,93
94,94
95,95
96,96
97,97
98,98
99,99
100,100
101,101
102,102
103,103
43,104
105,105
106,106
107,107
108,108
109,109
110,110
111,111
112,112
113,113
114,114
115,115
116,116
117,117
118,118
119,119
60,60
61,61
62,62
63,63
80,64
76,65
76,66
67,67
68,68
69,69
70,70
71,71
32,72
73,73
74,74
72,75
76,76
77,77
78,78
79,79
64,80
10,81
82,82
83,83
84,84
85,85
86,86
87,87
88,88
89,89
90,90
91,91
92,92
93,93
94,94
95,95
96,96
97,97
98,98
99,99
100,100
101,101
102,102
103,103
104,104
105,105
106,106
107,107
108,108
109,109
110,110
111,111
112,112
113,113
114,114
115,115
107,116
117,117
118,118
119,119
60,60
61,61
62,62
63,63
82,64
65,65
102,66
67,67
68,68
69,69
70,70
71,71
83,72
73,73
74,74
28,75
76,76
77,77
84,78
79,79
80,80
81,81
82,82
83,83
84,84
85,85
86,86
87,87
88,88
89,89
90,90
91,91
92,92
93,93
94,94
95,95
96,96
97,97
98,98
99,99
100,100
101,101
102,102
103,103
104,104
109,105
106,106
107,107
108,108
109,109
110,110
111,111
112,112
113,113
114,114
115,115
116,116
117,117
118,118
119,119
60,60
61,61
62,62
63,63
64,64
65,65
66,66
67,67
68,68
69,69
70,70
71,71
75,72
73,73
83,74
75,75
76,76
77,77
78,78
79,79
80,80
81,81
82,82
83,83
84,84
85,85
86,86
87,87
88,88
89,89
90,90
91,91
92,92
93,93
94,94
95,95
96,96
97,97
98,98
99,99
100,100
101,101
102,102
103,103
104,104
106,105
55,106
107,107
108,108
114,109
110,110
111,111
112,112
113,113
114,114
115,115
116,116
114,117
118,118
119,119
61,61
62,62
63,63
64,64
65,65
104,66
67,67
68,68
69,69
71,70
71,71
77,72
73,73
72,74
72,75
76,76
73,77
78,78
79,79
80,80
82,81
82,82
83,83
84,84
82,85
86,86
87,87
88,88
89,89
109,90
91,91
92,92
93,93
94,94
95,95
96,96
97,97
98,98
99,99
100,100
101,101
102,102
103,103
104,104
105,105
105,106
107,107
108,108
109,109
116,110
111,111
112,112
113,113
106,114
115,115
116,116
117,117
118,118
52,119
60,60
61,61
62,62
63,63
64,64
65,65
102,66
67,67
68,68
69,69
70,70
71,71
11,72
76,73
74,74
73,75
76,76
77,77
78,78
79,79
80,80
81,81
82,82
83,83
84,84
83,85
86,86
87,87
88,88
88,89
90,90
91,91
92,92
93,93
94,94
95,95
96,96
97,97
98,98
99,99
100,100
101,101
102,102
103,103
104,104
105,105
106,106
107,107
108,108
109,109
110,110
111,111
112,112
113,113
114,114
115,115
116,116
117,117
118,118
119,119
60,60
61,61
62,62
63,63
64,64
65,65
66,66
67,67
68,68
69,69
70,70
71,71
75,72
73,73
44,74
75,75
76,76
77,77
78,78
79,79
80,80
73,81
82,82
83,83
84,84
85,85
86,86
87,87
88,88
89,89
90,90
91,91
92,92
93,93
94,94
95,95
96,96
97,97
98,98
99,99
100,100
101,101
102,102
103,103
104,104
64,105
91,106
107,107
108,108
113,109
110,110
110,111
112,112
118,113
114,114
115,115
116,116
117,117
118,118
119,119
60,60
61,61
62,62
24,63
105,64
63,65
92,66
67,67
68,68
69,69
70,70
76,71
75,72
74,73
74,74
75,75
119,76
77,77
78,78
79,79
80,80
81,81
82,82
83,83
84,84
85,85
86,86
87,87
88,88
88,89
89,90
91,91
92,92
93,93
94,94
39,95
96,96
97,97
98,98
99,99
100,100
101,101
102,102
103,103
104,104
50,105
106,106
107,107
108,108
109,109
110,110
111,111
112,112
113,113
114,114
115,115
116,116
117,117
118,118
119,119
60,60
61,61
62,62
63,63
64,64
65,65
71,66
92,67
68,68
69,69
76,70
30,71
81,72
73,73
74,74
75,75
76,76
77,77
78,78
79,79
80,80
81,81
82,82
83,83
84,84
85,85
86,86
87,87
88,88
89,89
88,90
91,91
92,92
93,93
94,94
95,95
96,96
97,97
98,98
99,99
100,100
101,101
102,102
103,103
104,104
105,105
49,106
107,107
119,108
114,109
50,110
111,111
112,112
113,113
114,114
59,115
105,116
55,117
118,118
119,119
60,60
61,61
62,62
63,63
64,64
65,65
104,66
67,67
69,68
69,69
71,70
71,71
90,72
81,73
72,74
63,75
76,76
73,77
78,78
79,79
80,80
85,81
82,82
83,83
85,84
85,85
86,86
87,87
12,88
89,89
10,90
91,91
92,92
93,93
94,94
95,95
96,96
97,97
98,98
99,99
100,100
101,101
102,102
103,103
40,104
105,105
106,106
107,107
108,108
109,109
110,110
111,111
112,112
113,113
109,114
115,115
116,116
117,117
118,118
119,119
60,60
61,61
62,62
63,63
64,64
65,65
66,66
67,67
92,68
69,69
22,70
22,71
72,72
73,73
0,74
10,75
76,76
77,77
78,78
79,79
80,80
81,81
82,82
83,83
84,84
85,85
86,86
87,87
88,88
89,89
90,90
91,91
92,92
26,93
94,94
95,95
96,96
97,97
98,98
99,99
100,100
101,101
102,102
103,103
102,104
49,105
106,106
107,107
112,108
109,109
110,110
111,111
112,112
113,113
114,114
59,115
116,116
117,117
118,118
119,119
60,60
61,61
62,62
63,63
105,64
65,65
66,66
102,67
76,68
69,69
37,70
71,71
74,72
74,73
74,74
11,75
76,76
74,77
78,78
79,79
80,80
81,81
82,82
83,83
1,84
85,85
86,86
87,87
88,88
89,89
12,90
91,91
103,92
93,93
103,94
95,95
96,96
97,97
98,98
99,99
100,100
101,101
4,102
103,103
43,104
106,105
106,106
107,107
108,108
109,109
110,110
111,111
112,112
113,113
114,114
115,115
116,116
55,117
118,118
119,119
60,60
61,61
62,62
63,63
64,64
65,65
66,66
67,67
68,68
69,69
71,70
76,71
75,72
83,73
74,74
75,75
71,76
77,77
78,78
79,79
80,80
81,81
82,82
83,83
62,84
77,85
86,86
87,87
88,88
86,89
12,90
91,91
92,92
93,93
94,94
95,95
96,96
97,97
98,98
99,99
100,100
101,101
0,102
103,103
104,104
105,105
106,106
50,107
108,108
109,109
50,110
111,111
112,112
113,113
114,114
115,115
107,116
117,117
118,118
119,119
60,60
20,61
64,62
63,63
64,64
65,65
66,66
67,67
68,68
69,69
93,70
114,71
72,72
72,73
74,74
75,75
31,76
77,77
78,78
79,79
80,80
81,81
85,82
75,83
17,84
77,85
87,87
88,88
89,89
90,90
91,91
21,92
93,93
103,94
95,95
96,96
97,97
98,98
99,99
100,100
101,101
102,102
103,103
66,104
106,105
106,106
107,107
108,108
109,109
110,110
111,111
112,112
113,113
114,114
115,115
116,116
117,117
118,118
119,119
60,60
61,61
62,62
63,63
64,64
65,65
66,66
67,67
68,68
69,69
70,70
71,71
72,72
73,73
74,74
75,75
76,76
77,77
78,78
79,79
80,80
81,81
82,82
81,83
84,84
85,85
86,86
87,87
89,88
89,89
88,90
91,91
92,92
93,93
94,94
95,95
96,96
97,97
98,98
99,99
100,100
101,101
102,102
103,103
66,104
106,105
106,106
107,107
108,108
109,109
110,110
111,111
112,112
113,113
114,114
115,115
116,116
117,117
118,118
119,119
60,60
61,61
62,62
63,63
12,64
64,65
66,66
80,67
68,68
69,69
70,70
71,71
75,72
73,73
74,74
75,75
71,76
77,77
78,78
79,79
80,80
81,81
82,82
83,83
84,84
85,85
86,86
87,87
88,88
89,89
90,90
91,91
71,92
93,93
94,94
95,95
96,96
97,97
98,98
99,99
100,100
101,101
104,102
103,103
104,104
109,105
106,106
107,107
108,108
109,109
110,110
111,111
112,112
113,113
114,114
115,115
116,116
55,117
118,118
119,119
60,60
61,61
62,62
63,63
64,64
65,65
66,66
67,67
68,68
69,69
70,70
71,71
72,72
73,73
74,74
74,75
76,76
77,77
78,78
79,79
80,80
81,81
82,82
83,83
84,84
33,85
86,86
87,87
88,88
89,89
90,90
91,91
92,92
93,93
94,94
95,95
96,96
97,97
98,98
99,99
100,100
101,101
102,102
103,103
104,104
106,105
106,106
107,107
108,108
109,109
110,110
111,111
112,112
113,113
114,114
115,115
8,116
117,117
118,118
119,119
60,60
61,61
62,62
63,63
64,64
65,65
66,66
61,67
68,68
70,69
70,70
70,71
72,72
74,73
74,74
74,75
92,76
77,77
78,78
79,79
80,80
77,81
82,82
83,83
84,84
85,85
86,86
87,87
88,88
89,89
90,90
91,91
92,92
80,93
94,94
95,95
96,96
97,97
98,98
99,99
100,100
101,101
66,102
103,103
102,104
105,105
107,106
107,107
108,108
109,109
110,110
111,111
112,112
91,113
114,114
115,115
116,116
117,117
118,118
119,119
60,60
61,61
62,62
63,63
64,64
65,65
66,66
67,67
68,68
65,69
70,70
71,71
75,72
83,73
74,74
72,75
76,76
90,77
78,78
79,79
80,80
81,81
82,82
83,83
84,84
85,85
86,86
87,87
89,88
89,89
90,90
91,91
92,92
93,93
94,94
95,95
96,96
97,97
98,98
99,99
100,100
101,101
102,102
103,103
104,104
61,105
106,106
107,107
108,108
109,109
110,110
111,111
112,112
113,113
114,114
115,115
116,116
117,117
118,118
119,119
61,60
61,61
62,62
63,63
64,64
65,65
66,66
36,67
68,68
68,69
22,70
37,71
75,72
28,73
74,74
10,75
22,76
32,77
0,78
79,79
80,80
81,81
0,82
28,83
84,84
33,85
86,86
14,87
12,88
89,89
11,90
91,91
37,92
93,93
94,94
95,95
96,96
97,97
98,98
99,99
100,100
101,101
37,102
103,103
37,104
105,105
105,106
107,107
107,108
109,109
110,110
111,111
112,112
113,113
114,114
115,115
116,116
55,117
118,118
119,119
60,60
61,61
62,62
63,63
64,64
65,65
66,66
67,67
68,68
68,69
70,70
71,71
72,72
73,73
74,74
75,75
76,76
77,77
78,78
79,79
80,80
81,81
82,82
83,83
84,84
85,85
86,86
87,87
88,88
89,89
90,90
91,91
92,92
93,93
94,94
95,95
96,96
97,97
63,98
99,99
100,100
101,101
104,102
103,103
104,104
105,105
105,106
107,107
108,108
114,109
110,110
111,111
112,112
113,113
114,114
115,115
116,116
117,117
118,118
119,119
60,60
61,61
62,62
63,63
64,64
65,65
110,66
104,67
68,68
69,69
70,70
71,71
28,72
28,73
28,74
11,75
92,76
73,77
78,78
79,79
80,80
81,81
82,82
74,83
2,84
33,85
86,86
89,87
89,88
89,89
90,90
91,91
92,92
93,93
94,94
95,95
96,96
97,97
41,98
99,99
100,100
101,101
104,102
103,103
104,104
105,105
106,106
107,107
108,108
109,109
110,110
111,111
112,112
113,113
114,114
115,115
116,116
117,117
118,118
119,119
60,60
61,61
62,62
63,63
64,64
65,65
66,66
67,67
32,68
68,69
70,70
71,71
75,72
73,73
28,74
10,75
76,76
77,77
78,78
42,79
62,80
10,81
82,82
28,83
84,84
85,85
86,86
87,87
88,88
89,89
90,90
91,91
92,92
93,93
94,94
95,95
96,96
97,97
98,98
99,99
100,100
101,101
102,102
103,103
104,104
106,105
106,106
107,107
108,108
109,109
110,110
111,111
112,112
113,113
114,114
59,115
116,116
117,117
118,118
119,119
61,61
62,62
63,63
64,64
65,65
66,66
67,67
37,68
69,69
70,70
70,71
27,72
28,73
28,74
10,75
76,76
77,77
77,78
79,79
80,80
81,81
12,82
28,83
28,84
85,85
86,86
87,87
89,88
89,89
90,90
15,91
52,92
93,93
94,94
95,95
96,96
97,97
98,98
99,99
100,100
23,101
102,102
103,103
104,104
49,105
50,106
49,107
56,108
109,109
110,110
111,111
112,112
113,113
114,114
115,115
58,116
117,117
118,118
119,119
60,60
61,61
62,62
63,63
64,64
65,65
66,66
102,67
68,68
32,69
70,70
71,71
81,72
73,73
28,74
28,75
76,76
77,77
78,78
79,79
80,80
82,81
82,82
83,83
36,84
85,85
86,86
87,87
88,88
89,89
75,90
91,91
92,92
93,93
94,94
95,95
96,96
97,97
98,98
99,99
100,100
101,101
102,102
13,103
40,104
105,105
106,106
107,107
108,108
109,109
110,110
111,111
112,112
113,113
114,114
115,115
116,116
117,117
118,118
119,119
60,60
18,61
62,62
63,63
64,64
65,65
102,66
45,67
31,68
37,69
27,70
53,71
11,72
74,73
28,74
28,75
31,76
72,77
78,78
79,79
80,80
72,81
29,82
28,83
74,84
29,85
86,86
87,87
88,88
89,89
90,90
91,91
92,92
93,93
94,94
95,95
96,96
97,97
98,98
99,99
100,100
101,101
66,102
6,103
104,104
105,105
109,106
107,107
56,108
114,109
110,110
111,111
112,112
113,113
109,114
115,115
116,116
117,117
118,118
119,119
60,60
61,61
62,62
63,63
64,64
65,65
66,66
67,67
30,68
69,69
70,70
71,71
10,72
73,73
74,74
83,75
76,76
77,77
78,78
79,79
64,80
81,81
82,82
83,83
84,84
85,85
86,86
87,87
88,88
89,89
10,90
91,91
92,92
93,93
94,94
39,95
96,96
97,97
25,98
99,99
100,100
101,101
102,102
103,103
40,104
105,105
106,106
107,107
56,108
109,109
110,110
111,111
112,112
113,113
114,114
115,115
116,116
117,117
118,118
119,119
62,62
63,63
117,64
80,65
37,66
93,67
93,68
37,69
76,70
71,71
75,72
35,73
74,74
11,75
35,76
114,77
31,78
79,79
77,80
81,81
72,82
83,83
1,84
85,85
86,86
14,87
88,88
89,89
1,90
91,91
92,92
93,93
94,94
95,95
96,96
97,97
99,98
99,99
100,100
98,101
37,102
19,103
35,104
106,105
106,106
107,107
108,108
109,109
49,110
111,111
112,112
113,113
114,114
115,115
116,116
117,117
118,118
119,119
60,60
61,61
62,62
63,63
64,64
65,65
66,66
67,67
68,68
69,69
70,70
71,71
75,72
73,73
74,74
75,75
76,76
77,77
78,78
79,79
80,80
81,81
82,82
83,83
84,84
85,85
86,86
87,87
88,88
89,89
90,90
91,91
76,92
93,93
94,94
95,95
96,96
97,97
98,98
99,99
100,100
101,101
102,102
103,103
104,104
106,105
106,106
107,107
108,108
53,109
110,110
111,111
112,112
113,113
114,114
115,115
116,116
117,117
118,118
119,119
60,60
61,61
62,62
63,63
64,64
65,65
78,66
67,67
3,68
69,69
70,70
70,71
11,72
73,73
28,74
72,75
71,76
73,77
78,78
79,79
80,80
73,81
82,82
74,83
84,84
33,85
86,86
87,87
88,88
89,89
90,90
91,91
67,92
93,93
94,94
95,95
96,96
97,97
98,98
99,99
100,100
101,101
92,102
103,103
78,104
106,105
105,106
107,107
108,108
109,109
110,110
111,111
112,112
113,113
114,114
115,115
116,116
117,117
118,118
119,119
60,60
61,61
62,62
63,63
64,64
65,65
66,66
67,67
68,68
69,69
70,70
68,71
72,72
73,73
74,74
72,75
76,76
77,77
78,78
79,79
80,80
10,81
82,82
83,83
84,84
85,85
86,86
87,87
88,88
89,89
90,90
91,91
92,92
19,93
94,94
95,95
96,96
97,97
98,98
99,99
100,100
101,101
102,102
103,103
104,104
105,105
106,106
107,107
108,108
109,109
110,110
111,111
112,112
113,113
114,114
115,115
107,116
117,117
118,118
119,119
27,60
18,61
62,62
63,63
64,64
12,65
66,66
43,67
68,68
69,69
70,70
71,71
72,72
28,73
77,74
28,75
76,76
12,77
78,78
79,79
80,80
28,81
82,82
0,83
36,84
12,85
86,86
87,87
88,88
89,89
90,90
91,91
92,92
20,93
18,94
66,95
96,96
97,97
98,98
99,99
100,100
101,101
102,102
103,103
110,104
106,105
106,106
107,107
108,108
109,109
110,110
111,111
112,112
113,113
114,114
115,115
107,116
117,117
118,118
119,119
60,60
60,61
62,62
63,63
64,64
65,65
66,66
67,67
68,68
69,69
70,70
71,71
90,72
73,73
74,74
75,75
76,76
77,77
84,78
79,79
80,80
81,81
82,82
83,83
84,84
85,85
86,86
87,87
90,88
90,89
90,90
91,91
92,92
93,93
94,94
95,95
96,96
97,97
98,98
99,99
100,100
101,101
102,102
103,103
104,104
26,105
64,106
107,107
108,108
109,109
110,110
112,111
112,112
113,113
114,114
115,115
116,116
117,117
118,118
119,119
60,60
61,61
62,62
63,63
64,64
65,65
102,66
67,67
68,68
69,69
70,70
76,71
75,72
73,73
74,74
75,75
76,76
77,77
78,78
79,79
106,80
81,81
82,82
83,83
84,84
85,85
86,86
87,87
88,88
89,89
90,90
91,91
92,92
93,93
94,94
95,95
96,96
97,97
98,98
99,99
100,100
101,101
102,102
103,103
104,104
106,105
114,106
107,107
108,108
109,109
110,110
111,111
112,112
113,113
114,114
115,115
108,116
117,117
118,118
119,119
60,60
61,61
62,62
63,63
64,64
65,65
104,66
67,67
68,68
69,69
70,70
71,71
72,72
73,73
74,74
72,75
76,76
77,77
78,78
79,79
80,80
90,81
82,82
83,83
84,84
82,85
86,86
87,87
88,88
89,89
90,90
113,91
92,92
93,93
94,94
95,95
96,96
97,97
98,98
99,99
100,100
101,101
66,102
103,103
104,104
105,105
64,106
107,107
108,108
109,109
110,110
111,111
112,112
113,113
114,114
115,115
116,116
117,117
118,118
119,119
62,62
63,63
64,64
80,65
104,66
67,67
68,68
32,69
70,70
71,71
11,72
73,73
74,74
73,75
76,76
77,77
78,78
79,79
114,80
81,81
82,82
83,83
84,84
33,85
86,86
87,87
88,88
89,89
89,90
41,91
37,92
62,93
94,94
95,95
96,96
97,97
98,98
99,99
100,100
101,101
102,102
103,103
104,104
106,105
106,106
107,107
108,108
106,109
110,110
111,111
112,112
113,113
114,114
115,115
116,116
117,117
118,118
119,119
60,60
61,61
62,62
63,63
64,64
65,65
66,66
67,67
68,68
69,69
70,70
71,71
75,72
73,73
75,74
75,75
76,76
77,77
104,78
79,79
93,80
81,81
82,82
73,83
84,84
85,85
86,86
87,87
89,88
89,89
90,90
113,91
92,92
93,93
94,94
95,95
96,96
97,97
98,98
99,99
100,100
101,101
104,102
103,103
104,104
106,105
106,106
107,107
108,108
109,109
110,110
111,111
112,112
113,113
114,114
115,115
116,116
117,117
118,118
119,119
60,60
61,61
62,62
63,63
64,64
65,65
66,66
67,67
68,68
69,69
70,70
71,71
72,72
73,73
73,74
73,75
76,76
77,77
78,78
79,79
80,80
81,81
82,82
83,83
84,84
85,85
86,86
87,87
88,88
89,89
90,90
91,91
92,92
93,93
94,94
95,95
96,96
97,97
98,98
99,99
100,100
101,101
102,102
103,103
104,104
105,105
106,106
107,107
108,108
109,109
110,110
111,111
112,112
113,113
114,114
115,115
116,116
117,117
118,118
119,119
60,60
61,61
62,62
63,63
64,64
65,65
66,66
67,67
68,68
69,69
70,70
71,71
72,72
73,73
30,74
32,75
76,76
32,77
69,78
7,79
62,80
11,81
104,82
83,83
84,84
85,85
86,86
87,87
88,88
89,89
90,90
91,91
92,92
93,93
94,94
95,95
96,96
97,97
98,98
99,99
100,100
101,101
102,102
103,103
104,104
105,105
106,106
107,107
108,108
109,109
110,110
111,111
112,112
113,113
114,114
115,115
116,116
117,117
118,118
119,119
60,60
61,61
62,62
63,63
64,64
65,65
102,66
67,67
68,68
69,69
70,70
71,71
72,72
73,73
74,74
90,75
68,76
85,77
78,78
79,79
80,80
81,81
33,82
85,83
84,84
85,85
86,86
87,87
88,88
89,89
90,90
91,91
92,92
80,93
94,94
95,95
96,96
97,97
98,98
99,99
100,100
101,101
102,102
103,103
104,104
105,105
106,106
107,107
108,108
109,109
110,110
111,111
112,112
113,113
114,114
115,115
116,116
117,117
118,118
119,119
60,60
61,61
62,62
63,63
64,64
65,65
69,66
92,67
68,68
69,69
71,70
109,71
90,72
73,73
74,74
75,75
76,76
77,77
78,78
79,79
80,80
81,81
82,82
77,83
84,84
85,85
86,86
87,87
89,88
89,89
90,90
91,91
92,92
93,93
94,94
95,95
96,96
97,97
98,98
99,99
100,100
101,101
102,102
103,103
104,104
105,105
105,106
107,107
108,108
109,109
110,110
111,111
112,112
113,113
114,114
115,115
116,116
117,117
118,118
119,119
60,60
61,61
62,62
63,63
64,64
65,65
66,66
67,67
68,68
69,69
71,70
71,71
72,72
83,73
72,74
81,75
76,76
77,77
78,78
79,79
80,80
81,81
90,82
83,83
84,84
85,85
86,86
87,87
88,88
89,89
28,90
91,91
92,92
93,93
94,94
18,95
96,96
97,97
98,98
99,99
100,100
101,101
102,102
103,103
104,104
105,105
106,106
107,107
108,108
109,109
110,110
111,111
112,112
113,113
114,114
115,115
116,116
117,117
118,118
119,119
60,60
61,61
62,62
63,63
64,64
65,65
66,66
67,67
68,68
69,69
70,70
71,71
72,72
73,73
74,74
75,75
76,76
77,77
78,78
79,79
80,80
81,81
82,82
73,83
84,84
85,85
86,86
87,87
88,88
89,89
90,90
91,91
92,92
93,93
94,94
95,95
96,96
97,97
98,98
99,99
100,100
101,101
102,102
103,103
104,104
105,105
106,106
107,107
108,108
33,109
110,110
111,111
112,112
113,113
114,114
115,115
116,116
117,117
118,118
119,119
60,60
61,61
62,62
63,63
64,64
65,65
66,66
67,67
68,68
69,69
70,70
71,71
72,72
73,73
74,74
11,75
76,76
77,77
78,78
79,79
80,80
81,81
82,82
83,83
84,84
85,85
86,86
87,87
89,88
89,89
90,90
92,92
93,93
94,94
95,95
96,96
97,97
98,98
99,99
100,100
101,101
84,102
103,103
104,104
105,105
106,106
107,107
108,108
109,109
110,110
111,111
112,112
113,113
114,114
115,115
116,116
117,117
118,118
119,119
60,60
61,61
62,62
63,63
64,64
65,65
66,66
67,67
68,68
69,69
70,70
71,71
72,72
73,73
74,74
75,75
76,76
77,77
78,78
79,79
80,80
81,81
82,82
83,83
84,84
85,85
86,86
87,87
88,88
89,89
90,90
91,91
92,92
93,93
94,94
95,95
96,96
97,97
98,98
99,99
100,100
101,101
102,102
103,103
104,104
105,105
106,106
107,107
108,108
109,109
110,110
111,111
112,112
113,113
114,114
115,115
116,116
117,117
118,118
119,119
60,60
61,61
62,62
63,63
64,64
65,65
66,66
67,67
68,68
69,69
70,70
71,71
72,72
83,73
74,74
75,75
76,76
77,77
78,78
79,79
80,80
81,81
82,82
83,83
84,84
85,85
86,86
87,87
88,88
89,89
90,90
92,92
93,93
94,94
95,95
96,96
97,97
98,98
101,99
100,100
101,101
104,102
103,103
104,104
106,105
106,106
107,107
108,108
109,109
110,110
111,111
112,112
113,113
114,114
115,115
118,116
117,117
118,118
119,119
60,60
61,61
62,62
63,63
64,64
65,65
66,66
67,67
68,68
69,69
70,70
76,71
73,73
74,74
75,75
76,76
77,77
78,78
79,79
80,80
81,81
82,82
83,83
84,84
85,85
86,86
87,87
88,88
89,89
90,90
91,91
92,92
93,93
94,94
95,95
96,96
97,97
98,98
99,99
100,100
101,101
102,102
103,103
104,104
106,105
106,106
107,107
108,108
109,109
110,110
111,111
112,112
91,113
114,114
115,115
116,116
117,117
118,118
119,119
60,60
61,61
62,62
63,63
64,64
65,65
104,66
67,67
68,68
69,69
70,70
71,71
72,72
73,73
74,74
75,75
76,76
83,77
78,78
79,79
80,80
81,81
82,82
83,83
84,84
33,85
86,86
87,87
88,88
89,89
90,90
91,91
92,92
93,93
94,94
95,95
96,96
97,97
98,98
99,99
100,100
101,101
104,102
103,103
104,104
105,105
106,106
107,107
108,108
109,109
110,110
111,111
112,112
113,113
114,114
115,115
64,116
117,117
118,118
119,119
60,60
61,61
62,62
63,63
64,64
65,65
66,66
67,67
80,68
69,69
70,70
71,71
72,72
73,73
74,74
75,75
76,76
77,77
78,78
79,79
80,80
81,81
82,82
83,83
84,84
85,85
86,86
87,87
88,88
89,89
90,90
91,91
92,92
93,93
94,94
95,95
96,96
97,97
98,98
99,99
100,100
101,101
102,102
103,103
104,104
105,105
106,106
107,107
108,108
109,109
110,110
111,111
112,112
113,113
114,114
115,115
116,116
117,117
118,118
119,119
60,60
61,61
62,62
63,63
64,64
65,65
66,66
67,67
68,68
69,69
70,70
71,71
11,72
74,73
74,74
29,75
76,76
77,77
78,78
79,79
80,80
81,81
82,82
83,83
84,84
85,85
86,86
87,87
88,88
89,89
88,90
91,91
92,92
93,93
94,94
95,95
96,96
97,97
98,98
99,99
100,100
101,101
102,102
103,103
104,104
105,105
106,106
107,107
108,108
109,109
110,110
111,111
117,112
113,113
114,114
115,115
116,116
117,117
118,118
119,119
60,60
61,61
62,62
63,63
64,64
65,65
66,66
67,67
68,68
69,69
70,70
71,71
75,72
73,73
74,74
75,75
76,76
77,77
78,78
79,79
80,80
81,81
82,82
83,83
84,84
85,85
86,86
87,87
88,88
89,89
90,90
91,91
92,92
93,93
94,94
95,95
96,96
97,97
98,98
99,99
100,100
101,101
102,102
103,103
104,104
106,105
106,106
107,107
108,108
109,109
110,110
111,111
112,112
113,113
114,114
115,115
116,116
117,117
118,118
119,119
60,60
61,61
62,62
63,63
64,64
65,65
66,66
67,67
68,68
69,69
70,70
71,71
72,72
73,73
74,74
75,75
76,76
77,77
78,78
79,79
80,80
81,81
82,82
83,83
84,84
85,85
86,86
87,87
89,88
89,89
90,90
91,91
92,92
93,93
94,94
95,95
96,96
97,97
98,98
99,99
100,100
101,101
102,102
103,103
104,104
105,105
105,106
107,107
108,108
109,109
110,110
111,111
112,112
113,113
103,114
115,115
116,116
117,117
118,118
119,119
62,60
90,61
62,62
88,63
64,64
65,65
76,66
67,67
69,68
69,69
66,70
71,71
75,72
73,73
74,74
75,75
66,76
77,77
78,78
79,79
80,80
81,81
82,82
83,83
84,84
85,85
86,86
87,87
88,88
12,89
85,90
25,91
92,92
114,93
94,94
95,95
96,96
97,97
98,98
99,99
100,100
101,101
102,102
103,103
104,104
105,105
106,106
107,107
108,108
109,109
110,110
111,111
112,112
113,113
114,114
115,115
116,116
117,117
118,118
119,119
60,60
61,61
62,62
63,63
64,64
65,65
66,66
67,67
71,68
69,69
78,70
71,71
72,72
75,73
74,74
72,75
93,76
77,77
78,78
79,79
80,80
81,81
82,82
83,83
84,84
85,85
86,86
87,87
88,88
89,89
90,90
91,91
92,92
93,93
94,94
95,95
96,96
97,97
98,98
99,99
100,100
101,101
102,102
103,103
104,104
106,105
106,106
107,107
108,108
109,109
110,110
111,111
112,112
113,113
114,114
115,115
116,116
117,117
118,118
119,119
60,60
61,61
62,62
63,63
64,64
65,65
66,66
67,67
68,68
69,69
70,70
71,71
72,72
73,73
74,74
75,75
76,76
77,77
78,78
79,79
80,80
81,81
82,82
83,83
84,84
85,85
86,86
87,87
88,88
89,89
90,90
91,91
76,92
93,93
94,94
95,95
96,96
97,97
98,98
99,99
100,100
101,101
104,102
103,103
104,104
105,105
106,106
107,107
108,108
109,109
110,110
111,111
112,112
113,113
114,114
115,115
116,116
117,117
118,118
119,119
60,60
61,61
62,62
63,63
64,64
65,65
66,66
67,67
68,68
69,69
70,70
70,71
72,72
72,73
74,74
75,75
76,76
77,77
78,78
79,79
80,80
81,81
82,82
83,83
84,84
85,85
86,86
87,87
88,88
89,89
90,90
42,91
92,92
93,93
94,94
95,95
96,96
97,97
98,98
99,99
100,100
101,101
102,102
103,103
104,104
105,105
105,106
107,107
108,108
109,109
50,110
111,111
112,112
113,113
114,114
59,115
116,116
117,117
118,118
119,119
60,60
61,61
62,62
63,63
22,64
65,65
66,66
67,67
68,68
69,69
71,70
68,71
72,72
73,73
74,74
75,75
76,76
77,77
78,78
79,79
93,80
81,81
12,82
83,83
84,84
85,85
86,86
87,87
12,88
89,89
90,90
91,91
92,92
93,93
94,94
95,95
96,96
97,97
98,98
99,99
100,100
101,101
102,102
103,103
102,104
105,105
106,106
107,107
108,108
109,109
110,110
111,111
112,112
113,113
114,114
115,115
116,116
117,117
118,118
119,119
60,60
61,61
62,62
63,63
64,64
65,65
66,66
67,67
68,68
69,69
70,70
70,71
72,72
81,73
74,74
75,75
76,76
77,77
78,78
79,79
80,80
72,81
31,82
83,83
84,84
85,85
86,86
87,87
89,88
89,89
90,90
91,91
92,92
93,93
94,94
95,95
96,96
97,97
98,98
99,99
100,100
101,101
102,102
103,103
102,104
105,105
118,106
107,107
108,108
109,109
110,110
111,111
112,112
113,113
114,114
59,115
116,116
117,117
118,118
119,119
60,60
61,61
62,62
63,63
64,64
65,65
104,66
67,67
68,68
69,69
70,70
71,71
72,72
73,73
74,74
10,75
76,76
77,77
78,78
79,79
93,80
81,81
81,82
83,83
84,84
85,85
86,86
87,87
88,88
89,89
90,90
91,91
92,92
93,93
94,94
95,95
96,96
97,97
98,98
99,99
100,100
101,101
102,102
103,103
104,104
105,105
106,106
107,107
108,108
109,109
110,110
111,111
112,112
113,113
114,114
115,115
116,116
117,117
118,118
119,119
60,60
61,61
62,62
63,63
64,64
65,65
104,66
67,67
68,68
69,69
70,70
71,71
72,72
73,73
74,74
10,75
76,76
77,77
78,78
79,79
80,80
81,81
82,82
83,83
84,84
85,85
86,86
87,87
88,88
89,89
90,90
91,91
92,92
93,93
94,94
95,95
96,96
97,97
98,98
99,99
100,100
101,101
102,102
103,103
104,104
105,105
106,106
115,107
108,108
109,109
110,110
111,111
112,112
113,113
114,114
115,115
116,116
117,117
118,118
119,119
60,60
61,61
62,62
63,63
64,64
65,65
66,66
67,67
68,68
69,69
70,70
70,71
72,72
73,73
74,74
75,75
76,76
77,77
78,78
79,79
80,80
81,81
82,82
83,83
84,84
85,85
86,86
87,87
88,88
89,89
90,90
91,91
92,92
93,93
94,94
95,95
96,96
97,97
98,98
99,99
100,100
101,101
102,102
103,103
104,104
105,105
106,106
105,107
108,108
109,109
110,110
111,111
112,112
113,113
114,114
115,115
116,116
117,117
118,118
119,119
60,60
61,61
62,62
63,63
64,64
65,65
66,66
67,67
68,68
69,69
70,70
71,71
72,72
73,73
74,74
72,75
76,76
77,77
104,78
79,79
80,80
81,81
82,82
83,83
84,84
85,85
86,86
87,87
88,88
89,89
90,90
118,91
92,92
93,93
94,94
95,95
96,96
97,97
98,98
99,99
100,100
101,101
102,102
103,103
104,104
105,105
106,106
105,107
108,108
106,109
110,110
111,111
112,112
113,113
114,114
115,115
116,116
117,117
118,118
119,119
60,60
61,61
91,63
76,64
65,65
78,66
3,67
76,68
69,69
70,70
76,71
72,72
9,73
74,74
10,75
18,76
0,77
78,78
79,79
80,80
81,81
11,82
29,83
36,84
28,85
86,86
87,87
88,88
89,89
10,90
91,91
92,92
93,93
94,94
95,95
96,96
97,97
98,98
99,99
100,100
23,101
84,102
103,103
66,104
105,105
106,106
107,107
108,108
109,109
110,110
111,111
112,112
113,113
114,114
115,115
116,116
117,117
118,118
119,119
60,60
61,61
62,62
63,63
64,64
65,65
66,66
67,67
68,68
69,69
70,70
30,71
10,72
73,73
28,74
11,75
76,76
77,77
78,78
79,79
80,80
81,81
82,82
83,83
84,84
28,85
86,86
87,87
88,88
89,89
90,90
91,91
92,92
93,93
94,94
95,95
96,96
97,97
98,98
99,99
100,100
101,101
9,102
103,103
104,104
105,105
106,106
107,107
108,108
109,109
110,110
111,111
112,112
113,113
114,114
115,115
116,116
117,117
118,118
119,119
60,60
61,61
62,62
63,63
64,64
65,65
66,66
67,67
68,68
69,69
70,70
70,71
81,72
73,73
74,74
75,75
76,76
77,77
78,78
79,79
80,80
81,81
82,82
83,83
84,84
85,85
86,86
87,87
88,88
89,89
12,90
91,91
92,92
93,93
94,94
95,95
96,96
97,97
98,98
99,99
100,100
101,101
102,102
21,103
102,104
106,105
106,106
107,107
108,108
109,109
110,110
111,111
112,112
113,113
114,114
115,115
116,116
117,117
118,118
119,119
60,60
61,61
62,62
63,63
64,64
65,65
66,66
67,67
68,68
69,69
70,70
71,71
77,72
73,73
74,74
75,75
76,76
77,77
78,78
79,79
80,80
81,81
82,82
82,83
84,84
85,85
86,86
87,87
88,88
89,89
90,90
91,91
92,92
93,93
94,94
95,95
96,96
97,97
98,98
99,99
100,100
101,101
102,102
103,103
95,104
105,105
106,106
107,107
108,108
109,109
110,110
111,111
112,112
113,113
114,114
115,115
116,116
117,117
118,118
119,119
60,60
61,61
62,62
63,63
64,64
65,65
66,66
67,67
68,68
69,69
70,70
68,71
75,72
83,73
74,74
75,75
76,76
77,77
78,78
79,79
80,80
81,81
9,82
83,83
84,84
85,85
86,86
87,87
88,88
89,89
85,90
91,91
92,92
62,93
94,94
95,95
96,96
97,97
98,98
99,99
100,100
101,101
104,102
103,103
104,104
105,105
106,106
107,107
108,108
109,109
110,110
111,111
112,112
113,113
114,114
115,115
116,116
117,117
118,118
119,119
60,60
61,61
62,62
63,63
64,64
65,65
66,66
67,67
68,68
69,69
70,70
71,71
75,72
73,73
107,74
75,75
76,76
77,77
78,78
79,79
80,80
81,81
82,82
83,83
84,84
85,85
86,86
87,87
88,88
89,89
90,90
113,91
92,92
93,93
94,94
95,95
96,96
97,97
98,98
99,99
100,100
101,101
102,102
103,103
104,104
105,105
106,106
107,107
108,108
109,109
110,110
111,111
112,112
113,113
114,114
115,115
116,116
117,117
118,118
119,119
60,60
61,61
62,62
63,63
64,64
65,65
66,66
67,67
68,68
69,69
70,70
76,71
72,72
73,73
32,74
72,75
76,76
32,77
85,78
107,79
80,80
81,81
77,82
83,83
84,84
85,85
86,86
87,87
88,88
89,89
85,90
91,91
92,92
93,93
94,94
95,95
96,96
97,97
98,98
99,99
100,100
101,101
102,102
103,103
67,104
105,105
106,106
116,107
108,108
109,109
110,110
111,111
112,112
91,113
114,114
115,115
116,116
117,117
118,118
119,119
61,60
61,61
62,62
63,63
64,64
63,65
102,66
67,67
68,68
69,69
70,70
71,71
72,72
73,73
74,74
75,75
76,76
77,77
78,78
79,79
80,80
81,81
82,82
77,83
84,84
85,85
86,86
87,87
88,88
89,89
88,90
91,91
92,92
93,93
94,94
95,95
96,96
97,97
98,98
99,99
100,100
101,101
102,102
103,103
104,104
105,105
106,106
107,107
108,108
114,109
110,110
111,111
112,112
113,113
114,114
115,115
116,116
117,117
118,118
119,119
103,60
20,61
62,62
63,63
64,64
87,65
66,66
43,67
68,68
69,69
71,70
106,71
88,72
74,74
75,75
70,76
77,77
38,78
79,79
80,80
81,81
82,82
84,84
85,85
86,86
87,87
89,88
89,89
90,90
91,91
92,92
93,93
94,94
95,95
96,96
97,97
98,98
99,99
100,100
101,101
104,102
103,103
66,104
105,105
105,106
107,107
108,108
109,109
110,110
111,111
112,112
113,113
114,114
115,115
116,116
117,117
51,118
119,119
60,60
61,61
62,62
63,63
64,64
80,65
78,66
67,67
80,68
69,69
71,70
71,71
72,72
73,73
74,74
91,75
76,76
77,77
78,78
79,79
80,80
81,81
88,82
83,83
84,84
77,85
86,86
87,87
88,88
89,89
72,90
91,91
92,92
93,93
94,94
89,95
96,96
97,97
98,98
99,99
100,100
101,101
102,102
103,103
104,104
105,105
106,106
107,107
106,108
109,109
110,110
111,111
112,112
113,113
114,114
115,115
116,116
117,117
118,118
119,119
76,60
36,61
62,62
63,63
64,64
65,65
66,66
67,67
68,68
69,69
70,70
71,71
72,72
73,73
74,74
75,75
76,76
83,77
78,78
79,79
80,80
81,81
82,82
83,83
84,84
85,85
86,86
87,87
90,88
89,89
90,90
91,91
76,92
93,93
94,94
95,95
96,96
97,97
98,98
99,99
100,100
101,101
104,102
103,103
104,104
105,105
106,106
107,107
108,108
109,109
114,110
111,111
112,112
113,113
114,114
115,115
118,116
117,117
118,118
119,119
60,60
61,61
93,62
63,63
64,64
65,65
66,66
67,67
68,68
69,69
70,70
71,71
72,72
74,73
74,74
72,75
76,76
77,77
78,78
79,79
80,80
81,81
82,82
83,83
84,84
85,85
86,86
87,87
89,88
89,89
90,90
91,91
92,92
93,93
94,94
95,95
96,96
97,97
98,98
99,99
100,100
101,101
78,102
103,103
104,104
105,105
106,106
107,107
108,108
109,109
110,110
111,111
112,112
113,113
114,114
115,115
116,116
117,117
118,118
119,119
60,60
61,61
62,62
63,63
64,64
65,65
66,66
104,67
68,68
69,69
70,70
94,71
72,72
73,73
74,74
75,75
76,76
74,77
78,78
79,79
80,80
81,81
82,82
83,83
84,84
85,85
86,86
87,87
88,88
89,89
91,91
92,92
80,93
94,94
95,95
96,96
97,97
98,98
99,99
100,100
101,101
104,102
103,103
104,104
105,105
106,106
107,107
108,108
114,109
110,110
111,111
112,112
113,113
114,114
115,115
116,116
117,117
118,118
119,119
60,60
61,61
62,62
63,63
64,64
65,65
66,66
67,67
68,68
69,69
70,70
71,71
74,72
83,73
74,74
75,75
76,76
77,77
78,78
79,79
80,80
85,81
82,82
83,83
84,84
85,85
86,86
87,87
88,88
89,89
88,90
113,91
92,92
93,93
94,94
95,95
96,96
97,97
98,98
99,99
100,100
101,101
104,102
103,103
104,104
118,105
106,106
107,107
108,108
109,109
110,110
111,111
112,112
113,113
114,114
115,115
116,116
117,117
118,118
119,119
60,60
61,61
62,62
63,63
64,64
65,65
66,66
67,67
68,68
69,69
70,70
76,71
72,72
73,73
75,75
76,76
77,77
78,78
79,79
81,81
82,82
83,83
84,84
85,85
86,86
87,87
88,88
89,89
90,90
91,91
92,92
93,93
94,94
95,95
96,96
97,97
98,98
99,99
100,100
101,101
66,102
103,103
104,104
106,105
105,106
107,107
108,108
109,109
110,110
111,111
112,112
113,113
114,114
59,115
104,116
117,117
118,118
119,119
60,60
61,61
62,62
63,63
64,64
65,65
104,66
67,67
68,68
69,69
70,70
71,71
72,72
73,73
74,74
72,75
76,76
77,77
78,78
79,79
80,80
81,81
82,82
83,83
84,84
85,85
86,86
87,87
88,88
89,89
90,90
91,91
92,92
93,93
94,94
95,95
96,96
97,97
98,98
99,99
100,100
101,101
104,102
103,103
66,104
105,105
105,106
107,107
108,108
109,109
110,110
111,111
112,112
113,113
114,114
115,115
92,116
117,117
118,118
119,119
60,60
61,61
62,62
63,63
64,64
65,65
66,66
67,67
80,68
69,69
70,70
71,71
75,72
73,73
74,74
75,75
76,76
77,77
78,78
79,79
80,80
81,81
82,82
73,83
84,84
85,85
86,86
87,87
88,88
89,89
90,90
42,91
92,92
93,93
94,94
95,95
96,96
97,97
98,98
99,99
100,100
101,101
102,102
103,103
104,104
105,105
106,106
107,107
106,108
109,109
110,110
111,111
112,112
91,113
114,114
115,115
116,116
117,117
118,118
119,119
60,60
61,61
62,62
63,63
64,64
65,65
68,66
67,67
68,68
69,69
70,70
71,71
29,72
74,73
28,74
75,75
71,76
74,77
78,78
79,79
80,80
81,81
82,82
83,83
84,84
85,85
86,86
87,87
88,88
89,89
88,90
91,91
92,92
93,93
94,94
95,95
96,96
97,97
98,98
99,99
100,100
101,101
102,102
103,103
104,104
105,105
106,106
107,107
108,108
109,109
110,110
111,111
117,112
113,113
114,114
115,115
116,116
117,117
118,118
119,119
60,60
61,61
62,62
63,63
95,64
65,65
66,66
67,67
68,68
69,69
71,70
94,71
75,72
73,73
74,74
72,75
92,76
77,77
78,78
79,79
80,80
81,81
82,82
83,83
84,84
85,85
86,86
87,87
88,88
90,89
90,90
91,91
92,92
93,93
94,94
95,95
96,96
97,97
98,98
99,99
100,100
110,101
102,102
103,103
104,104
106,105
116,106
107,107
108,108
67,109
11,110
111,111
112,112
113,113
114,114
115,115
109,116
117,117
118,118
119,119
60,60
61,61
62,62
63,63
64,64
65,65
66,66
67,67
69,68
69,69
70,70
71,71
72,72
73,73
74,74
72,75
76,76
77,77
78,78
79,79
63,80
81,81
82,82
83,83
84,84
85,85
86,86
87,87
88,88
89,89
105,90
91,91
92,92
93,93
94,94
95,95
96,96
97,97
98,98
99,99
100,100
101,101
102,102
103,103
104,104
64,105
106,106
107,107
108,108
109,109
110,110
111,111
112,112
113,113
114,114
115,115
105,116
117,117
118,118
119,119
60,60
61,61
62,62
63,63
64,64
65,65
66,66
67,67
70,68
70,69
66,70
62,71
74,72
81,73
72,74
75,75
105,76
77,77
78,78
79,79
80,80
81,81
82,82
83,83
84,84
85,85
86,86
14,87
90,88
12,89
90,90
113,91
92,92
93,93
94,94
104,95
61,96
97,97
98,98
99,99
100,100
30,101
22,102
22,103
20,104
105,105
106,106
107,107
108,108
109,109
110,110
111,111
112,112
113,113
114,114
115,115
116,116
117,117
118,118
119,119
60,60
61,61
62,62
63,63
64,64
65,65
66,66
67,67
68,68
69,69
80,70
71,71
72,72
73,73
74,74
75,75
71,76
77,77
78,78
79,79
80,80
81,81
82,82
83,83
84,84
85,85
86,86
87,87
88,88
89,89
90,90
91,91
92,92
93,93
94,94
95,95
96,96
97,97
98,98
99,99
100,100
101,101
102,102
103,103
104,104
106,105
106,106
107,107
108,108
109,109
110,110
111,111
112,112
113,113
114,114
115,115
116,116
109,117
118,118
119,119
60,60
61,61
62,62
63,63
64,64
65,65
66,66
67,67
68,68
69,69
71,70
70,71
72,72
73,73
74,74
72,75
76,76
77,77
78,78
79,79
81,81
82,82
90,83
84,84
85,85
86,86
87,87
88,88
89,89
90,90
91,91
92,92
93,93
96,96
97,97
98,98
99,99
100,100
101,101
67,102
103,103
104,104
105,105
105,106
107,107
108,108
109,109
110,110
111,111
78,112
113,113
114,114
115,115
116,116
117,117
115,118
119,119
60,60
61,61
62,62
63,63
64,64
65,65
84,66
67,67
68,68
69,69
70,70
71,71
74,72
73,73
73,74
75,75
71,76
91,77
74,78
79,79
63,80
81,81
82,82
72,83
84,84
84,85
86,86
87,87
88,88
89,89
85,90
42,91
76,92
64,93
94,94
95,95
96,96
97,97
98,98
99,99
100,100
101,101
102,102
103,103
104,104
105,105
106,106
107,107
108,108
109,109
110,110
111,111
112,112
91,113
114,114
115,115
86,116
109,117
118,118
63,119
60,60
61,61
62,62
63,63
48,64
73,65
104,66
67,67
68,68
69,69
70,70
71,71
74,72
73,73
74,74
88,75
76,76
72,77
78,78
79,79
80,80
81,81
93,82
83,83
60,84
77,85
86,86
87,87
86,88
86,89
90,90
91,91
92,92
93,93
94,94
95,95
96,96
97,97
98,98
99,99
100,100
110,101
52,102
103,103
104,104
105,105
79,106
107,107
108,108
109,109
110,110
111,111
112,112
113,113
114,114
115,115
110,116
117,117
118,118
119,119
60,60
61,61
62,62
63,63
64,64
65,65
66,66
67,67
68,68
69,69
70,70
66,71
72,72
81,73
74,74
75,75
76,76
77,77
78,78
79,79
80,80
81,81
31,82
83,83
17,84
85,85
86,86
87,87
88,88
12,89
90,90
91,91
92,92
93,93
94,94
95,95
96,96
97,97
98,98
99,99
100,100
101,101
102,102
103,103
104,104
105,105
106,106
107,107
108,108
109,109
110,110
111,111
112,112
113,113
114,114
115,115
116,116
117,117
118,118
119,119
60,60
61,61
62,62
63,63
64,64
65,65
66,66
67,67
68,68
69,69
71,70
71,71
72,72
73,73
74,74
72,75
76,76
77,77
78,78
79,79
80,80
10,81
82,82
83,83
84,84
85,85
86,86
87,87
89,88
89,89
91,91
92,92
93,93
94,94
95,95
96,96
97,97
98,98
99,99
100,100
101,101
102,102
103,103
104,104
105,105
105,106
107,107
108,108
109,109
110,110
111,111
112,112
113,113
114,114
115,115
110,116
117,117
118,118
119,119
60,60
61,61
105,62
63,63
64,64
65,65
104,66
67,67
68,68
69,69
70,70
71,71
72,72
73,73
74,74
72,75
76,76
77,77
78,78
79,79
80,80
81,81
82,82
83,83
84,84
85,85
86,86
87,87
88,88
89,89
90,90
91,91
92,92
93,93
94,94
95,95
96,96
97,97
98,98
99,99
100,100
100,101
102,102
103,103
104,104
105,105
106,106
108,107
106,108
109,109
110,110
111,111
112,112
113,113
114,114
115,115
116,116
117,117
118,118
119,119
60,60
61,61
62,62
63,63
64,64
66,66
67,67
68,68
69,69
70,70
71,71
72,72
73,73
74,74
75,75
76,76
77,77
78,78
79,79
80,80
81,81
82,82
83,83
84,84
85,85
86,86
87,87
88,88
89,89
90,90
91,91
92,92
20,93
94,94
95,95
96,96
97,97
98,98
99,99
100,100
101,101
104,102
103,103
104,104
105,105
106,106
105,107
108,108
109,109
110,110
111,111
112,112
113,113
114,114
115,115
116,116
117,117
118,118
119,119
60,60
61,61
62,62
63,63
64,64
65,65
66,66
67,67
68,68
69,69
70,70
71,71
72,72
73,73
74,74
75,75
76,76
77,77
78,78
79,79
80,80
81,81
82,82
83,83
84,84
85,85
86,86
87,87
88,88
89,89
90,90
74,91
92,92
93,93
94,94
95,95
48,96
97,97
98,98
99,99
100,100
101,101
102,102
103,103
104,104
105,105
106,106
105,107
108,108
109,109
110,110
111,111
64,112
113,113
114,114
115,115
116,116
117,117
118,118
119,119
60,60
61,61
62,62
62,63
12,65
66,66
67,67
71,68
69,69
71,70
71,71
10,72
73,73
36,74
10,75
18,76
10,77
78,78
113,79
73,80
10,81
29,82
83,83
3,84
28,85
86,86
87,87
14,88
89,89
90,90
113,91
92,92
93,93
92,94
49,95
96,96
97,97
98,98
99,99
100,100
101,101
84,102
13,103
43,104
105,105
105,106
107,107
108,108
109,109
108,110
111,111
112,112
113,113
114,114
115,115
116,116
117,117
118,118
119,119
60,60
61,61
62,62
63,63
105,64
65,65
66,66
67,67
71,68
69,69
70,70
71,71
10,72
73,73
33,74
75,75
76,76
77,77
38,78
79,79
80,80
81,81
82,82
83,83
84,84
85,85
86,86
87,87
88,88
89,89
90,90
91,91
92,92
93,93
94,94
95,95
96,96
97,97
98,98
99,99
100,100
101,101
102,102
103,103
104,104
105,105
106,106
107,107
108,108
109,109
110,110
111,111
112,112
113,113
114,114
115,115
116,116
117,117
118,118
119,119
84,60
61,61
62,62
63,63
64,64
65,65
67,67
30,68
69,69
71,70
71,71
77,72
73,73
74,74
75,75
76,76
77,77
78,78
79,79
80,80
90,81
82,82
83,83
84,84
85,85
86,86
87,87
88,88
89,89
90,90
59,91
105,92
93,93
94,94
95,95
96,96
97,97
98,98
99,99
100,100
101,101
102,102
21,103
102,104
106,105
106,106
107,107
108,108
109,109
110,110
111,111
112,112
113,113
114,114
115,115
116,116
117,117
118,118
119,119
60,60
61,61
62,62
63,63
64,64
65,65
102,66
67,67
71,68
69,69
70,70
71,71
11,72
73,73
74,74
75,75
76,76
77,77
78,78
79,79
80,80
81,81
82,82
77,83
84,84
85,85
86,86
87,87
88,88
89,89
90,90
91,91
92,92
93,93
94,94
95,95
96,96
97,97
98,98
99,99
100,100
101,101
102,102
103,103
102,104
106,105
106,106
107,107
108,108
109,109
110,110
111,111
112,112
113,113
114,114
115,115
116,116
117,117
107,118
119,119
60,60
61,61
62,62
63,63
64,64
65,65
66,66
67,67
68,68
69,69
70,70
71,71
75,72
77,73
72,74
75,75
76,76
77,77
78,78
79,79
93,80
81,81
82,82
83,83
84,84
85,85
86,86
87,87
88,88
89,89
90,90
91,91
92,92
93,93
118,94
95,95
96,96
97,97
98,98
99,99
100,100
101,101
104,102
103,103
104,104
105,105
113,106
106,107
105,108
109,109
110,110
111,111
112,112
113,113
114,114
115,115
116,116
117,117
118,118
119,119
60,60
61,61
62,62
63,63
64,64
65,65
66,66
67,67
68,68
69,69
70,70
71,71
72,72
73,73
83,74
75,75
93,76
77,77
78,78
79,79
80,80
81,81
82,82
83,83
84,84
85,85
86,86
87,87
88,88
89,89
90,90
91,91
92,92
93,93
94,94
95,95
96,96
97,97
98,98
99,99
100,100
99,101
104,102
103,103
104,104
93,105
106,106
107,107
108,108
109,109
110,110
111,111
112,112
91,113
114,114
115,115
54,116
117,117
118,118
119,119
60,60
20,61
62,62
113,63
64,64
65,65
66,66
67,67
68,68
69,69
70,70
71,71
72,72
73,73
11,74
72,75
76,76
32,77
76,78
68,79
62,80
81,81
90,82
83,83
84,84
85,85
86,86
87,87
88,88
89,89
90,90
91,91
92,92
93,93
94,94
95,95
96,96
97,97
98,98
99,99
100,100
101,101
102,102
103,103
104,104
105,105
106,106
107,107
108,108
109,109
110,110
111,111
112,112
113,113
114,114
115,115
116,116
117,117
118,118
119,119
61,60
61,61
16,62
16,63
65,65
20,67
32,68
69,69
71,70
69,71
72,72
73,73
77,74
75,75
76,76
77,77
78,78
79,79
80,80
81,81
82,82
77,83
84,84
85,85
86,86
87,87
88,88
89,89
88,90
91,91
92,92
93,93
94,94
95,95
96,96
97,97
98,98
99,99
100,100
101,101
102,102
103,103
104,104
106,105
106,106
107,107
108,108
109,109
110,110
111,111
112,112
113,113
114,114
115,115
116,116
117,117
105,118
60,119
60,60
61,61
84,62
63,63
64,64
65,65
66,66
67,67
68,68
69,69
113,70
114,71
91,72
73,73
74,74
72,75
9,76
77,77
78,78
79,79
80,80
81,81
82,82
83,83
84,84
85,85
86,86
87,87
89,89
90,90
91,91
92,92
93,93
94,94
95,95
96,96
97,97
98,98
99,99
100,100
101,101
102,102
103,103
104,104
105,105
105,106
107,107
117,108
109,109
110,110
111,111
112,112
91,113
114,114
115,115
118,116
117,117
118,118
119,119
14,60
19,61
62,62
63,63
64,64
80,65
71,66
0,67
70,68
35,69
69,70
37,71
81,72
73,73
74,74
72,75
76,76
81,77
78,78
79,79
80,80
81,81
81,82
83,83
84,84
75,85
86,86
87,87
16,88
89,89
72,90
91,91
92,92
62,93
94,94
9,95
96,96
97,97
63,98
99,99
100,100
101,101
102,102
12,103
43,104
64,105
64,106
6,107
101,108
109,109
79,110
111,111
112,112
113,113
114,114
115,115
116,116
117,117
118,118
119,119
60,60
61,61
62,62
63,63
64,64
65,65
66,66
67,67
68,68
69,69
70,70
71,71
72,72
83,73
74,74
72,75
76,76
77,77
78,78
80,80
81,81
91,82
73,83
84,84
85,85
86,86
87,87
88,88
89,89
90,90
92,92
93,93
94,94
95,95
96,96
97,97
98,98
99,99
118,100
101,101
102,102
103,103
106,105
106,106
107,107
108,108
106,109
114,110
111,111
112,112
113,113
114,114
91,115
116,116
117,117
118,118
119,119
60,60
61,61
62,62
63,63
64,64
65,65
66,66
67,67
68,68
69,69
71,70
71,71
72,72
73,73
74,74
75,75
76,76
77,77
78,78
79,79
80,80
81,81
82,82
83,83
118,86
87,87
89,88
89,89
83,90
91,91
119,92
93,93
94,94
95,95
96,96
97,97
98,98
99,99
100,100
99,101
87,102
103,103
104,104
105,105
87,106
107,107
110,108
109,109
110,110
111,111
112,112
100,113
114,114
99,115
84,116
113,117
118,118
63,119
60,60
61,61
62,62
63,63
64,64
65,65
66,66
67,67
68,68
69,69
70,70
71,71
72,72
73,73
74,74
75,75
76,76
77,77
78,78
79,79
80,80
81,81
82,82
83,83
84,84
85,85
86,86
87,87
88,88
89,89
72,90
91,91
92,92
93,93
94,94
95,95
96,96
97,97
98,98
99,99
91,100
101,101
104,102
103,103
104,104
105,105
106,106
107,107
108,108
109,109
110,110
111,111
112,112
113,113
114,114
59,115
116,116
117,117
118,118
119,119
60,60
61,61
62,62
63,63
64,64
65,65
66,66
67,67
68,68
71,69
64,70
69,71
72,72
73,73
74,74
72,75
76,76
77,77
78,78
79,79
80,80
81,81
85,82
83,83
84,84
81,85
86,86
87,87
88,88
89,89
90,90
91,91
92,92
105,93
94,94
95,95
96,96
97,97
98,98
99,99
100,100
101,101
102,102
103,103
104,104
118,106
118,107
64,108
109,109
110,110
111,111
112,112
113,113
114,114
115,115
116,116
117,117
118,118
119,119
60,60
61,61
62,62
63,63
65,65
104,66
67,67
68,68
69,69
70,70
71,71
72,72
73,73
84,74
72,75
76,76
77,77
78,78
79,79
80,80
81,81
82,82
83,83
84,84
85,85
86,86
87,87
72,88
89,89
90,90
91,91
92,92
93,93
94,94
95,95
96,96
97,97
98,98
99,99
100,100
101,101
102,102
103,103
104,104
105,105
105,106
105,107
108,108
55,109
107,110
111,111
112,112
113,113
114,114
115,115
116,116
117,117
118,118
119,119
17,60
61,61
62,62
27,63
64,64
65,65
102,66
67,67
76,68
69,69
70,70
71,71
76,76
83,77
78,78
79,79
80,80
81,81
82,82
83,83
84,84
85,85
86,86
87,87
88,88
89,89
90,90
102,92
94,94
95,95
96,96
97,97
98,98
99,99
100,100
101,101
104,102
103,103
84,104
105,105
106,106
107,107
108,108
109,109
110,110
111,111
112,112
113,113
114,114
115,115
19,116
117,117
118,118
119,119
60,60
61,61
62,62
63,63
64,64
65,65
66,66
67,67
68,68
69,69
70,70
71,71
29,72
73,73
74,74
75,75
76,76
77,77
78,78
79,79
80,80
81,81
82,82
83,83
84,84
85,85
86,86
87,87
88,88
89,89
90,90
91,91
92,92
93,93
94,94
95,95
96,96
97,97
98,98
99,99
91,100
114,101
102,102
103,103
104,104
105,105
106,106
107,107
108,108
109,109
110,110
111,111
112,112
113,113
114,114
115,115
116,116
117,117
118,118
119,119
1,60
18,61
62,62
63,63
65,64
65,65
114,66
80,67
77,68
76,69
76,70
71,71
75,72
72,73
11,74
11,75
76,76
77,77
74,78
79,79
80,80
81,81
82,82
83,83
84,84
90,85
13,86
87,87
73,88
1,89
73,90
91,91
63,92
64,93
94,94
66,95
96,96
97,97
99,98
99,99
100,100
101,101
102,102
103,103
104,104
107,105
107,106
64,107
64,108
107,109
35,110
111,111
117,112
91,113
114,114
115,115
116,116
117,117
118,118
119,119
60,60
61,61
62,62
63,63
64,64
65,65
66,66
67,67
69,68
69,69
70,70
71,71
72,72
72,73
72,74
72,75
76,76
77,77
78,78
79,79
80,80
81,81
82,82
83,83
84,84
85,85
86,86
87,87
88,88
89,89
88,90
91,91
92,92
93,93
94,94
95,95
96,96
97,97
98,98
99,99
100,100
101,101
102,102
103,103
104,104
106,105
106,106
107,107
108,108
109,109
28,110
111,111
112,112
113,113
83,114
115,115
116,116
117,117
118,118
119,119
60,60
61,61
102,62
63,63
64,64
65,65
66,66
67,67
69,68
69,69
71,70
71,71
86,86
87,87
89,88
89,89
90,90
91,91
66,92
93,93
94,94
95,95
96,96
97,97
98,98
99,99
100,100
99,101
37,102
103,103
92,104
106,105
107,106
107,107
108,108
110,110
111,111
112,112
113,113
114,114
115,115
116,116
117,117
110,118
119,119
60,60
61,61
62,62
63,63
64,64
65,65
66,66
3,67
68,68
32,69
70,70
62,71
72,72
73,73
74,74
11,75
76,76
77,77
90,78
79,79
80,80
81,81
82,82
81,83
84,84
90,85
86,86
87,87
1,88
89,89
90,90
91,91
92,92
70,93
94,94
95,95
96,96
98,98
99,99
100,100
101,101
102,102
103,103
104,104
105,105
106,106
107,107
108,108
109,109
110,110
111,111
112,112
113,113
114,114
115,115
116,116
117,117
118,118
119,119
60,60
61,61
9,62
48,63
105,64
65,65
66,66
67,67
114,68
114,69
80,70
80,71
73,72
72,73
74,74
72,75
65,76
73,77
74,78
79,79
80,80
75,81
74,82
33,83
84,84
85,85
86,86
12,87
48,88
112,89
29,90
91,91
67,92
67,93
70,94
95,95
96,96
97,97
98,98
99,99
100,100
101,101
66,102
103,103
104,104
106,105
110,106
107,107
108,108
109,109
110,110
111,111
112,112
113,113
114,114
115,115
116,116
117,117
118,118
119,119
60,60
61,61
62,62
63,63
64,64
65,65
66,66
67,67
68,68
69,69
70,70
68,71
72,72
74,73
74,74
75,75
76,76
77,77
78,78
79,79
80,80
81,81
81,82
83,83
84,84
57,85
86,86
87,87
88,88
89,89
90,90
116,91
76,92
93,93
94,94
95,95
96,96
97,97
98,98
99,99
100,100
101,101
102,102
103,103
66,104
64,105
106,106
107,107
108,108
109,109
74,110
111,111
112,112
113,113
114,114
115,115
116,116
117,117
118,118
119,119
60,60
61,61
62,62
63,63
64,64
65,65
60,66
61,67
68,68
69,69
71,70
71,71
11,72
74,73
74,74
10,75
71,76
77,77
78,78
79,79
80,80
28,81
90,82
83,83
84,84
85,85
86,86
87,87
88,88
89,89
10,90
91,91
67,92
93,93
94,94
95,95
96,96
97,97
98,98
99,99
100,100
101,101
68,102
103,103
104,104
105,105
110,106
110,107
55,108
50,110
111,111
112,112
113,113
114,114
59,115
116,116
117,117
118,118
64,119
60,60
61,61
62,62
63,63
64,64
65,65
66,66
61,67
68,68
69,69
70,70
71,71
72,72
73,73
74,74
72,75
76,76
77,77
78,78
79,79
80,80
28,81
31,82
83,83
84,84
85,85
86,86
87,87
12,88
89,89
90,90
91,91
92,92
93,93
94,94
95,95
96,96
97,97
98,98
99,99
100,100
101,101
102,102
103,103
104,104
105,105
106,106
107,107
108,108
109,109
110,110
111,111
112,112
113,113
114,114
58,115
116,116
117,117
118,118
119,119
60,60
61,61
103,62
63,63
64,64
65,65
93,66
86,67
68,68
69,69
70,70
71,71
31,72
77,73
74,74
72,75
76,76
83,77
78,78
79,79
64,80
81,81
31,82
83,83
84,84
85,85
86,86
87,87
90,88
89,89
81,90
91,91
92,92
93,93
94,94
95,95
96,96
97,97
98,98
99,99
100,100
101,101
104,102
103,103
68,104
105,105
107,106
86,107
108,108
109,109
110,110
111,111
112,112
113,113
114,114
115,115
116,116
117,117
118,118
119,119
60,60
61,61
62,62
63,63
64,64
65,65
66,66
67,67
68,68
69,69
70,70
71,71
72,72
118,73
74,74
81,75
76,76
77,77
78,78
79,79
80,80
10,81
81,82
83,83
84,84
85,85
86,86
87,87
88,88
89,89
29,90
91,91
92,92
93,93
94,94
95,95
96,96
97,97
98,98
99,99
100,100
101,101
102,102
103,103
104,104
105,105
106,106
107,107
108,108
109,109
110,110
111,111
112,112
113,113
114,114
115,115
110,116
117,117
118,118
119,119
60,60
61,61
64,62
63,63
58,64
104,66
67,67
68,68
69,69
71,70
71,71
10,72
73,73
74,74
72,75
76,76
74,77
78,78
79,79
80,80
81,81
90,82
83,83
84,84
84,85
86,86
87,87
88,88
89,89
90,90
74,91
48,92
93,93
94,94
95,95
96,96
97,97
98,98
99,99
100,100
84,101
102,102
103,103
104,104
105,105
106,106
115,107
108,108
110,109
99,110
111,111
112,112
113,113
114,114
115,115
116,116
117,117
118,118
119,119
60,60
61,61
62,62
63,63
64,64
58,65
66,66
67,67
68,68
69,69
70,70
71,71
72,72
73,73
74,74
13,75
92,76
74,77
78,78
79,79
80,80
1,81
82,82
73,83
84,84
85,85
86,86
87,87
88,88
89,89
90,90
91,91
92,92
93,93
94,94
38,95
96,96
97,97
118,98
1,99
113,100
101,101
1,102
103,103
104,104
105,105
106,106
105,107
108,108
105,109
110,110
111,111
0,112
113,113
114,114
58,115
116,116
117,117
118,118
53,119
60,60
61,61
62,62
63,63
64,64
65,65
66,66
67,67
68,68
69,69
70,70
71,71
72,72
73,73
74,74
75,75
76,76
78,78
79,79
80,80
81,81
82,82
83,83
84,84
85,85
86,86
87,87
88,88
89,89
90,90
91,91
92,92
93,93
94,94
95,95
96,96
97,97
98,98
99,99
100,100
101,101
104,102
103,103
104,104
105,105
106,106
107,107
108,108
114,109
116,110
111,111
112,112
113,113
114,114
115,115
116,116
117,117
118,118
63,119
60,60
61,61
62,62
30,63
93,64
10,65
78,66
46,67
37,68
30,69
61,70
3,71
11,72
75,73
10,75
76,76
1,77
17,78
79,79
4,80
10,81
10,82
28,83
3,84
28,85
86,86
87,87
15,88
31,89
90,90
91,91
92,92
93,93
94,94
95,95
96,96
97,97
98,98
99,99
91,100
101,101
84,102
103,103
37,104
105,105
106,106
107,107
108,108
109,109
110,110
111,111
112,112
113,113
114,114
115,115
116,116
117,117
118,118
119,119
63,63
64,64
65,65
66,66
22,67
68,68
69,69
70,70
71,71
72,72
81,73
81,74
72,75
76,76
74,77
78,78
113,79
63,80
81,81
82,82
83,83
3,84
28,85
86,86
89,87
90,88
89,89
90,90
113,91
74,92
93,93
94,94
95,95
96,96
97,97
98,98
99,99
100,100
101,101
48,102
103,103
66,104
105,105
105,106
107,107
108,108
109,109
110,110
111,111
112,112
113,113
114,114
115,115
116,116
74,117
118,118
119,119
60,60
61,61
62,62
63,63
64,64
65,65
102,66
46,67
71,68
69,69
70,70
71,71
81,72
73,73
74,74
75,75
76,76
77,77
78,78
79,79
80,80
81,81
82,82
83,83
84,84
81,85
86,86
87,87
88,88
89,89
90,90
91,91
92,92
93,93
94,94
95,95
96,96
97,97
98,98
99,99
100,100
99,101
102,102
21,103
104,104
106,105
106,106
107,107
108,108
109,109
110,110
111,111
112,112
113,113
114,114
115,115
116,116
117,117
118,118
119,119
60,60
61,61
62,62
76,63
64,64
65,65
66,66
93,67
68,68
69,69
70,70
68,71
72,72
75,73
77,74
75,75
76,76
77,77
78,78
79,79
80,80
82,81
82,82
82,83
84,84
85,85
87,86
87,87
88,88
88,89
90,90
92,92
93,93
80,95
96,96
97,97
98,98
99,99
100,100
92,101
30,102
103,103
104,104
105,105
80,106
107,107
108,108
109,109
106,110
111,111
112,112
113,113
114,114
115,115
116,116
55,117
118,118
119,119
60,60
61,61
62,62
63,63
64,64
65,65
66,66
67,67
68,68
69,69
70,70
70,71
75,72
73,73
74,74
75,75
80,76
85,77
78,78
79,79
93,80
81,81
82,82
83,83
84,84
85,85
86,86
87,87
89,88
89,89
90,90
91,91
92,92
62,93
94,94
95,95
96,96
97,97
98,98
99,99
100,100
101,101
102,102
93,103
104,104
105,105
106,106
107,107
108,108
109,109
110,110
111,111
112,112
113,113
109,114
115,115
116,116
117,117
118,118
119,119
60,60
61,61
62,62
63,63
64,64
65,65
71,66
67,67
68,68
69,69
70,70
71,71
75,72
73,73
74,74
75,75
76,76
77,77
78,78
79,79
80,80
81,81
82,82
83,83
84,84
85,85
86,86
87,87
88,88
89,89
90,90
91,91
92,92
93,93
94,94
95,95
96,96
97,97
98,98
99,99
100,100
101,101
102,102
103,103
104,104
105,105
106,106
107,107
108,108
109,109
110,110
111,111
112,112
113,113
114,114
115,115
116,116
117,117
118,118
119,119
60,60
61,61
62,62
63,63
64,64
65,65
66,66
67,67
68,68
69,69
70,70
71,71
75,72
29,73
81,74
75,75
76,76
77,77
78,78
79,79
80,80
12,81
82,82
73,83
84,84
85,85
86,86
87,87
88,88
89,89
90,90
91,91
92,92
93,93
94,94
95,95
96,96
97,97
98,98
99,99
100,100
101,101
102,102
103,103
104,104
49,105
106,106
107,107
108,108
109,109
110,110
111,111
112,112
113,113
114,114
115,115
116,116
117,117
118,118
119,119
60,60
61,61
62,62
63,63
64,64
65,65
76,66
67,67
68,68
69,69
70,70
70,71
72,72
75,73
72,74
81,75
92,76
77,77
78,78
79,79
80,80
90,81
73,82
72,83
84,84
85,85
86,86
87,87
88,88
89,89
28,90
91,91
76,92
93,93
94,94
95,95
96,96
97,97
98,98
99,99
100,100
101,101
102,102
103,103
104,104
105,105
105,106
107,107
108,108
109,109
110,110
111,111
112,112
113,113
114,114
115,115
116,116
117,117
118,118
119,119
60,60
61,61
62,62
63,63
64,64
65,65
66,66
67,67
68,68
69,69
70,70
70,71
75,72
73,73
72,74
72,75
76,76
77,77
78,78
79,79
80,80
10,81
81,82
73,83
84,84
85,85
86,86
87,87
88,88
89,89
90,90
91,91
92,92
93,93
94,94
95,95
96,96
97,97
98,98
99,99
100,100
101,101
102,102
92,103
102,104
105,105
106,106
107,107
107,108
109,109
110,110
111,111
112,112
113,113
114,114
115,115
116,116
117,117
118,118
119,119
60,60
61,61
62,62
63,63
64,64
65,65
66,66
67,67
68,68
69,69
71,70
114,71
72,72
73,73
74,74
72,75
76,76
77,77
78,78
79,79
80,80
81,81
82,82
83,83
84,84
85,85
86,86
87,87
88,88
89,89
90,90
91,91
92,92
93,93
94,94
95,95
96,96
97,97
98,98
99,99
100,100
101,101
102,102
103,103
102,104
105,105
106,106
107,107
108,108
109,109
110,110
111,111
112,112
113,113
114,114
115,115
116,116
117,117
118,118
119,119
60,60
61,61
62,62
63,63
64,64
65,65
66,66
67,67
68,68
69,69
70,70
71,71
72,72
74,73
74,74
75,75
76,76
77,77
78,78
79,79
80,80
81,81
82,82
83,83
84,84
85,85
86,86
87,87
89,88
89,89
90,90
91,91
92,92
93,93
94,94
95,95
96,96
97,97
98,98
99,99
100,100
101,101
102,102
103,103
104,104
116,105
106,106
107,107
108,108
109,109
110,110
111,111
112,112
113,113
114,114
115,115
116,116
117,117
118,118
119,119
60,60
61,61
62,62
63,63
64,64
65,65
66,66
67,67
68,68
69,69
70,70
71,71
72,72
73,73
74,74
75,75
76,76
77,77
78,78
79,79
76,80
81,81
82,82
83,83
84,84
85,85
86,86
87,87
88,88
89,89
90,90
91,91
92,92
93,93
94,94
95,95
96,96
97,97
98,98
99,99
100,100
101,101
102,102
103,103
104,104
107,105
106,106
107,107
108,108
109,109
110,110
111,111
112,112
113,113
114,114
115,115
116,116
117,117
118,118
119,119
60,60
61,61
62,62
63,63
64,64
65,65
66,66
67,67
68,68
69,69
70,70
71,71
72,72
73,73
74,74
75,75
76,76
77,77
78,78
79,79
80,80
81,81
82,82
83,83
84,84
85,85
86,86
87,87
88,88
89,89
90,90
91,91
92,92
93,93
94,94
95,95
96,96
97,97
98,98
99,99
100,100
101,101
66,102
103,103
66,104
105,105
106,106
107,107
108,108
109,109
110,110
111,111
112,112
113,113
114,114
115,115
116,116
117,117
118,118
119,119
60,60
61,61
62,62
63,63
64,64
65,65
78,66
61,67
68,68
69,69
70,70
71,71
72,72
83,73
74,74
75,75
76,76
77,77
90,78
79,79
80,80
81,81
82,82
83,83
84,84
85,85
86,86
87,87
88,88
89,89
90,90
91,91
92,92
93,93
94,94
95,95
96,96
97,97
98,98
99,99
100,100
101,101
104,102
103,103
104,104
105,105
106,106
107,107
108,108
109,109
110,110
111,111
112,112
113,113
114,114
115,115
116,116
117,117
118,118
119,119
60,60
61,61
62,62
63,63
64,64
65,65
66,66
67,67
68,68
69,69
70,70
71,71
72,72
73,73
74,74
75,75
76,76
77,77
78,78
79,79
80,80
81,81
82,82
83,83
84,84
85,85
86,86
87,87
88,88
89,89
64,90
91,91
92,92
93,93
94,94
95,95
96,96
97,97
98,98
99,99
100,100
101,101
102,102
103,103
104,104
105,105
106,106
107,107
108,108
109,109
110,110
111,111
112,112
113,113
114,114
115,115
110,116
117,117
118,118
119,119
60,60
61,61
103,62
63,63
64,64
65,65
66,66
67,67
68,68
69,69
70,70
70,71
72,72
73,73
74,74
75,75
76,76
77,77
78,78
79,79
80,80
81,81
82,82
83,83
84,84
85,85
86,86
87,87
88,88
89,89
90,90
91,91
92,92
93,93
94,94
95,95
96,96
97,97
98,98
99,99
100,100
101,101
102,102
103,103
104,104
105,105
106,106
107,107
108,108
109,109
110,110
111,111
112,112
113,113
114,114
115,115
116,116
117,117
118,118
119,119
60,60
61,61
62,62
63,63
64,64
65,65
66,66
67,67
68,68
69,69
70,70
71,71
75,72
73,73
74,74
75,75
76,76
77,77
78,78
79,79
80,80
81,81
82,82
83,83
84,84
85,85
86,86
87,87
88,88
89,89
90,90
91,91
92,92
93,93
94,94
95,95
96,96
97,97
98,98
99,99
100,100
101,101
102,102
103,103
66,104
105,105
106,106
107,107
108,108
109,109
110,110
111,111
112,112
113,113
114,114
115,115
116,116
117,117
118,118
119,119
60,60
61,61
62,62
63,63
64,64
65,65
66,66
67,67
68,68
69,69
70,70
71,71
72,72
83,73
74,74
75,75
76,76
77,77
78,78
79,79
80,80
81,81
82,82
83,83
84,84
85,85
86,86
87,87
88,88
89,89
90,90
91,91
92,92
93,93
94,94
95,95
96,96
97,97
98,98
99,99
100,100
101,101
102,102
103,103
104,104
105,105
106,106
107,107
108,108
109,109
110,110
111,111
112,112
113,113
114,114
115,115
116,116
117,117
118,118
119,119
60,60
61,61
62,62
63,63
64,64
65,65
66,66
67,67
68,68
69,69
71,70
71,71
72,72
73,73
74,74
75,75
53,76
77,77
78,78
79,79
80,80
12,81
82,82
83,83
84,84
85,85
86,86
87,87
89,88
90,89
33,90
91,91
22,92
93,93
94,94
95,95
96,96
97,97
98,98
99,99
100,100
101,101
102,102
103,103
104,104
106,105
106,106
107,107
108,108
109,109
110,110
111,111
112,112
113,113
114,114
115,115
116,116
117,117
118,118
119,119
60,60
61,61
62,62
63,63
64,64
65,65
66,66
67,67
68,68
69,69
70,70
71,71
72,72
90,73
74,74
75,75
76,76
77,77
78,78
79,79
80,80
81,81
82,82
83,83
84,84
85,85
86,86
87,87
88,88
89,89
90,90
91,91
92,92
69,93
94,94
95,95
96,96
97,97
98,98
99,99
100,100
101,101
102,102
103,103
104,104
106,105
106,106
107,107
108,108
109,109
110,110
111,111
112,112
113,113
114,114
115,115
116,116
117,117
118,118
119,119
60,60
61,61
62,62
63,63
64,64
65,65
102,66
67,67
71,68
69,69
70,70
80,71
75,72
73,73
77,74
75,75
114,76
77,77
78,78
79,79
80,80
81,81
82,82
73,83
36,84
85,85
86,86
87,87
88,88
89,89
90,90
91,91
92,92
62,93
94,94
95,95
96,96
97,97
23,98
99,99
100,100
110,101
102,102
103,103
102,104
105,105
106,106
107,107
108,108
109,109
110,110
111,111
112,112
113,113
114,114
115,115
116,116
117,117
118,118
119,119
60,60
61,61
62,62
63,63
80,64
65,65
30,66
67,67
68,68
69,69
70,70
70,71
75,72
73,73
74,74
10,75
76,76
77,77
104,78
79,79
80,80
81,81
82,82
82,83
102,84
85,85
86,86
87,87
88,88
89,89
12,90
91,91
92,92
93,93
94,94
95,95
96,96
97,97
23,98
99,99
100,100
101,101
66,102
103,103
78,104
105,105
106,106
107,107
108,108
109,109
110,110
111,111
112,112
91,113
114,114
115,115
116,116
108,117
118,118
119,119
60,60
61,61
62,62
63,63
64,64
65,65
66,66
67,67
68,68
69,69
70,70
71,71
75,72
73,73
73,74
75,75
76,76
77,77
78,78
79,79
80,80
81,81
82,82
83,83
84,84
85,85
86,86
87,87
88,88
89,89
90,90
91,91
92,92
93,93
94,94
95,95
96,96
97,97
98,98
99,99
100,100
101,101
102,102
103,103
104,104
105,105
106,106
107,107
108,108
109,109
110,110
111,111
112,112
113,113
114,114
115,115
116,116
117,117
118,118
119,119
60,60
61,61
62,62
63,63
64,64
65,65
66,66
67,67
68,68
69,69
70,70
71,71
72,72
73,73
74,74
75,75
76,76
77,77
78,78
79,79
80,80
81,81
82,82
83,83
84,84
85,85
86,86
87,87
88,88
89,89
90,90
91,91
76,92
93,93
94,94
95,95
96,96
97,97
98,98
99,99
100,100
101,101
102,102
103,103
104,104
106,105
106,106
107,107
108,108
109,109
110,110
111,111
112,112
113,113
74,114
115,115
116,116
117,117
118,118
119,119
60,60
61,61
62,62
63,63
64,64
65,65
66,66
87,67
70,68
30,69
70,70
71,71
90,72
73,73
74,74
75,75
4,76
77,77
78,78
79,79
80,80
12,81
82,82
83,83
84,84
85,85
86,86
87,87
88,88
89,89
90,90
91,91
92,92
93,93
94,94
95,95
96,96
97,97
98,98
99,99
100,100
101,101
102,102
103,103
104,104
105,105
106,106
107,107
108,108
109,109
110,110
111,111
112,112
113,113
114,114
115,115
116,116
117,117
118,118
119,119
60,60
61,61
62,62
63,63
64,64
65,65
66,66
104,67
68,68
68,69
71,70
71,71
75,72
73,73
28,74
75,75
76,76
77,77
78,78
79,79
80,80
10,81
82,82
83,83
84,84
85,85
86,86
87,87
88,88
89,89
90,90
91,91
92,92
93,93
94,94
95,95
96,96
97,97
98,98
99,99
100,100
101,101
102,102
103,103
104,104
105,105
110,106
107,107
108,108
109,109
110,110
111,111
112,112
113,113
114,114
115,115
116,116
117,117
118,118
119,119
60,60
61,61
62,62
63,63
64,64
65,65
66,66
67,67
68,68
69,69
70,70
71,71
81,72
73,73
73,74
75,75
71,76
77,77
78,78
79,79
80,80
81,81
82,82
83,83
84,84
85,85
86,86
87,87
89,88
89,89
72,90
91,91
22,92
93,93
94,94
95,95
96,96
97,97
98,98
99,99
100,100
101,101
102,102
103,103
104,104
111,105
106,106
107,107
108,108
109,109
110,110
111,111
112,112
91,113
114,114
115,115
116,116
117,117
118,118
119,119
60,60
61,61
62,62
63,63
64,64
65,65
66,66
67,67
68,68
69,69
70,70
71,71
72,72
73,73
74,74
72,75
76,76
77,77
78,78
79,79
80,80
81,81
82,82
73,83
84,84
85,85
86,86
87,87
89,88
89,89
90,90
91,91
92,92
93,93
94,94
95,95
96,96
97,97
98,98
99,99
100,100
101,101
102,102
103,103
104,104
105,105
106,106
107,107
108,108
109,109
110,110
111,111
112,112
113,113
114,114
115,115
116,116
117,117
118,118
119,119
60,60
61,61
62,62
63,63
64,64
65,65
78,66
60,67
68,68
68,69
70,70
71,71
72,72
73,73
74,74
90,75
76,76
77,77
78,78
79,79
80,80
81,81
82,82
83,83
84,84
85,85
86,86
87,87
88,88
89,89
90,90
91,91
92,92
93,93
94,94
95,95
96,96
97,97
98,98
99,99
100,100
101,101
66,102
103,103
104,104
105,105
106,106
107,107
108,108
109,109
110,110
111,111
112,112
113,113
114,114
115,115
116,116
117,117
118,118
119,119
60,60
61,61
62,62
63,63
64,64
65,65
78,66
67,67
77,68
69,69
71,70
71,71
75,72
73,73
73,74
75,75
76,76
81,77
78,78
79,79
80,80
81,81
82,82
83,83
84,84
85,85
86,86
87,87
88,88
88,89
90,90
91,91
92,92
93,93
94,94
95,95
96,96
97,97
98,98
99,99
100,100
101,101
78,102
103,103
104,104
105,105
106,106
107,107
108,108
109,109
110,110
111,111
112,112
113,113
114,114
115,115
116,116
117,117
118,118
119,119
60,60
61,61
62,62
63,63
64,64
65,65
66,66
67,67
68,68
69,69
70,70
71,71
72,72
73,73
74,74
75,75
76,76
77,77
78,78
79,79
80,80
81,81
82,82
83,83
84,84
85,85
86,86
87,87
88,88
89,89
90,90
91,91
92,92
93,93
94,94
95,95
96,96
97,97
98,98
99,99
100,100
101,101
66,102
103,103
104,104
105,105
106,106
107,107
108,108
109,109
110,110
111,111
112,112
113,113
114,114
115,115
116,116
117,117
118,118
119,119
60,60
61,61
64,62
63,63
64,64
65,65
66,66
67,67
68,68
69,69
70,70
71,71
75,72
73,73
74,74
75,75
76,76
72,77
78,78
79,79
80,80
81,81
82,82
83,83
84,84
85,85
86,86
87,87
88,88
89,89
90,90
91,91
92,92
93,93
94,94
95,95
96,96
97,97
98,98
99,99
100,100
101,101
102,102
103,103
104,104
105,105
105,106
107,107
108,108
109,109
110,110
111,111
112,112
113,113
114,114
115,115
116,116
117,117
118,118
119,119
60,60
61,61
62,62
63,63
64,64
65,65
66,66
67,67
68,68
69,69
70,70
71,71
72,72
73,73
74,74
88,75
76,76
77,77
62,78
79,79
80,80
81,81
82,82
83,83
84,84
85,85
86,86
87,87
88,88
89,89
90,90
91,91
92,92
93,93
94,94
95,95
96,96
97,97
98,98
99,99
100,100
101,101
104,102
103,103
104,104
105,105
109,106
107,107
108,108
109,109
110,110
111,111
112,112
113,113
114,114
115,115
116,116
117,117
118,118
119,119
60,60
61,61
62,62
63,63
64,64
65,65
66,66
67,67
68,68
69,69
70,70
71,71
12,72
83,73
83,74
72,75
76,76
77,77
78,78
79,79
80,80
81,81
81,82
83,83
84,84
85,85
86,86
87,87
88,88
88,89
90,90
91,91
92,92
93,93
94,94
95,95
96,96
97,97
98,98
99,99
100,100
101,101
104,102
24,103
104,104
105,105
106,106
107,107
108,108
109,109
110,110
111,111
112,112
113,113
114,114
115,115
116,116
117,117
118,118
119,119
60,60
61,61
62,62
63,63
64,64
65,65
66,66
67,67
68,68
69,69
70,70
71,71
75,72
73,73
74,74
75,75
76,76
77,77
78,78
79,79
80,80
90,81
82,82
83,83
84,84
85,85
109,86
87,87
88,88
89,89
90,90
91,91
92,92
93,93
94,94
95,95
96,96
97,97
98,98
99,99
100,100
101,101
66,102
103,103
104,104
105,105
106,106
107,107
108,108
109,109
110,110
111,111
112,112
113,113
114,114
115,115
116,116
117,117
118,118
119,119
60,60
61,61
62,62
63,63
64,64
65,65
66,66
67,67
68,68
69,69
70,70
71,71
72,72
73,73
74,74
75,75
76,76
77,77
78,78
79,79
80,80
90,81
82,82
73,83
84,84
85,85
86,86
87,87
88,88
89,89
90,90
91,91
71,92
93,93
94,94
95,95
96,96
97,97
98,98
99,99
100,100
101,101
102,102
103,103
102,104
105,105
106,106
107,107
108,108
109,109
106,110
111,111
112,112
113,113
114,114
115,115
116,116
117,117
118,118
119,119
60,60
61,61
62,62
63,63
64,64
65,65
66,66
67,67
68,68
69,69
70,70
71,71
75,72
73,73
74,74
75,75
76,76
85,77
78,78
79,79
80,80
72,81
82,82
83,83
84,84
85,85
86,86
99,87
89,88
89,89
90,90
91,91
92,92
62,93
94,94
95,95
96,96
97,97
98,98
99,99
100,100
101,101
102,102
93,103
104,104
105,105
106,106
107,107
108,108
109,109
110,110
111,111
112,112
113,113
114,114
115,115
116,116
117,117
118,118
119,119
60,60
61,61
62,62
63,63
64,64
65,65
71,66
67,67
68,68
69,69
70,70
71,71
75,72
77,73
74,74
75,75
76,76
77,77
78,78
79,79
80,80
81,81
82,82
83,83
84,84
85,85
86,86
87,87
88,88
89,89
90,90
91,91
92,92
93,93
94,94
95,95
96,96
97,97
98,98
99,99
100,100
101,101
104,102
103,103
104,104
105,105
106,106
107,107
108,108
109,109
110,110
111,111
112,112
118,113
114,114
115,115
116,116
117,117
118,118
119,119
60,60
90,61
62,62
63,63
64,64
65,65
95,66
37,67
69,68
30,69
70,70
68,71
72,72
75,73
81,74
75,75
92,76
30,77
77,78
79,79
80,80
12,81
82,82
81,83
84,84
85,85
86,86
87,87
88,88
89,89
90,90
91,91
92,92
93,93
94,94
95,95
96,96
97,97
98,98
99,99
100,100
101,101
102,102
6,103
104,104
105,105
106,106
107,107
108,108
109,109
101,110
111,111
112,112
113,113
114,114
115,115
116,116
117,117
118,118
119,119
60,60
61,61
62,62
63,63
64,64
65,65
66,66
92,67
68,68
69,69
69,70
69,71
72,72
75,73
75,74
75,75
92,76
77,77
78,78
79,79
80,80
90,81
82,82
72,83
84,84
90,85
86,86
12,87
88,88
89,89
10,90
91,91
92,92
93,93
94,94
95,95
96,96
97,97
98,98
99,99
100,100
101,101
102,102
103,103
104,104
105,105
105,106
107,107
106,108
109,109
110,110
111,111
112,112
113,113
114,114
115,115
107,116
117,117
118,118
119,119
60,60
61,61
62,62
63,63
64,64
65,65
66,66
67,67
68,68
69,69
70,70
70,71
75,72
73,73
72,74
72,75
76,76
76,77
78,78
79,79
80,80
10,81
83,82
81,83
84,84
85,85
86,86
87,87
88,88
89,89
90,90
91,91
92,92
93,93
94,94
95,95
96,96
97,97
98,98
99,99
100,100
101,101
66,102
103,103
104,104
105,105
106,106
107,107
107,108
109,109
110,110
111,111
112,112
91,113
114,114
115,115
116,116
117,117
118,118
119,119
60,60
61,61
62,62
63,63
64,64
65,65
66,66
67,67
68,68
69,69
70,70
114,71
72,72
73,73
74,74
75,75
76,76
77,77
78,78
79,79
80,80
81,81
90,82
83,83
84,84
85,85
86,86
87,87
88,88
89,89
90,90
91,91
92,92
103,93
94,94
95,95
96,96
97,97
98,98
99,99
100,100
101,101
102,102
103,103
104,104
105,105
106,106
107,107
108,108
109,109
110,110
111,111
112,112
113,113
114,114
115,115
116,116
117,117
118,118
119,119
60,60
61,61
62,62
63,63
64,64
65,65
66,66
67,67
68,68
69,69
70,70
71,71
72,72
74,73
74,74
75,75
76,76
77,77
104,78
79,79
80,80
81,81
82,82
83,83
84,84
90,85
86,86
87,87
89,88
89,89
90,90
91,91
92,92
62,93
94,94
95,95
96,96
97,97
98,98
99,99
100,100
101,101
102,102
103,103
104,104
116,105
116,106
107,107
108,108
116,109
111,111
112,112
113,113
111,114
115,115
116,116
117,117
118,118
119,119
60,60
61,61
62,62
63,63
64,64
65,65
66,66
67,67
68,68
69,69
70,70
71,71
72,72
73,73
74,74
72,75
76,76
77,77
78,78
79,79
80,80
81,81
82,82
83,83
84,84
85,85
86,86
87,87
88,88
89,89
90,90
91,91
92,92
93,93
94,94
95,95
96,96
97,97
98,98
99,99
100,100
101,101
102,102
103,103
104,104
107,105
106,106
107,107
108,108
109,109
110,110
111,111
112,112
113,113
114,114
115,115
116,116
117,117
118,118
119,119
78,60
61,61
62,62
63,63
64,64
65,65
66,66
104,67
68,68
69,69
70,70
71,71
72,72
73,73
74,74
75,75
76,76
82,77
78,78
79,79
80,80
81,81
82,82
83,83
84,84
85,85
86,86
87,87
63,88
88,89
90,90
91,91
92,92
93,93
94,94
95,95
14,96
97,97
98,98
99,99
100,100
101,101
66,102
62,103
78,104
105,105
106,106
107,107
108,108
109,109
110,110
111,111
112,112
113,113
114,114
115,115
116,116
117,117
118,118
119,119
60,60
61,61
62,62
63,63
64,64
65,65
76,66
18,67
68,68
69,69
70,70
71,71
10,72
72,73
72,74
10,75
76,76
32,77
72,78
79,79
80,80
81,81
82,82
75,83
84,84
85,85
86,86
87,87
88,88
89,89
90,90
91,91
92,92
93,93
94,94
95,95
96,96
97,97
98,98
99,99
100,100
101,101
104,102
103,103
104,104
105,105
106,106
107,107
108,108
109,109
110,110
111,111
112,112
113,113
114,114
115,115
116,116
117,117
118,118
119,119
60,60
61,61
62,62
63,63
106,64
65,65
66,66
67,67
68,68
69,69
94,70
94,71
72,72
73,73
74,74
75,75
76,76
77,77
78,78
79,79
80,80
81,81
82,82
82,83
84,84
85,85
86,86
87,87
89,88
89,89
90,90
91,91
92,92
93,93
94,94
95,95
96,96
97,97
98,98
99,99
100,100
101,101
102,102
103,103
104,104
105,105
106,106
107,107
108,108
109,109
110,110
111,111
112,112
91,113
114,114
115,115
108,116
108,117
118,118
119,119
60,60
61,61
103,62
63,63
65,64
65,65
66,66
67,67
68,68
69,69
70,70
70,71
72,72
73,73
74,74
75,75
76,76
77,77
78,78
79,79
80,80
81,81
82,82
83,83
84,84
85,85
86,86
87,87
88,88
89,89
90,90
91,91
92,92
93,93
94,94
95,95
96,96
97,97
98,98
99,99
100,100
101,101
102,102
103,103
104,104
106,105
105,106
107,107
108,108
109,109
110,110
111,111
112,112
113,113
114,114
115,115
116,116
117,117
118,118
119,119
62,62
63,63
64,64
65,65
66,66
67,67
68,68
69,69
71,70
71,71
72,72
83,73
74,74
75,75
76,76
77,77
78,78
79,79
80,80
81,81
82,82
73,83
84,84
85,85
86,86
87,87
88,88
89,89
90,90
91,91
92,92
93,93
94,94
95,95
96,96
97,97
98,98
101,99
100,100
101,101
102,102
103,103
104,104
107,105
106,106
107,107
108,108
53,109
110,110
111,111
112,112
113,113
109,114
115,115
106,116
117,117
118,118
105,119
60,60
61,61
62,62
63,63
64,64
65,65
66,66
67,67
68,68
69,69
70,70
71,71
72,72
83,73
74,74
75,75
76,76
77,77
78,78
79,79
80,80
81,81
82,82
83,83
84,84
85,85
86,86
87,87
88,88
89,89
90,90
91,91
92,92
64,93
94,94
95,95
96,96
97,97
98,98
99,99
100,100
101,101
102,102
103,103
104,104
105,105
106,106
107,107
108,108
109,109
110,110
111,111
112,112
113,113
114,114
115,115
116,116
117,117
118,118
119,119
60,60
60,61
62,62
78,63
93,64
90,65
72,72
73,73
75,74
29,75
30,76
77,77
78,78
79,79
80,80
33,81
82,82
9,83
84,84
85,85
86,86
87,87
88,88
3,89
81,90
91,91
92,92
80,93
94,94
95,95
96,96
97,97
98,98
99,99
100,100
101,101
102,102
103,103
104,104
106,105
106,106
107,107
108,108
109,109
110,110
111,111
112,112
113,113
114,114
115,115
116,116
117,117
118,118
119,119
60,60
61,61
62,62
65,63
64,64
65,65
66,66
67,67
68,68
69,69
70,70
70,71
72,72
73,73
73,74
75,75
76,76
32,77
60,78
79,79
80,80
81,81
82,82
83,83
84,84
85,85
86,86
87,87
88,88
89,89
90,90
91,91
92,92
93,93
94,94
95,95
96,96
97,97
98,98
99,99
100,100
101,101
102,102
103,103
104,104
105,105
105,106
107,107
108,108
109,109
110,110
111,111
112,112
113,113
114,114
115,115
116,116
117,117
118,118
119,119
60,60
61,61
62,62
63,63
64,64
65,65
66,66
67,67
68,68
69,69
70,70
71,71
75,72
73,73
75,75
114,76
77,77
78,78
79,79
80,80
81,81
82,82
83,83
36,84
85,85
86,86
87,87
88,88
89,89
90,90
91,91
69,92
66,93
69,94
68,95
69,96
68,97
68,98
68,99
100,100
107,101
109,102
62,103
46,104
105,105
106,106
107,107
108,108
109,109
110,110
111,111
112,112
113,113
114,114
115,115
116,116
117,117
118,118
119,119
60,60
61,61
62,62
63,63
64,64
65,65
76,66
67,67
71,68
69,69
70,70
71,71
75,72
73,73
73,74
75,75
76,76
77,77
78,78
79,79
80,80
81,81
82,82
83,83
104,84
85,85
86,86
87,87
88,88
89,89
90,90
91,91
92,92
93,93
94,94
95,95
96,96
97,97
98,98
99,99
100,100
101,101
66,102
103,103
104,104
105,105
106,106
107,107
108,108
109,109
110,110
111,111
112,112
118,113
114,114
115,115
117,117
118,118
119,119
60,60
61,61
77,62
63,63
64,64
109,65
80,66
67,67
68,68
64,69
71,70
71,71
11,72
73,73
73,74
75,75
76,76
90,77
78,78
79,79
80,80
81,81
82,82
73,83
84,84
85,85
86,86
87,87
90,88
90,89
90,90
91,91
76,92
93,93
94,94
95,95
96,96
97,97
98,98
99,99
100,100
101,101
102,102
103,103
104,104
105,105
106,106
107,107
108,108
109,109
110,110
111,111
112,112
113,113
114,114
115,115
116,116
117,117
118,118
119,119
60,60
61,61
62,62
63,63
64,64
65,65
66,66
67,67
68,68
69,69
70,70
71,71
72,72
73,73
74,74
72,75
76,76
77,77
78,78
79,79
80,80
81,81
82,82
83,83
84,84
85,85
86,86
87,87
88,88
89,89
90,90
91,91
76,92
93,93
94,94
95,95
96,96
97,97
98,98
99,99
100,100
101,101
102,102
103,103
104,104
106,105
106,106
107,107
108,108
109,109
110,110
111,111
112,112
113,113
114,114
115,115
116,116
114,117
118,118
119,119
60,60
61,61
62,62
63,63
64,64
65,65
66,66
102,67
69,68
68,69
70,70
69,71
72,72
73,73
74,74
75,75
76,76
77,77
78,78
79,79
80,80
12,81
82,82
83,83
84,84
85,85
86,86
14,87
12,88
89,89
11,90
91,91
76,92
93,93
94,94
95,95
96,96
97,97
98,98
99,99
100,100
101,101
104,102
96,103
37,104
105,105
105,106
107,107
108,108
109,109
110,110
111,111
112,112
113,113
109,114
115,115
118,116
117,117
118,118
119,119
60,60
61,61
62,62
63,63
64,64
65,65
66,66
104,67
68,68
69,69
68,70
71,71
75,72
73,73
74,74
75,75
76,76
77,77
78,78
79,79
80,80
81,81
82,82
83,83
84,84
85,85
86,86
87,87
88,88
88,89
90,90
91,91
92,92
93,93
94,94
95,95
96,96
97,97
98,98
99,99
100,100
101,101
102,102
103,103
104,104
105,105
110,106
107,107
108,108
109,109
110,110
111,111
112,112
91,113
114,114
115,115
116,116
117,117
118,118
119,119
62,62
63,63
64,64
65,65
66,66
67,67
68,68
69,69
70,70
71,71
72,72
73,73
74,74
75,75
111,76
77,77
78,78
79,79
64,80
90,81
82,82
83,83
84,84
85,85
86,86
63,87
89,88
89,89
90,90
91,91
22,92
93,93
94,94
95,95
96,96
97,97
98,98
99,99
100,100
101,101
102,102
103,103
104,104
111,105
107,106
107,107
108,108
109,109
110,110
111,111
112,112
113,113
114,114
115,115
116,116
117,117
118,118
119,119
60,60
61,61
62,62
63,63
64,64
65,65
66,66
67,67
68,68
69,69
70,70
71,71
72,72
73,73
44,74
72,75
76,76
77,77
78,78
79,79
80,80
81,81
82,82
83,83
84,84
85,85
86,86
87,87
88,88
89,89
90,90
91,91
22,92
93,93
94,94
95,95
96,96
97,97
98,98
99,99
100,100
101,101
102,102
103,103
104,104
105,105
106,106
107,107
108,108
109,109
110,110
111,111
112,112
113,113
114,114
115,115
116,116
117,117
118,118
119,119
60,60
61,61
62,62
63,63
64,64
65,65
78,66
60,67
68,68
69,69
70,70
71,71
72,72
73,73
72,74
75,75
76,76
73,77
78,78
79,79
80,80
81,81
82,82
83,83
84,84
82,85
86,86
87,87
88,88
88,89
90,90
91,91
92,92
93,93
94,94
95,95
96,96
97,97
98,98
99,99
100,100
101,101
106,102
103,103
104,104
106,105
106,106
107,107
108,108
109,109
110,110
111,111
114,112
113,113
114,114
115,115
116,116
117,117
118,118
119,119
60,60
61,61
62,62
63,63
64,64
65,65
78,66
60,67
78,68
69,69
70,70
68,71
75,72
73,73
73,74
90,75
76,76
82,77
78,78
79,79
80,80
81,81
81,82
73,83
84,84
85,85
86,86
87,87
88,88
89,89
90,90
91,91
92,92
93,93
94,94
95,95
96,96
97,97
98,98
99,99
100,100
101,101
78,102
103,103
104,104
105,105
106,106
107,107
108,108
109,109
110,110
111,111
112,112
113,113
114,114
115,115
115,116
117,117
118,118
119,119
60,60
61,61
62,62
63,63
64,64
65,65
66,66
67,67
95,68
69,69
70,70
70,71
72,72
73,73
83,74
75,75
65,76
77,77
78,78
79,79
80,80
75,81
82,82
83,83
84,84
85,85
86,86
87,87
89,88
88,89
90,90
91,91
92,92
93,93
94,94
95,95
96,96
97,97
98,98
99,99
100,100
101,101
102,102
103,103
104,104
105,105
106,106
107,107
108,108
109,109
110,110
111,111
112,112
113,113
114,114
115,115
116,116
117,117
118,118
119,119
60,60
61,61
6,62
63,63
64,64
65,65
66,66
67,67
68,68
69,69
70,70
71,71
72,72
73,73
74,74
75,75
76,76
77,77
78,78
79,79
80,80
81,81
82,82
83,83
84,84
85,85
86,86
87,87
88,88
89,89
90,90
91,91
92,92
93,93
94,94
95,95
96,96
97,97
98,98
99,99
100,100
101,101
102,102
103,103
104,104
105,105
106,106
107,107
108,108
109,109
110,110
111,111
112,112
113,113
114,114
115,115
116,116
117,117
118,118
119,119
60,60
61,61
62,62
63,63
109,64
65,65
66,66
67,67
68,68
69,69
70,70
71,71
72,72
74,73
28,74
90,75
76,76
77,77
76,78
79,79
80,80
81,81
82,82
83,83
84,84
85,85
86,86
87,87
88,88
89,89
90,90
91,91
92,92
93,93
92,94
95,95
96,96
96,97
98,98
99,99
100,100
101,101
104,102
103,103
104,104
105,105
110,106
107,107
108,108
109,109
110,110
111,111
112,112
113,113
114,114
115,115
116,116
117,117
118,118
119,119
60,60
61,61
62,62
63,63
64,64
65,65
66,66
67,67
76,68
69,69
70,70
71,71
72,72
73,73
74,74
72,75
76,76
77,77
78,78
79,79
80,80
81,81
82,82
83,83
84,84
85,85
86,86
87,87
88,88
88,89
90,90
91,91
92,92
93,93
94,94
95,95
96,96
97,97
98,98
99,99
100,100
101,101
104,102
24,103
116,104
105,105
106,106
107,107
108,108
109,109
110,110
111,111
112,112
113,113
114,114
115,115
116,116
117,117
118,118
119,119
60,60
61,61
62,62
63,63
64,64
65,65
66,66
67,67
68,68
69,69
70,70
71,71
72,72
73,73
74,74
75,75
76,76
85,77
78,78
79,79
93,80
81,81
82,82
28,83
84,84
85,85
86,86
87,87
88,88
89,89
90,90
91,91
92,92
93,93
94,94
95,95
96,96
97,97
98,98
99,99
100,100
101,101
66,102
103,103
66,104
105,105
106,106
107,107
108,108
109,109
110,110
111,111
112,112
113,113
114,114
58,115
116,116
109,117
118,118
119,119
60,60
61,61
62,62
63,63
64,64
65,65
66,66
67,67
68,68
69,69
70,70
71,71
72,72
73,73
77,74
75,75
76,76
77,77
78,78
79,79
80,80
90,81
82,82
73,83
84,84
85,85
86,86
87,87
88,88
89,89
90,90
5,91
76,92
93,93
94,94
95,95
96,96
97,97
98,98
99,99
100,100
101,101
102,102
103,103
102,104
105,105
106,106
107,107
108,108
109,109
110,110
111,111
112,112
113,113
114,114
115,115
116,116
117,117
118,118
119,119
60,60
61,61
62,62
63,63
64,64
65,65
66,66
67,67
68,68
69,69
70,70
71,71
75,72
73,73
74,74
75,75
76,76
77,77
78,78
79,79
93,80
81,81
82,82
77,83
84,84
85,85
86,86
87,87
88,88
89,89
90,90
91,91
92,92
93,93
94,94
95,95
96,96
97,97
98,98
99,99
100,100
101,101
102,102
62,103
104,104
105,105
106,106
107,107
108,108
109,109
110,110
111,111
112,112
113,113
114,114
115,115
116,116
117,117
118,118
119,119
60,60
61,61
62,62
63,63
89,64
65,65
66,66
67,67
68,68
69,69
70,70
71,71
75,72
74,73
74,74
75,75
62,76
77,77
78,78
79,79
93,80
81,81
82,82
83,83
84,84
77,85
86,86
87,87
88,88
89,89
90,90
91,91
92,92
93,93
94,94
95,95
96,96
97,97
98,98
99,99
100,100
101,101
102,102
103,103
104,104
105,105
110,106
107,107
108,108
109,109
110,110
111,111
112,112
118,113
114,114
115,115
116,116
117,117
118,118
119,119
62,60
61,61
62,62
63,63
30,64
65,65
71,66
67,67
68,68
69,69
70,70
70,71
75,72
11,73
73,74
72,75
92,76
32,77
78,78
79,79
80,80
12,81
72,82
10,83
84,84
85,85
86,86
87,87
88,88
89,89
90,90
91,91
92,92
93,93
94,94
95,95
96,96
97,97
98,98
99,99
100,100
101,101
102,102
103,103
104,104
51,105
106,106
107,107
108,108
109,109
110,110
111,111
112,112
113,113
114,114
115,115
116,116
117,117
118,118
119,119
60,60
61,61
62,62
76,63
64,64
65,65
78,66
67,67
68,68
69,69
71,70
71,71
85,72
85,73
11,74
29,75
76,76
75,77
32,78
79,79
80,80
90,81
73,82
72,83
84,84
85,85
86,86
12,87
16,88
90,89
28,90
91,91
92,92
20,93
94,94
95,95
96,96
97,97
98,98
99,99
100,100
101,101
102,102
103,103
104,104
105,105
105,106
107,107
108,108
109,109
110,110
111,111
112,112
113,113
114,114
115,115
116,116
117,117
118,118
119,119
60,60
61,61
62,62
63,63
64,64
65,65
66,66
67,67
68,68
69,69
70,70
71,71
72,72
73,73
72,74
72,75
76,76
77,77
78,78
79,79
80,80
81,81
72,82
11,83
84,84
85,85
86,86
87,87
88,88
89,89
90,90
91,91
92,92
93,93
94,94
95,95
96,96
97,97
98,98
99,99
100,100
101,101
102,102
103,103
104,104
105,105
106,106
107,107
108,108
109,109
110,110
111,111
112,112
113,113
114,114
115,115
116,116
117,117
118,118
119,119
60,60
61,61
62,62
63,63
64,64
65,65
66,66
67,67
68,68
69,69
70,70
114,71
72,72
73,73
74,74
75,75
71,76
77,77
78,78
79,79
68,80
81,81
80,82
83,83
84,84
85,85
86,86
87,87
88,88
89,89
90,90
91,91
92,92
67,93
94,94
95,95
96,96
97,97
98,98
99,99
100,100
101,101
66,102
103,103
102,104
105,105
105,106
115,107
108,108
109,109
110,110
111,111
112,112
113,113
114,114
115,115
116,116
117,117
118,118
119,119
60,60
61,61
62,62
63,63
64,64
65,65
66,66
67,67
68,68
69,69
70,70
71,71
72,72
73,73
74,74
75,75
76,76
77,77
78,78
79,79
80,80
81,81
82,82
83,83
84,84
85,85
86,86
87,87
89,88
89,89
90,90
91,91
92,92
93,93
94,94
95,95
96,96
97,97
98,98
99,99
100,100
101,101
102,102
103,103
104,104
105,105
106,106
107,107
108,108
109,109
110,110
111,111
112,112
113,113
114,114
115,115
116,116
117,117
118,118
119,119
60,60
61,61
62,62
63,63
64,64
65,65
104,66
104,67
68,68
69,69
70,70
71,71
72,72
74,73
74,74
72,75
76,76
85,77
78,78
79,79
53,80
81,81
82,82
83,83
84,84
85,85
86,86
87,87
89,88
89,89
81,90
91,91
92,92
93,93
43,94
95,95
96,96
97,97
98,98
99,99
100,100
101,101
102,102
103,103
104,104
107,105
106,106
107,107
108,108
109,109
110,110
111,111
112,112
113,113
114,114
115,115
116,116
117,117
118,118
55,119
60,60
61,61
62,62
63,63
64,64
65,65
66,66
67,67
68,68
69,69
70,70
71,71
72,72
73,73
74,74
72,75
76,76
77,77
78,78
79,79
80,80
81,81
82,82
83,83
84,84
85,85
86,86
87,87
88,88
89,89
90,90
91,91
92,92
93,93
94,94
95,95
96,96
97,97
98,98
99,99
100,100
101,101
66,102
103,103
78,104
105,105
106,106
107,107
56,108
109,109
110,110
111,111
112,112
113,113
114,114
115,115
116,116
117,117
118,118
119,119
60,60
18,61
62,62
63,63
105,64
65,65
78,66
3,67
70,68
69,69
70,70
71,71
72,72
11,75
62,76
90,77
89,78
79,79
80,80
81,81
90,82
28,83
84,84
90,85
86,86
87,87
88,88
89,89
90,90
91,91
92,92
89,93
94,94
95,95
96,96
97,97
98,98
99,99
100,100
101,101
104,102
103,103
104,104
105,105
106,106
106,107
108,108
109,109
110,110
111,111
112,112
113,113
114,114
115,115
116,116
117,117
118,118
119,119
60,60
61,61
62,62
63,63
64,64
65,65
66,66
67,67
68,68
69,69
70,70
71,71
72,72
73,73
74,74
75,75
76,76
77,77
78,78
79,79
80,80
81,81
82,82
83,83
84,84
85,85
86,86
87,87
88,88
89,89
90,90
91,91
92,92
93,93
94,94
95,95
96,96
97,97
98,98
99,99
100,100
101,101
102,102
103,103
104,104
105,105
109,106
107,107
108,108
109,109
110,110
111,111
112,112
113,113
114,114
115,115
116,116
117,117
118,118
119,119
60,60
61,61
62,62
63,63
64,64
65,65
66,66
43,67
66,68
68,69
70,70
70,71
72,72
73,73
74,74
72,75
76,76
77,77
78,78
79,79
80,80
81,81
82,82
83,83
84,84
85,85
86,86
87,87
88,88
89,89
90,90
91,91
92,92
94,94
95,95
96,96
97,97
98,98
99,99
100,100
101,101
66,102
103,103
102,104
105,105
106,106
107,107
108,108
109,109
110,110
111,111
112,112
113,113
114,114
115,115
116,116
117,117
118,118
119,119
60,60
61,61
62,62
63,63
64,64
65,65
66,66
67,67
68,68
69,69
70,70
71,71
72,72
73,73
74,74
75,75
76,76
77,77
78,78
79,79
80,80
81,81
82,82
82,83
84,84
85,85
86,86
87,87
88,88
89,89
90,90
91,91
92,92
93,93
94,94
95,95
96,96
97,97
98,98
99,99
100,100
101,101
102,102
103,103
66,104
105,105
106,106
107,107
108,108
109,109
110,110
111,111
112,112
113,113
114,114
115,115
116,116
117,117
118,118
119,119
60,60
61,61
62,62
63,63
64,64
65,65
66,66
67,67
68,68
69,69
71,70
71,71
75,72
73,73
74,74
73,75
76,76
77,77
78,78
79,79
76,80
81,81
82,82
83,83
84,84
85,85
86,86
87,87
88,88
89,89
90,90
91,91
92,92
93,93
94,94
95,95
96,96
97,97
98,98
99,99
100,100
101,101
102,102
103,103
104,104
105,105
106,106
107,107
108,108
109,109
110,110
111,111
112,112
113,113
114,114
115,115
116,116
117,117
118,118
119,119
19,60
62,61
62,62
63,63
64,64
65,65
66,66
67,67
68,68
69,69
70,70
71,71
72,72
73,73
74,74
75,75
76,76
77,77
84,78
79,79
80,80
81,81
82,82
83,83
84,84
85,85
86,86
87,87
88,88
88,89
90,90
91,91
92,92
93,93
94,94
95,95
96,96
97,97
98,98
99,99
100,100
101,101
102,102
103,103
104,104
106,105
106,106
107,107
108,108
109,109
110,110
111,111
112,112
113,113
114,114
115,115
116,116
117,117
118,118
119,119
60,60
61,61
62,62
63,63
64,64
65,65
78,66
67,67
76,68
69,69
70,70
70,71
73,72
90,73
37,74
73,75
76,76
77,77
78,78
79,79
80,80
81,81
82,82
83,83
85,84
85,85
86,86
87,87
88,88
89,89
90,90
91,91
92,92
64,93
94,94
95,95
96,96
97,97
98,98
99,99
100,100
101,101
102,102
103,103
104,104
80,105
106,106
107,107
108,108
109,109
110,110
111,111
112,112
113,113
114,114
115,115
116,116
117,117
118,118
119,119
43,60
61,61
62,62
63,63
64,64
65,65
66,66
67,67
76,68
69,69
70,70
76,71
75,72
73,73
73,74
75,75
76,76
77,77
78,78
79,79
80,80
81,81
82,82
82,83
36,84
85,85
86,86
87,87
88,88
89,89
75,90
91,91
92,92
93,93
94,94
39,95
96,96
97,97
25,98
99,99
100,100
101,101
102,102
103,103
104,104
111,105
106,106
107,107
108,108
109,109
110,110
111,111
112,112
91,113
114,114
115,115
116,116
117,117
118,118
119,119
60,60
61,61
62,62
63,63
105,64
65,65
29,73
90,77
64,78
79,79
80,80
81,81
82,82
86,86
87,87
40,88
24,89
75,90
91,91
107,92
105,93
94,94
95,95
96,96
97,97
93,98
115,99
100,100
118,101
74,102
103,103
62,104
105,105
106,106
107,107
108,108
109,109
107,110
111,111
112,112
113,113
114,114
115,115
116,116
117,117
118,118
119,119
60,60
61,61
62,62
63,63
64,64
65,65
66,66
67,67
68,68
69,69
70,70
70,71
81,72
73,73
74,74
75,75
76,76
77,77
78,78
79,79
80,80
81,81
82,82
83,83
84,84
85,85
86,86
87,87
88,88
89,89
90,90
91,91
92,92
93,93
94,94
95,95
96,96
97,97
98,98
99,99
100,100
101,101
102,102
103,103
104,104
105,105
105,106
107,107
108,108
109,109
110,110
111,111
112,112
113,113
114,114
115,115
116,116
117,117
118,118
119,119
60,60
61,61
62,62
63,63
64,64
12,65
66,66
67,67
68,68
69,69
70,70
71,71
72,72
73,73
74,74
75,75
76,76
77,77
78,78
79,79
80,80
82,81
82,82
83,83
84,84
85,85
86,86
87,87
88,88
89,89
90,90
91,91
92,92
93,93
103,94
95,95
96,96
97,97
98,98
99,99
100,100
101,101
102,102
103,103
104,104
106,105
106,106
107,107
108,108
109,109
110,110
111,111
112,112
113,113
114,114
115,115
116,116
117,117
118,118
119,119
60,60
61,61
62,62
63,63
64,64
65,65
66,66
87,67
68,68
32,69
76,70
68,71
11,72
73,73
28,74
75,75
76,76
77,77
78,78
79,79
80,80
81,81
82,82
83,83
84,84
85,85
86,86
87,87
88,88
89,89
90,90
91,91
92,92
93,93
94,94
95,95
96,96
97,97
98,98
99,99
100,100
101,101
102,102
103,103
104,104
105,105
106,106
107,107
108,108
109,109
110,110
111,111
112,112
113,113
114,114
115,115
116,116
117,117
118,118
119,119
60,60
61,61
62,62
63,63
64,64
65,65
92,66
104,67
80,68
68,69
71,70
109,71
29,72
75,73
29,74
29,75
109,76
90,77
78,78
79,79
93,80
81,81
82,82
83,83
84,84
85,85
86,86
87,87
11,88
89,89
11,90
91,91
76,92
93,93
94,94
95,95
96,96
97,97
98,98
99,99
100,100
101,101
102,102
21,103
4,104
105,105
110,106
107,107
108,108
109,109
110,110
111,111
112,112
113,113
114,114
115,115
116,116
117,117
118,118
119,119
60,60
61,61
62,62
63,63
64,64
65,65
66,66
67,67
68,68
69,69
70,70
71,71
72,72
83,73
74,74
75,75
70,76
77,77
78,78
79,79
80,80
81,81
82,82
83,83
84,84
85,85
86,86
87,87
88,88
89,89
90,90
91,91
22,92
93,93
94,94
95,95
96,96
97,97
98,98
99,99
100,100
101,101
102,102
103,103
104,104
111,105
54,106
107,107
108,108
109,109
110,110
111,111
112,112
113,113
114,114
115,115
116,116
117,117
118,118
119,119
60,60
61,61
62,62
63,63
64,64
65,65
66,66
67,67
68,68
69,69
70,70
71,71
72,72
73,73
74,74
72,75
76,76
77,77
78,78
79,79
80,80
81,81
85,82
83,83
84,84
85,85
86,86
87,87
88,88
89,89
90,90
91,91
92,92
93,93
94,94
95,95
96,96
97,97
98,98
99,99
100,100
101,101
102,102
103,103
104,104
105,105
107,106
107,107
108,108
109,109
110,110
111,111
112,112
113,113
114,114
115,115
116,116
117,117
118,118
119,119
60,60
61,61
62,62
63,63
64,64
65,65
78,66
60,67
68,68
69,69
70,70
71,71
72,72
73,73
74,74
75,75
76,76
73,77
78,78
79,79
80,80
81,81
81,82
83,83
84,84
83,85
86,86
87,87
88,88
89,89
90,90
91,91
92,92
93,93
94,94
95,95
96,96
97,97
98,98
99,99
100,100
101,101
102,102
103,103
102,104
105,105
106,106
107,107
108,108
109,109
110,110
111,111
112,112
113,113
114,114
115,115
116,116
117,117
118,118
119,119
60,60
61,61
62,62
63,63
64,64
65,65
78,66
60,67
78,68
68,69
71,70
78,71
72,72
73,73
74,74
75,75
65,76
81,77
78,78
79,79
80,80
81,81
82,82
83,83
84,84
85,85
86,86
87,87
88,88
89,89
90,90
91,91
92,92
93,93
94,94
95,95
96,96
97,97
98,98
99,99
100,100
101,101
104,102
103,103
66,104
105,105
106,106
107,107
108,108
109,109
110,110
111,111
112,112
113,113
114,114
115,115
106,116
117,117
118,118
119,119
60,60
61,61
62,62
63,63
64,64
65,65
66,66
67,67
68,68
69,69
70,70
71,71
72,72
73,73
74,74
75,75
76,76
73,77
78,78
79,79
80,80
72,81
82,82
83,83
84,84
85,85
86,86
87,87
88,88
89,89
90,90
91,91
92,92
93,93
94,94
95,95
96,96
97,97
98,98
99,99
100,100
101,101
102,102
103,103
104,104
105,105
106,106
107,107
108,108
109,109
110,110
111,111
112,112
113,113
114,114
115,115
116,116
117,117
118,118
119,119
60,60
61,61
105,62
63,63
64,64
65,65
78,66
46,67
68,68
69,69
70,70
76,71
72,72
73,73
28,74
72,75
80,76
77,77
78,78
79,79
80,80
81,81
82,82
83,83
84,84
85,85
86,86
87,87
88,88
89,89
75,90
91,91
92,92
93,93
94,94
95,95
96,96
97,97
98,98
99,99
100,100
101,101
102,102
103,103
102,104
105,105
105,106
107,107
108,108
109,109
110,110
111,111
112,112
113,113
114,114
115,115
116,116
117,117
118,118
119,119
60,60
61,61
62,62
63,63
65,64
65,65
66,66
67,67
68,68
69,69
70,70
71,71
72,72
83,73
83,74
90,75
76,76
77,77
1,78
79,79
80,80
81,81
82,82
83,83
84,84
85,85
86,86
87,87
88,88
89,89
90,90
91,91
92,92
93,93
94,94
95,95
96,96
97,97
98,98
99,99
100,100
101,101
104,102
103,103
104,104
105,105
53,106
107,107
108,108
109,109
110,110
111,111
112,112
113,113
114,114
115,115
116,116
117,117
118,118
119,119
60,60
61,61
62,62
63,63
64,64
65,65
66,66
67,67
68,68
69,69
70,70
71,71
90,72
81,73
83,74
72,75
76,76
77,77
78,78
79,79
80,80
81,81
82,82
83,83
60,84
85,85
86,86
87,87
88,88
88,89
90,90
91,91
67,92
20,93
94,94
95,95
96,96
97,97
98,98
99,99
100,100
101,101
102,102
24,103
104,104
105,105
106,106
107,107
108,108
109,109
110,110
111,111
112,112
113,113
106,114
118,115
116,116
117,117
118,118
119,119
60,60
61,61
62,62
63,63
64,64
65,65
66,66
67,67
68,68
69,69
70,70
71,71
72,72
73,73
74,74
72,75
76,76
77,77
78,78
79,79
80,80
72,81
82,82
83,83
84,84
85,85
86,86
87,87
88,88
89,89
90,90
91,91
92,92
93,93
94,94
95,95
96,96
97,97
98,98
99,99
100,100
101,101
102,102
103,103
104,104
105,105
106,106
107,107
108,108
109,109
110,110
111,111
112,112
113,113
114,114
115,115
116,116
117,117
118,118
119,119
60,60
61,61
62,62
63,63
64,64
65,65
68,66
67,67
68,68
69,69
70,70
70,71
72,72
75,73
74,74
75,75
76,76
77,77
78,78
79,79
80,80
90,81
82,82
83,83
84,84
85,85
86,86
87,87
88,88
89,89
90,90
91,91
76,92
93,93
94,94
95,95
96,96
97,97
98,98
99,99
100,100
101,101
102,102
103,103
104,104
105,105
106,106
107,107
118,108
109,109
110,110
111,111
112,112
113,113
114,114
115,115
116,116
55,117
59,118
119,119
