0,0
1,1
2,2
3,3
4,4
5,5
6,6
7,7
8,8
9,9
10,10
11,11
12,12
13,13
14,14
15,15
15,16
17,17
18,18
19,19
20,20
21,21
22,22
23,23
24,24
25,25
26,26
27,27
28,28
11,29
31,30
31,31
32,32
33,33
34,34
35,35
36,36
37,37
44,38
39,39
40,40
41,41
42,42
43,43
44,44
45,45
46,46
47,47
48,48
49,49
50,50
51,51
52,52
53,53
56,54
56,55
56,56
57,57
58,58
59,59
0,0
1,1
2,2
3,3
4,4
5,5
41,6
7,7
8,8
9,9
11,10
11,11
12,12
13,13
14,14
15,15
41,16
17,17
18,18
19,19
20,20
21,21
22,22
23,23
24,24
25,25
26,26
27,27
28,28
11,29
30,30
31,31
32,32
33,33
34,34
35,35
36,36
37,37
38,38
39,39
40,40
41,41
42,42
43,43
40,44
45,45
46,46
47,47
48,48
49,49
50,50
51,51
52,52
53,53
54,54
55,55
56,56
57,57
58,58
59,59
0,0
1,1
2,2
3,3
4,4
5,5
6,6
34,7
8,8
9,9
10,10
11,11
12,12
13,13
14,14
15,15
15,16
17,17
18,18
19,19
20,20
21,21
22,22
23,23
24,24
25,25
26,26
27,27
28,28
29,29
30,30
31,31
32,32
33,33
34,34
35,35
36,36
37,37
38,38
39,39
40,40
41,41
42,42
43,43
24,44
45,45
46,46
34,47
48,48
49,49
50,50
51,51
52,52
53,53
54,54
55,55
56,56
57,57
58,58
59,59
0,0
1,1
2,2
3,3
4,4
5,5
62,6
7,7
8,8
9,9
11,10
11,11
11,12
13,13
14,14
15,15
16,16
17,17
18,18
19,19
20,20
21,21
22,22
16,23
24,24
25,25
26,26
1,27
29,28
29,29
30,30
31,31
32,32
33,33
34,34
84,35
36,36
37,37
9,38
39,39
40,40
41,41
42,42
46,43
1,44
15,45
46,46
47,47
48,48
49,49
50,50
51,51
52,52
53,53
54,54
55,55
56,56
57,57
58,58
59,59
0,0
1,1
2,2
3,3
4,4
91,5
6,6
7,7
8,8
9,9
10,10
11,11
12,12
13,13
14,14
15,15
16,16
17,17
18,18
19,19
20,20
21,21
22,22
23,23
24,24
25,25
26,26
27,27
28,28
29,29
31,30
31,31
32,32
33,33
34,34
35,35
36,36
37,37
38,38
39,39
40,40
41,41
42,42
43,43
44,44
24,45
46,46
40,47
48,48
49,49
50,50
51,51
52,52
53,53
54,54
55,55
56,56
57,57
58,58
59,59
17,0
1,1
2,2
3,3
4,4
5,5
62,6
7,7
8,8
9,9
10,10
29,11
12,12
13,13
14,14
15,15
16,16
17,17
18,18
19,19
20,20
21,21
22,22
23,23
24,24
25,25
26,26
27,27
28,28
29,29
30,30
31,31
18,32
81,33
34,34
35,35
36,36
37,37
84,38
39,39
40,40
41,41
42,42
43,43
44,44
45,45
46,46
47,47
92,48
49,49
50,50
51,51
52,52
53,53
54,54
55,55
56,56
57,57
58,58
59,59
0,0
1,1
2,2
3,3
55,4
5,5
4,6
7,7
8,8
9,9
10,10
11,11
12,12
13,13
14,14
15,15
15,16
17,17
18,18
19,19
20,20
21,21
22,22
23,23
24,24
25,25
26,26
1,27
28,28
29,29
30,30
31,31
32,32
33,33
34,34
35,35
36,36
37,37
78,38
39,39
40,40
41,41
42,42
17,43
44,44
45,45
46,46
40,47
48,48
51,49
50,50
51,51
52,52
53,53
54,54
55,55
56,56
57,57
58,58
59,59
0,0
1,1
2,2
3,3
4,4
5,5
6,6
7,7
8,8
9,9
10,10
11,11
12,12
13,13
14,14
15,15
15,16
17,17
18,18
19,19
20,20
21,21
22,22
23,23
24,24
25,25
26,26
27,27
28,28
29,29
30,30
31,31
32,32
33,33
34,34
35,35
36,36
37,37
38,38
39,39
40,40
41,41
42,42
43,43
44,44
45,45
46,46
40,47
48,48
106,49
50,50
51,51
52,52
53,53
54,54
55,55
56,56
57,57
58,58
59,59
0,0
1,1
2,2
43,3
4,4
5,5
6,6
7,7
8,8
9,9
29,10
11,11
77,12
13,13
14,14
15,15
16,16
17,17
18,18
19,19
20,20
21,21
22,22
23,23
24,24
25,25
26,26
27,27
28,28
29,29
30,30
31,31
32,32
33,33
34,34
35,35
36,36
37,37
38,38
39,39
40,40
41,41
42,42
43,43
44,44
45,45
46,46
47,47
48,48
49,49
50,50
51,51
52,52
53,53
54,54
117,55
56,56
57,57
58,58
59,59
0,0
0,1
0,2
46,3
4,4
5,5
6,6
7,7
8,8
33,9
31,10
11,11
12,12
13,13
14,14
16,15
16,16
17,17
18,18
19,19
20,20
21,21
22,22
23,23
24,24
25,25
26,26
27,27
28,28
29,29
30,30
28,31
32,32
9,33
34,34
35,35
36,36
37,37
38,38
39,39
40,40
41,41
42,42
43,43
45,44
45,45
46,46
47,47
48,48
106,49
50,50
51,51
52,52
53,53
54,54
55,55
56,56
57,57
58,58
59,59
2,0
1,1
2,2
3,3
4,4
5,5
6,6
7,7
8,8
9,9
81,10
28,11
12,12
13,13
14,14
100,15
16,16
17,17
37,18
19,19
20,20
21,21
22,22
23,23
24,24
25,25
26,26
27,27
29,28
90,29
68,30
30,31
32,32
9,33
34,34
35,35
36,36
37,37
38,38
39,39
40,40
41,41
42,42
67,43
44,44
45,45
46,46
47,47
48,48
49,49
50,50
51,51
52,52
53,53
54,54
117,55
56,56
57,57
58,58
59,59
0,0
1,1
2,2
3,3
4,4
5,5
6,6
7,7
8,8
73,9
72,10
72,11
12,12
13,13
14,14
16,15
16,16
17,17
61,18
19,19
20,20
21,21
22,22
23,23
24,24
25,25
26,26
27,27
28,28
28,29
30,30
31,31
32,32
85,33
34,34
35,35
36,36
37,37
38,38
95,39
40,40
41,41
42,42
43,43
47,44
45,45
46,46
34,47
48,48
49,49
110,50
51,51
52,52
53,53
54,54
55,55
56,56
57,57
58,58
59,59
0,0
1,1
2,2
3,3
4,4
5,5
6,6
7,7
8,8
33,9
10,10
29,11
12,12
13,13
15,14
29,15
16,16
17,17
18,18
19,19
20,20
21,21
22,22
23,23
24,24
25,25
26,26
27,27
28,28
1,29
30,30
31,31
32,32
33,33
34,34
35,35
36,36
37,37
38,38
39,39
104,40
41,41
42,42
43,43
44,44
45,45
46,46
47,47
48,48
49,49
50,50
51,51
52,52
53,53
54,54
55,55
56,56
57,57
58,58
59,59
0,0
1,1
2,2
3,3
4,4
5,5
6,6
7,7
8,8
33,9
10,10
29,11
12,12
13,13
14,14
15,15
16,16
18,17
18,18
15,19
20,20
21,21
22,22
23,23
24,24
25,25
26,26
27,27
28,28
29,29
30,30
31,31
32,32
33,33
34,34
35,35
36,36
37,37
38,38
39,39
40,40
41,41
42,42
43,43
44,44
45,45
46,46
47,47
48,48
105,49
50,50
51,51
52,52
53,53
54,54
55,55
56,56
57,57
58,58
59,59
0,0
1,1
2,2
3,3
4,4
5,5
6,6
7,7
8,8
9,9
10,10
28,11
12,12
13,13
14,14
15,15
16,16
17,17
18,18
19,19
20,20
21,21
22,22
23,23
24,24
25,25
26,26
27,27
28,28
29,29
30,30
31,31
32,32
33,33
34,34
35,35
36,36
37,37
38,38
39,39
40,40
41,41
42,42
43,43
44,44
45,45
46,46
47,47
48,48
49,49
50,50
51,51
52,52
109,53
52,54
56,55
56,56
57,57
58,58
59,59
0,0
1,1
2,2
3,3
4,4
5,5
6,6
7,7
8,8
9,9
10,10
10,11
12,12
13,13
14,14
16,15
16,16
17,17
18,18
3,19
20,20
21,21
22,22
23,23
24,24
25,25
26,26
27,27
28,28
29,29
30,30
31,31
32,32
33,33
34,34
35,35
36,36
37,37
38,38
39,39
40,40
41,41
42,42
43,43
44,44
45,45
46,46
47,47
48,48
49,49
50,50
51,51
52,52
53,53
54,54
56,55
56,56
57,57
58,58
59,59
0,0
1,1
2,2
3,3
4,4
5,5
6,6
7,7
8,8
9,9
10,10
11,11
12,12
13,13
14,14
15,15
15,16
17,17
18,18
19,19
20,20
7,21
46,22
23,23
24,24
25,25
26,26
27,27
28,28
29,29
30,30
31,31
32,32
33,33
34,34
35,35
36,36
37,37
38,38
39,39
40,40
41,41
42,42
43,43
44,44
45,45
46,46
47,47
48,48
49,49
50,50
51,51
52,52
53,53
56,54
55,55
55,56
57,57
58,58
59,59
0,0
1,1
2,2
3,3
4,4
5,5
6,6
7,7
8,8
9,9
10,10
11,11
12,12
13,13
14,14
15,15
41,16
17,17
18,18
19,19
20,20
21,21
22,22
23,23
24,24
25,25
26,26
27,27
28,28
11,29
31,30
31,31
32,32
33,33
34,34
35,35
36,36
37,37
38,38
39,39
40,40
41,41
42,42
43,43
44,44
45,45
46,46
47,47
48,48
49,49
50,50
51,51
52,52
53,53
54,54
55,55
56,56
57,57
58,58
59,59
0,0
1,1
2,2
3,3
4,4
5,5
6,6
7,7
8,8
9,9
11,10
58,11
12,12
13,13
14,14
11,15
11,16
17,17
18,18
19,19
20,20
21,21
22,22
23,23
24,24
25,25
26,26
27,27
28,28
29,29
30,30
31,31
4,32
33,33
34,34
35,35
84,36
37,37
38,38
39,39
36,40
41,41
42,42
43,43
24,44
45,45
46,46
34,47
48,48
49,49
50,50
51,51
52,52
53,53
54,54
55,55
55,56
57,57
58,58
59,59
0,0
1,1
2,2
3,3
4,4
5,5
62,6
7,7
8,8
9,9
11,10
10,11
73,12
13,13
14,14
15,15
16,16
17,17
18,18
19,19
20,20
21,21
22,22
16,23
27,24
25,25
26,26
1,27
29,28
11,29
30,30
31,31
32,32
33,33
34,34
84,35
36,36
37,37
38,38
39,39
40,40
41,41
42,42
46,43
29,44
45,45
46,46
47,47
48,48
49,49
50,50
51,51
52,52
53,53
54,54
55,55
56,56
57,57
58,58
59,59
0,0
1,1
2,2
3,3
4,4
91,5
6,6
16,7
8,8
9,9
10,10
10,11
81,12
13,13
14,14
15,15
16,16
17,17
18,18
19,19
20,20
21,21
22,22
23,23
24,24
25,25
26,26
27,27
28,28
29,29
31,30
31,31
32,32
33,33
34,34
35,35
36,36
37,37
38,38
39,39
40,40
41,41
42,42
43,43
35,44
24,45
46,46
47,47
48,48
49,49
50,50
51,51
52,52
53,53
56,54
55,55
56,56
57,57
58,58
59,59
0,0
1,1
2,2
3,3
5,4
5,5
12,6
7,7
8,8
9,9
83,10
29,11
12,12
13,13
14,14
15,15
15,16
17,17
18,18
19,19
20,20
21,21
22,22
23,23
24,24
25,25
26,26
84,27
74,28
1,29
30,30
31,31
32,32
12,33
34,34
35,35
36,36
37,37
38,38
39,39
40,40
41,41
42,42
43,43
44,44
45,45
46,46
47,47
92,48
6,49
23,50
51,51
52,52
53,53
54,54
55,55
56,56
57,57
58,58
59,59
0,0
1,1
2,2
3,3
12,4
5,5
4,6
7,7
8,8
9,9
10,10
29,11
12,12
13,13
14,14
15,15
24,16
17,17
18,18
19,19
20,20
21,21
22,22
23,23
24,24
25,25
26,26
17,27
74,28
29,29
30,30
31,31
32,32
33,33
34,34
35,35
36,36
37,37
38,38
39,39
40,40
41,41
42,42
17,43
44,44
45,45
46,46
40,47
48,48
51,49
50,50
51,51
52,52
53,53
54,54
55,55
56,56
57,57
58,58
115,59
0,0
1,1
2,2
3,3
4,4
5,5
6,6
7,7
8,8
9,9
90,10
75,11
12,12
13,13
14,14
15,15
15,16
17,17
18,18
19,19
20,20
21,21
92,22
23,23
24,24
25,25
26,26
27,27
28,28
11,29
30,30
31,31
32,32
33,33
34,34
35,35
36,36
37,37
39,38
39,39
40,40
41,41
42,42
43,43
44,44
45,45
46,46
40,47
48,48
106,49
23,50
51,51
52,52
53,53
54,54
55,55
56,56
57,57
58,58
59,59
0,0
1,1
2,2
46,3
35,4
5,5
6,6
7,7
8,8
82,9
29,10
28,11
12,12
13,13
14,14
15,15
16,16
17,17
18,18
19,19
20,20
21,21
22,22
23,23
24,24
25,25
26,26
27,27
28,28
29,29
30,30
31,31
32,32
33,33
34,34
35,35
36,36
37,37
38,38
39,39
40,40
41,41
42,42
43,43
44,44
45,45
46,46
47,47
48,48
49,49
50,50
51,51
52,52
53,53
54,54
117,55
56,56
57,57
58,58
59,59
0,0
0,1
0,2
3,3
4,4
5,5
6,6
8,8
9,9
31,10
74,11
77,12
13,13
14,14
15,15
16,16
17,17
18,18
19,19
20,20
21,21
22,22
23,23
24,24
25,25
26,26
27,27
11,28
29,29
30,30
28,31
32,32
73,33
34,34
35,35
36,36
37,37
38,38
39,39
40,40
41,41
42,42
43,43
44,44
45,45
46,46
47,47
48,48
105,49
50,50
51,51
52,52
53,53
54,54
55,55
56,56
57,57
58,58
59,59
2,0
1,1
2,2
3,3
4,4
5,5
22,6
8,8
9,9
10,10
11,11
12,12
13,13
14,14
16,15
16,16
17,17
37,18
19,19
20,20
21,21
22,22
23,23
24,24
25,25
26,26
27,27
29,28
29,29
30,30
31,31
32,32
85,33
34,34
35,35
36,36
37,37
38,38
39,39
40,40
41,41
42,42
43,43
44,44
45,45
3,46
47,47
119,48
49,49
50,50
51,51
52,52
53,53
54,54
55,55
56,56
57,57
58,58
115,59
2,0
1,1
2,2
3,3
4,4
5,5
6,6
7,7
8,8
73,9
75,10
72,11
12,12
13,13
14,14
16,15
16,16
60,17
61,18
19,19
20,20
21,21
22,22
23,23
24,24
25,25
26,26
104,27
74,28
29,29
68,30
31,31
32,32
85,33
34,34
35,35
84,36
37,37
38,38
95,39
104,40
41,41
42,42
104,43
47,44
45,45
67,46
34,47
21,48
105,49
110,50
51,51
52,52
53,53
54,54
55,55
56,56
57,57
58,58
59,59
31,0
1,1
2,2
3,3
4,4
5,5
6,6
7,7
8,8
33,9
10,10
29,11
12,12
13,13
14,14
15,15
16,16
17,17
18,18
19,19
20,20
21,21
22,22
23,23
24,24
25,25
26,26
27,27
28,28
29,29
30,30
31,31
32,32
33,33
34,34
35,35
36,36
37,37
38,38
39,39
40,40
41,41
42,42
43,43
44,44
45,45
46,46
47,47
48,48
49,49
50,50
51,51
52,52
53,53
54,54
55,55
56,56
57,57
58,58
59,59
0,0
1,1
2,2
3,3
4,4
5,5
6,6
7,7
8,8
9,9
10,10
83,11
12,12
13,13
14,14
15,15
16,16
17,17
18,18
19,19
20,20
21,21
22,22
23,23
24,24
25,25
26,26
27,27
28,28
29,29
30,30
31,31
32,32
33,33
34,34
35,35
36,36
37,37
38,38
39,39
40,40
41,41
42,42
43,43
44,44
45,45
46,46
47,47
48,48
105,49
50,50
51,51
52,52
53,53
54,54
55,55
108,56
57,57
58,58
115,59
0,0
1,1
2,2
3,3
4,4
5,5
6,6
7,7
8,8
9,9
10,10
33,11
12,12
13,13
14,14
15,15
16,16
17,17
17,18
19,19
20,20
21,21
22,22
23,23
24,24
25,25
26,26
27,27
83,28
29,29
30,30
31,31
32,32
33,33
34,34
35,35
36,36
37,37
38,38
39,39
40,40
41,41
42,42
43,43
44,44
45,45
46,46
47,47
48,48
49,49
50,50
51,51
52,52
53,53
54,54
56,55
56,56
57,57
58,58
59,59
0,0
1,1
2,2
3,3
4,4
5,5
6,6
7,7
8,8
9,9
75,10
11,11
12,12
13,13
14,14
16,15
16,16
17,17
18,18
3,19
67,20
21,21
22,22
23,23
24,24
25,25
26,26
27,27
28,28
29,29
30,30
31,31
32,32
33,33
34,34
35,35
36,36
37,37
38,38
39,39
40,40
41,41
42,42
43,43
44,44
45,45
46,46
47,47
48,48
49,49
50,50
51,51
52,52
53,53
54,54
55,55
56,56
57,57
58,58
59,59
0,0
1,1
2,2
3,3
4,4
5,5
6,6
7,7
8,8
9,9
10,10
11,11
12,12
13,13
14,14
15,15
15,16
17,17
18,18
19,19
20,20
14,21
22,22
23,23
24,24
25,25
26,26
27,27
28,28
29,29
30,30
31,31
32,32
33,33
34,34
35,35
36,36
37,37
44,38
39,39
40,40
41,41
42,42
43,43
44,44
45,45
46,46
47,47
48,48
49,49
50,50
51,51
52,52
53,53
54,54
55,55
56,56
57,57
58,58
59,59
0,0
1,1
2,2
3,3
4,4
5,5
6,6
7,7
8,8
9,9
29,10
1,11
12,12
13,13
14,14
15,15
16,16
17,17
18,18
19,19
20,20
21,21
22,22
41,23
46,24
25,25
26,26
27,27
28,28
29,29
22,30
31,31
32,32
33,33
34,34
35,35
36,36
37,37
38,38
39,39
40,40
41,41
42,42
43,43
40,44
45,45
46,46
47,47
48,48
49,49
50,50
51,51
52,52
53,53
54,54
55,55
56,56
57,57
58,58
59,59
0,0
1,1
2,2
3,3
4,4
5,5
6,6
7,7
8,8
9,9
28,10
11,11
12,12
13,13
14,14
15,15
15,16
17,17
18,18
19,19
20,20
21,21
22,22
23,23
24,24
25,25
26,26
27,27
28,28
29,29
30,30
31,31
32,32
33,33
34,34
35,35
18,36
37,37
38,38
39,39
40,40
41,41
42,42
43,43
44,44
45,45
46,46
34,47
48,48
49,49
50,50
51,51
52,52
53,53
55,55
56,56
57,57
58,58
59,59
0,0
1,1
2,2
3,3
4,4
5,5
62,6
8,7
8,8
9,9
10,10
83,12
13,13
14,14
15,15
16,16
17,17
18,18
19,19
20,20
21,21
22,22
16,23
24,24
25,25
26,26
27,27
28,28
11,29
30,30
31,31
72,32
33,33
34,34
29,35
1,36
37,37
32,38
39,39
1,40
41,41
42,42
46,43
29,44
3,45
46,46
15,47
9,48
49,49
50,50
51,51
52,52
53,53
54,54
55,55
56,56
57,57
58,58
59,59
0,0
1,1
2,2
3,3
4,4
5,5
6,6
7,7
8,8
9,9
10,10
11,11
81,12
13,13
14,14
15,15
16,16
17,17
18,18
19,19
20,20
21,21
22,22
23,23
24,24
25,25
26,26
27,27
28,28
29,29
30,30
31,31
32,32
33,33
34,34
35,35
36,36
37,37
38,38
39,39
40,40
41,41
42,42
43,43
44,44
45,45
46,46
47,47
48,48
49,49
50,50
51,51
52,52
53,53
54,54
55,55
56,56
57,57
58,58
59,59
2,0
1,1
2,2
3,3
4,4
5,5
6,6
7,7
8,8
9,9
10,10
10,11
36,12
13,13
14,14
15,15
15,16
17,17
18,18
3,19
20,20
21,21
22,22
23,23
24,24
25,25
26,26
27,27
28,28
29,29
30,30
31,31
2,32
12,33
34,34
35,35
36,36
37,37
46,38
39,39
40,40
41,41
42,42
43,43
2,44
45,45
3,46
47,47
22,48
49,49
50,50
51,51
52,52
53,53
54,54
55,55
56,56
57,57
58,58
59,59
0,0
1,1
2,2
3,3
4,4
5,5
4,6
7,7
8,8
9,9
10,10
11,11
12,12
13,13
14,14
15,15
15,16
17,17
18,18
19,19
20,20
21,21
22,22
23,23
24,24
25,25
26,26
1,27
28,28
11,29
30,30
31,31
32,32
33,33
34,34
35,35
36,36
37,37
38,38
39,39
40,40
41,41
42,42
17,43
44,44
45,45
46,46
40,47
48,48
49,49
50,50
51,51
52,52
53,53
54,54
55,55
56,56
57,57
58,58
59,59
0,0
1,1
2,2
3,3
55,4
5,5
6,6
7,7
8,8
9,9
10,10
10,11
4,12
13,13
14,14
15,15
15,16
60,17
18,18
19,19
20,20
21,21
0,22
23,23
24,24
25,25
26,26
2,27
74,28
29,29
30,30
31,31
45,32
9,33
34,34
35,35
36,36
37,37
38,38
103,39
40,40
41,41
42,42
43,43
4,44
45,45
46,46
40,47
52,48
106,49
50,50
51,51
52,52
53,53
54,54
55,55
56,56
57,57
58,58
59,59
0,0
1,1
0,2
43,3
4,4
5,5
6,6
7,7
8,8
9,9
11,10
11,11
12,12
13,13
14,14
15,15
16,16
17,17
18,18
19,19
20,20
21,21
22,22
23,23
24,24
25,25
26,26
27,27
28,28
11,29
30,30
31,31
32,32
33,33
34,34
35,35
36,36
37,37
38,38
39,39
40,40
41,41
42,42
43,43
44,44
45,45
46,46
47,47
48,48
51,49
50,50
51,51
52,52
53,53
54,54
117,55
56,56
57,57
58,58
59,59
2,0
1,1
2,2
6,6
7,7
8,8
76,9
31,10
28,11
77,12
13,13
14,14
15,15
16,16
17,17
18,18
19,19
20,20
21,21
22,22
23,23
24,24
25,25
26,26
27,27
28,28
29,29
30,30
68,31
85,32
82,33
34,34
35,35
36,36
37,37
38,38
39,39
40,40
41,41
42,42
43,43
27,44
45,45
46,46
47,47
48,48
105,49
50,50
51,51
52,52
53,53
54,54
55,55
56,56
57,57
58,58
59,59
2,0
1,1
2,2
3,3
4,4
5,5
6,6
7,7
8,8
9,9
73,10
28,11
12,12
13,13
14,14
100,15
16,16
17,17
37,18
19,19
20,20
21,21
22,22
23,23
24,24
25,25
26,26
27,27
29,28
29,29
30,30
71,31
32,32
85,33
34,34
35,35
36,36
37,37
38,38
39,39
104,40
41,41
42,42
43,43
44,44
45,45
67,46
47,47
92,48
49,49
50,50
51,51
52,52
53,53
54,54
117,55
56,56
57,57
58,58
59,59
0,0
1,1
2,2
3,3
4,4
5,5
6,6
8,8
29,9
72,10
11,11
12,12
13,13
14,14
15,15
16,16
60,17
61,18
19,19
20,20
21,21
22,22
23,23
24,24
25,25
26,26
104,27
32,28
28,29
30,30
31,31
32,32
33,33
34,34
35,35
84,36
37,37
38,38
39,39
40,40
41,41
42,42
104,43
47,44
45,45
46,46
47,47
48,48
49,49
110,50
51,51
52,52
53,53
54,54
55,55
56,56
57,57
58,58
59,59
0,0
1,1
2,2
3,3
4,4
5,5
6,6
7,7
8,8
9,9
10,10
73,11
12,12
13,13
14,14
16,15
16,16
17,17
18,18
19,19
20,20
21,21
22,22
23,23
24,24
25,25
26,26
27,27
28,28
29,29
30,30
31,31
32,32
33,33
34,34
35,35
36,36
37,37
38,38
39,39
2,40
41,41
42,42
43,43
44,44
45,45
46,46
47,47
48,48
49,49
50,50
51,51
52,52
53,53
54,54
55,55
56,56
57,57
58,58
59,59
0,0
1,1
2,2
3,3
4,4
5,5
6,6
7,7
8,8
9,9
10,10
28,11
12,12
13,13
14,14
15,15
16,16
1,17
18,18
19,19
20,20
22,21
22,22
23,23
24,24
25,25
26,26
0,27
28,28
29,29
30,30
31,31
32,32
33,33
34,34
35,35
36,36
37,37
38,38
39,39
40,40
41,41
42,42
43,43
4,44
45,45
46,46
47,47
48,48
105,49
50,50
51,51
52,52
53,53
54,54
55,55
56,56
57,57
58,58
59,59
0,0
1,1
2,2
3,3
4,4
5,5
6,6
7,7
8,8
9,9
10,10
10,11
12,12
13,13
14,14
15,15
16,16
17,17
18,18
19,19
20,20
21,21
22,22
23,23
24,24
25,25
26,26
27,27
28,28
29,29
30,30
31,31
32,32
33,33
34,34
35,35
36,36
37,37
38,38
39,39
40,40
41,41
42,42
43,43
44,44
45,45
46,46
47,47
48,48
49,49
50,50
51,51
52,52
53,53
54,54
56,55
56,56
57,57
58,58
59,59
0,0
1,1
102,2
3,3
4,4
5,5
6,6
7,7
8,8
9,9
10,10
10,11
12,12
13,13
14,14
16,15
16,16
17,17
18,18
3,19
20,20
21,21
22,22
23,23
24,24
25,25
26,26
27,27
28,28
11,29
30,30
31,31
32,32
33,33
34,34
35,35
36,36
37,37
38,38
43,39
40,40
41,41
42,42
43,43
45,44
45,45
46,46
47,47
48,48
105,49
50,50
51,51
52,52
53,53
107,54
55,55
56,56
57,57
58,58
59,59
0,0
87,1
2,2
48,3
4,4
5,5
64,6
7,7
8,8
9,9
10,10
29,11
12,12
13,13
14,14
15,15
47,16
17,17
18,18
19,19
20,20
21,21
22,22
23,23
24,24
25,25
26,26
27,27
28,28
29,29
30,30
31,31
32,32
33,33
34,34
35,35
84,36
37,37
38,38
39,39
40,40
41,41
42,42
43,43
44,44
45,45
46,46
47,47
48,48
49,49
23,50
51,51
52,52
53,53
54,54
55,55
56,56
57,57
58,58
59,59
0,0
84,1
2,2
3,3
4,4
5,5
6,6
7,7
8,8
9,9
10,10
10,11
12,12
13,13
14,14
15,15
16,16
17,17
18,18
19,19
20,20
21,21
22,22
23,23
24,24
25,25
26,26
27,27
28,28
29,29
30,30
31,31
32,32
33,33
34,34
35,35
36,36
37,37
38,38
39,39
40,40
41,41
42,42
43,43
44,44
45,45
46,46
34,47
48,48
49,49
50,50
51,51
52,52
53,53
54,54
55,55
56,56
57,57
58,58
59,59
0,0
1,1
2,2
3,3
4,4
5,5
93,6
7,7
8,8
9,9
10,10
74,11
12,12
13,13
14,14
15,15
16,16
17,17
18,18
19,19
87,20
21,21
22,22
23,23
35,24
25,25
26,26
27,27
28,28
29,29
30,30
31,31
30,32
33,33
34,34
35,35
36,36
104,37
38,38
39,39
40,40
41,41
42,42
40,43
2,44
45,45
46,46
47,47
48,48
49,49
50,50
51,51
52,52
53,53
54,54
55,55
56,56
57,57
58,58
59,59
0,0
1,1
2,2
3,3
4,4
5,5
6,6
7,7
8,8
9,9
10,10
11,11
12,12
13,13
14,14
15,15
16,16
17,17
18,18
19,19
20,20
21,21
22,22
23,23
24,24
25,25
26,26
27,27
28,28
29,29
30,30
31,31
30,32
33,33
34,34
35,35
36,36
37,37
38,38
39,39
40,40
41,41
42,42
2,43
44,44
45,45
46,46
47,47
48,48
64,49
23,50
51,51
52,52
53,53
54,54
55,55
56,56
57,57
58,58
59,59
0,0
1,1
2,2
3,3
4,4
5,5
6,6
7,7
8,8
9,9
28,10
29,11
12,12
13,13
14,14
15,15
16,16
17,17
18,18
19,19
20,20
21,21
22,22
23,23
24,24
25,25
26,26
27,27
28,28
29,29
30,30
31,31
32,32
33,33
34,34
35,35
36,36
37,37
38,38
39,39
40,40
41,41
42,42
43,43
44,44
45,45
46,46
47,47
48,48
49,49
50,50
51,51
52,52
53,53
54,54
55,55
56,56
57,57
58,58
59,59
0,0
1,1
2,2
3,3
4,4
5,5
6,6
7,7
8,8
9,9
10,10
29,11
12,12
13,13
14,14
15,15
16,16
17,17
18,18
19,19
20,20
21,21
22,22
23,23
24,24
25,25
26,26
27,27
73,28
11,29
30,30
31,31
32,32
33,33
34,34
35,35
36,36
37,37
38,38
39,39
40,40
41,41
42,42
43,43
44,44
45,45
46,46
47,47
48,48
49,49
50,50
51,51
52,52
53,53
54,54
55,55
56,56
57,57
58,58
59,59
0,0
27,1
2,2
3,3
4,4
5,5
6,6
7,7
8,8
9,9
10,10
29,11
12,12
13,13
14,14
15,15
16,16
17,17
18,18
19,19
20,20
21,21
22,22
23,23
24,24
25,25
26,26
27,27
28,28
29,29
71,30
31,31
32,32
85,33
34,34
35,35
36,36
37,37
38,38
39,39
40,40
41,41
42,42
43,43
44,44
45,45
46,46
47,47
48,48
49,49
50,50
51,51
52,52
53,53
54,54
55,55
56,56
57,57
58,58
59,59
0,0
1,1
2,2
3,3
4,4
5,5
62,6
7,7
8,8
9,9
81,10
29,11
12,12
13,13
14,14
15,15
16,16
27,17
18,18
19,19
20,20
21,21
30,22
23,23
24,24
25,25
26,26
27,27
73,28
29,29
30,30
31,31
32,32
33,33
34,34
35,35
36,36
37,37
38,38
39,39
36,40
41,41
42,42
43,43
44,44
45,45
46,46
47,47
48,48
49,49
50,50
51,51
52,52
53,53
54,54
55,55
108,56
57,57
58,58
59,59
0,0
1,1
2,2
3,3
4,4
5,5
6,6
7,7
8,8
9,9
10,10
11,11
12,12
13,13
14,14
15,15
15,16
17,17
18,18
19,19
20,20
21,21
22,22
23,23
24,24
25,25
26,26
27,27
28,28
29,29
30,30
31,31
32,32
33,33
34,34
35,35
36,36
37,37
38,38
39,39
40,40
41,41
42,42
43,43
44,44
45,45
46,46
47,47
11,48
49,49
50,50
51,51
52,52
53,53
54,54
55,55
56,56
57,57
58,58
59,59
27,0
1,1
2,2
3,3
4,4
5,5
6,6
7,7
8,8
18,9
10,10
75,11
12,12
13,13
14,14
15,15
45,16
17,17
18,18
19,19
20,20
21,21
22,22
23,23
24,24
25,25
26,26
27,27
28,28
29,29
30,30
31,31
32,32
33,33
34,34
35,35
36,36
37,37
38,38
39,39
40,40
41,41
42,42
43,43
44,44
44,45
102,46
47,47
48,48
49,49
50,50
51,51
52,52
53,53
54,54
55,55
56,56
57,57
58,58
59,59
0,0
1,1
2,2
3,3
4,4
5,5
6,6
7,7
8,8
9,9
10,10
11,11
12,12
13,13
14,14
16,15
16,16
17,17
18,18
19,19
20,20
21,21
22,22
23,23
44,24
25,25
26,26
27,27
28,28
44,29
30,30
31,31
32,32
33,33
34,34
35,35
36,36
37,37
38,38
39,39
40,40
41,41
42,42
43,43
44,44
35,45
46,46
40,47
48,48
49,49
50,50
51,51
52,52
53,53
54,54
55,55
56,56
57,57
58,58
59,59
0,0
1,1
2,2
3,3
78,4
5,5
6,6
7,7
8,8
9,9
83,10
11,11
12,12
13,13
14,14
15,15
16,16
17,17
18,18
19,19
20,20
21,21
22,22
23,23
24,24
25,25
26,26
27,27
28,28
74,29
30,30
31,31
32,32
33,33
34,34
35,35
36,36
37,37
38,38
39,39
40,40
41,41
42,42
43,43
44,44
45,45
46,46
47,47
48,48
6,49
23,50
51,51
52,52
53,53
54,54
55,55
56,56
57,57
58,58
59,59
0,0
1,1
2,2
3,3
4,4
5,5
6,6
7,7
8,8
9,9
10,10
11,11
12,12
13,13
14,14
15,15
16,16
17,17
18,18
19,19
20,20
21,21
22,22
23,23
24,24
25,25
26,26
27,27
28,28
29,29
30,30
31,31
95,32
33,33
34,34
35,35
36,36
37,37
38,38
39,39
40,40
41,41
42,42
43,43
44,44
24,45
46,46
47,47
48,48
49,49
50,50
51,51
52,52
53,53
54,54
55,55
56,56
57,57
58,58
59,59
0,0
1,1
2,2
3,3
4,4
5,5
6,6
7,7
8,8
9,9
10,10
11,11
12,12
13,13
14,14
15,15
16,16
17,17
18,18
19,19
20,20
21,21
22,22
23,23
24,24
25,25
26,26
27,27
29,28
29,29
30,30
31,31
32,32
33,33
34,34
35,35
36,36
37,37
38,38
39,39
40,40
41,41
42,42
43,43
44,44
45,45
46,46
47,47
48,48
49,49
50,50
51,51
52,52
53,53
54,54
55,55
56,56
57,57
58,58
59,59
0,0
1,1
40,2
3,3
4,4
5,5
6,6
7,7
8,8
9,9
10,10
28,11
12,12
13,13
14,14
16,15
16,16
17,17
18,18
19,19
20,20
21,21
22,22
23,23
24,24
25,25
26,26
27,27
28,28
29,29
30,30
31,31
32,32
33,33
34,34
35,35
36,36
37,37
38,38
39,39
40,40
41,41
42,42
43,43
44,44
45,45
43,46
40,47
48,48
49,49
50,50
51,51
52,52
53,53
56,54
55,55
56,56
55,57
58,58
59,59
0,0
84,1
2,2
3,3
4,4
5,5
6,6
7,7
8,8
9,9
81,10
28,11
12,12
13,13
14,14
16,15
16,16
17,17
18,18
19,19
20,20
21,21
22,22
23,23
24,24
25,25
26,26
27,27
28,28
29,29
30,30
31,31
32,32
9,33
34,34
35,35
17,36
37,37
38,38
39,39
40,40
41,41
42,42
36,43
44,44
24,45
46,46
40,47
65,48
49,49
50,50
51,51
52,52
53,53
54,54
55,55
56,56
55,57
58,58
59,59
0,0
1,1
2,2
3,3
4,4
5,5
6,6
7,7
8,8
9,9
10,10
11,11
12,12
13,13
14,14
15,15
15,16
17,17
18,18
19,19
20,20
21,21
22,22
23,23
24,24
25,25
26,26
27,27
28,28
29,29
71,30
31,31
32,32
33,33
34,34
35,35
36,36
37,37
38,38
39,39
104,40
41,41
42,42
43,43
44,44
45,45
46,46
47,47
48,48
49,49
50,50
51,51
52,52
53,53
55,55
56,56
57,57
58,58
59,59
0,0
1,1
2,2
3,3
4,4
5,5
6,6
7,7
8,8
9,9
10,10
11,11
12,12
13,13
14,14
15,15
16,16
17,17
18,18
19,19
20,20
21,21
22,22
23,23
24,24
25,25
26,26
27,27
28,28
29,29
30,30
31,31
32,32
33,33
34,34
35,35
36,36
37,37
38,38
39,39
66,40
41,41
42,42
43,43
44,44
45,45
46,46
47,47
48,48
49,49
50,50
51,51
52,52
53,53
54,54
55,55
56,56
57,57
58,58
59,59
0,0
1,1
2,2
3,3
82,4
5,5
64,6
7,7
8,8
74,9
10,10
84,11
12,12
13,13
14,14
15,15
16,16
17,17
18,18
19,19
20,20
21,21
92,22
41,23
87,24
25,25
26,26
11,27
28,28
10,29
30,30
31,31
32,32
33,33
34,34
35,35
84,36
37,37
38,38
39,39
104,40
41,41
42,42
43,43
44,44
45,45
46,46
47,47
21,48
49,49
50,50
51,51
52,52
53,53
54,54
57,55
56,56
57,57
58,58
59,59
0,0
27,1
2,2
3,3
4,4
5,5
6,6
7,7
8,8
9,9
10,10
11,11
12,12
13,13
14,14
15,15
16,16
17,17
18,18
19,19
20,20
21,21
22,22
23,23
24,24
25,25
26,26
27,27
28,28
29,29
30,30
31,31
32,32
33,33
34,34
35,35
36,36
37,37
38,38
39,39
40,40
41,41
42,42
43,43
44,44
44,45
46,46
34,47
48,48
49,49
50,50
51,51
52,52
53,53
54,54
55,55
56,56
57,57
58,58
59,59
0,0
1,1
2,2
3,3
4,4
5,5
93,6
7,7
8,8
9,9
10,10
74,11
12,12
13,13
14,14
16,15
16,16
17,17
18,18
19,19
20,20
21,21
22,22
23,23
35,24
25,25
26,26
27,27
28,28
11,29
30,30
31,31
32,32
33,33
34,34
35,35
36,36
37,37
38,38
39,39
40,40
41,41
42,42
40,43
32,44
45,45
46,46
47,47
48,48
49,49
50,50
51,51
52,52
53,53
54,54
55,55
56,56
57,57
58,58
59,59
0,0
1,1
2,2
3,3
4,4
5,5
6,6
7,7
8,8
9,9
11,10
11,11
12,12
13,13
14,14
15,15
16,16
17,17
18,18
19,19
20,20
21,21
22,22
23,23
24,24
25,25
26,26
27,27
28,28
11,29
30,30
31,31
32,32
33,33
34,34
35,35
36,36
37,37
38,38
39,39
40,40
41,41
42,42
43,43
44,44
45,45
46,46
47,47
48,48
49,49
50,50
51,51
52,52
53,53
55,55
56,56
57,57
58,58
59,59
0,0
1,1
43,2
3,3
4,4
5,5
6,6
7,7
8,8
9,9
28,10
29,11
12,12
13,13
14,14
15,15
16,16
17,17
40,18
19,19
104,20
21,21
22,22
23,23
24,24
25,25
26,26
27,27
72,28
29,29
30,30
31,31
32,32
33,33
34,34
35,35
40,36
37,37
38,38
39,39
40,40
41,41
42,42
43,43
44,44
45,45
46,46
47,47
48,48
49,49
50,50
51,51
52,52
53,53
54,54
55,55
56,56
57,57
58,58
59,59
0,0
1,1
2,2
3,3
4,4
5,5
6,6
7,7
8,8
33,9
10,10
10,11
12,12
13,13
14,14
15,15
16,16
17,17
18,18
19,19
20,20
21,21
22,22
23,23
24,24
25,25
26,26
27,27
28,28
29,29
30,30
31,31
32,32
33,33
34,34
35,35
36,36
37,37
38,38
39,39
40,40
41,41
42,42
43,43
44,44
45,45
46,46
47,47
48,48
49,49
50,50
51,51
52,52
53,53
54,54
55,55
56,56
57,57
58,58
59,59
0,0
1,1
2,2
3,3
4,4
5,5
6,6
7,7
8,8
9,9
82,10
11,11
12,12
13,13
14,14
15,15
16,16
17,17
18,18
19,19
20,20
21,21
22,22
23,23
24,24
25,25
26,26
27,27
28,28
29,29
71,30
31,31
32,32
33,33
34,34
35,35
36,36
37,37
38,38
39,39
40,40
41,41
42,42
43,43
44,44
45,45
46,46
47,47
48,48
49,49
50,50
51,51
52,52
53,53
54,54
117,55
56,56
57,57
58,58
59,59
0,0
1,1
2,2
3,3
4,4
5,5
62,6
7,7
8,8
9,9
90,10
29,11
12,12
13,13
14,14
16,15
16,16
17,17
18,18
19,19
20,20
21,21
22,22
23,23
24,24
25,25
26,26
27,27
73,28
29,29
71,30
31,31
32,32
33,33
34,34
35,35
36,36
37,37
38,38
39,39
36,40
41,41
42,42
43,43
44,44
45,45
46,46
47,47
48,48
49,49
50,50
51,51
52,52
30,53
54,54
117,55
108,56
57,57
58,58
59,59
0,0
1,1
2,2
36,3
4,4
5,5
6,6
7,7
8,8
9,9
10,10
28,11
12,12
13,13
14,14
15,15
15,16
17,17
18,18
19,19
20,20
103,21
22,22
23,23
24,24
25,25
26,26
27,27
28,28
29,29
30,30
31,31
32,32
33,33
34,34
35,35
40,36
37,37
38,38
39,39
40,40
41,41
42,42
43,43
40,44
44,45
46,46
47,47
9,48
49,49
50,50
51,51
52,52
53,53
54,54
55,55
56,56
57,57
58,58
59,59
0,0
1,1
2,2
3,3
4,4
5,5
6,6
7,7
8,8
9,9
72,10
81,11
12,12
13,13
14,14
15,15
15,16
17,17
18,18
19,19
20,20
21,21
22,22
23,23
24,24
25,25
26,26
27,27
28,28
29,29
30,30
31,31
32,32
33,33
34,34
35,35
36,36
37,37
38,38
39,39
40,40
41,41
42,42
43,43
44,44
44,45
102,46
47,47
48,48
49,49
23,50
51,51
52,52
53,53
54,54
55,55
56,56
57,57
58,58
59,59
0,0
1,1
2,2
3,3
82,4
5,5
6,6
7,7
8,8
9,9
90,10
11,11
12,12
13,13
14,14
15,15
16,16
17,17
18,18
19,19
20,20
21,21
22,22
23,23
24,24
25,25
26,26
27,27
28,28
29,29
30,30
31,31
32,32
9,33
34,34
35,35
33,36
37,37
38,38
39,39
40,40
41,41
42,42
2,43
44,44
45,45
46,46
40,47
48,48
49,49
50,50
51,51
52,52
53,53
54,54
55,55
56,56
57,57
58,58
59,59
0,0
1,1
2,2
3,3
4,4
5,5
6,6
7,7
8,8
9,9
10,10
10,11
12,12
13,13
14,14
15,15
16,16
17,17
18,18
19,19
20,20
21,21
22,22
23,23
24,24
25,25
26,26
27,27
28,28
28,29
30,30
31,31
32,32
33,33
34,34
35,35
36,36
37,37
38,38
39,39
40,40
41,41
42,42
43,43
44,44
45,45
46,46
47,47
48,48
49,49
50,50
51,51
52,52
53,53
54,54
55,55
56,56
57,57
58,58
59,59
0,0
1,1
2,2
3,3
23,4
5,5
6,6
7,7
8,8
9,9
10,10
28,11
12,12
13,13
14,14
15,15
16,16
17,17
18,18
19,19
20,20
21,21
22,22
23,23
24,24
25,25
26,26
27,27
29,28
29,29
30,30
31,31
54,32
33,33
34,34
35,35
36,36
37,37
38,38
39,39
40,40
41,41
42,42
43,43
44,44
24,45
46,46
40,47
31,48
49,49
50,50
51,51
52,52
53,53
54,54
55,55
56,56
57,57
58,58
59,59
0,0
1,1
2,2
3,3
4,4
5,5
6,6
7,7
8,8
9,9
10,10
11,11
12,12
13,13
14,14
15,15
34,16
17,17
18,18
19,19
20,20
21,21
22,22
23,23
24,24
25,25
26,26
27,27
11,28
29,29
30,30
31,31
32,32
33,33
34,34
35,35
36,36
37,37
38,38
39,39
40,40
41,41
42,42
17,43
44,44
45,45
46,46
47,47
48,48
49,49
50,50
51,51
52,52
53,53
54,54
55,55
56,56
57,57
58,58
59,59
0,0
1,1
17,2
3,3
4,4
5,5
6,6
7,7
8,8
9,9
83,10
28,11
12,12
13,13
14,14
16,15
16,16
17,17
18,18
19,19
20,20
20,21
22,22
23,23
24,24
25,25
26,26
43,27
28,28
29,29
30,30
31,31
32,32
33,33
34,34
35,35
36,36
37,37
38,38
39,39
40,40
41,41
42,42
43,43
44,44
45,45
46,46
40,47
65,48
49,49
50,50
51,51
52,52
53,53
56,54
55,55
56,56
55,57
58,58
59,59
0,0
82,1
2,2
3,3
4,4
5,5
6,6
7,7
8,8
9,9
81,10
28,11
12,12
13,13
14,14
15,15
5,16
17,17
18,18
19,19
20,20
21,21
22,22
23,23
24,24
25,25
26,26
27,27
28,28
29,29
30,30
31,31
32,32
9,33
34,34
35,35
36,36
37,37
38,38
39,39
40,40
41,41
42,42
84,43
44,44
45,45
46,46
40,47
48,48
49,49
50,50
51,51
52,52
53,53
55,55
56,56
57,57
58,58
59,59
0,0
1,1
2,2
3,3
44,4
5,5
6,6
7,7
8,8
9,9
29,10
24,11
12,12
13,13
14,14
15,15
15,16
17,17
18,18
17,19
20,20
21,21
22,22
23,23
24,24
25,25
26,26
27,27
28,28
29,29
30,30
31,31
32,32
33,33
34,34
35,35
36,36
37,37
38,38
39,39
104,40
41,41
42,42
43,43
44,44
45,45
46,46
47,47
48,48
49,49
50,50
51,51
52,52
53,53
54,54
55,55
56,56
57,57
58,58
59,59
0,0
1,1
2,2
3,3
4,4
5,5
6,6
7,7
8,8
9,9
10,10
11,11
12,12
13,13
14,14
15,15
16,16
17,17
18,18
19,19
20,20
21,21
22,22
23,23
24,24
25,25
26,26
27,27
28,28
29,29
30,30
31,31
32,32
33,33
34,34
35,35
36,36
37,37
38,38
39,39
40,40
41,41
42,42
43,43
44,44
45,45
46,46
47,47
48,48
49,49
50,50
51,51
52,52
53,53
54,54
55,55
56,56
57,57
58,58
59,59
0,0
1,1
2,2
48,3
4,4
5,5
6,6
7,7
8,8
9,9
10,10
11,11
83,12
13,13
14,14
15,15
16,16
17,17
18,18
19,19
20,20
21,21
22,22
23,23
24,24
25,25
26,26
27,27
28,28
29,29
30,30
31,31
32,32
33,33
34,34
35,35
84,36
37,37
38,38
39,39
40,40
41,41
42,42
43,43
44,44
45,45
46,46
47,47
48,48
56,49
50,50
51,51
52,52
53,53
54,54
55,55
56,56
57,57
58,58
59,59
0,0
27,1
0,2
3,3
32,4
5,5
6,6
7,7
8,8
9,9
10,10
72,11
90,12
13,13
14,14
15,15
16,16
17,17
105,18
19,19
20,20
21,21
22,22
23,23
24,24
25,25
26,26
27,27
28,28
56,29
30,30
31,31
32,32
33,33
34,34
35,35
36,36
37,37
38,38
39,39
40,40
41,41
42,42
67,43
44,44
44,45
36,46
34,47
48,48
49,49
106,50
51,51
52,52
53,53
54,54
55,55
56,56
57,57
58,58
59,59
0,0
1,1
2,2
3,3
4,4
34,5
93,6
7,7
8,8
9,9
10,10
11,11
12,12
13,13
14,14
15,15
15,16
17,17
18,18
19,19
20,20
21,21
22,22
23,23
24,24
25,25
26,26
27,27
28,28
29,29
30,30
31,31
32,32
33,33
34,34
35,35
36,36
37,37
38,38
39,39
40,40
41,41
42,42
43,43
102,44
45,45
46,46
47,47
48,48
49,49
50,50
51,51
52,52
53,53
55,55
56,56
57,57
58,58
59,59
0,0
1,1
2,2
3,3
4,4
5,5
6,6
7,7
8,8
9,9
75,10
11,11
12,12
13,13
14,14
15,15
16,16
17,17
18,18
37,19
20,20
21,21
22,22
23,23
24,24
25,25
26,26
27,27
28,28
29,29
30,30
31,31
32,32
33,33
34,34
35,35
36,36
70,37
114,38
39,39
40,40
41,41
42,42
43,43
57,44
52,45
46,46
47,47
48,48
49,49
50,50
51,51
52,52
53,53
54,54
55,55
56,56
57,57
58,58
59,59
0,0
1,1
2,2
3,3
4,4
5,5
6,6
7,7
8,8
9,9
28,10
75,11
12,12
13,13
14,14
15,15
16,16
17,17
18,18
19,19
20,20
21,21
22,22
23,23
24,24
25,25
26,26
27,27
72,28
29,29
30,30
31,31
32,32
33,33
34,34
35,35
36,36
37,37
38,38
39,39
40,40
41,41
42,42
43,43
44,44
45,45
46,46
47,47
48,48
49,49
50,50
51,51
52,52
53,53
54,54
55,55
56,56
57,57
58,58
59,59
0,0
1,1
2,2
3,3
4,4
5,5
62,6
114,7
55,8
77,9
90,10
29,11
12,12
13,13
14,14
109,15
16,16
17,17
18,18
114,19
114,20
92,21
22,22
23,23
56,24
25,25
26,26
27,27
10,28
114,29
109,30
114,31
32,32
114,33
34,34
109,35
36,36
37,37
38,38
39,39
40,40
41,41
42,42
43,43
44,44
45,45
46,46
47,47
48,48
49,49
50,50
51,51
52,52
53,53
54,54
55,55
56,56
57,57
58,58
59,59
0,0
1,1
2,2
3,3
4,4
5,5
6,6
7,7
8,8
9,9
10,10
29,11
12,12
13,13
14,14
15,15
16,16
17,17
18,18
19,19
20,20
21,21
22,22
23,23
24,24
25,25
26,26
27,27
28,28
29,29
30,30
31,31
32,32
85,33
34,34
35,35
36,36
37,37
38,38
39,39
40,40
41,41
42,42
43,43
44,44
45,45
46,46
47,47
48,48
49,49
50,50
51,51
52,52
53,53
54,54
117,55
108,56
57,57
58,58
59,59
0,0
1,1
2,2
3,3
4,4
5,5
6,6
7,7
8,8
9,9
81,10
11,11
12,12
13,13
14,14
16,15
16,16
17,17
18,18
19,19
20,20
21,21
53,22
23,23
24,24
25,25
26,26
27,27
82,28
29,29
30,30
31,31
32,32
33,33
34,34
35,35
36,36
43,37
38,38
39,39
36,40
41,41
42,42
43,43
44,44
45,45
46,46
47,47
48,48
49,49
50,50
51,51
52,52
53,53
54,54
117,55
108,56
57,57
58,58
59,59
0,0
1,1
2,2
3,3
4,4
5,5
6,6
7,7
8,8
9,9
81,10
10,11
12,12
13,13
14,14
15,15
15,16
17,17
18,18
19,19
20,20
21,21
22,22
23,23
24,24
25,25
26,26
27,27
28,28
29,29
30,30
31,31
32,32
33,33
34,34
35,35
36,36
37,37
38,38
39,39
38,40
41,41
42,42
43,43
40,44
44,45
46,46
47,47
48,48
49,49
23,50
51,51
52,52
53,53
54,54
55,55
56,56
57,57
59,58
59,59
0,0
1,1
2,2
3,3
37,4
5,5
6,6
7,7
8,8
85,9
72,10
75,11
12,12
13,13
14,14
15,15
15,16
17,17
18,18
19,19
20,20
21,21
30,22
23,23
24,24
25,25
26,26
43,27
28,28
29,29
30,30
31,31
32,32
33,33
34,34
35,35
36,36
37,37
38,38
39,39
40,40
41,41
42,42
43,43
44,44
44,45
46,46
47,47
48,48
49,49
50,50
51,51
52,52
53,53
54,54
55,55
56,56
57,57
58,58
59,59
0,0
1,1
2,2
3,3
4,4
5,5
6,6
7,7
8,8
9,9
10,10
11,11
12,12
13,13
14,14
16,15
34,16
17,17
18,18
19,19
20,20
21,21
22,22
23,23
24,24
25,25
26,26
27,27
28,28
74,29
30,30
31,31
32,32
33,33
34,34
35,35
36,36
37,37
38,38
39,39
40,40
41,41
42,42
37,43
44,44
45,45
46,46
47,47
48,48
55,49
50,50
51,51
106,52
53,53
55,55
24,56
57,57
58,58
59,59
0,0
1,1
27,2
3,3
4,4
5,5
6,6
7,7
8,8
9,9
10,10
38,11
12,12
13,13
14,14
16,15
16,16
17,17
18,18
19,19
20,20
21,21
22,22
23,23
24,24
25,25
26,26
27,27
28,28
28,29
30,30
31,31
32,32
33,33
34,34
35,35
36,36
37,37
38,38
39,39
40,40
41,41
42,42
37,43
44,44
37,45
30,46
47,47
48,48
49,49
50,50
51,51
52,52
53,53
54,54
55,55
56,56
57,57
58,58
59,59
0,0
1,1
2,2
3,3
4,4
5,5
6,6
7,7
8,8
9,9
10,10
11,11
12,12
13,13
14,14
15,15
15,16
17,17
18,18
19,19
20,20
21,21
22,22
23,23
24,24
25,25
26,26
27,27
83,28
29,29
30,30
31,31
24,32
33,33
34,34
35,35
36,36
37,37
38,38
39,39
40,40
41,41
42,42
43,43
44,44
45,45
46,46
47,47
48,48
49,49
50,50
51,51
52,52
53,53
54,54
55,55
56,56
53,57
58,58
59,59
0,0
90,1
29,2
84,3
4,4
5,5
6,6
7,7
8,8
9,9
10,10
28,11
12,12
13,13
14,14
15,15
15,16
17,17
18,18
19,19
20,20
21,21
22,22
23,23
24,24
25,25
26,26
27,27
29,28
29,29
30,30
30,31
32,32
9,33
34,34
35,35
36,36
37,37
38,38
39,39
40,40
41,41
42,42
43,43
44,44
45,45
46,46
47,47
28,48
49,49
50,50
51,51
57,52
53,53
54,54
55,55
56,56
57,57
58,58
59,59
0,0
84,1
2,2
3,3
4,4
5,5
6,6
7,7
8,8
9,9
81,10
28,11
12,12
13,13
14,14
15,15
16,16
17,17
18,18
19,19
20,20
21,21
22,22
23,23
24,24
25,25
26,26
27,27
28,28
29,29
30,30
31,31
32,32
33,33
34,34
35,35
36,36
37,37
38,38
39,39
40,40
41,41
42,42
43,43
44,44
45,45
46,46
40,47
48,48
49,49
50,50
51,51
52,52
53,53
87,54
55,55
52,56
55,57
58,58
59,59
0,0
1,1
2,2
3,3
4,4
5,5
6,6
7,7
8,8
9,9
10,10
11,11
12,12
13,13
14,14
16,15
5,16
17,17
18,18
19,19
20,20
21,21
22,22
46,24
25,25
26,26
27,27
28,28
73,29
30,30
10,31
77,32
9,33
34,34
84,35
18,36
67,37
38,38
39,39
66,40
41,41
42,42
43,43
37,44
24,45
46,46
40,47
48,48
49,49
50,50
51,51
52,52
53,53
116,54
55,55
56,56
55,57
58,58
59,59
0,0
1,1
2,2
3,3
4,4
5,5
6,6
7,7
8,8
9,9
10,10
10,11
12,12
13,13
14,14
15,15
15,16
17,17
18,18
19,19
20,20
21,21
22,22
23,23
24,24
25,25
26,26
27,27
28,28
29,29
30,30
31,31
32,32
33,33
34,34
35,35
36,36
37,37
38,38
39,39
104,40
41,41
42,42
43,43
44,44
45,45
46,46
47,47
48,48
49,49
50,50
51,51
52,52
53,53
54,54
55,55
56,56
57,57
58,58
59,59
0,0
1,1
2,2
46,3
4,4
5,5
6,6
7,7
8,8
9,9
90,10
11,11
29,12
13,13
14,14
15,15
16,16
17,17
18,18
60,19
20,20
21,21
22,22
23,23
24,24
25,25
26,26
27,27
28,28
29,29
30,30
31,31
32,32
33,33
34,34
53,35
36,36
37,37
38,38
39,39
104,40
41,41
42,42
43,43
44,44
64,45
46,46
47,47
48,48
107,49
50,50
51,51
52,52
53,53
54,54
117,55
56,56
57,57
58,58
59,59
0,0
1,1
2,2
3,3
55,4
5,5
6,6
7,7
8,8
9,9
10,10
10,11
12,12
13,13
14,14
15,15
16,16
17,17
18,18
19,19
20,20
21,21
22,22
23,23
24,24
25,25
26,26
27,27
28,28
29,29
30,30
31,31
32,32
33,33
34,34
35,35
36,36
37,37
38,38
39,39
104,40
41,41
42,42
43,43
44,44
45,45
46,46
47,47
48,48
49,49
50,50
51,51
52,52
53,53
54,54
55,55
56,56
57,57
58,58
59,59
0,0
1,1
2,2
3,3
55,4
5,5
6,6
7,7
8,8
9,9
10,10
10,11
12,12
13,13
14,14
15,15
16,16
17,17
18,18
19,19
20,20
21,21
22,22
23,23
24,24
25,25
26,26
27,27
28,28
29,29
30,30
31,31
32,32
33,33
34,34
35,35
36,36
37,37
38,38
39,39
104,40
41,41
42,42
43,43
44,44
45,45
46,46
47,47
48,48
49,49
50,50
51,51
52,52
53,53
54,54
55,55
55,56
57,57
58,58
59,59
0,0
1,1
2,2
3,3
63,4
5,5
6,6
7,7
8,8
9,9
10,10
29,11
12,12
13,13
14,14
15,15
15,16
17,17
18,18
19,19
20,20
21,21
22,22
23,23
24,24
25,25
26,26
27,27
28,28
29,29
30,30
31,31
32,32
9,33
34,34
35,35
36,36
37,37
38,38
39,39
40,40
41,41
42,42
2,43
44,44
45,45
37,46
47,47
22,48
49,49
50,50
51,51
52,52
53,53
54,54
55,55
56,56
57,57
58,58
59,59
0,0
2,1
2,2
3,3
4,4
5,5
6,6
7,7
8,8
9,9
29,10
29,11
12,12
13,13
14,14
15,15
16,16
17,17
18,18
19,19
20,20
21,21
22,22
23,23
24,24
25,25
26,26
27,27
28,28
29,29
30,30
30,31
32,32
9,33
34,34
35,35
36,36
37,37
78,38
39,39
40,40
41,41
42,42
43,43
44,44
45,45
46,46
47,47
48,48
49,49
50,50
51,51
52,52
53,53
54,54
55,55
56,56
57,57
58,58
59,59
0,0
1,1
2,2
3,3
4,4
5,5
6,6
7,7
8,8
9,9
10,10
73,11
12,12
13,13
14,14
15,15
16,16
17,17
18,18
19,19
20,20
21,21
22,22
23,23
24,24
25,25
26,26
27,27
28,28
29,29
30,30
31,31
32,32
33,33
34,34
35,35
36,36
37,37
38,38
39,39
40,40
41,41
42,42
43,43
44,44
45,45
46,46
47,47
17,48
49,49
110,50
51,51
52,52
53,53
54,54
55,55
56,56
57,57
58,58
59,59
0,0
1,1
2,2
2,3
4,4
5,5
6,6
7,7
8,8
9,9
90,10
74,11
77,12
13,13
14,14
15,15
16,16
18,17
18,18
19,19
20,20
21,21
22,22
23,23
24,24
25,25
26,26
78,27
28,28
10,29
30,30
76,31
32,32
85,33
34,34
35,35
36,36
37,37
78,38
39,39
104,40
41,41
42,42
43,43
44,44
45,45
46,46
47,47
48,48
49,49
50,50
51,51
52,52
53,53
54,54
55,55
56,56
57,57
58,58
59,59
0,0
1,1
2,2
3,3
4,4
5,5
6,6
7,7
8,8
9,9
10,10
9,11
12,12
13,13
14,14
15,15
15,16
17,17
18,18
19,19
20,20
21,21
22,22
23,23
24,24
25,25
26,26
102,27
28,28
10,29
30,30
31,31
32,32
33,33
34,34
35,35
36,36
37,37
38,38
39,39
40,40
41,41
42,42
43,43
44,44
45,45
46,46
47,47
48,48
49,49
50,50
51,51
52,52
53,53
54,54
55,55
56,56
57,57
58,58
59,59
0,0
1,1
2,2
3,3
4,4
5,5
6,6
7,7
8,8
9,9
10,10
28,11
12,12
13,13
14,14
15,15
16,16
17,17
18,18
19,19
20,20
21,21
22,22
23,23
24,24
25,25
26,26
27,27
28,28
11,29
71,30
31,31
32,32
33,33
34,34
35,35
36,36
37,37
38,38
39,39
40,40
41,41
42,42
43,43
44,44
45,45
46,46
47,47
48,48
49,49
50,50
51,51
52,52
53,53
54,54
55,55
56,56
57,57
58,58
59,59
0,0
1,1
2,2
3,3
4,4
5,5
6,6
7,7
8,8
9,9
10,10
28,11
12,12
13,13
14,14
15,15
16,16
17,17
18,18
19,19
20,20
21,21
22,22
23,23
24,24
25,25
26,26
27,27
28,28
29,29
30,30
31,31
32,32
33,33
34,34
35,35
36,36
37,37
38,38
39,39
40,40
41,41
42,42
43,43
44,44
4,45
46,46
47,47
48,48
35,49
49,50
51,51
92,52
53,53
54,54
55,55
56,56
57,57
58,58
59,59
0,0
1,1
2,2
3,3
4,4
5,5
6,6
7,7
8,8
9,9
72,10
10,11
12,12
13,13
14,14
16,15
16,16
17,17
18,18
19,19
20,20
21,21
22,22
23,23
24,24
25,25
26,26
10,27
11,28
10,29
30,30
31,31
32,32
33,33
34,34
35,35
36,36
37,37
38,38
39,39
40,40
41,41
42,42
43,43
44,44
45,45
46,46
47,47
48,48
49,49
50,50
51,51
53,52
53,53
54,54
55,55
56,56
57,57
58,58
59,59
0,0
1,1
2,2
3,3
4,4
5,5
6,6
7,7
8,8
9,9
10,10
11,11
12,12
13,13
14,14
15,15
16,16
17,17
18,18
19,19
20,20
21,21
22,22
23,23
24,24
25,25
26,26
27,27
28,28
1,29
30,30
31,31
32,32
33,33
34,34
35,35
36,36
37,37
38,38
39,39
40,40
41,41
42,42
43,43
44,44
45,45
46,46
47,47
48,48
49,49
50,50
51,51
52,52
53,53
54,54
55,55
56,56
57,57
58,58
59,59
0,0
1,1
2,2
3,3
4,4
5,5
6,6
7,7
8,8
9,9
10,10
10,11
12,12
13,13
14,14
15,15
16,16
17,17
18,18
19,19
20,20
21,21
22,22
23,23
24,24
25,25
26,26
27,27
28,28
11,29
30,30
31,31
32,32
33,33
34,34
35,35
36,36
37,37
38,38
39,39
40,40
41,41
42,42
43,43
44,44
45,45
46,46
47,47
48,48
49,49
50,50
51,51
52,52
53,53
54,54
55,55
56,56
57,57
58,58
59,59
0,0
84,1
2,2
3,3
4,4
5,5
6,6
7,7
8,8
9,9
10,10
28,11
12,12
13,13
14,14
15,15
16,16
17,17
18,18
19,19
20,20
21,21
22,22
23,23
24,24
25,25
26,26
27,27
28,28
29,29
30,30
31,31
32,32
33,33
34,34
35,35
36,36
43,37
38,38
39,39
40,40
41,41
42,42
43,43
44,44
45,45
46,46
47,47
48,48
49,49
50,50
51,51
52,52
53,53
54,54
55,55
56,56
57,57
58,58
59,59
0,0
1,1
2,2
3,3
4,4
5,5
6,6
7,7
8,8
9,9
29,10
28,11
12,12
13,13
14,14
15,15
16,16
17,17
18,18
19,19
20,20
21,21
22,22
23,23
24,24
25,25
26,26
27,27
28,28
29,29
30,30
31,31
32,32
33,33
34,34
35,35
36,36
37,37
38,38
39,39
104,40
41,41
42,42
36,43
44,44
24,45
46,46
47,47
48,48
49,49
50,50
51,51
52,52
53,53
54,54
55,55
56,56
57,57
58,58
59,59
2,0
1,1
2,2
3,3
4,4
5,5
6,6
7,7
8,8
9,9
10,10
28,11
12,12
13,13
14,14
16,15
16,16
17,17
18,18
19,19
20,20
21,21
22,22
23,23
24,24
25,25
26,26
27,27
28,28
29,29
30,30
31,31
32,32
33,33
34,34
35,35
36,36
37,37
38,38
39,39
40,40
41,41
42,42
43,43
44,44
45,45
46,46
47,47
48,48
49,49
50,50
51,51
52,52
53,53
54,54
55,55
56,56
55,57
58,58
59,59
0,0
24,1
15,2
3,3
4,4
5,5
6,6
7,7
8,8
9,9
11,10
43,11
12,12
13,13
14,14
15,15
16,16
3,17
61,18
19,19
20,20
21,21
22,22
23,23
24,24
25,25
26,26
27,27
28,28
29,29
30,30
31,31
32,32
33,33
34,34
35,35
36,36
37,37
38,38
39,39
40,40
41,41
42,42
43,43
44,44
45,45
46,46
47,47
48,48
49,49
50,50
51,51
52,52
53,53
54,54
55,55
45,56
57,57
58,58
59,59
1,1
67,3
55,4
5,5
6,6
7,7
8,8
109,9
10,10
11,11
12,12
13,13
14,14
15,15
16,16
17,17
18,18
19,19
20,20
21,21
22,22
23,23
24,24
25,25
26,26
27,27
28,28
29,29
53,30
114,31
32,32
33,33
34,34
35,35
36,36
37,37
38,38
39,39
66,40
41,41
42,42
43,43
92,44
45,45
67,46
47,47
48,48
49,49
50,50
51,51
52,52
53,53
54,54
55,55
55,56
57,57
58,58
58,59
0,0
1,1
2,2
3,3
4,4
5,5
6,6
7,7
8,8
9,9
10,10
10,11
12,12
13,13
14,14
15,15
16,16
17,17
18,18
19,19
20,20
21,21
22,22
23,23
24,24
25,25
26,26
27,27
83,28
29,29
30,30
31,31
32,32
33,33
34,34
35,35
36,36
37,37
38,38
39,39
104,40
41,41
42,42
43,43
44,44
45,45
43,46
40,47
48,48
49,49
50,50
51,51
52,52
53,53
54,54
55,55
56,56
57,57
58,58
59,59
0,0
1,1
2,2
3,3
4,4
5,5
6,6
7,7
8,8
9,9
10,10
11,11
12,12
13,13
14,14
1,17
1,18
19,19
20,20
21,21
22,22
23,23
24,24
25,25
26,26
27,27
28,28
11,29
30,30
31,31
10,32
9,33
34,34
35,35
36,36
37,37
38,38
39,39
40,40
41,41
42,42
2,43
14,44
45,45
46,46
49,49
51,50
51,51
92,52
35,53
54,54
55,55
56,56
57,57
58,58
59,59
0,0
2,1
2,2
3,3
4,4
5,5
6,6
7,7
8,8
9,9
29,10
11,11
12,12
13,13
14,14
15,15
16,16
17,17
18,18
19,19
20,20
21,21
22,22
23,23
24,24
25,25
26,26
27,27
28,28
29,29
30,30
30,31
32,32
82,33
34,34
35,35
36,36
37,37
38,38
39,39
40,40
41,41
42,42
43,43
44,44
45,45
46,46
47,47
48,48
52,49
50,50
51,51
52,52
53,53
54,54
55,55
56,56
57,57
58,58
59,59
0,0
1,1
2,2
3,3
57,4
5,5
6,6
7,7
8,8
9,9
10,10
29,11
12,12
13,13
14,14
15,15
16,16
17,17
18,18
19,19
20,20
21,21
22,22
23,23
24,24
25,25
26,26
27,27
28,28
29,29
52,30
76,31
82,32
33,33
34,34
35,35
36,36
37,37
38,38
39,39
40,40
41,41
42,42
43,43
44,44
45,45
46,46
47,47
17,48
49,49
50,50
51,51
52,52
109,53
54,54
55,55
56,56
57,57
58,58
59,59
0,0
84,1
2,2
2,3
76,4
5,5
6,6
7,7
8,8
9,9
10,10
75,11
12,12
13,13
14,14
15,15
16,16
17,17
18,18
19,19
20,20
21,21
22,22
23,23
24,24
25,25
26,26
27,27
28,28
28,29
30,30
71,31
32,32
33,33
34,34
35,35
36,36
37,37
38,38
39,39
104,40
41,41
42,42
43,43
44,44
45,45
46,46
47,47
48,48
58,49
110,50
51,51
52,52
53,53
54,54
55,55
56,56
57,57
58,58
59,59
37,0
24,1
2,2
3,3
4,4
5,5
6,6
7,7
8,8
9,9
10,10
9,11
12,12
13,13
14,14
16,15
15,16
17,17
61,18
19,19
20,20
21,21
22,22
23,23
24,24
25,25
26,26
37,27
28,28
29,29
30,30
31,31
32,32
33,33
34,34
35,35
36,36
39,37
38,38
39,39
40,40
41,41
42,42
43,43
44,44
45,45
46,46
47,47
48,48
49,49
50,50
51,51
52,52
53,53
54,54
55,55
56,56
57,57
58,58
59,59
2,0
1,1
2,2
3,3
4,4
5,5
6,6
7,7
8,8
9,9
10,10
10,11
12,12
13,13
14,14
15,15
16,16
17,17
18,18
19,19
20,20
21,21
22,22
23,23
24,24
25,25
26,26
27,27
28,28
29,29
30,30
31,31
32,32
33,33
34,34
35,35
36,36
37,37
38,38
39,39
40,40
41,41
42,42
43,43
44,44
45,45
46,46
47,47
48,48
49,49
50,50
51,51
52,52
53,53
54,54
55,55
56,56
57,57
58,58
59,59
0,0
1,1
2,2
84,3
4,4
5,5
6,6
7,7
10,10
11,11
12,12
13,13
14,14
15,15
16,16
17,17
18,18
19,19
20,20
21,21
22,22
23,23
24,24
25,25
26,26
24,27
73,28
29,29
30,30
114,31
77,32
33,33
34,34
35,35
36,36
37,37
38,38
39,39
40,40
41,41
79,42
43,43
95,44
45,45
46,46
34,47
48,48
35,49
50,50
51,51
52,52
53,53
54,54
55,55
56,56
57,57
58,58
59,59
0,0
1,1
2,2
3,3
4,4
5,5
6,6
7,7
8,8
9,9
10,10
10,11
12,12
13,13
14,14
15,15
16,16
17,17
18,18
19,19
20,20
21,21
22,22
23,23
24,24
25,25
26,26
27,27
28,28
11,29
30,30
31,31
32,32
33,33
34,34
35,35
36,36
37,37
38,38
39,39
40,40
41,41
42,42
43,43
44,44
45,45
46,46
47,47
48,48
49,49
50,50
51,51
52,52
53,53
54,54
55,55
56,56
57,57
115,58
59,59
0,0
1,1
2,2
3,3
57,4
5,5
6,6
7,7
8,8
9,9
10,10
11,11
12,12
13,13
14,14
15,15
16,16
17,17
18,18
19,19
20,20
21,21
22,22
23,23
24,24
25,25
26,26
84,27
28,28
29,29
30,30
31,31
37,32
33,33
34,34
35,35
36,36
37,37
38,38
39,39
40,40
41,41
42,42
43,43
44,44
44,45
46,46
40,47
48,48
49,49
50,50
51,51
52,52
53,53
54,54
55,55
56,56
57,57
58,58
59,59
27,0
1,1
2,2
3,3
4,4
5,5
6,6
7,7
8,8
9,9
10,10
10,11
12,12
13,13
14,14
15,15
16,16
17,17
18,18
19,19
20,20
21,21
22,22
23,23
24,24
25,25
26,26
27,27
28,28
29,29
30,30
31,31
32,32
33,33
34,34
35,35
36,36
37,37
38,38
39,39
40,40
41,41
42,42
43,43
44,44
45,45
46,46
47,47
48,48
49,49
50,50
51,51
52,52
53,53
54,54
55,55
56,56
57,57
58,58
59,59
0,0
40,1
3,3
4,4
5,5
62,6
7,7
8,8
9,9
10,10
29,11
12,12
13,13
14,14
16,15
16,16
17,17
18,18
19,19
20,20
21,21
22,22
23,23
24,24
25,25
26,26
29,29
30,30
31,31
32,32
33,33
34,34
35,35
36,36
37,37
38,38
39,39
40,40
41,41
42,42
43,43
44,44
44,45
32,46
40,47
48,48
49,49
50,50
51,51
52,52
53,53
54,54
55,55
56,56
57,57
58,58
59,59
0,0
1,1
2,2
3,3
4,4
5,5
6,6
7,7
8,8
9,9
29,10
28,11
90,12
13,13
14,14
15,15
16,16
17,17
18,18
19,19
20,20
21,21
22,22
23,23
24,24
25,25
26,26
27,27
28,28
29,29
30,30
31,31
32,32
33,33
34,34
35,35
36,36
37,37
38,38
39,39
104,40
41,41
42,42
43,43
44,44
45,45
46,46
40,47
48,48
49,49
50,50
51,51
52,52
53,53
54,54
55,55
56,56
57,57
58,58
59,59
0,0
1,1
1,2
3,3
4,4
5,5
6,6
7,7
8,8
9,9
10,10
28,11
12,12
13,13
14,14
16,15
16,16
17,17
18,18
19,19
20,20
21,21
22,22
23,23
24,24
25,25
26,26
27,27
11,28
29,29
30,30
31,31
32,32
33,33
34,34
35,35
36,36
37,37
38,38
39,39
40,40
41,41
42,42
43,43
44,44
24,45
46,46
47,47
48,48
49,49
50,50
51,51
52,52
53,53
54,54
55,55
56,56
55,57
58,58
59,59
0,0
1,1
47,2
3,3
4,4
5,5
6,6
7,7
8,8
9,9
11,10
11,11
12,12
13,13
14,14
15,15
16,16
3,17
61,18
19,19
20,20
21,21
22,22
23,23
24,24
25,25
26,26
27,27
28,28
11,29
30,30
31,31
32,32
33,33
34,34
35,35
36,36
37,37
38,38
39,39
40,40
41,41
42,42
43,43
44,44
45,45
46,46
47,47
48,48
49,49
50,50
51,51
52,52
53,53
54,54
55,55
56,56
57,57
58,58
59,59
0,0
1,1
2,2
3,3
4,4
5,5
6,6
7,7
8,8
9,9
10,10
11,11
12,12
13,13
14,14
15,15
16,16
17,17
18,18
19,19
20,20
21,21
22,22
23,23
45,24
25,25
26,26
27,27
28,28
11,29
30,30
31,31
32,32
33,33
34,34
35,35
36,36
37,37
38,38
39,39
104,40
41,41
42,42
43,43
44,44
45,45
46,46
40,47
48,48
49,49
50,50
51,51
52,52
53,53
54,54
55,55
56,56
57,57
58,58
59,59
0,0
1,1
2,2
3,3
55,4
5,5
6,6
7,7
8,8
9,9
10,10
74,11
12,12
13,13
14,14
14,15
16,16
17,17
17,18
19,19
20,20
21,21
22,22
23,23
24,24
25,25
26,26
104,27
83,28
29,29
30,30
71,31
70,32
82,33
34,34
35,35
84,36
69,37
38,38
39,39
104,40
41,41
42,42
43,43
44,44
45,45
46,46
47,47
48,48
49,49
50,50
51,51
52,52
53,53
54,54
55,55
56,56
57,57
58,58
59,59
17,0
1,1
2,2
3,3
4,4
5,5
6,6
7,7
8,8
9,9
10,10
29,11
12,12
13,13
14,14
15,15
15,16
17,17
18,18
19,19
20,20
21,21
22,22
23,23
24,24
25,25
26,26
27,27
74,28
29,29
30,30
31,31
32,32
9,33
34,34
35,35
36,36
37,37
38,38
39,39
1,40
41,41
42,42
2,43
44,44
45,45
46,46
47,47
48,48
49,49
50,50
51,51
52,52
53,53
54,54
55,55
56,56
57,57
58,58
59,59
0,0
2,1
2,2
67,3
4,4
5,5
6,6
7,7
8,8
9,9
10,10
81,11
12,12
13,13
14,14
15,15
16,16
61,17
18,18
19,19
20,20
21,21
22,22
23,23
24,24
25,25
26,26
27,27
28,28
29,29
30,30
31,31
32,32
82,33
34,34
35,35
36,36
104,37
78,38
39,39
40,40
41,41
42,42
37,43
45,44
2,45
35,46
47,47
37,48
49,49
50,50
51,51
52,52
53,53
54,54
55,55
56,56
116,57
58,58
59,59
0,0
1,1
2,2
3,3
4,4
5,5
6,6
7,7
8,8
9,9
75,10
73,11
12,12
13,13
14,14
15,15
16,16
17,17
18,18
19,19
20,20
21,21
22,22
23,23
24,24
25,25
26,26
27,27
28,28
29,29
30,30
71,31
32,32
33,33
34,34
35,35
36,36
37,37
38,38
39,39
104,40
41,41
42,42
43,43
44,44
45,45
46,46
47,47
86,48
49,49
110,50
51,51
53,52
53,53
54,54
55,55
56,56
53,57
58,58
59,59
0,0
84,1
3,2
3,3
43,4
5,5
62,6
7,7
8,8
9,9
90,10
73,11
90,12
86,13
87,14
15,15
16,16
18,17
18,18
19,19
20,20
25,21
37,22
23,23
24,24
25,25
26,26
27,27
75,28
28,29
30,30
30,31
32,32
85,33
34,34
35,35
36,36
102,37
66,38
95,39
66,40
41,41
42,42
104,43
44,44
45,45
46,46
63,47
78,48
53,49
110,50
109,51
52,52
53,53
54,54
117,55
108,56
57,57
58,58
59,59
0,0
1,1
2,2
3,3
4,4
5,5
6,6
7,7
8,8
9,9
10,10
32,11
12,12
13,13
14,14
15,15
15,16
17,17
18,18
19,19
20,20
21,21
22,22
23,23
24,24
25,25
26,26
27,27
28,28
11,29
30,30
31,31
32,32
33,33
34,34
35,35
36,36
37,37
38,38
39,39
40,40
41,41
42,42
43,43
44,44
44,45
46,46
47,47
48,48
49,49
50,50
51,51
52,52
53,53
54,54
55,55
56,56
57,57
58,58
59,59
0,0
1,1
2,2
3,3
4,4
5,5
6,6
7,7
8,8
33,9
75,10
28,11
12,12
13,13
14,14
16,15
16,16
17,17
84,18
19,19
20,20
21,21
35,22
23,23
35,24
25,25
26,26
45,27
28,28
29,29
68,30
31,31
32,32
33,33
47,34
2,35
36,36
37,37
38,38
39,39
40,40
41,41
42,42
43,43
44,44
45,45
46,46
47,47
2,48
49,49
50,50
51,51
52,52
53,53
54,54
55,55
27,56
57,57
58,58
59,59
0,0
1,1
2,2
3,3
4,4
5,5
6,6
7,7
8,8
9,9
10,10
28,11
12,12
13,13
14,14
15,15
16,16
17,17
18,18
19,19
20,20
21,21
22,22
23,23
24,24
25,25
26,26
27,27
28,28
11,29
30,30
31,31
32,32
33,33
34,34
35,35
36,36
37,37
38,38
39,39
40,40
41,41
42,42
43,43
44,44
45,45
46,46
47,47
48,48
49,49
50,50
51,51
52,52
53,53
54,54
56,55
56,56
57,57
58,58
59,59
0,0
73,1
43,2
3,3
4,4
5,5
6,6
7,7
33,9
10,10
10,11
12,12
13,13
87,14
16,15
15,16
17,17
18,18
37,19
20,20
21,21
92,22
23,23
24,24
25,25
26,26
27,27
10,28
28,29
30,30
31,31
32,32
33,33
34,34
35,35
36,36
67,37
38,38
39,39
40,40
41,41
42,42
43,43
44,44
45,45
46,46
47,47
48,48
49,49
50,50
51,51
53,52
53,53
54,54
55,55
56,56
57,57
58,58
58,59
0,0
1,1
2,2
3,3
4,4
5,5
6,6
7,7
8,8
9,9
10,10
28,11
12,12
13,13
14,14
15,15
16,16
17,17
18,18
19,19
20,20
21,21
22,22
23,23
24,24
25,25
26,26
27,27
28,28
28,29
30,30
31,31
32,32
33,33
34,34
35,35
36,36
37,37
38,38
39,39
40,40
41,41
42,42
43,43
44,44
45,45
46,46
47,47
48,48
49,49
50,50
51,51
52,52
53,53
54,54
55,55
56,56
57,57
58,58
59,59
0,0
84,1
22,2
0,3
4,4
5,5
6,6
7,7
8,8
18,9
10,10
28,11
12,12
13,13
14,14
15,15
15,16
17,17
18,18
1,19
20,20
21,21
31,22
23,23
24,24
25,25
26,26
24,27
28,28
10,29
30,30
31,31
38,32
33,33
34,34
22,35
36,36
53,37
38,38
39,39
40,40
41,41
42,42
48,43
44,44
45,45
31,46
47,47
22,48
49,49
50,50
51,51
56,52
114,53
54,54
55,55
52,56
57,57
58,58
59,59
0,0
84,1
2,2
3,3
4,4
5,5
6,6
7,7
8,8
9,9
11,10
28,11
12,12
13,13
14,14
16,15
16,16
17,17
18,18
19,19
20,20
21,21
22,22
23,23
24,24
25,25
26,26
27,27
28,28
29,29
30,30
31,31
32,32
9,33
34,34
35,35
36,36
43,37
38,38
39,39
40,40
41,41
42,42
43,43
44,44
45,45
46,46
47,47
48,48
49,49
50,50
51,51
52,52
53,53
54,54
106,55
56,56
55,57
58,58
59,59
0,0
29,1
2,2
3,3
92,4
5,5
6,6
7,7
8,8
38,9
1,10
72,11
13,13
14,14
15,15
16,16
17,17
18,18
19,19
20,20
21,21
22,22
23,23
24,24
25,25
26,26
27,27
28,28
29,29
30,30
31,31
32,32
33,33
34,34
67,35
36,36
37,37
38,38
39,39
104,40
41,41
42,42
43,43
44,44
2,45
46,46
47,47
65,48
50,49
50,50
51,51
52,52
53,53
54,54
55,55
56,56
57,57
58,58
59,59
0,0
1,1
2,2
3,3
4,4
5,5
6,6
7,7
8,8
9,9
28,10
11,11
12,12
13,13
14,14
16,15
15,16
17,17
18,18
19,19
20,20
21,21
22,22
23,23
24,24
25,25
26,26
27,27
28,28
28,29
30,30
31,31
32,32
33,33
47,34
35,35
36,36
37,37
38,38
39,39
40,40
41,41
42,42
43,43
44,44
45,45
46,46
47,47
48,48
49,49
50,50
51,51
52,52
53,53
54,54
55,55
56,56
55,57
58,58
59,59
0,0
0,1
15,2
3,3
4,4
5,5
6,6
7,7
8,8
9,9
29,10
43,11
12,12
13,13
14,14
15,15
15,16
46,17
61,18
19,19
20,20
21,21
22,22
23,23
24,24
25,25
26,26
27,27
73,28
29,29
30,30
31,31
32,32
33,33
34,34
35,35
36,36
37,37
38,38
39,39
40,40
41,41
42,42
43,43
45,44
45,45
46,46
47,47
48,48
49,49
50,50
51,51
52,52
53,53
54,54
55,55
57,57
58,58
58,59
0,0
1,1
2,2
3,3
4,4
5,5
6,6
7,7
8,8
33,9
11,10
11,11
12,12
13,13
14,14
16,15
16,16
17,17
18,18
19,19
20,20
21,21
48,22
23,23
24,24
25,25
26,26
27,27
28,28
29,29
30,30
31,31
32,32
33,33
34,34
35,35
36,36
37,37
38,38
39,39
18,40
41,41
42,42
43,43
44,44
45,45
46,46
40,47
48,48
49,49
23,50
51,51
52,52
53,53
54,54
55,55
56,56
57,57
58,58
59,59
0,0
28,1
2,2
3,3
4,4
5,5
6,6
7,7
8,8
9,9
28,10
29,11
12,12
13,13
14,14
15,15
15,16
17,17
18,18
19,19
20,20
21,21
22,22
23,23
24,24
25,25
26,26
31,27
28,28
1,29
4,30
31,31
32,32
33,33
34,34
35,35
36,36
37,37
38,38
39,39
40,40
41,41
42,42
46,43
35,44
45,45
46,46
34,47
48,48
49,49
50,50
51,51
52,52
53,53
54,54
55,55
56,56
57,57
58,58
59,59
0,0
1,1
2,2
3,3
4,4
5,5
6,6
7,7
8,8
9,9
10,10
10,11
12,12
13,13
14,14
16,15
16,16
17,17
18,18
19,19
20,20
21,21
22,22
23,23
24,24
25,25
26,26
27,27
28,28
10,29
30,30
31,31
32,32
33,33
34,34
35,35
36,36
37,37
38,38
39,39
40,40
41,41
42,42
43,43
44,44
45,45
46,46
47,47
48,48
49,49
50,50
51,51
52,52
53,53
54,54
55,55
56,56
57,57
58,58
59,59
0,0
1,1
2,2
3,3
4,4
5,5
6,6
7,7
8,8
9,9
10,10
11,11
12,12
13,13
14,14
15,15
56,16
17,17
18,18
19,19
20,20
21,21
22,22
23,23
24,24
25,25
26,26
27,27
28,28
29,29
30,30
31,31
32,32
33,33
34,34
35,35
36,36
37,37
38,38
39,39
40,40
41,41
42,42
43,43
44,44
45,45
46,46
47,47
48,48
49,49
50,50
51,51
52,52
53,53
54,54
55,55
56,56
57,57
58,58
59,59
0,0
1,1
2,2
3,3
4,4
5,5
6,6
7,7
8,8
9,9
10,10
11,11
12,12
13,13
14,14
15,15
15,16
17,17
20,18
19,19
20,20
21,21
22,22
23,23
24,24
25,25
26,26
27,27
28,28
28,29
30,30
31,31
32,32
33,33
34,34
35,35
36,36
37,37
38,38
54,39
40,40
41,41
42,42
43,43
44,44
45,45
46,46
47,47
13,48
49,49
50,50
51,51
56,52
53,53
54,54
55,55
56,56
55,57
58,58
59,59
0,0
1,1
2,2
3,3
4,4
5,5
6,6
7,7
8,8
9,9
10,10
29,11
12,12
13,13
14,14
15,15
15,16
17,17
18,18
19,19
20,20
21,21
22,22
23,23
24,24
25,25
26,26
27,27
28,28
29,29
30,30
31,31
32,32
33,33
34,34
35,35
36,36
37,37
38,38
39,39
40,40
41,41
42,42
2,43
44,44
45,45
46,46
47,47
48,48
49,49
50,50
49,51
52,52
53,53
54,54
55,55
56,56
57,57
58,58
59,59
17,0
1,1
2,2
3,3
4,4
5,5
6,6
7,7
8,8
9,9
10,10
10,11
12,12
13,13
14,14
15,15
16,16
17,17
18,18
19,19
20,20
21,21
22,22
23,23
24,24
25,25
26,26
27,27
28,28
29,29
30,30
31,31
32,32
85,33
34,34
35,35
36,36
37,37
38,38
39,39
40,40
41,41
42,42
17,43
44,44
24,45
46,46
34,47
48,48
49,49
50,50
51,51
52,52
53,53
54,54
55,55
55,56
57,57
58,58
59,59
0,0
1,1
2,2
3,3
72,4
5,5
6,6
7,7
8,8
9,9
10,10
29,11
12,12
13,13
14,14
15,15
16,16
1,17
18,18
19,19
20,20
21,21
22,22
23,23
24,24
25,25
26,26
27,27
28,28
11,29
30,30
31,31
32,32
11,33
34,34
35,35
36,36
37,37
38,38
39,39
40,40
41,41
42,42
43,43
44,44
45,45
43,46
47,47
48,48
49,49
50,50
51,51
52,52
53,53
54,54
55,55
56,56
55,57
58,58
59,59
0,0
1,1
2,2
3,3
4,4
5,5
6,6
7,7
8,8
9,9
10,10
11,11
29,12
13,13
14,14
15,15
16,16
17,17
18,18
19,19
20,20
21,21
22,22
23,23
24,24
25,25
26,26
27,27
11,28
29,29
30,30
31,31
32,32
33,33
34,34
35,35
36,36
37,37
38,38
39,39
40,40
59,41
42,42
46,43
44,44
45,45
46,46
47,47
48,48
49,49
50,50
51,51
52,52
53,53
54,54
55,55
56,56
57,57
58,58
59,59
0,0
1,1
2,2
36,3
4,4
5,5
6,6
7,7
8,8
9,9
10,10
11,11
11,12
13,13
14,14
16,15
16,16
17,17
18,18
19,19
20,20
13,21
22,22
23,23
24,24
25,25
26,26
27,27
10,28
29,29
31,30
31,31
32,32
9,33
5,34
35,35
33,36
37,37
31,38
39,39
40,40
41,41
42,42
2,43
29,44
44,45
46,46
47,47
48,48
49,49
50,50
51,51
52,52
53,53
54,54
55,55
56,56
57,57
58,58
59,59
0,0
1,1
2,2
36,3
4,4
5,5
6,6
7,7
8,8
28,9
10,10
10,11
12,12
13,13
14,14
15,15
16,16
17,17
18,18
19,19
20,20
21,21
22,22
23,23
24,24
25,25
26,26
27,27
10,28
29,29
30,30
31,31
32,32
33,33
34,34
35,35
36,36
37,37
38,38
39,39
40,40
41,41
42,42
43,43
44,44
45,45
46,46
40,47
48,48
49,49
50,50
51,51
52,52
53,53
56,54
55,55
56,56
57,57
58,58
59,59
0,0
1,1
2,2
3,3
4,4
5,5
6,6
7,7
8,8
9,9
10,10
11,11
12,12
13,13
14,14
16,15
16,16
17,17
18,18
19,19
20,20
21,21
22,22
23,23
24,24
25,25
26,26
27,27
11,28
2,29
30,30
31,31
32,32
33,33
34,34
35,35
36,36
37,37
38,38
39,39
40,40
41,41
42,42
43,43
44,44
45,45
46,46
47,47
48,48
49,49
50,50
51,51
52,52
53,53
54,54
55,55
56,56
57,57
58,58
59,59
0,0
1,1
2,2
3,3
4,4
5,5
6,6
7,7
8,8
9,9
11,10
11,11
12,12
13,13
14,14
15,15
16,16
17,17
18,18
19,19
20,20
21,21
22,22
23,23
24,24
25,25
26,26
27,27
28,28
29,29
30,30
31,31
10,32
33,33
34,34
35,35
36,36
37,37
38,38
39,39
40,40
41,41
42,42
43,43
44,44
45,45
46,46
40,47
48,48
49,49
50,50
51,51
52,52
53,53
54,54
55,55
56,56
57,57
58,58
59,59
0,0
1,1
2,2
3,3
4,4
5,5
6,6
7,7
8,8
9,9
10,10
11,11
12,12
13,13
14,14
16,15
16,16
17,17
18,18
19,19
20,20
21,21
22,22
23,23
24,24
25,25
26,26
27,27
28,28
29,29
30,30
31,31
32,32
9,33
34,34
35,35
36,36
37,37
38,38
39,39
40,40
41,41
42,42
43,43
40,44
45,45
46,46
40,47
48,48
50,50
51,51
52,52
53,53
54,54
55,55
56,56
57,57
58,58
59,59
0,0
1,1
2,2
3,3
4,4
5,5
6,6
7,7
8,8
10,9
10,10
11,11
29,12
13,13
14,14
15,15
16,16
17,17
18,18
19,19
20,20
21,21
22,22
23,23
24,24
25,25
26,26
27,27
28,28
28,29
30,30
31,31
32,32
33,33
34,34
35,35
36,36
37,37
38,38
39,39
40,40
41,41
42,42
43,43
44,44
45,45
46,46
47,47
48,48
49,49
50,50
58,51
52,52
53,53
54,54
55,55
56,56
57,57
58,58
59,59
17,0
1,1
2,2
3,3
4,4
5,5
6,6
7,7
8,8
9,9
10,10
11,11
12,12
13,13
14,14
15,15
16,16
17,17
18,18
19,19
20,20
21,21
22,22
23,23
24,24
25,25
26,26
27,27
28,28
29,29
30,30
31,31
32,32
33,33
34,34
35,35
17,36
37,37
38,38
39,39
40,40
41,41
42,42
43,43
44,44
45,45
46,46
47,47
48,48
6,49
50,50
51,51
52,52
53,53
54,54
55,55
56,56
57,57
58,58
59,59
0,0
1,1
2,2
43,3
4,4
16,5
6,6
7,7
8,8
9,9
10,10
29,11
12,12
13,13
14,14
15,15
15,16
17,17
18,18
19,19
20,20
21,21
22,22
23,23
16,24
25,25
26,26
27,27
28,28
11,29
30,30
31,31
32,32
9,33
34,34
35,35
1,36
37,37
38,38
39,39
47,40
41,41
42,42
43,43
44,44
45,45
46,46
16,47
48,48
49,49
50,50
51,51
52,52
53,53
54,54
55,55
55,56
57,57
58,58
59,59
0,0
1,1
2,2
43,3
4,4
5,5
6,6
7,7
8,8
9,9
28,10
28,11
12,12
13,13
14,14
15,15
15,16
17,17
18,18
19,19
20,20
21,21
22,22
23,23
88,24
25,25
26,26
27,27
29,28
29,29
30,30
31,31
32,32
9,33
34,34
35,35
36,36
6,37
38,38
39,39
16,40
41,41
42,42
43,43
44,44
16,45
46,46
47,47
48,48
49,49
51,51
52,52
53,53
54,54
57,55
56,56
55,57
58,58
59,59
0,0
1,1
2,2
3,3
4,4
5,5
6,6
7,7
8,8
9,9
10,10
29,11
12,12
13,13
14,14
15,15
15,16
17,17
18,18
19,19
20,20
21,21
22,22
23,23
24,24
25,25
26,26
27,27
28,28
29,29
30,30
31,31
32,32
33,33
34,34
35,35
43,36
37,37
38,38
39,39
40,40
41,41
42,42
43,43
44,44
45,45
3,46
47,47
43,48
6,49
50,50
51,51
52,52
53,53
54,54
55,55
56,56
57,57
58,58
59,59
0,0
0,1
2,2
3,3
4,4
5,5
6,6
7,7
8,8
9,9
10,10
29,11
12,12
13,13
14,14
15,15
16,16
17,17
18,18
19,19
20,20
21,21
22,22
23,23
24,24
25,25
26,26
27,27
28,28
29,29
30,30
31,31
32,32
33,33
34,34
35,35
43,36
37,37
38,38
39,39
43,40
41,41
42,42
43,43
44,44
45,45
46,46
47,47
48,48
49,49
23,50
51,51
52,52
53,53
54,54
55,55
56,56
57,57
58,58
59,59
0,0
1,1
2,2
3,3
4,4
5,5
6,6
7,7
8,8
9,9
10,10
11,11
12,12
13,13
14,14
15,15
15,16
17,17
18,18
19,19
20,20
21,21
22,22
23,23
24,24
25,25
26,26
27,27
28,28
10,29
30,30
30,31
32,32
33,33
34,34
35,35
36,36
37,37
38,38
39,39
1,40
41,41
42,42
43,43
44,44
45,45
46,46
47,47
48,48
49,49
23,50
51,51
52,52
53,53
54,54
55,55
56,56
57,57
58,58
59,59
0,0
1,1
2,2
3,3
4,4
5,5
6,6
7,7
8,8
9,9
10,10
11,11
12,12
13,13
14,14
15,15
15,16
17,17
18,18
19,19
20,20
21,21
22,22
23,23
24,24
25,25
26,26
27,27
28,28
29,29
30,30
31,31
32,32
9,33
34,34
35,35
36,36
37,37
38,38
39,39
40,40
91,41
42,42
19,43
44,44
45,45
46,46
47,47
48,48
49,49
50,50
51,51
52,52
53,53
54,54
55,55
56,56
57,57
58,58
59,59
0,0
1,1
2,2
3,3
4,4
5,5
6,6
7,7
8,8
9,9
10,10
11,11
12,12
13,13
14,14
15,15
16,16
17,17
18,18
19,19
20,20
21,21
22,22
23,23
24,24
25,25
26,26
27,27
28,28
29,29
31,30
10,31
32,32
33,33
34,34
35,35
36,36
37,37
38,38
39,39
40,40
41,41
42,42
43,43
44,44
45,45
46,46
47,47
48,48
52,52
53,53
54,54
55,55
55,56
57,57
58,58
59,59
0,0
1,1
2,2
3,3
4,4
5,5
6,6
7,7
8,8
9,9
10,10
15,11
12,12
13,13
14,14
15,15
16,16
17,17
18,18
19,19
20,20
21,21
22,22
23,23
24,24
25,25
26,26
27,27
28,28
29,29
30,30
31,31
76,32
33,33
34,34
35,35
36,36
37,37
38,38
39,39
40,40
41,41
42,42
43,43
44,44
45,45
46,46
47,47
48,48
49,49
50,50
51,51
52,52
53,53
54,54
55,55
56,56
57,57
58,58
59,59
0,0
1,1
2,2
3,3
27,4
5,5
6,6
7,7
8,8
9,9
32,10
10,11
12,12
13,13
14,14
15,15
16,16
17,17
18,18
19,19
20,20
21,21
9,22
23,23
24,24
25,25
26,26
27,27
28,28
29,29
30,30
31,31
32,32
33,33
34,34
35,35
36,36
37,37
38,38
39,39
1,40
41,41
42,42
43,43
24,44
45,45
46,46
47,47
48,48
22,49
4,50
51,51
22,52
37,53
54,54
4,55
24,56
57,57
58,58
59,59
0,0
27,1
2,2
3,3
4,4
5,5
6,6
7,7
8,8
9,9
28,10
11,11
12,12
13,13
14,14
15,15
16,16
17,17
18,18
19,19
20,20
21,21
48,22
23,23
24,24
25,25
26,26
27,27
9,28
28,29
57,30
31,31
39,32
9,33
34,34
35,35
36,36
37,37
38,38
39,39
40,40
41,41
42,42
43,43
35,44
45,45
46,46
34,47
48,48
49,49
50,50
51,51
52,52
53,53
54,54
55,55
56,56
57,57
58,58
59,59
0,0
17,1
2,2
3,3
4,4
5,5
6,6
7,7
8,8
9,9
10,10
11,11
12,12
6,13
14,14
16,15
16,16
17,17
18,18
19,19
20,20
21,21
30,22
23,23
24,24
25,25
26,26
27,27
28,28
29,29
30,30
30,31
32,32
33,33
34,34
35,35
36,36
37,37
38,38
39,39
40,40
41,41
42,42
43,43
44,44
24,45
36,46
47,47
48,48
49,49
50,50
51,51
52,52
53,53
54,54
55,55
56,56
57,57
58,58
59,59
0,0
1,1
2,2
3,3
4,4
5,5
6,6
7,7
8,8
9,9
10,10
29,11
12,12
13,13
13,14
15,15
16,16
17,17
18,18
19,19
20,20
21,21
22,22
23,23
24,24
25,25
26,26
27,27
28,28
29,29
30,30
17,31
32,32
33,33
34,34
35,35
36,36
37,37
38,38
39,39
40,40
41,41
42,42
43,43
44,44
45,45
46,46
47,47
48,48
49,49
50,50
51,51
52,52
53,53
54,54
55,55
56,56
57,57
58,58
59,59
0,0
1,1
2,2
3,3
4,4
5,5
6,6
7,7
8,8
9,9
10,10
29,11
12,12
13,13
14,14
15,15
36,16
19,17
20,18
19,19
20,20
21,21
22,22
23,23
24,24
25,25
26,26
27,27
27,28
29,29
30,30
31,31
32,32
12,33
47,34
35,35
36,36
37,37
38,38
39,39
40,40
41,41
42,42
43,43
44,44
45,45
46,46
47,47
10,48
6,49
23,50
52,51
52,52
53,53
54,54
55,55
56,56
57,57
58,58
59,59
1,0
1,1
2,2
46,3
4,4
5,5
6,6
8,8
9,9
2,10
29,11
12,12
13,13
14,14
15,15
15,16
17,17
18,18
19,19
20,20
21,21
22,22
23,23
24,24
25,25
26,26
27,27
28,28
29,29
30,30
31,31
32,32
33,33
34,34
35,35
36,36
37,37
38,38
39,39
40,40
41,41
42,42
2,43
44,44
45,45
46,46
47,47
48,48
49,49
101,50
51,51
52,52
53,53
54,54
55,55
56,56
57,57
58,58
59,59
0,0
1,1
2,2
3,3
4,4
5,5
6,6
7,7
8,8
9,9
28,10
10,11
12,12
13,13
14,14
15,15
16,16
17,17
1,18
19,19
20,20
21,21
12,22
23,23
24,24
25,25
26,26
27,27
10,28
11,29
30,30
31,31
32,32
12,33
34,34
35,35
18,36
37,37
38,38
39,39
40,40
41,41
42,42
17,43
44,44
45,45
46,46
34,47
48,48
49,49
50,50
51,51
52,52
53,53
54,54
55,55
56,56
57,57
58,58
59,59
0,0
1,1
2,2
3,3
10,4
5,5
6,6
7,7
8,8
9,9
43,10
28,11
12,12
13,13
14,14
15,15
16,16
1,17
18,18
19,19
20,20
21,21
22,22
23,23
24,24
25,25
26,26
27,27
28,28
29,29
30,30
31,31
32,32
9,33
34,34
35,35
36,36
37,37
38,38
39,39
40,40
41,41
42,42
43,43
47,44
24,45
46,46
47,47
48,48
49,49
50,50
51,51
52,52
53,53
55,55
55,56
57,57
58,58
59,59
0,0
1,1
46,2
3,3
53,4
5,5
6,6
7,7
8,8
9,9
10,10
29,11
12,12
13,13
14,14
15,15
15,16
17,17
18,18
19,19
20,20
21,21
22,22
23,23
24,24
25,25
26,26
24,27
28,28
29,29
30,30
31,31
57,32
9,33
16,34
56,35
36,36
37,37
38,38
36,39
40,40
59,41
42,42
43,43
44,44
45,45
46,46
47,47
48,48
49,49
50,50
51,51
52,52
53,53
54,54
55,55
56,56
57,57
58,58
59,59
0,0
1,1
2,2
36,3
4,4
5,5
6,6
7,7
8,8
9,9
10,10
29,11
0,12
13,13
14,14
16,15
16,16
17,17
18,18
19,19
20,20
21,21
22,22
23,23
24,24
25,25
26,26
27,27
29,28
29,29
30,30
31,31
32,32
84,33
34,34
35,35
33,36
37,37
36,38
39,39
40,40
41,41
42,42
43,43
44,44
45,45
46,46
47,47
48,48
49,49
50,50
51,51
52,52
53,53
54,54
55,55
56,56
57,57
58,58
59,59
0,0
1,1
2,2
3,3
4,4
5,5
6,6
7,7
8,8
11,9
10,10
10,11
12,12
13,13
14,14
15,15
16,16
17,17
18,18
19,19
20,20
21,21
22,22
23,23
24,24
25,25
26,26
27,27
73,28
29,29
30,30
31,31
9,32
33,33
40,34
35,35
36,36
19,37
38,38
39,39
40,40
41,41
42,42
43,43
44,44
45,45
46,46
40,47
48,48
49,49
50,50
51,51
52,52
53,53
54,54
55,55
56,56
57,57
58,58
59,59
0,0
1,1
2,2
3,3
4,4
5,5
6,6
7,7
8,8
9,9
10,10
11,11
12,12
13,13
14,14
15,15
16,16
17,17
18,18
19,19
20,20
21,21
22,22
23,23
24,24
25,25
26,26
27,27
11,28
29,29
30,30
31,31
32,32
33,33
34,34
35,35
36,36
37,37
38,38
39,39
40,40
41,41
42,42
36,43
44,44
45,45
46,46
47,47
48,48
49,49
50,50
49,51
52,52
53,53
54,54
55,55
56,56
57,57
58,58
59,59
0,0
1,1
2,2
3,3
4,4
5,5
6,6
7,7
8,8
9,9
10,10
28,11
12,12
13,13
14,14
16,15
16,16
17,17
0,18
19,19
20,20
21,21
21,22
23,23
24,24
25,25
26,26
27,27
28,28
29,29
30,30
31,31
12,32
33,33
40,34
35,35
36,36
37,37
38,38
39,39
1,40
41,41
42,42
43,43
44,44
45,45
46,46
40,47
48,48
49,49
23,50
55,51
52,52
53,53
54,54
55,55
56,56
57,57
58,58
59,59
0,0
1,1
2,2
3,3
4,4
5,5
6,6
7,7
8,8
9,9
10,10
11,11
12,12
13,13
14,14
16,15
16,16
17,17
18,18
19,19
20,20
21,21
22,22
23,23
24,24
25,25
26,26
27,27
28,28
29,29
30,30
31,31
32,32
9,33
34,34
35,35
36,36
37,37
38,38
39,39
4,40
41,41
42,42
36,43
44,44
24,45
46,46
40,47
48,48
49,49
50,50
51,51
52,52
53,53
54,54
55,55
56,56
57,57
58,58
59,59
0,0
1,1
2,2
3,3
4,4
5,5
6,6
7,7
8,8
29,9
29,10
10,11
11,12
13,13
14,14
15,15
16,16
17,17
18,18
19,19
20,20
21,21
22,22
23,23
24,24
25,25
26,26
27,27
28,28
28,29
30,30
31,31
28,32
33,33
34,34
35,35
36,36
37,37
38,38
39,39
40,40
41,41
42,42
43,43
44,44
45,45
3,46
47,47
48,48
49,49
23,50
51,51
52,52
53,53
49,54
55,55
56,56
57,57
58,58
59,59
0,0
1,1
2,2
3,3
4,4
5,5
6,6
7,7
8,8
9,9
10,10
11,11
12,12
13,13
14,14
15,15
16,16
17,17
18,18
19,19
20,20
21,21
22,22
23,23
24,24
25,25
26,26
27,27
10,28
29,29
30,30
31,31
32,32
33,33
34,34
35,35
36,36
37,37
38,38
39,39
40,40
41,41
42,42
43,43
44,44
45,45
46,46
40,47
48,48
52,49
23,50
51,51
52,52
30,53
54,54
55,55
56,56
57,57
58,58
59,59
27,0
1,1
2,2
3,3
4,4
5,5
6,6
7,7
8,8
9,9
10,10
10,11
12,12
13,13
14,14
15,15
16,16
17,17
18,18
19,19
20,20
21,21
22,22
23,23
24,24
25,25
26,26
27,27
28,28
29,29
30,30
31,31
30,32
10,33
34,34
35,35
11,36
22,37
78,38
39,39
1,40
41,41
42,42
2,43
44,44
45,45
43,46
34,47
48,48
49,49
50,50
51,51
52,52
53,53
54,54
55,55
56,56
57,57
58,58
59,59
0,0
1,1
2,2
43,3
4,4
5,5
6,6
7,7
8,8
9,9
11,10
11,11
12,12
13,13
14,14
15,15
15,16
17,17
18,18
19,19
20,20
21,21
22,22
23,23
88,24
25,25
26,26
27,27
11,28
29,29
30,30
31,31
32,32
9,33
34,34
35,35
36,36
62,37
38,38
39,39
40,40
41,41
42,42
43,43
44,44
45,45
46,46
47,47
48,48
49,49
50,50
51,51
52,52
53,53
54,54
55,55
56,56
55,57
58,58
59,59
0,0
18,1
2,2
36,3
18,4
5,5
6,6
12,12
13,13
14,14
15,15
16,16
36,17
18,18
19,19
20,20
21,21
22,22
23,23
24,24
45,25
26,26
27,27
11,28
29,29
30,30
31,31
31,32
33,33
34,34
35,35
43,36
32,37
38,38
39,39
47,40
41,41
42,42
43,43
44,44
45,45
46,46
46,47
2,48
53,50
51,51
52,52
53,53
54,54
55,55
56,56
57,57
58,58
59,59
0,0
2,1
2,2
3,3
4,4
5,5
6,6
7,7
8,8
9,9
11,10
29,11
12,12
13,13
14,14
15,15
16,16
17,17
18,18
19,19
20,20
21,21
22,22
23,23
24,24
25,25
26,26
27,27
28,28
29,29
30,30
31,31
32,32
33,33
34,34
35,35
40,36
37,37
38,38
39,39
36,40
41,41
42,42
43,43
44,44
45,45
46,46
47,47
3,48
49,49
50,50
51,51
52,52
53,53
54,54
55,55
56,56
57,57
58,58
59,59
0,0
37,1
2,2
3,3
6,4
5,5
6,6
7,7
8,8
9,9
10,11
13,13
14,14
15,15
16,16
17,17
18,18
19,19
20,20
21,21
22,22
23,23
24,24
25,25
26,26
27,27
28,28
28,29
30,30
30,31
32,32
33,33
5,34
29,35
36,36
37,37
38,38
39,39
78,40
41,41
42,42
43,43
44,44
45,45
46,46
47,47
48,48
49,49
50,50
51,51
52,52
53,53
54,54
55,55
56,56
57,57
58,58
59,59
0,0
1,1
2,2
3,3
4,4
5,5
6,6
7,7
8,8
38,9
10,10
11,11
12,12
13,13
14,14
15,15
15,16
17,17
18,18
19,19
20,20
21,21
22,22
23,23
24,24
25,25
26,26
27,27
28,28
9,29
30,30
31,31
32,32
9,33
34,34
35,35
36,36
37,37
38,38
39,39
40,40
41,41
42,42
43,43
47,44
45,45
46,46
47,47
48,48
49,49
50,50
51,51
52,52
53,53
54,54
55,55
56,56
57,57
58,58
59,59
0,0
1,1
2,2
10,3
4,4
5,5
6,6
7,7
8,8
33,9
10,10
11,11
10,12
13,13
14,14
16,15
16,16
17,17
18,18
19,19
20,20
21,21
22,22
23,23
24,24
25,25
26,26
27,27
28,28
29,29
94,30
31,31
32,32
33,33
34,34
36,35
36,36
46,37
38,38
39,39
38,40
41,41
42,42
43,43
44,44
45,45
46,46
47,47
48,48
49,49
50,50
51,51
56,52
53,53
54,54
55,55
55,56
57,57
58,58
59,59
0,0
1,1
2,2
3,3
4,4
5,5
6,6
7,7
8,8
9,9
10,10
11,11
12,12
13,13
14,14
15,15
15,16
17,17
18,18
19,19
20,20
21,21
22,22
23,23
24,24
25,25
26,26
27,27
28,28
29,29
30,30
32,31
32,32
33,33
34,34
35,35
36,36
37,37
38,38
39,39
40,40
41,41
42,42
43,43
44,44
45,45
27,46
47,47
48,48
49,49
50,50
51,51
52,52
53,53
55,55
55,56
57,57
58,58
59,59
0,0
1,1
2,2
3,3
4,4
5,5
6,6
7,7
8,8
9,9
11,10
11,11
12,12
13,13
14,14
15,15
16,16
17,17
18,18
19,19
20,20
21,21
9,22
23,23
24,24
25,25
26,26
27,27
28,28
29,29
68,30
31,31
32,32
33,33
34,34
35,35
36,36
37,37
38,38
39,39
40,40
41,41
42,42
43,43
44,44
45,45
46,46
34,47
48,48
49,49
50,50
51,51
52,52
53,53
54,54
55,55
56,56
57,57
58,58
59,59
36,0
11,1
46,2
3,3
4,4
5,5
6,6
7,7
8,8
39,9
28,10
11,11
12,12
13,13
3,14
15,15
15,16
18,17
3,18
19,19
20,20
3,21
33,22
23,23
24,24
25,25
26,26
27,27
11,28
24,29
30,30
31,31
31,32
33,33
34,34
36,35
57,36
37,37
38,38
39,39
40,40
41,41
42,42
3,43
56,44
45,45
46,46
34,47
48,48
49,49
50,50
51,51
55,52
53,53
54,54
55,55
56,56
57,57
58,58
59,59
0,0
2,2
4,4
5,5
6,6
7,7
8,8
1,9
10,10
10,11
12,12
13,13
14,14
16,15
16,16
17,17
18,18
19,19
20,20
21,21
22,22
23,23
24,24
25,25
26,26
27,27
28,28
29,29
30,30
31,31
32,32
33,33
34,34
35,35
36,36
37,37
38,38
39,39
40,40
41,41
42,42
43,43
44,44
45,45
46,46
47,47
48,48
49,49
50,50
51,51
52,52
53,53
54,54
55,55
56,56
57,57
58,58
59,59
0,0
1,1
0,2
3,3
4,4
5,5
6,6
7,7
8,8
9,9
10,10
11,11
12,12
13,13
14,14
15,15
15,16
17,17
18,18
19,19
20,20
21,21
22,22
23,23
24,24
25,25
26,26
27,27
28,28
28,29
30,30
31,31
32,32
33,33
34,34
35,35
36,36
37,37
38,38
39,39
40,40
41,41
42,42
43,43
44,44
45,45
46,46
47,47
48,48
49,49
50,50
51,51
52,52
53,53
54,54
55,55
56,56
57,57
58,58
59,59
0,0
1,1
2,2
3,3
4,4
5,5
6,6
7,7
8,8
9,9
12,10
29,11
12,12
13,13
14,14
15,15
47,16
60,17
61,18
19,19
20,20
21,21
22,22
23,23
24,24
25,25
26,26
27,27
28,28
29,29
30,30
31,31
32,32
33,33
34,34
35,35
36,36
37,37
38,38
39,39
40,40
41,41
42,42
43,43
44,44
45,45
46,46
47,47
48,48
49,49
50,50
51,51
52,52
53,53
54,54
55,55
56,56
57,57
58,58
59,59
0,0
1,1
2,2
3,3
4,4
5,5
6,6
7,7
8,8
9,9
72,10
90,11
12,12
13,13
14,14
15,15
15,16
19,17
18,18
19,19
20,20
21,21
22,22
23,23
24,24
25,25
26,26
27,27
28,28
1,29
30,30
31,31
32,32
33,33
34,34
35,35
36,36
37,37
38,38
39,39
40,40
41,41
42,42
2,43
44,44
45,45
46,46
47,47
48,48
49,49
50,50
51,51
52,52
53,53
54,54
55,55
56,56
57,57
58,58
59,59
0,0
1,1
2,2
9,3
4,4
5,5
6,6
7,7
8,8
9,9
10,10
10,11
12,12
13,13
14,14
15,15
16,16
17,17
18,18
19,19
20,20
21,21
22,22
23,23
24,24
25,25
26,26
27,27
28,28
29,29
30,30
31,31
32,32
33,33
34,34
35,35
36,36
37,37
38,38
39,39
40,40
41,41
42,42
43,43
44,44
45,45
46,46
47,47
48,48
49,49
50,50
51,51
52,52
53,53
54,54
55,55
56,56
57,57
58,58
59,59
0,0
29,1
2,2
3,3
32,4
5,5
6,6
7,7
8,8
12,9
10,10
33,11
12,12
13,13
14,14
15,15
16,16
17,17
18,18
19,19
20,20
21,21
36,22
23,23
24,24
25,25
26,26
27,27
28,28
10,29
30,30
31,31
32,32
18,33
34,34
22,35
36,36
37,37
38,38
39,39
40,40
41,41
42,42
43,43
44,44
87,45
46,46
47,47
48,48
49,49
50,50
51,51
52,52
53,53
54,54
55,55
52,56
57,57
58,58
59,59
0,0
1,1
2,2
3,3
4,4
5,5
6,6
7,7
8,8
48,9
10,10
11,11
24,12
13,13
14,14
5,15
5,16
17,17
1,18
19,19
20,20
21,21
22,22
23,23
24,24
25,25
26,26
27,27
10,28
11,29
30,30
31,31
32,32
33,33
34,34
35,35
36,36
37,37
38,38
116,39
40,40
41,41
42,42
43,43
44,44
45,45
46,46
47,47
48,48
49,49
50,50
51,51
52,52
53,53
54,54
55,55
56,56
57,57
58,58
59,59
0,0
1,1
2,2
36,3
4,4
5,5
6,6
7,7
8,8
84,9
11,10
10,11
10,12
13,13
14,14
15,15
16,16
84,17
1,18
19,19
20,20
8,21
31,22
23,23
57,24
25,25
26,26
27,27
29,28
29,29
31,30
31,31
32,32
9,33
34,34
3,35
36,36
37,37
39,38
62,39
36,40
41,41
42,42
43,43
3,44
45,45
3,46
16,47
48,48
49,49
50,50
51,51
52,52
53,53
54,54
55,55
56,56
53,57
58,58
59,59
0,0
1,1
2,2
36,3
4,4
5,5
6,6
7,7
8,8
9,9
10,10
11,11
12,12
13,13
14,14
15,15
15,16
17,17
18,18
19,19
20,20
21,21
22,22
23,23
24,24
25,25
26,26
27,27
73,28
11,29
30,30
31,31
32,32
33,33
34,34
35,35
36,36
37,37
38,38
39,39
40,40
41,41
42,42
43,43
44,44
45,45
46,46
40,47
48,48
49,49
50,50
51,51
52,52
53,53
54,54
55,55
56,56
57,57
58,58
59,59
1,0
1,1
2,2
3,3
4,4
5,5
6,6
7,7
8,8
9,9
11,10
11,11
12,12
13,13
14,14
15,15
16,16
17,17
1,18
19,19
20,20
21,21
22,22
23,23
24,24
25,25
26,26
27,27
28,28
29,29
64,30
31,31
32,32
33,33
34,34
37,35
36,36
22,37
38,38
39,39
24,40
41,41
42,42
36,43
24,44
57,45
46,46
47,47
48,48
49,49
50,50
49,51
52,52
53,53
54,54
55,55
56,56
57,57
58,58
58,59
27,0
1,1
2,2
3,3
4,4
5,5
6,6
7,7
8,8
9,9
10,10
11,11
12,12
13,13
14,14
16,15
16,16
17,17
18,18
19,19
20,20
21,21
22,22
23,23
24,24
25,25
26,26
27,27
28,28
29,29
30,30
31,31
32,32
9,33
34,34
35,35
36,36
37,37
38,38
39,39
18,40
41,41
42,42
43,43
44,44
45,45
46,46
40,47
48,48
53,49
50,50
51,51
53,52
53,53
54,54
55,55
56,56
57,57
58,58
59,59
0,0
1,1
2,2
3,3
35,4
5,5
6,6
7,7
8,8
9,9
10,10
11,11
12,12
13,13
14,14
15,15
15,16
17,17
1,18
11,19
20,20
21,21
22,22
23,23
24,24
25,25
26,26
27,27
11,28
11,29
30,30
31,31
28,32
33,33
40,34
35,35
36,36
37,37
38,38
39,39
40,40
41,41
42,42
43,43
44,44
35,45
43,46
40,47
48,48
49,49
50,50
51,51
52,52
53,53
54,54
55,55
56,56
57,57
58,58
59,59
0,0
1,1
2,2
3,3
4,4
5,5
6,6
7,7
8,8
9,9
29,10
11,11
29,12
13,13
14,14
15,15
16,16
17,17
18,18
19,19
20,20
21,21
22,22
23,23
24,24
25,25
26,26
27,27
28,28
29,29
30,30
31,31
32,32
33,33
34,34
35,35
36,36
37,37
38,38
39,39
40,40
41,41
42,42
43,43
47,44
45,45
46,46
47,47
48,48
53,49
53,50
51,51
52,52
53,53
54,54
55,55
56,56
57,57
58,58
0,0
1,1
18,2
3,3
4,4
5,5
6,6
7,7
8,8
9,9
72,10
74,11
12,12
13,13
14,14
15,15
16,16
17,17
18,18
19,19
20,20
21,21
22,22
23,23
24,24
25,25
26,26
27,27
28,28
29,29
30,30
31,31
24,32
33,33
34,34
22,35
10,36
37,37
38,38
39,39
40,40
41,41
42,42
43,43
47,44
23,45
46,46
47,47
48,48
50,49
50,50
51,51
52,52
53,53
54,54
55,55
56,56
57,57
58,58
59,59
17,0
1,1
2,2
43,3
4,4
5,5
6,6
7,7
8,8
9,9
10,10
11,11
12,12
13,13
14,14
15,15
16,16
17,17
18,18
19,19
20,20
21,21
22,22
23,23
24,24
25,25
26,26
27,27
10,28
29,29
30,30
31,31
32,32
9,33
34,34
35,35
36,36
37,37
38,38
39,39
40,40
41,41
42,42
43,43
44,44
45,45
46,46
47,47
48,48
49,49
50,50
51,51
52,52
53,53
54,54
55,55
56,56
57,57
59,58
59,59
0,0
1,1
22,2
36,3
16,4
5,5
6,6
7,7
8,8
9,9
29,10
29,11
12,12
13,13
14,14
15,15
16,16
17,17
18,18
19,19
20,20
21,21
22,22
23,23
24,24
25,25
26,26
27,27
28,28
29,29
30,30
31,31
32,32
90,33
34,34
35,35
36,36
6,37
38,38
39,39
16,40
91,41
42,42
43,43
44,44
45,45
46,46
34,47
2,48
49,49
50,50
51,51
52,52
53,53
54,54
55,55
56,56
57,57
58,58
59,59
0,0
1,1
2,2
3,3
4,4
5,5
6,6
7,7
8,8
9,9
10,10
29,11
12,12
13,13
14,14
15,15
16,16
17,17
18,18
19,19
20,20
21,21
22,22
23,23
24,24
25,25
26,26
27,27
28,28
29,29
30,30
31,31
32,32
33,33
34,34
35,35
43,36
37,37
38,38
39,39
40,40
41,41
42,42
43,43
44,44
45,45
46,46
47,47
48,48
49,49
50,50
51,51
52,52
53,53
54,54
55,55
56,56
57,57
58,58
59,59
0,0
3,1
2,2
3,3
4,4
5,5
6,6
7,7
8,8
9,9
29,10
29,11
12,12
13,13
14,14
15,15
16,16
17,17
40,18
19,19
20,20
21,21
22,22
23,23
27,24
25,25
26,26
27,27
28,28
11,29
30,30
31,31
32,32
33,33
34,34
49,35
38,36
37,37
38,38
39,39
40,40
41,41
42,42
43,43
44,44
45,45
46,46
47,47
19,48
49,49
50,50
51,51
53,52
53,53
54,54
55,55
56,56
57,57
58,58
59,59
0,0
1,1
2,2
3,3
4,4
5,5
6,6
7,7
8,8
9,9
81,10
11,11
12,12
13,13
14,14
15,15
16,16
17,17
18,18
19,19
20,20
21,21
22,22
23,23
24,24
25,25
26,26
27,27
28,28
28,29
71,30
31,31
32,32
33,33
34,34
35,35
36,36
37,37
38,38
39,39
66,40
41,41
42,42
43,43
44,44
45,45
46,46
47,47
48,48
49,49
50,50
51,51
52,52
53,53
54,54
55,55
56,56
57,57
58,58
59,59
13,13
14,14
15,15
15,16
17,17
18,18
19,19
20,20
21,21
22,22
23,23
24,24
25,25
26,26
27,27
28,28
29,29
30,30
31,31
32,32
33,33
34,34
35,35
36,36
37,37
38,38
39,39
40,40
41,41
42,42
43,43
44,44
45,45
46,46
47,47
48,48
49,49
50,50
51,51
52,52
53,53
54,54
55,55
56,56
57,57
58,58
59,59
0,0
1,1
2,2
29,3
4,4
5,5
6,6
7,7
8,8
9,9
10,10
28,11
12,12
13,13
14,14
16,15
16,16
17,17
18,18
19,19
20,20
21,21
22,22
23,23
24,24
25,25
26,26
27,27
28,28
29,29
31,30
31,31
32,32
33,33
34,34
35,35
36,36
37,37
38,38
39,39
40,40
41,41
42,42
43,43
44,44
45,45
46,46
47,47
48,48
49,49
23,50
30,51
52,52
53,53
54,54
55,55
55,56
57,57
58,58
59,59
0,0
1,1
3,2
3,3
4,4
5,5
6,6
7,7
8,8
9,9
10,10
11,11
12,12
14,13
14,14
16,15
15,16
2,17
18,18
19,19
20,20
21,21
22,22
23,23
14,24
41,25
26,26
36,27
28,28
11,29
68,30
31,31
74,32
33,33
34,34
35,35
36,36
30,37
38,38
39,39
34,40
41,41
42,42
3,43
44,44
45,45
46,46
47,47
48,48
49,49
50,50
51,51
56,52
53,53
54,54
55,55
55,56
57,57
58,58
59,59
0,0
36,1
2,2
3,3
4,4
5,5
6,6
7,7
8,8
9,9
10,10
29,11
12,12
13,13
14,14
15,15
16,16
17,17
18,18
19,19
20,20
21,21
22,22
23,23
24,24
25,25
26,26
27,27
28,28
29,29
30,30
31,31
32,32
33,33
34,34
35,35
36,36
37,37
38,38
39,39
40,40
41,41
42,42
43,43
44,44
45,45
46,46
47,47
48,48
53,49
50,50
51,51
52,52
53,53
54,54
55,55
56,56
57,57
58,58
59,59
0,0
1,1
2,2
3,3
4,4
5,5
6,6
7,7
8,8
9,9
10,10
29,11
12,12
13,13
14,14
15,15
16,16
17,17
18,18
19,19
20,20
21,21
22,22
23,23
45,24
25,25
26,26
27,27
28,28
29,29
22,30
31,31
32,32
33,33
34,34
35,35
36,36
37,37
38,38
39,39
40,40
41,41
42,42
43,43
45,44
45,45
46,46
47,47
48,48
51,49
50,50
51,51
52,52
53,53
54,54
55,55
56,56
57,57
58,58
59,59
0,0
1,1
2,2
3,3
4,4
5,5
6,6
7,7
8,8
9,9
10,10
74,11
12,12
13,13
14,14
15,15
16,16
17,17
18,18
19,19
20,20
21,21
22,22
23,23
24,24
25,25
26,26
84,27
75,28
29,29
31,30
31,31
32,32
33,33
34,34
35,35
36,36
37,37
38,38
39,39
40,40
41,41
42,42
43,43
44,44
45,45
46,46
47,47
48,48
49,49
50,50
51,51
52,52
53,53
54,54
55,55
56,56
57,57
58,58
59,59
0,0
1,1
2,2
3,3
4,4
5,5
6,6
7,7
8,8
9,9
10,10
29,11
12,12
13,13
14,14
15,15
16,16
17,17
18,18
19,19
20,20
21,21
9,22
23,23
24,24
25,25
26,26
84,27
10,28
29,29
30,30
31,31
32,32
33,33
34,34
35,35
36,36
37,37
38,38
39,39
40,40
41,41
42,42
43,43
45,44
45,45
46,46
47,47
10,48
49,49
50,50
51,51
52,52
53,53
54,54
55,55
49,56
57,57
58,58
59,59
0,0
1,1
2,2
3,3
82,4
5,5
6,6
7,7
8,8
9,9
10,10
11,11
12,12
13,13
14,14
15,15
16,16
17,17
18,18
19,19
20,20
21,21
22,22
23,23
24,24
25,25
26,26
27,27
28,28
29,29
30,30
31,31
30,32
9,33
34,34
35,35
36,36
37,37
38,38
39,39
47,40
41,41
42,42
37,43
44,44
45,45
27,46
47,47
48,48
49,49
50,50
51,51
52,52
53,53
54,54
55,55
57,56
57,57
58,58
59,59
0,0
1,1
1,2
3,3
4,4
5,5
6,6
7,7
8,8
9,9
10,10
10,11
12,12
13,13
14,14
15,15
16,16
17,17
1,18
19,19
20,20
21,21
64,22
23,23
24,24
25,25
26,26
27,27
28,28
28,29
30,30
31,31
32,32
33,33
34,34
35,35
36,36
37,37
38,38
39,39
40,40
41,41
42,42
43,43
44,44
45,45
46,46
47,47
3,48
49,49
50,50
51,51
52,52
53,53
54,54
55,55
56,56
57,57
58,58
59,59
0,0
1,1
2,2
46,3
4,4
5,5
6,6
7,7
8,8
9,9
10,10
10,11
12,12
13,13
14,14
15,15
15,16
17,17
18,18
19,19
20,20
21,21
22,22
23,23
24,24
25,25
26,26
27,27
28,28
29,29
30,30
31,31
32,32
33,33
34,34
35,35
36,36
37,37
38,38
39,39
40,40
41,41
42,42
43,43
44,44
45,45
46,46
47,47
48,48
49,49
50,50
51,51
52,52
53,53
54,54
55,55
56,56
57,57
58,58
59,59
0,0
18,1
2,2
3,3
4,4
5,5
6,6
7,7
8,8
9,9
10,10
11,11
12,12
13,13
14,14
15,15
16,16
17,17
18,18
19,19
20,20
21,21
22,22
23,23
24,24
25,25
26,26
27,27
28,28
11,29
30,30
31,31
32,32
33,33
34,34
35,35
36,36
37,37
38,38
39,39
40,40
41,41
42,42
43,43
44,44
45,45
46,46
47,47
48,48
49,49
50,50
51,51
52,52
53,53
54,54
55,55
56,56
57,57
58,58
59,59
0,0
1,1
2,2
3,3
4,4
5,5
6,6
7,7
8,8
9,9
10,10
10,11
12,12
13,13
14,14
15,15
16,16
17,17
18,18
19,19
20,20
21,21
22,22
23,23
24,24
25,25
26,26
27,27
83,28
29,29
30,30
31,31
32,32
33,33
34,34
35,35
36,36
37,37
38,38
39,39
40,40
41,41
42,42
43,43
44,44
45,45
46,46
47,47
48,48
49,49
50,50
51,51
52,52
53,53
54,54
55,55
56,56
57,57
58,58
59,59
0,0
1,1
2,2
3,3
4,4
5,5
6,6
7,7
8,8
9,9
10,10
11,11
12,12
13,13
14,14
15,15
16,16
17,17
18,18
19,19
20,20
21,21
22,22
23,23
24,24
25,25
26,26
27,27
28,28
11,29
30,30
31,31
32,32
33,33
34,34
35,35
36,36
37,37
38,38
39,39
40,40
41,41
42,42
43,43
44,44
45,45
46,46
47,47
48,48
49,49
50,50
51,51
52,52
53,53
54,54
55,55
56,56
57,57
58,58
59,59
0,0
1,1
2,2
3,3
4,4
5,5
6,6
7,7
8,8
9,9
10,10
11,11
12,12
13,13
14,14
15,15
15,16
17,17
18,18
19,19
20,20
21,21
22,22
23,23
24,24
25,25
26,26
27,27
28,28
29,29
30,30
31,31
32,32
33,33
34,34
35,35
36,36
37,37
38,38
39,39
40,40
41,41
42,42
43,43
44,44
45,45
46,46
47,47
48,48
49,49
50,50
51,51
52,52
53,53
54,54
55,55
56,56
57,57
58,58
59,59
17,0
1,1
2,2
3,3
4,4
5,5
6,6
7,7
8,8
9,9
11,10
11,11
12,12
13,13
14,14
15,15
16,16
17,17
18,18
19,19
20,20
21,21
22,22
23,23
24,24
25,25
26,26
27,27
28,28
29,29
30,30
55,31
32,32
33,33
34,34
35,35
43,36
37,37
38,38
39,39
40,40
41,41
42,42
43,43
44,44
45,45
46,46
47,47
48,48
49,49
50,50
51,51
52,52
53,53
54,54
55,55
56,56
57,57
58,58
59,59
0,0
1,1
2,2
3,3
4,4
5,5
6,6
7,7
8,8
9,9
11,10
11,11
12,12
13,13
14,14
15,15
16,16
17,17
18,18
19,19
20,20
21,21
22,22
23,23
24,24
25,25
26,26
27,27
28,28
29,29
31,30
31,31
32,32
33,33
34,34
35,35
36,36
37,37
38,38
39,39
40,40
41,41
42,42
43,43
44,44
45,45
46,46
47,47
48,48
49,49
50,50
51,51
52,52
53,53
54,54
55,55
56,56
57,57
58,58
59,59
0,0
1,1
2,2
3,3
4,4
5,5
6,6
7,7
8,8
9,9
10,10
11,11
12,12
13,13
14,14
15,15
16,16
17,17
18,18
19,19
20,20
21,21
22,22
101,23
24,24
25,25
26,26
27,27
28,28
11,29
30,30
31,31
32,32
33,33
34,34
35,35
36,36
37,37
38,38
39,39
40,40
41,41
42,42
43,43
47,44
45,45
46,46
47,47
48,48
49,49
50,50
51,51
52,52
53,53
54,54
55,55
56,56
57,57
58,58
59,59
36,1
3,3
4,4
5,5
6,6
7,7
8,8
9,9
10,10
29,11
12,12
14,14
15,15
16,16
17,17
18,18
19,19
20,20
21,21
22,22
23,23
24,24
25,25
26,26
27,27
63,28
29,29
30,30
31,31
32,32
33,33
34,34
35,35
36,36
37,37
38,38
39,39
40,40
41,41
42,42
43,43
44,44
45,45
46,46
47,47
48,48
52,49
51,50
51,51
52,52
53,53
54,54
117,55
56,56
57,57
58,58
59,59
0,0
1,1
40,2
3,3
4,4
5,5
6,6
7,7
8,8
9,9
31,10
29,11
12,12
13,13
14,14
15,15
16,16
17,17
18,18
19,19
20,20
21,21
22,22
23,23
14,24
25,25
26,26
27,27
9,28
29,29
22,30
31,31
32,32
33,33
34,34
35,35
36,36
37,37
38,38
39,39
40,40
41,41
42,42
43,43
44,44
45,45
46,46
47,47
48,48
51,49
50,50
51,51
52,52
53,53
54,54
55,55
56,56
57,57
58,58
59,59
0,0
1,1
2,2
29,3
4,4
5,5
6,6
7,7
8,8
9,9
10,10
11,11
12,12
14,14
15,15
16,16
17,17
18,18
19,19
20,20
21,21
22,22
23,23
24,24
25,25
26,26
27,27
10,28
11,29
31,30
30,31
32,32
33,33
34,34
35,35
36,36
37,37
38,38
39,39
40,40
41,41
42,42
43,43
44,44
45,45
3,46
47,47
48,48
49,49
50,50
51,51
52,52
53,53
54,54
55,55
56,56
57,57
58,58
59,59
0,0
1,1
2,2
3,3
4,4
5,5
6,6
7,7
8,8
9,9
10,10
29,11
12,12
13,13
14,14
15,15
16,16
17,17
18,18
19,19
20,20
21,21
9,22
23,23
24,24
25,25
26,26
27,27
90,28
29,29
30,30
31,31
32,32
33,33
34,34
35,35
36,36
37,37
38,38
39,39
40,40
41,41
42,42
43,43
44,44
45,45
46,46
47,47
29,48
49,49
50,50
51,51
52,52
53,53
54,54
55,55
49,56
57,57
58,58
59,59
0,0
1,1
2,2
3,3
4,4
5,5
6,6
7,7
8,8
9,9
10,10
9,11
12,12
13,13
14,14
15,15
16,16
1,17
84,18
19,19
20,20
21,21
22,22
23,23
24,24
25,25
26,26
27,27
28,28
24,29
30,30
31,31
32,32
9,33
34,34
35,35
36,36
37,37
38,38
39,39
40,40
41,41
42,42
48,43
44,44
48,45
37,46
47,47
48,48
49,49
50,50
51,51
52,52
53,53
54,54
55,55
56,56
57,57
58,58
59,59
0,0
1,1
2,2
3,3
4,4
5,5
6,6
7,7
8,8
9,9
10,10
10,11
12,12
13,13
14,14
15,15
16,16
17,17
1,18
19,19
20,20
21,21
22,22
23,23
24,24
25,25
26,26
27,27
28,28
11,29
30,30
31,31
32,32
33,33
34,34
35,35
36,36
37,37
38,38
39,39
40,40
41,41
42,42
43,43
44,44
45,45
36,46
47,47
48,48
23,50
51,51
52,52
53,53
54,54
55,55
56,56
57,57
58,58
58,59
0,0
2,2
3,3
4,4
5,5
6,6
7,7
8,8
9,9
10,10
81,11
12,12
13,13
14,14
15,15
15,16
17,17
18,18
19,19
20,20
21,21
22,22
23,23
24,24
25,25
26,26
27,27
28,28
29,29
30,30
31,31
32,32
33,33
34,34
35,35
36,36
37,37
38,38
39,39
40,40
41,41
42,42
27,43
44,44
45,45
46,46
47,47
48,48
49,49
50,50
51,51
52,52
53,53
54,54
55,55
56,56
57,57
58,58
59,59
0,0
18,1
2,2
3,3
4,4
5,5
6,6
7,7
8,8
9,9
10,10
11,11
12,12
13,13
14,14
16,15
5,16
17,17
18,18
19,19
20,20
21,21
22,22
23,23
24,24
25,25
26,26
27,27
11,28
11,29
30,30
31,31
32,32
33,33
34,34
35,35
36,36
37,37
38,38
39,39
40,40
41,41
42,42
43,43
44,44
45,45
46,46
47,47
48,48
49,49
50,50
51,51
52,52
53,53
54,54
55,55
56,56
57,57
58,58
59,59
0,0
1,1
2,2
36,3
4,4
5,5
6,6
7,7
8,8
9,9
10,10
10,11
12,12
13,13
14,14
15,15
16,16
17,17
17,18
19,19
20,20
21,21
31,22
23,23
24,24
25,25
26,26
11,29
30,30
31,31
32,32
33,33
34,34
35,35
36,36
37,37
38,38
39,39
40,40
41,41
42,42
43,43
44,44
45,45
46,46
47,47
48,48
49,49
50,50
51,51
52,52
53,53
54,54
55,55
56,56
57,57
58,58
59,59
0,0
1,1
2,2
3,3
4,4
5,5
6,6
7,7
8,8
10,9
10,10
11,11
12,12
13,13
14,14
15,15
16,16
17,17
18,18
19,19
20,20
21,21
22,22
23,23
24,24
25,25
26,26
27,27
11,28
11,29
30,30
31,31
32,32
33,33
34,34
35,35
36,36
37,37
38,38
39,39
40,40
41,41
42,42
43,43
44,44
45,45
46,46
47,47
48,48
49,49
50,50
51,51
52,52
53,53
54,54
55,55
56,56
57,57
58,58
59,59
0,0
1,1
17,2
3,3
4,4
5,5
6,6
7,7
8,8
9,9
28,10
11,11
10,12
13,13
14,14
16,15
16,16
17,17
18,18
19,19
20,20
21,21
22,22
23,23
24,24
25,25
26,26
27,27
28,28
29,29
30,30
31,31
32,32
33,33
34,34
35,35
36,36
37,37
38,38
39,39
40,40
41,41
42,42
43,43
44,44
45,45
46,46
47,47
48,48
49,49
50,50
51,51
52,52
53,53
54,54
55,55
56,56
57,57
58,58
59,59
0,0
1,1
2,2
3,3
4,4
5,5
6,6
7,7
8,8
9,9
10,10
11,11
12,12
13,13
14,14
15,15
16,16
17,17
18,18
19,19
20,20
21,21
22,22
23,23
24,24
25,25
26,26
27,27
28,28
29,29
30,30
55,31
32,32
33,33
34,34
35,35
36,36
37,37
38,38
39,39
40,40
41,41
42,42
43,43
44,44
45,45
46,46
47,47
48,48
49,49
50,50
51,51
52,52
53,53
54,54
55,55
56,56
57,57
58,58
59,59
0,0
1,1
2,2
3,3
4,4
5,5
6,6
7,7
8,8
9,9
10,10
11,11
65,12
13,13
14,14
16,15
16,16
17,17
18,18
19,19
20,20
21,21
22,22
23,23
24,24
25,25
26,26
27,27
28,28
10,29
30,30
31,31
32,32
33,33
34,34
35,35
36,36
37,37
38,38
39,39
40,40
41,41
42,42
2,43
44,44
45,45
46,46
47,47
48,48
49,49
50,50
51,51
52,52
53,53
54,54
55,55
56,56
57,57
58,58
59,59
0,0
1,1
2,2
3,3
4,4
5,5
6,6
7,7
8,8
9,9
81,10
11,11
12,12
13,13
14,14
15,15
16,16
17,17
18,18
19,19
20,20
21,21
22,22
23,23
24,24
25,25
26,26
27,27
28,28
11,29
30,30
31,31
32,32
33,33
34,34
35,35
36,36
37,37
38,38
39,39
40,40
41,41
42,42
43,43
47,44
45,45
46,46
47,47
48,48
49,49
50,50
51,51
52,52
53,53
54,54
55,55
56,56
57,57
58,58
59,59
0,0
36,1
2,2
3,3
4,4
5,5
6,6
7,7
8,8
9,9
10,10
29,11
12,12
13,13
14,14
15,15
15,16
17,17
18,18
19,19
20,20
21,21
22,22
23,23
24,24
25,25
26,26
27,27
63,28
29,29
30,30
31,31
32,32
33,33
34,34
35,35
36,36
37,37
38,38
39,39
40,40
41,41
42,42
43,43
44,44
45,45
46,46
47,47
48,48
55,49
50,50
51,51
52,52
53,53
54,54
55,55
56,56
57,57
58,58
59,59
0,0
17,1
2,2
3,3
4,4
5,5
6,6
7,7
8,8
9,9
31,10
11,11
33,12
13,13
14,14
15,15
15,16
17,17
18,18
19,19
20,20
9,21
22,22
59,23
15,24
25,25
26,26
27,27
85,28
29,29
22,30
31,31
32,32
33,33
34,34
35,35
36,36
37,37
38,38
39,39
40,40
41,41
42,42
43,43
45,44
45,45
46,46
47,47
48,48
49,49
50,50
51,51
52,52
53,53
54,54
117,55
56,56
57,57
58,58
59,59
0,0
1,1
2,2
3,3
4,4
5,5
6,6
7,7
8,8
12,9
10,10
10,11
12,12
13,13
14,14
15,15
16,16
17,17
18,18
19,19
20,20
21,21
22,22
23,23
24,24
25,25
26,26
27,27
11,28
29,29
72,30
31,31
10,32
10,33
34,34
35,35
36,36
37,37
38,38
39,39
40,40
41,41
42,42
43,43
44,44
45,45
46,46
47,47
48,48
49,49
50,50
51,51
52,52
53,53
54,54
55,55
56,56
57,57
58,58
59,59
0,0
1,1
2,2
3,3
4,4
5,5
45,6
7,7
8,8
9,9
10,10
81,11
12,12
13,13
14,14
15,15
16,16
1,17
18,18
19,19
20,20
21,21
33,22
23,23
24,24
25,25
26,26
27,27
10,28
29,29
30,30
31,31
32,32
33,33
34,34
35,35
36,36
37,37
38,38
39,39
40,40
41,41
42,42
43,43
46,44
45,45
46,46
47,47
88,48
49,49
50,50
51,51
52,52
53,53
54,54
55,55
56,56
57,57
58,58
59,59
1,0
1,1
2,2
3,3
4,4
5,5
6,6
7,7
8,8
9,9
10,10
11,11
12,12
13,13
14,14
15,15
16,16
17,17
18,18
19,19
20,20
21,21
22,22
23,23
24,24
25,25
26,26
27,27
28,28
29,29
30,30
31,31
32,32
9,33
34,34
35,35
9,36
37,37
38,38
39,39
40,40
41,41
42,42
27,43
44,44
45,45
17,46
47,47
48,48
49,49
50,50
51,51
52,52
109,53
54,54
55,55
56,56
57,57
58,58
59,59
0,0
1,1
2,2
3,3
4,4
5,5
6,6
7,7
8,8
9,9
10,10
28,11
12,12
13,13
14,14
15,15
16,16
17,17
18,18
19,19
20,20
21,21
22,22
23,23
24,24
25,25
26,26
3,27
28,28
28,29
30,30
30,31
38,32
33,33
34,34
35,35
36,36
37,37
38,38
39,39
40,40
41,41
42,42
43,43
44,44
24,45
3,46
47,47
48,48
49,49
50,50
51,51
52,52
53,53
54,54
55,55
56,56
57,57
58,58
59,59
0,0
1,1
2,2
46,3
4,4
5,5
6,6
7,7
8,8
9,9
10,10
11,11
12,12
13,13
14,14
16,15
15,16
17,17
18,18
19,19
20,20
21,21
22,22
23,23
24,24
25,25
26,26
27,27
28,28
11,29
30,30
31,31
32,32
33,33
34,34
35,35
36,36
37,37
38,38
39,39
40,40
41,41
42,42
43,43
44,44
45,45
46,46
47,47
48,48
49,49
50,50
51,51
52,52
53,53
54,54
55,55
56,56
57,57
58,58
59,59
0,0
2,1
0,2
3,3
4,4
5,5
6,6
7,7
8,8
9,9
10,10
29,11
12,12
13,13
14,14
16,15
16,16
17,17
18,18
19,19
20,20
21,21
22,22
23,23
24,24
25,25
26,26
27,27
28,28
29,29
30,30
31,31
32,32
33,33
34,34
35,35
36,36
37,37
38,38
39,39
40,40
41,41
42,42
43,43
44,44
45,45
43,46
47,47
48,48
49,49
50,50
51,51
52,52
53,53
54,54
55,55
56,56
57,57
58,58
59,59
0,0
1,1
2,2
3,3
4,4
5,5
6,6
7,7
8,8
9,9
10,10
1,11
12,12
13,13
14,14
15,15
16,16
17,17
18,18
19,19
20,20
21,21
22,22
23,23
24,24
25,25
26,26
27,27
73,28
29,29
30,30
31,31
32,32
33,33
34,34
35,35
36,36
37,37
38,38
39,39
40,40
41,41
42,42
43,43
44,44
45,45
46,46
47,47
48,48
49,49
50,50
51,51
52,52
53,53
54,54
55,55
56,56
57,57
58,58
59,59
0,0
1,1
2,2
3,3
4,4
5,5
6,6
7,7
8,8
9,9
10,10
11,11
12,12
13,13
14,14
15,15
16,16
17,17
18,18
19,19
20,20
21,21
22,22
23,23
24,24
25,25
26,26
27,27
28,28
30,30
31,31
32,32
33,33
34,34
35,35
36,36
22,37
38,38
39,39
40,40
41,41
42,42
43,43
44,44
45,45
3,46
47,47
48,48
35,49
50,50
51,51
22,52
53,53
30,54
55,55
56,56
57,57
58,58
59,59
0,0
1,1
2,2
3,3
4,4
5,5
6,6
7,7
8,8
9,9
11,10
11,11
12,12
13,13
14,14
15,15
16,16
17,17
18,18
19,19
20,20
21,21
22,22
23,23
24,24
25,25
26,26
27,27
28,28
29,29
30,30
31,31
32,32
33,33
34,34
35,35
36,36
37,37
38,38
39,39
40,40
41,41
42,42
43,43
44,44
45,45
46,46
47,47
48,48
49,49
50,50
51,51
52,52
53,53
54,54
55,55
56,56
57,57
58,58
59,59
0,0
1,1
2,2
3,3
4,4
5,5
6,6
7,7
8,8
9,9
10,10
11,11
12,12
13,13
14,14
15,15
16,16
17,17
18,18
19,19
20,20
21,21
22,22
23,23
24,24
25,25
26,26
27,27
28,28
28,29
30,30
55,31
32,32
33,33
34,34
35,35
40,36
37,37
38,38
39,39
40,40
41,41
42,42
43,43
44,44
45,45
46,46
47,47
48,48
49,49
50,50
51,51
52,52
53,53
54,54
55,55
56,56
57,57
58,58
59,59
0,0
1,1
2,2
3,3
4,4
5,5
6,6
7,7
8,8
9,9
11,10
11,11
12,12
13,13
14,14
15,15
16,16
17,17
18,18
19,19
20,20
21,21
22,22
23,23
24,24
25,25
26,26
27,27
28,28
29,29
31,30
31,31
32,32
33,33
34,34
35,35
36,36
37,37
38,38
39,39
40,40
41,41
42,42
43,43
44,44
45,45
46,46
47,47
48,48
49,49
50,50
51,51
52,52
53,53
54,54
55,55
56,56
57,57
58,58
59,59
0,0
18,1
43,2
43,3
4,4
5,5
6,6
7,7
8,8
33,9
10,10
11,11
12,12
13,13
14,14
15,15
16,16
17,17
18,18
19,19
20,20
21,21
22,22
24,23
24,24
25,25
26,26
27,27
28,28
83,29
30,30
31,31
32,32
33,33
34,34
35,35
36,36
37,37
38,38
39,39
40,40
41,41
42,42
43,43
44,44
45,45
46,46
47,47
48,48
51,49
49,50
51,51
30,52
54,54
55,55
56,56
57,57
58,58
59,59
0,0
1,1
2,2
3,3
4,4
5,5
6,6
7,7
8,8
9,9
11,10
11,11
12,12
13,13
14,14
15,15
16,16
17,17
18,18
19,19
20,20
21,21
22,22
23,23
24,24
25,25
26,26
27,27
28,28
29,29
30,30
31,31
32,32
33,33
34,34
35,35
36,36
37,37
38,38
39,39
40,40
41,41
42,42
43,43
44,44
45,45
46,46
47,47
48,48
49,49
50,50
51,51
52,52
53,53
54,54
55,55
56,56
57,57
58,58
59,59
0,0
1,1
2,2
48,3
4,4
16,5
6,6
7,7
8,8
9,9
11,10
11,11
12,12
13,13
14,14
16,15
16,16
17,17
18,18
19,19
20,20
21,21
22,22
23,23
24,24
25,25
26,26
27,27
28,28
29,29
30,30
30,31
31,32
33,33
34,34
35,35
36,36
37,37
38,38
39,39
1,40
41,41
42,42
43,43
44,44
45,45
46,46
47,47
48,48
49,49
50,50
51,51
52,52
53,53
54,54
55,55
56,56
57,57
58,58
59,59
0,0
1,1
2,2
3,3
4,4
5,5
6,6
8,8
9,9
10,10
11,11
12,12
13,13
14,14
15,15
16,16
17,17
18,18
19,19
20,20
21,21
22,22
23,23
24,24
25,25
26,26
27,27
28,28
29,29
30,30
31,31
32,32
33,33
34,34
35,35
36,36
37,37
38,38
39,39
1,40
41,41
42,42
43,43
44,44
45,45
46,46
47,47
48,48
49,49
50,50
51,51
52,52
53,53
54,54
55,55
56,56
57,57
58,58
59,59
0,0
1,1
2,2
3,3
4,4
5,5
62,6
7,7
8,8
9,9
10,10
11,11
12,12
13,13
14,14
16,15
16,16
17,17
18,18
19,19
20,20
21,21
22,22
23,23
24,24
25,25
26,26
27,27
28,28
29,29
30,30
31,31
32,32
33,33
34,34
35,35
36,36
2,37
38,38
39,39
40,40
41,41
84,42
43,43
24,44
45,45
46,46
47,47
48,48
49,49
50,50
51,51
52,52
53,53
54,54
112,55
56,56
57,57
58,58
59,59
0,0
1,1
2,2
3,3
4,4
5,5
6,6
7,7
8,8
9,9
10,10
11,11
12,12
13,13
14,14
15,15
15,16
17,17
18,18
19,19
20,20
21,21
22,22
23,23
24,24
25,25
26,26
27,27
73,28
29,29
30,30
31,31
32,32
33,33
34,34
35,35
36,36
37,37
38,38
39,39
40,40
41,41
42,42
43,43
44,44
44,45
46,46
47,47
30,48
49,49
50,50
51,51
52,52
53,53
54,54
55,55
56,56
57,57
58,58
59,59
0,0
1,1
2,2
3,3
4,4
5,5
6,6
7,7
8,8
9,9
11,10
29,11
12,12
13,13
14,14
15,15
16,16
17,17
18,18
19,19
20,20
21,21
22,22
23,23
24,24
25,25
26,26
27,27
28,28
29,29
30,30
31,31
32,32
33,33
34,34
35,35
36,36
37,37
38,38
39,39
40,40
41,41
42,42
43,43
44,44
45,45
46,46
47,47
48,48
49,49
50,50
51,51
52,52
53,53
54,54
55,55
56,56
57,57
58,58
59,59
0,0
1,1
0,2
3,3
4,4
15,5
6,6
7,7
8,8
9,9
10,10
11,11
12,12
13,13
14,14
16,15
16,16
17,17
18,18
19,19
20,20
21,21
22,22
23,23
24,24
25,25
26,26
27,27
11,28
11,29
30,30
31,31
32,32
33,33
34,34
35,35
36,36
37,37
38,38
39,39
40,40
41,41
42,42
43,43
44,44
45,45
3,46
47,47
48,48
49,49
50,50
51,51
52,52
53,53
54,54
56,55
56,56
57,57
58,58
59,59
0,0
1,1
2,2
3,3
4,4
5,5
6,6
7,7
8,8
9,9
10,10
11,11
12,12
13,13
14,14
15,15
16,16
17,17
18,18
19,19
20,20
21,21
22,22
100,23
24,24
25,25
26,26
27,27
28,28
29,29
30,30
31,31
32,32
33,33
34,34
35,35
36,36
37,37
38,38
39,39
40,40
41,41
42,42
43,43
44,44
45,45
46,46
47,47
48,48
49,49
50,50
51,51
52,52
114,53
54,54
56,55
56,56
57,57
58,58
59,59
0,0
1,1
2,2
3,3
4,4
34,5
6,6
7,7
8,8
9,9
10,10
11,11
12,12
13,13
14,14
15,15
16,16
32,17
1,18
19,19
20,20
21,21
22,22
23,23
24,24
25,25
26,26
27,27
28,28
29,29
30,30
31,31
32,32
33,33
34,34
35,35
36,36
37,37
38,38
37,39
40,40
41,41
42,42
43,43
44,44
44,45
46,46
47,47
48,48
117,49
50,50
51,51
52,52
53,53
54,54
55,55
56,56
57,57
58,58
59,59
24,0
2,1
10,2
3,3
4,4
5,5
6,6
7,7
8,8
9,9
11,10
29,11
12,12
13,13
14,14
15,15
16,16
18,17
18,18
19,19
20,20
21,21
22,22
23,23
45,24
25,25
26,26
27,27
27,28
29,29
30,30
31,31
32,32
33,33
34,34
35,35
36,36
37,37
38,38
39,39
40,40
41,41
42,42
43,43
44,44
45,45
46,46
47,47
48,48
39,49
50,50
51,51
52,52
53,53
54,54
55,55
56,56
57,57
58,58
59,59
0,0
1,1
2,2
3,3
4,4
5,5
6,6
7,7
8,8
9,9
10,10
11,11
12,12
13,13
14,14
15,15
16,16
17,17
18,18
19,19
20,20
21,21
22,22
23,23
24,24
25,25
26,26
27,27
28,28
29,29
30,30
31,31
32,32
33,33
34,34
35,35
36,36
37,37
38,38
39,39
40,40
41,41
42,42
43,43
44,44
45,45
43,46
40,47
48,48
49,49
50,50
51,51
52,52
53,53
54,54
55,55
56,56
57,57
58,58
59,59
0,0
1,1
2,2
3,3
4,4
5,5
6,6
7,7
8,8
9,9
10,10
28,11
12,12
13,13
14,14
15,15
15,16
17,17
18,18
19,19
20,20
21,21
22,22
23,23
24,24
25,25
26,26
27,27
11,28
29,29
30,30
31,31
32,32
11,33
34,34
35,35
36,36
37,37
38,38
39,39
40,40
41,41
42,42
43,43
24,44
15,45
46,46
47,47
48,48
49,49
50,50
51,51
52,52
53,53
54,54
55,55
56,56
57,57
58,58
59,59
0,0
1,1
2,2
3,3
4,4
5,5
6,6
7,7
8,8
9,9
10,10
11,11
12,12
13,13
14,14
15,15
15,16
17,17
18,18
19,19
20,20
21,21
22,22
23,23
24,24
25,25
26,26
27,27
10,28
29,29
30,30
31,31
32,32
33,33
34,34
35,35
36,36
37,37
38,38
39,39
40,40
41,41
42,42
43,43
44,44
45,45
46,46
47,47
48,48
49,49
50,50
51,51
52,52
53,53
54,54
55,55
56,56
57,57
58,58
59,59
0,0
29,1
2,2
3,3
55,4
5,5
6,6
7,7
8,8
9,9
10,10
11,11
12,12
13,13
14,14
15,15
16,16
17,17
18,18
19,19
20,20
21,21
21,22
23,23
24,24
25,25
26,26
27,27
28,28
29,29
30,30
31,31
32,32
33,33
34,34
35,35
36,36
37,37
38,38
39,39
40,40
41,41
42,42
36,43
44,44
45,45
36,46
47,47
48,48
49,49
50,50
51,51
52,52
53,53
54,54
55,55
56,56
57,57
58,58
59,59
0,0
1,1
2,2
3,3
4,4
5,5
6,6
7,7
8,8
9,9
10,10
28,11
12,12
13,13
14,14
15,15
5,16
17,17
18,18
19,19
20,20
21,21
22,22
23,23
24,24
25,25
26,26
27,27
28,28
29,29
31,30
31,31
32,32
33,33
34,34
35,35
36,36
37,37
38,38
39,39
40,40
41,41
42,42
43,43
44,44
45,45
46,46
40,47
48,48
49,49
50,50
51,51
52,52
53,53
54,54
55,55
56,56
57,57
58,58
59,59
0,0
18,1
2,2
3,3
4,4
5,5
6,6
7,7
8,8
9,9
29,10
28,11
12,12
13,13
14,14
15,15
16,16
17,17
18,18
19,19
20,20
21,21
22,22
23,23
24,24
25,25
26,26
27,27
28,28
29,29
30,30
31,31
32,32
33,33
34,34
35,35
36,36
37,37
38,38
39,39
40,40
41,41
42,42
43,43
44,44
45,45
46,46
47,47
33,48
50,50
51,51
52,52
53,53
54,54
55,55
56,56
55,57
58,58
59,59
0,0
1,1
2,2
3,3
4,4
5,5
6,6
7,7
8,8
9,9
10,10
11,11
12,12
13,13
14,14
15,15
16,16
17,17
1,18
19,19
20,20
21,21
22,22
23,23
24,24
25,25
26,26
27,27
28,28
29,29
30,30
31,31
32,32
33,33
34,34
35,35
36,36
37,37
38,38
39,39
47,40
41,41
42,42
43,43
47,44
45,45
46,46
47,47
48,48
49,49
50,50
51,51
52,52
53,53
54,54
55,55
56,56
57,57
58,58
59,59
0,0
1,1
2,2
3,3
4,4
5,5
6,6
7,7
8,8
9,9
10,10
11,11
12,12
13,13
14,14
15,15
16,16
17,17
18,18
19,19
20,20
21,21
22,22
23,23
24,24
25,25
26,26
27,27
29,28
11,29
30,30
31,31
32,32
33,33
34,34
35,35
36,36
37,37
38,38
39,39
40,40
41,41
42,42
43,43
47,44
45,45
46,46
47,47
48,48
49,49
50,50
51,51
52,52
53,53
54,54
55,55
56,56
57,57
58,58
59,59
2,0
1,1
2,2
3,3
4,4
5,5
6,6
7,7
8,8
9,9
10,10
11,11
12,12
13,13
14,14
15,15
15,16
17,17
18,18
19,19
20,20
21,21
22,22
23,23
24,24
25,25
26,26
27,27
28,28
11,29
78,30
31,31
32,32
33,33
34,34
35,35
36,36
37,37
38,38
39,39
47,40
41,41
42,42
43,43
44,44
15,45
46,46
16,47
48,48
49,49
50,50
51,51
52,52
53,53
54,54
55,55
56,56
57,57
58,58
59,59
0,0
1,1
2,2
3,3
4,4
5,5
6,6
7,7
8,8
9,9
10,10
11,11
12,12
13,13
14,14
15,15
15,16
17,17
18,18
19,19
20,20
21,21
22,22
23,23
24,24
25,25
26,26
27,27
29,28
29,29
17,30
31,31
32,32
33,33
34,34
35,35
36,36
37,37
38,38
39,39
1,40
41,41
42,42
43,43
45,44
45,45
46,46
16,47
3,48
49,49
50,50
51,51
52,52
53,53
54,54
55,55
56,56
57,57
58,58
59,59
1,0
1,1
2,2
3,3
4,4
91,5
6,6
7,7
8,8
9,9
10,10
10,11
12,12
13,13
14,14
15,15
15,16
17,17
18,18
19,19
20,20
21,21
22,22
23,23
24,24
25,25
26,26
27,27
28,28
11,29
30,30
31,31
32,32
33,33
34,34
35,35
36,36
37,37
38,38
39,39
40,40
41,41
42,42
43,43
44,44
45,45
36,46
47,47
48,48
49,49
50,50
51,51
52,52
53,53
54,54
55,55
56,56
57,57
58,58
59,59
0,0
1,1
2,2
3,3
4,4
5,5
6,6
7,7
8,8
9,9
10,10
11,11
12,12
13,13
14,14
15,15
15,16
17,17
18,18
19,19
20,20
21,21
22,22
23,23
24,24
25,25
26,26
27,27
28,28
10,29
30,30
31,31
32,32
33,33
34,34
35,35
36,36
37,37
38,38
39,39
40,40
41,41
42,42
43,43
44,44
45,45
46,46
47,47
48,48
49,49
23,50
55,51
52,52
53,53
54,54
55,55
56,56
57,57
58,58
59,59
12,0
1,1
2,2
3,3
4,4
5,5
6,6
7,7
8,8
33,9
11,10
11,11
12,12
13,13
86,14
15,15
16,16
17,17
18,18
19,19
20,20
21,21
74,22
23,23
24,24
25,25
26,26
100,27
10,28
11,29
30,30
31,31
32,32
33,33
34,34
35,35
3,36
37,37
38,38
39,39
40,40
41,41
42,42
43,43
47,44
45,45
46,46
47,47
48,48
49,49
50,50
51,51
52,52
53,53
54,54
55,55
56,56
57,57
58,58
59,59
0,0
1,1
36,2
3,3
35,4
5,5
6,6
7,7
8,8
9,9
11,10
11,11
12,12
13,13
14,14
15,15
16,16
17,17
18,18
19,19
20,20
21,21
22,22
23,23
24,24
25,25
26,26
27,27
29,28
29,29
30,30
31,31
32,32
9,33
34,34
35,35
36,36
37,37
38,38
39,39
40,40
41,41
42,42
43,43
47,44
45,45
46,46
47,47
48,48
6,49
23,50
51,51
52,52
30,53
43,54
55,55
56,56
57,57
58,58
59,59
0,0
1,1
2,2
3,3
110,4
5,5
6,6
7,7
8,8
9,9
10,10
29,11
12,12
13,13
14,14
15,15
15,16
17,17
18,18
19,19
20,20
21,21
22,22
23,23
82,24
25,25
26,26
27,27
28,28
29,29
30,30
31,31
32,32
33,33
34,34
35,35
61,36
37,37
38,38
39,39
40,40
41,41
42,42
43,43
44,44
45,45
43,46
47,47
48,48
49,49
50,50
51,51
52,52
53,53
54,54
55,55
52,56
57,57
58,58
59,59
0,0
0,1
2,2
3,3
4,4
5,5
6,6
7,7
8,8
9,9
10,10
29,11
12,12
13,13
14,14
15,15
16,16
17,17
18,18
19,19
20,20
21,21
22,22
23,23
24,24
25,25
26,26
27,27
28,28
29,29
30,30
31,31
32,32
33,33
34,34
35,35
36,36
37,37
39,38
39,39
40,40
41,41
42,42
43,43
16,44
24,45
44,46
47,47
48,48
49,49
50,50
51,51
52,52
53,53
54,54
55,55
56,56
55,57
58,58
59,59
0,0
1,1
2,2
3,3
4,4
5,5
6,6
7,7
8,8
0,9
28,10
11,11
12,12
13,13
14,14
15,15
16,16
18,17
18,18
19,19
20,20
21,21
22,22
23,23
24,24
100,25
26,26
27,27
28,28
29,29
30,30
31,31
32,32
33,33
34,34
35,35
36,36
37,37
38,38
39,39
40,40
41,41
42,42
43,43
44,44
45,45
46,46
47,47
48,48
49,49
50,50
51,51
52,52
53,53
54,54
55,55
56,56
57,57
58,58
59,59
0,0
1,1
2,2
3,3
4,4
5,5
6,6
7,7
8,8
9,9
11,10
28,11
12,12
13,13
14,14
15,15
16,16
17,17
18,18
19,19
20,20
21,21
22,22
23,23
24,24
25,25
26,26
27,27
28,28
29,29
30,30
31,31
32,32
33,33
34,34
35,35
36,36
37,37
38,38
39,39
40,40
41,41
42,42
43,43
44,44
45,45
46,46
47,47
48,48
49,49
110,50
51,51
52,52
53,53
54,54
55,55
52,56
57,57
58,58
59,59
0,0
1,1
2,2
3,3
4,4
5,5
93,6
7,7
8,8
9,9
10,10
11,11
88,12
13,13
14,14
16,15
16,16
18,17
18,18
19,19
20,20
21,21
22,22
23,23
24,24
25,25
26,26
27,27
28,28
29,29
30,30
31,31
32,32
33,33
34,34
35,35
36,36
37,37
39,38
39,39
40,40
41,41
42,42
43,43
44,44
45,45
46,46
47,47
48,48
49,49
50,50
51,51
52,52
53,53
54,54
55,55
56,56
57,57
58,58
59,59
0,0
1,1
2,2
3,3
4,4
5,5
62,6
7,7
8,8
9,9
75,10
11,11
12,12
13,13
14,14
15,15
15,16
17,17
18,18
19,19
20,20
21,21
22,22
23,23
24,24
25,25
26,26
27,27
28,28
29,29
30,30
31,31
32,32
33,33
34,34
35,35
36,36
37,37
38,38
39,39
40,40
41,41
42,42
43,43
44,44
45,45
46,46
47,47
48,48
49,49
50,50
51,51
52,52
53,53
54,54
55,55
56,56
57,57
58,58
59,59
0,0
1,1
2,2
3,3
4,4
5,5
6,6
7,7
8,8
9,9
11,10
11,11
12,12
13,13
14,14
15,15
16,16
17,17
18,18
19,19
20,20
21,21
22,22
23,23
15,24
25,25
26,26
17,27
11,28
29,29
21,30
31,31
32,32
33,33
34,34
35,35
36,36
37,37
38,38
39,39
40,40
41,41
42,42
17,43
47,44
45,45
46,46
47,47
9,48
49,49
50,50
51,51
52,52
53,53
54,54
55,55
56,56
57,57
58,58
59,59
0,0
1,1
2,2
3,3
4,4
5,5
6,6
7,7
8,8
9,9
11,10
29,11
12,12
13,13
14,14
15,15
16,16
17,17
18,18
19,19
20,20
21,21
22,22
23,23
24,24
25,25
26,26
27,27
28,28
29,29
30,30
31,31
32,32
33,33
34,34
35,35
36,36
37,37
38,38
39,39
40,40
41,41
42,42
43,43
44,44
45,45
46,46
47,47
48,48
49,49
50,50
51,51
52,52
53,53
54,54
55,55
56,56
57,57
58,58
59,59
0,0
1,1
2,2
3,3
4,4
5,5
6,6
7,7
8,8
17,9
11,10
10,11
12,12
13,13
14,14
15,15
16,16
18,17
18,18
19,19
20,20
21,21
22,22
23,23
24,24
25,25
26,26
27,27
11,28
10,29
30,30
47,31
11,32
0,33
34,34
35,35
36,36
37,37
38,38
39,39
40,40
41,41
42,42
43,43
44,44
45,45
3,46
47,47
48,48
49,49
50,50
51,51
52,52
53,53
54,54
55,55
56,56
57,57
58,58
59,59
0,0
1,1
2,2
3,3
4,4
5,5
6,6
7,7
8,8
9,9
10,10
11,11
12,12
13,13
14,14
15,15
16,16
17,17
18,18
19,19
20,20
21,21
22,22
23,23
24,24
25,25
26,26
27,27
10,28
29,29
30,30
31,31
32,32
33,33
34,34
35,35
36,36
37,37
38,38
39,39
40,40
41,41
42,42
43,43
44,44
45,45
36,46
47,47
48,48
49,49
50,50
51,51
52,52
53,53
54,54
55,55
56,56
57,57
59,59
0,0
1,1
2,2
3,3
4,4
5,5
6,6
7,7
8,8
9,9
10,10
29,11
55,12
13,13
14,14
15,15
16,16
17,17
18,18
19,19
20,20
21,21
22,22
23,23
24,24
25,25
26,26
27,27
11,28
29,29
30,30
31,31
32,32
77,33
34,34
102,35
9,36
37,37
38,38
39,39
40,40
41,41
42,42
43,43
46,44
45,45
46,46
40,47
48,48
49,49
50,50
51,51
52,52
53,53
54,54
55,55
56,56
57,57
58,58
59,59
0,0
1,1
2,2
36,3
4,4
5,5
6,6
7,7
8,8
9,9
11,10
29,11
12,12
13,13
14,14
15,15
16,16
17,17
18,18
19,19
20,20
21,21
22,22
23,23
45,24
25,25
26,26
1,27
27,28
29,29
30,30
31,31
32,32
33,33
34,34
35,35
36,36
37,37
38,38
39,39
40,40
41,41
42,42
43,43
44,44
45,45
46,46
47,47
48,48
49,49
50,50
51,51
52,52
53,53
54,54
55,55
56,56
57,57
58,58
59,59
0,0
1,1
2,2
3,3
4,4
5,5
6,6
7,7
8,8
33,9
10,10
11,11
12,12
13,13
14,14
16,15
16,16
17,17
18,18
19,19
20,20
21,21
22,22
23,23
24,24
25,25
26,26
27,27
28,28
29,29
30,30
31,31
43,32
33,33
34,34
35,35
36,36
37,37
38,38
39,39
40,40
41,41
42,42
43,43
44,44
45,45
46,46
47,47
48,48
49,49
50,50
56,51
52,52
53,53
54,54
55,55
56,56
57,57
58,58
59,59
0,0
84,1
2,2
48,3
4,4
5,5
6,6
7,7
8,8
9,9
11,10
10,11
12,12
13,13
14,14
15,15
16,16
17,17
18,18
19,19
20,20
21,21
22,22
23,23
24,24
25,25
26,26
11,27
11,28
29,29
31,30
31,31
32,32
11,33
34,34
35,35
36,36
37,37
38,38
39,39
40,40
41,41
42,42
2,43
44,44
45,45
46,46
47,47
48,48
49,49
50,50
51,51
52,52
53,53
55,55
56,56
57,57
58,58
59,59
0,0
1,1
2,2
3,3
4,4
5,5
62,6
7,7
8,8
9,9
10,10
29,11
12,12
13,13
14,14
15,15
16,16
17,17
18,18
21,21
22,22
23,23
24,24
25,25
26,26
36,27
11,28
29,29
30,30
31,31
32,32
33,33
34,34
35,35
36,36
37,37
38,38
39,39
40,40
41,41
42,42
43,43
47,44
45,45
46,46
47,47
48,48
49,49
50,50
51,51
52,52
53,53
54,54
55,55
56,56
57,57
58,58
59,59
0,0
1,1
2,2
3,3
16,4
5,5
6,6
7,7
8,8
9,9
10,10
11,11
12,12
13,13
14,14
15,15
16,16
17,17
18,18
19,19
20,20
21,21
21,22
23,23
24,24
25,25
26,26
27,27
28,28
29,29
30,30
31,31
32,32
33,33
34,34
35,35
36,36
37,37
39,38
39,39
40,40
41,41
42,42
36,43
44,44
45,45
46,46
47,47
48,48
49,49
50,50
51,51
52,52
53,53
54,54
55,55
56,56
57,57
58,58
59,59
0,0
1,1
2,2
3,3
4,4
5,5
6,6
7,7
8,8
9,9
10,10
28,11
12,12
13,13
14,14
16,15
16,16
17,17
18,18
19,19
20,20
19,21
22,22
23,23
24,24
25,25
26,26
27,27
28,28
29,29
30,30
31,31
32,32
33,33
34,34
35,35
36,36
39,37
38,38
39,39
38,40
41,41
42,42
36,43
44,44
45,45
46,46
40,47
11,48
49,49
50,50
51,51
4,52
53,53
54,54
55,55
56,56
57,57
58,58
59,59
0,0
1,1
2,2
3,3
4,4
5,5
6,6
7,7
8,8
9,9
29,10
28,11
12,12
13,13
14,14
16,15
16,16
17,17
18,18
19,19
20,20
21,21
22,22
23,23
24,24
25,25
26,26
27,27
28,28
29,29
30,30
31,31
32,32
77,33
34,34
35,35
36,36
37,37
38,38
39,39
40,40
41,41
42,42
9,43
44,44
45,45
46,46
47,47
48,48
49,49
50,50
51,51
52,52
53,53
55,55
56,56
55,57
58,58
59,59
0,0
1,1
2,2
3,3
4,4
5,5
6,6
7,7
8,8
9,9
10,10
11,11
12,12
13,13
14,14
15,15
16,16
17,17
0,18
19,19
20,20
21,21
22,22
23,23
24,24
25,25
26,26
27,27
28,28
29,29
30,30
31,31
32,32
33,33
34,34
35,35
36,36
37,37
38,38
39,39
40,40
41,41
42,42
43,43
47,44
45,45
46,46
47,47
48,48
49,49
50,50
51,51
52,52
53,53
54,54
55,55
56,56
57,57
58,58
59,59
0,0
1,1
2,2
3,3
4,4
5,5
6,6
7,7
8,8
9,9
10,10
11,11
12,12
13,13
14,14
15,15
16,16
17,17
1,18
19,19
20,20
21,21
22,22
23,23
24,24
25,25
26,26
27,27
29,28
29,29
30,30
31,31
32,32
85,33
34,34
35,35
36,36
37,37
38,38
39,39
40,40
41,41
42,42
43,43
47,44
45,45
46,46
47,47
48,48
49,49
50,50
51,51
52,52
53,53
54,54
55,55
56,56
57,57
58,58
59,59
0,0
1,1
2,2
3,3
4,4
5,5
6,6
7,7
8,8
21,9
29,10
11,11
12,12
13,13
14,14
15,15
15,16
17,17
18,18
19,19
20,20
21,21
21,22
23,23
24,24
25,25
26,26
27,27
28,28
11,29
76,30
31,31
74,32
33,33
34,34
35,35
36,36
37,37
38,38
39,39
47,40
41,41
42,42
46,43
44,44
24,45
46,46
47,47
48,48
49,49
50,50
51,51
52,52
53,53
54,54
55,55
56,56
57,57
58,58
115,59
0,0
1,1
2,2
3,3
4,4
5,5
6,6
7,7
8,8
31,9
10,10
29,11
12,12
13,13
14,14
15,15
15,16
17,17
18,18
19,19
20,20
21,21
22,22
23,23
24,24
25,25
26,26
27,27
28,28
29,29
40,30
31,31
32,32
82,33
34,34
35,35
36,36
37,37
38,38
39,39
1,40
41,41
42,42
43,43
45,44
45,45
46,46
91,47
48,48
49,49
50,50
51,51
52,52
53,53
54,54
55,55
56,56
57,57
58,58
59,59
1,0
1,1
2,2
3,3
4,4
5,5
6,6
7,7
10,10
10,11
12,12
13,13
14,14
15,15
15,16
17,17
18,18
19,19
20,20
21,21
37,22
23,23
24,24
25,25
26,26
2,27
28,28
29,29
30,30
31,31
32,32
33,33
34,34
35,35
32,37
38,38
39,39
63,40
41,41
42,42
43,43
44,44
45,45
36,46
47,47
48,48
49,49
50,50
51,51
52,52
53,53
51,54
55,55
56,56
57,57
58,58
59,59
0,0
1,1
2,2
3,3
4,4
5,5
6,6
7,7
8,8
9,9
11,10
11,11
12,12
13,13
14,14
15,15
5,16
17,17
18,18
19,19
20,20
21,21
22,22
23,23
24,24
25,25
26,26
27,27
28,28
28,29
30,30
31,31
32,32
33,33
34,34
35,35
36,36
37,37
38,38
39,39
40,40
41,41
42,42
43,43
44,44
45,45
46,46
47,47
48,48
49,49
50,50
51,51
52,52
53,53
54,54
55,55
56,56
57,57
58,58
59,59
0,0
1,1
2,2
3,3
4,4
5,5
6,6
7,7
8,8
9,9
11,10
29,11
12,12
13,13
14,14
15,15
16,16
87,17
18,18
19,19
20,20
19,21
22,22
23,23
24,24
25,25
26,26
27,27
29,28
29,29
37,30
31,31
104,32
9,33
5,34
35,35
36,36
37,37
74,38
39,39
40,40
41,41
42,42
43,43
47,44
45,45
43,46
47,47
48,48
49,49
50,50
51,51
52,52
53,53
54,54
55,55
56,56
57,57
58,58
59,59
0,0
1,1
2,2
3,3
35,4
5,5
6,6
7,7
8,8
9,9
28,10
11,11
12,12
13,13
14,14
15,15
15,16
17,17
18,18
19,19
20,20
21,21
22,22
23,23
24,24
25,25
26,26
27,27
28,28
29,29
31,30
31,31
32,32
33,33
34,34
35,35
3,36
37,37
38,38
39,39
40,40
41,41
42,42
43,43
44,44
45,45
46,46
47,47
48,48
49,49
50,50
51,51
52,52
53,53
54,54
55,55
56,56
57,57
58,58
59,59
0,0
17,1
2,2
3,3
77,4
5,5
6,6
7,7
8,8
9,9
11,10
11,11
12,12
13,13
14,14
15,15
16,16
18,17
18,18
19,19
20,20
21,21
22,22
23,23
85,24
25,25
26,26
27,27
28,28
29,29
30,30
31,31
74,32
33,33
34,34
35,35
36,36
37,37
38,38
39,39
36,40
41,41
42,42
43,43
44,44
24,45
3,46
47,47
2,48
49,49
50,50
51,51
52,52
53,53
54,54
55,55
56,56
57,57
58,58
59,59
0,0
0,1
2,2
3,3
4,4
5,5
6,6
7,7
8,8
9,9
10,10
29,11
12,12
13,13
14,14
15,15
16,16
17,17
18,18
19,19
20,20
21,21
22,22
23,23
24,24
25,25
26,26
27,27
28,28
29,29
30,30
31,31
32,32
33,33
34,34
35,35
36,36
37,37
38,38
39,39
40,40
41,41
42,42
43,43
16,44
45,45
40,46
47,47
48,48
49,49
50,50
51,51
52,52
53,53
54,54
55,55
56,56
55,57
58,58
59,59
0,0
1,1
2,2
3,3
4,4
5,5
6,6
7,7
8,8
9,9
11,10
11,11
12,12
13,13
14,14
15,15
16,16
17,17
18,18
19,19
20,20
21,21
22,22
23,23
24,24
25,25
26,26
27,27
28,28
29,29
30,30
2,31
32,32
33,33
34,34
35,35
36,36
37,37
38,38
39,39
40,40
41,41
42,42
43,43
44,44
45,45
46,46
34,47
48,48
49,49
110,50
51,51
52,52
53,53
57,55
52,56
57,57
58,58
59,59
20,0
18,1
2,2
36,3
35,4
5,5
41,6
7,7
8,8
9,9
11,10
10,11
12,12
13,13
13,14
15,15
16,16
17,17
18,18
19,19
20,20
21,21
76,22
23,23
45,24
25,25
26,26
27,27
28,28
29,29
32,30
32,31
72,32
33,33
34,34
35,35
36,36
37,37
38,38
39,39
40,40
41,41
42,42
43,43
52,44
45,45
46,46
16,47
48,48
49,49
50,50
51,51
52,52
53,53
54,54
55,55
56,56
57,57
58,58
59,59
0,0
1,1
2,2
3,3
4,4
5,5
93,6
7,7
8,8
9,9
11,10
11,11
12,12
13,13
14,14
15,15
16,16
17,17
18,18
19,19
20,20
21,21
22,22
23,23
14,24
25,25
26,26
27,27
28,28
29,29
30,30
31,31
32,32
33,33
34,34
35,35
36,36
37,37
38,38
39,39
40,40
41,41
42,42
43,43
24,44
45,45
46,46
47,47
48,48
49,49
50,50
51,51
52,52
53,53
55,55
56,56
57,57
58,58
59,59
2,0
1,1
67,2
3,3
4,4
5,5
62,6
7,7
8,8
33,9
11,10
74,11
12,12
13,13
14,14
16,15
15,16
17,17
18,18
19,19
20,20
21,21
22,22
23,23
24,24
25,25
26,26
102,27
28,28
11,29
30,30
45,31
32,32
33,33
34,34
35,35
0,36
52,37
114,38
39,39
40,40
41,41
42,42
43,43
24,44
35,45
46,46
47,47
48,48
49,49
50,50
51,51
52,52
53,53
54,54
55,55
56,56
57,57
58,58
59,59
0,0
1,1
2,2
3,3
4,4
5,5
6,6
7,7
8,8
9,9
11,10
11,11
12,12
13,13
14,14
15,15
16,16
17,17
18,18
19,19
20,20
21,21
22,22
23,23
14,24
25,25
26,26
27,27
10,28
29,29
30,30
31,31
32,32
33,33
34,34
35,35
36,36
37,37
38,38
39,39
40,40
41,41
42,42
43,43
44,44
45,45
46,46
47,47
48,48
49,49
50,50
51,51
52,52
53,53
54,54
55,55
56,56
57,57
58,58
59,59
0,0
1,1
46,2
3,3
4,4
5,5
6,6
7,7
8,8
33,9
11,10
29,11
12,12
13,13
14,14
15,15
16,16
17,17
18,18
19,19
20,20
21,21
22,22
23,23
24,24
25,25
26,26
27,27
28,28
29,29
30,30
31,31
32,32
33,33
34,34
35,35
36,36
37,37
38,38
39,39
116,40
41,41
42,42
43,43
44,44
44,45
46,46
47,47
48,48
49,49
50,50
51,51
52,52
53,53
54,54
58,55
56,56
57,57
58,58
59,59
0,0
1,1
17,2
3,3
4,4
5,5
6,6
7,7
8,8
9,9
10,10
29,11
12,12
13,13
14,14
15,15
15,16
17,17
18,18
19,19
20,20
21,21
22,22
23,23
24,24
25,25
26,26
27,27
11,28
10,29
43,30
30,31
10,32
33,33
34,34
35,35
36,36
37,37
38,38
39,39
40,40
41,41
42,42
43,43
44,44
45,45
46,46
47,47
48,48
49,49
50,50
51,51
56,52
53,53
54,54
55,55
56,56
57,57
58,58
59,59
0,0
0,1
2,2
3,3
4,4
5,5
6,6
7,7
8,8
90,9
11,10
12,12
13,13
14,14
15,15
16,16
17,17
18,18
19,19
20,20
21,21
22,22
23,23
14,24
25,25
26,26
27,27
10,28
11,29
30,30
29,31
2,32
28,33
16,34
35,35
36,36
37,37
38,38
39,39
40,40
41,41
42,42
43,43
44,44
45,45
36,46
47,47
48,48
49,49
50,50
51,51
52,52
53,53
116,54
117,55
56,56
57,57
58,58
59,59
0,0
1,1
2,2
3,3
4,4
5,5
6,6
7,7
8,8
9,9
10,10
11,11
12,12
13,13
14,14
16,15
16,16
17,17
18,18
19,19
20,20
21,21
22,22
23,23
24,24
25,25
26,26
27,27
28,28
29,29
30,30
31,31
32,32
33,33
34,34
35,35
36,36
37,37
38,38
39,39
40,40
41,41
42,42
43,43
44,44
45,45
46,46
47,47
48,48
49,49
50,50
51,51
52,52
53,53
55,55
56,56
57,57
58,58
59,59
0,0
75,1
29,2
35,3
4,4
5,5
6,6
7,7
8,8
9,9
11,10
29,11
12,12
13,13
14,14
15,15
16,16
1,17
18,18
19,19
20,20
21,21
22,22
23,23
46,24
25,25
26,26
17,27
9,28
29,29
30,30
72,31
12,32
33,33
34,34
35,35
36,36
19,37
38,38
39,39
40,40
41,41
42,42
43,43
44,44
2,45
43,46
47,47
48,48
49,49
50,50
51,51
53,52
53,53
54,54
55,55
56,56
57,57
58,58
59,59
0,0
1,1
2,2
3,3
4,4
5,5
6,6
7,7
8,8
9,9
10,10
11,11
12,12
13,13
14,14
15,15
15,16
17,17
18,18
19,19
20,20
21,21
22,22
23,23
24,24
25,25
26,26
27,27
28,28
29,29
30,30
31,31
32,32
33,33
34,34
35,35
36,36
37,37
38,38
39,39
40,40
41,41
42,42
43,43
44,44
45,45
46,46
47,47
48,48
49,49
50,50
51,51
52,52
53,53
55,55
56,56
57,57
58,58
59,59
0,0
29,1
0,2
15,3
4,4
5,5
6,6
7,7
8,8
9,9
10,10
11,11
12,12
13,13
14,14
15,15
5,16
17,17
18,18
19,19
20,20
21,21
22,22
23,23
24,24
25,25
26,26
11,27
11,28
29,29
31,30
31,31
32,32
9,33
34,34
35,35
36,36
37,37
38,38
39,39
40,40
58,41
42,42
43,43
44,44
45,45
46,46
47,47
48,48
49,49
50,50
51,51
53,52
53,53
54,54
55,55
52,56
57,57
58,58
58,59
0,0
1,1
2,2
3,3
4,4
5,5
6,6
7,7
8,8
9,9
10,10
11,11
12,12
13,13
14,14
15,15
16,16
17,17
18,18
19,19
20,20
21,21
22,22
23,23
24,24
25,25
26,26
27,27
11,28
29,29
30,30
31,31
32,32
33,33
34,34
35,35
36,36
37,37
38,38
39,39
40,40
41,41
42,42
43,43
44,44
45,45
46,46
47,47
48,48
49,49
50,50
51,51
52,52
53,53
54,54
55,55
56,56
57,57
58,58
59,59
0,0
1,1
29,2
36,3
4,4
5,5
6,6
7,7
8,8
9,9
10,10
11,11
12,12
13,13
14,14
15,15
16,16
17,17
18,18
19,19
20,20
21,21
22,22
23,23
24,24
25,25
26,26
27,27
74,28
29,29
30,30
31,31
12,32
77,33
34,34
35,35
36,36
37,37
38,38
39,39
40,40
41,41
42,42
36,43
44,44
45,45
46,46
40,47
48,48
49,49
50,50
51,51
52,52
53,53
54,54
55,55
56,56
57,57
58,58
59,59
0,0
1,1
2,2
3,3
4,4
5,5
6,6
7,7
8,8
9,9
11,10
11,11
12,12
13,13
14,14
15,15
16,16
17,17
18,18
19,19
20,20
21,21
22,22
23,23
24,24
25,25
26,26
27,27
28,28
29,29
30,30
31,31
32,32
33,33
34,34
35,35
36,36
37,37
38,38
39,39
40,40
41,41
42,42
43,43
44,44
45,45
46,46
40,47
28,48
49,49
50,50
51,51
52,52
53,53
54,54
55,55
56,56
57,57
58,58
59,59
27,0
87,1
2,2
2,3
4,4
5,5
6,6
7,7
8,8
9,9
29,10
28,11
12,12
13,13
14,14
16,15
15,16
17,17
18,18
19,19
20,20
93,21
22,22
23,23
24,24
25,25
26,26
27,27
28,28
29,29
30,30
75,31
72,32
71,33
34,34
35,35
29,36
37,37
38,38
39,39
2,40
41,41
42,42
36,43
35,44
27,45
3,46
40,47
48,48
49,49
50,50
51,51
52,52
53,53
54,54
55,55
56,56
55,57
58,58
59,59
0,0
1,1
2,2
3,3
4,4
5,5
6,6
7,7
8,8
9,9
10,10
11,11
12,12
13,13
14,14
15,15
15,16
17,17
18,18
19,19
20,20
21,21
22,22
23,23
24,24
25,25
26,26
27,27
28,28
29,29
30,30
31,31
32,32
33,33
34,34
35,35
36,36
37,37
38,38
39,39
40,40
41,41
42,42
43,43
47,44
45,45
46,46
47,47
48,48
49,49
50,50
51,51
52,52
53,53
55,55
56,56
57,57
58,58
59,59
0,0
1,1
2,2
3,3
35,4
5,5
6,6
7,7
8,8
9,9
10,10
11,11
12,12
13,13
14,14
15,15
15,16
17,17
1,18
19,19
20,20
21,21
22,22
23,23
24,24
25,25
26,26
27,27
28,28
29,29
1,30
14,31
32,32
85,33
34,34
29,35
36,36
93,37
38,38
39,39
47,40
41,41
42,42
43,43
47,44
24,45
46,46
47,47
48,48
50,49
50,50
51,51
52,52
53,53
54,54
55,55
56,56
57,57
58,58
59,59
0,0
1,1
2,2
3,3
4,4
5,5
6,6
7,7
8,8
9,9
10,10
11,11
12,12
13,13
14,14
16,15
15,16
17,17
18,18
19,19
19,20
21,21
22,22
23,23
24,24
25,25
26,26
27,27
28,28
29,29
78,30
31,31
32,32
85,33
34,34
35,35
36,36
37,37
38,38
39,39
47,40
41,41
42,42
2,43
44,44
15,45
46,46
16,47
48,48
49,49
50,50
51,51
52,52
53,53
55,55
56,56
57,57
58,58
59,59
36,0
29,1
29,2
3,3
4,4
5,5
6,6
7,7
8,8
82,9
10,10
11,11
81,12
13,13
14,14
15,15
15,16
17,17
1,18
19,19
20,20
21,21
22,22
23,23
24,24
25,25
26,26
27,27
28,28
29,29
40,30
31,31
32,32
82,33
34,34
35,35
36,36
43,37
38,38
39,39
1,40
41,41
42,42
43,43
15,44
31,45
46,46
16,47
3,48
49,49
50,50
49,51
52,52
53,53
54,54
55,55
56,56
57,57
58,58
59,59
1,0
1,1
2,2
3,3
4,4
5,5
6,6
7,7
8,8
9,9
10,10
11,11
12,12
13,13
14,14
15,15
15,16
17,17
18,18
19,19
20,20
21,21
22,22
23,23
24,24
25,25
26,26
27,27
28,28
29,29
30,30
31,31
32,32
33,33
34,34
35,35
36,36
37,37
38,38
39,39
40,40
41,41
42,42
43,43
44,44
45,45
36,46
47,47
48,48
49,49
50,50
51,51
56,52
53,53
50,54
55,55
30,56
57,57
58,58
59,59
0,0
1,1
2,2
84,3
4,4
5,5
6,6
7,7
8,8
9,9
75,10
11,11
12,12
13,13
14,14
15,15
16,16
17,17
17,18
19,19
20,20
21,21
48,22
23,23
24,24
25,25
26,26
27,27
28,28
29,29
53,30
31,31
32,32
33,33
34,34
35,35
36,36
37,37
38,38
39,39
40,40
41,41
42,42
43,43
44,44
45,45
36,46
47,47
48,48
54,49
50,50
51,51
52,52
53,53
54,54
55,55
56,56
57,57
58,58
59,59
0,0
1,1
2,2
3,3
4,4
5,5
6,6
7,7
8,8
9,9
29,10
11,11
12,12
13,13
14,14
16,15
16,16
17,17
18,18
19,19
20,20
21,21
22,22
23,23
24,24
25,25
26,26
27,27
28,28
29,29
30,30
31,31
32,32
33,33
34,34
35,35
36,36
37,37
38,38
39,39
40,40
41,41
42,42
43,43
47,44
45,45
46,46
40,47
48,48
49,49
50,50
51,51
52,52
53,53
54,54
55,55
56,56
57,57
58,58
59,59
0,0
90,1
2,2
36,3
35,4
5,5
6,6
7,7
8,8
9,9
11,10
11,11
1,12
13,13
14,14
15,15
15,16
3,17
18,18
19,19
20,20
21,21
22,22
41,23
24,24
25,25
26,26
27,27
29,28
29,29
46,30
16,31
1,32
33,33
34,34
35,35
36,36
37,37
104,38
39,39
40,40
41,41
42,42
43,43
44,44
45,45
46,46
47,47
48,48
49,49
49,50
51,51
52,52
53,53
55,55
55,56
57,57
58,58
59,59
24,0
1,1
2,2
19,3
4,4
5,5
6,6
7,7
8,8
9,9
11,10
11,11
12,12
13,13
14,14
15,15
15,16
17,17
18,18
19,19
20,20
21,21
22,22
23,23
24,24
25,25
26,26
27,27
28,28
29,29
30,30
31,31
32,32
33,33
34,34
35,35
36,36
37,37
38,38
39,39
40,40
41,41
42,42
43,43
44,44
45,45
43,46
47,47
48,48
49,49
50,50
51,51
52,52
53,53
54,54
55,55
52,56
57,57
58,58
59,59
0,0
3,1
29,2
46,3
4,4
5,5
6,6
7,7
8,8
9,9
28,10
11,11
11,12
13,13
86,14
15,15
16,16
61,17
17,18
19,19
65,20
21,21
22,22
23,23
24,24
25,25
26,26
27,27
28,28
29,29
30,30
10,31
28,32
33,33
34,34
35,35
36,36
37,37
38,38
39,39
40,40
41,41
42,42
36,43
16,44
27,45
24,46
47,47
48,48
49,49
50,50
51,51
52,52
53,53
54,54
55,55
56,56
57,57
58,58
58,59
0,0
1,1
2,2
3,3
72,4
5,5
49,6
7,7
25,8
9,9
10,10
11,11
12,12
13,13
14,14
15,15
16,16
17,17
18,18
19,19
20,20
21,21
22,22
23,23
24,24
25,25
26,26
27,27
28,28
4,29
30,30
31,31
32,32
33,33
34,34
35,35
1,36
37,37
38,38
39,39
1,40
41,41
42,42
43,43
44,44
45,45
46,46
47,47
48,48
49,49
50,50
51,51
52,52
53,53
54,54
55,55
56,56
57,57
58,58
59,59
0,0
1,1
0,2
3,3
4,4
5,5
6,6
7,7
8,8
9,9
10,10
11,11
13,12
13,13
14,14
15,15
16,16
17,17
18,18
19,19
20,20
21,21
22,22
23,23
24,24
25,25
26,26
27,27
28,28
29,29
30,30
31,31
32,32
33,33
34,34
35,35
36,36
37,37
39,38
39,39
40,40
41,41
42,42
46,43
44,44
45,45
46,46
47,47
48,48
56,49
50,50
51,51
52,52
53,53
54,54
55,55
56,56
57,57
58,58
59,59
0,0
1,1
2,2
3,3
4,4
5,5
6,6
7,7
8,8
9,9
10,10
11,11
12,12
13,13
14,14
15,15
16,16
17,17
18,18
19,19
20,20
21,21
22,22
23,23
24,24
25,25
26,26
27,27
28,28
29,29
30,30
31,31
32,32
33,33
34,34
35,35
36,36
37,37
38,38
39,39
84,40
91,41
42,42
43,43
44,44
45,45
46,46
47,47
48,48
49,49
50,50
51,51
52,52
53,53
54,54
57,55
56,56
57,57
58,58
59,59
0,0
84,1
2,2
81,3
4,4
5,5
6,6
7,7
8,8
9,9
11,10
11,11
12,12
13,13
14,14
16,15
16,16
17,17
61,18
19,19
20,20
21,21
9,22
23,23
24,24
25,25
26,26
27,27
29,28
29,29
68,30
31,31
32,32
33,33
34,34
35,35
36,36
37,37
38,38
39,39
40,40
41,41
42,42
43,43
44,44
45,45
46,46
47,47
10,48
49,49
50,50
51,51
52,52
53,53
54,54
55,55
108,56
57,57
58,58
59,59
0,0
78,1
2,2
3,3
4,4
5,5
6,6
7,7
8,8
9,9
10,10
11,11
12,12
13,13
14,14
15,15
16,16
17,17
18,18
19,19
20,20
21,21
22,22
23,23
24,24
25,25
26,26
27,27
28,28
29,29
30,30
31,31
32,32
33,33
34,34
35,35
36,36
37,37
38,38
39,39
40,40
41,41
79,42
104,43
44,44
45,45
102,46
47,47
48,48
49,49
50,50
51,51
52,52
54,54
55,55
56,56
57,57
58,58
59,59
0,0
1,1
2,2
3,3
4,4
5,5
6,6
7,7
8,8
9,9
32,10
29,11
12,12
13,13
14,14
15,15
90,16
17,17
18,18
19,19
61,20
21,21
22,22
23,23
45,24
25,25
26,26
27,27
28,28
29,29
30,30
31,31
70,32
84,33
34,34
35,35
36,36
37,37
38,38
39,39
40,40
41,41
42,42
43,43
44,44
45,45
46,46
47,47
48,48
49,49
50,50
51,51
52,52
53,53
54,54
55,55
56,56
57,57
58,58
59,59
0,0
1,1
2,2
3,3
4,4
5,5
6,6
7,7
8,8
9,9
10,10
28,11
12,12
13,13
14,14
15,15
15,16
17,17
18,18
19,19
20,20
21,21
22,22
23,23
24,24
25,25
26,26
27,27
28,28
29,29
31,30
31,31
32,32
33,33
34,34
35,35
36,36
37,37
38,38
39,39
40,40
41,41
42,42
43,43
44,44
45,45
46,46
47,47
48,48
49,49
50,50
51,51
52,52
53,53
54,54
55,55
56,56
57,57
58,58
59,59
1,0
1,1
2,2
3,3
4,4
5,5
6,6
7,7
8,8
9,9
10,10
11,11
12,12
13,13
14,14
15,15
16,16
17,17
18,18
19,19
20,20
21,21
22,22
23,23
24,24
25,25
26,26
102,27
28,28
29,29
30,30
31,31
32,32
84,33
34,34
35,35
84,36
37,37
78,38
39,39
18,40
41,41
42,42
104,43
44,44
45,45
46,46
47,47
9,48
49,49
50,50
51,51
52,52
53,53
54,54
55,55
56,56
57,57
58,58
59,59
0,0
1,1
2,2
3,3
4,4
5,5
62,6
7,7
8,8
9,9
10,10
73,11
12,12
13,13
14,14
16,15
15,16
17,17
18,18
19,19
20,20
21,21
22,22
23,23
24,24
25,25
26,26
27,27
28,28
11,29
30,30
31,31
32,32
33,33
34,34
35,35
36,36
37,37
38,38
39,39
40,40
41,41
42,42
43,43
44,44
45,45
46,46
47,47
48,48
49,49
50,50
51,51
52,52
53,53
54,54
55,55
56,56
57,57
58,58
59,59
0,0
1,1
2,2
3,3
4,4
5,5
6,6
7,7
8,8
9,9
10,10
11,11
12,12
13,13
14,14
15,15
16,16
17,17
18,18
19,19
20,20
21,21
30,22
23,23
24,24
25,25
26,26
27,27
28,28
29,29
30,30
31,31
32,32
33,33
34,34
35,35
36,36
37,37
38,38
39,39
40,40
41,41
42,42
43,43
44,44
45,45
46,46
47,47
92,48
49,49
50,50
51,51
52,52
54,54
55,55
56,56
52,57
58,58
59,59
0,0
1,1
2,2
3,3
4,4
5,5
62,6
7,7
8,8
9,9
10,10
11,11
12,12
13,13
14,14
16,16
1,17
18,18
19,19
20,20
21,21
22,22
23,23
45,24
25,25
26,26
27,27
28,28
29,29
30,30
31,31
9,32
9,33
34,34
35,35
36,36
67,37
38,38
39,39
40,40
41,41
42,42
36,43
44,44
24,45
30,46
40,47
48,48
49,49
50,50
51,51
52,52
53,53
54,54
55,55
56,56
57,57
58,58
59,59
58,0
29,1
2,2
3,3
4,4
5,5
6,6
7,7
8,8
9,9
29,10
29,11
12,12
13,13
14,14
15,15
91,16
17,17
18,18
19,19
93,20
21,21
22,22
23,23
2,24
25,25
26,26
27,27
11,28
11,29
30,30
31,31
32,32
9,33
34,34
35,35
36,36
22,37
38,38
39,39
38,40
41,41
42,42
43,43
52,44
52,45
30,46
44,47
48,48
105,49
109,50
51,51
52,52
53,53
54,54
55,55
56,56
57,57
58,58
59,59
0,0
1,1
2,2
3,3
4,4
5,5
6,6
7,7
8,8
9,9
10,10
11,11
12,12
13,13
14,14
15,15
15,16
17,17
18,18
19,19
20,20
21,21
22,22
23,23
24,24
25,25
26,26
27,27
29,28
29,29
109,30
31,31
32,32
33,33
34,34
35,35
36,36
37,37
38,38
39,39
40,40
41,41
42,42
43,43
44,44
45,45
46,46
47,47
48,48
49,49
50,50
51,51
52,52
53,53
54,54
55,55
56,56
57,57
58,58
59,59
0,0
0,1
2,2
3,3
4,4
5,5
6,6
7,7
8,8
9,9
10,10
28,11
13,12
13,13
14,14
15,15
16,16
17,17
18,18
19,19
20,20
21,21
22,22
23,23
24,24
25,25
26,26
27,27
83,28
29,29
30,30
31,31
32,32
33,33
34,34
35,35
36,36
37,37
38,38
39,39
40,40
41,41
42,42
43,43
44,44
45,45
46,46
47,47
48,48
51,49
110,50
51,51
52,52
53,53
54,54
55,55
56,56
57,57
58,58
59,59
0,0
1,1
0,2
3,3
4,4
5,5
6,6
7,7
8,8
9,9
10,10
10,11
12,12
13,13
14,14
15,15
15,16
17,17
18,18
19,19
20,20
21,21
22,22
23,23
24,24
25,25
26,26
27,27
10,28
29,29
31,30
31,31
32,32
33,33
34,34
35,35
36,36
37,37
38,38
39,39
40,40
41,41
42,42
43,43
44,44
45,45
46,46
47,47
48,48
49,49
50,50
51,51
52,52
53,53
54,54
55,55
56,56
57,57
58,58
59,59
0,0
1,1
2,2
3,3
4,4
5,5
6,6
7,7
8,8
9,9
28,10
28,11
12,12
13,13
14,14
15,15
15,16
17,17
18,18
19,19
20,20
21,21
22,22
23,23
24,24
25,25
26,26
27,27
29,28
29,29
30,30
30,31
32,32
9,33
34,34
35,35
29,36
37,37
38,38
39,39
47,40
41,41
42,42
43,43
44,44
45,45
46,46
47,47
48,48
49,49
50,50
51,51
52,52
53,53
54,54
55,55
56,56
57,57
58,58
59,59
0,0
1,1
2,2
3,3
4,4
5,5
6,6
7,7
8,8
9,9
11,10
11,11
12,12
13,13
14,14
15,15
16,16
17,17
18,18
19,19
20,20
21,21
22,22
23,23
24,24
25,25
26,26
27,27
28,28
74,29
71,30
31,31
32,32
33,33
34,34
35,35
36,36
37,37
38,38
39,39
40,40
41,41
42,42
43,43
44,44
45,45
46,46
47,47
48,48
49,49
50,50
51,51
52,52
53,53
54,54
55,55
56,56
57,57
58,58
59,59
0,0
1,1
2,2
3,3
4,4
5,5
6,6
7,7
8,8
9,9
74,10
75,11
12,12
13,13
14,14
15,15
15,16
17,17
18,18
19,19
20,20
21,21
22,22
23,23
24,24
25,25
26,26
27,27
28,28
29,29
30,30
31,31
32,32
9,33
34,34
35,35
36,36
37,37
38,38
39,39
40,40
41,41
42,42
43,43
44,44
45,45
46,46
47,47
48,48
49,49
50,50
51,51
52,52
53,53
54,54
55,55
56,56
57,57
58,58
59,59
0,0
1,1
2,2
3,3
4,4
5,5
6,6
7,7
8,8
9,9
10,10
11,11
12,12
13,13
14,14
16,15
16,16
17,17
18,18
19,19
20,20
21,21
22,22
23,23
24,24
25,25
26,26
27,27
28,28
29,29
30,30
31,31
32,32
33,33
34,34
35,35
36,36
37,37
38,38
104,40
41,41
42,42
43,43
44,44
45,45
46,46
47,47
48,48
49,49
50,50
51,51
52,52
109,53
54,54
55,55
56,56
57,57
58,58
59,59
0,0
78,1
104,2
3,3
4,4
5,5
6,6
7,7
8,8
9,9
81,10
74,11
12,12
13,13
14,14
15,15
16,16
24,17
84,18
19,19
20,20
21,21
22,22
23,23
24,24
25,25
26,26
66,27
74,28
29,29
32,30
31,31
32,32
33,33
34,34
35,35
36,36
92,37
38,38
39,39
40,40
41,41
42,42
43,43
44,44
45,45
46,46
47,47
48,48
49,49
110,50
51,51
52,52
53,53
54,54
55,55
56,56
57,57
58,58
59,59
40,0
40,1
2,2
3,3
4,4
5,5
6,6
7,7
8,8
9,9
10,10
11,11
12,12
13,13
14,14
15,15
16,16
17,17
18,18
19,19
20,20
21,21
22,22
23,23
24,24
25,25
26,26
27,27
28,28
29,29
30,30
31,31
32,32
33,33
34,34
35,35
36,36
37,37
38,38
39,39
104,40
41,41
42,42
43,43
44,44
45,45
46,46
47,47
48,48
49,49
50,50
51,51
52,52
53,53
54,54
117,55
56,56
57,57
58,58
59,59
0,0
1,1
2,2
3,3
4,4
5,5
6,6
7,7
8,8
9,9
10,10
10,11
12,12
13,13
14,14
15,15
16,16
17,17
18,18
19,19
20,20
21,21
22,22
23,23
24,24
25,25
26,26
27,27
28,28
29,29
53,30
31,31
32,32
33,33
29,34
35,35
36,36
37,37
38,38
39,39
43,40
41,41
42,42
43,43
29,44
45,45
46,46
47,47
48,48
49,49
50,50
51,51
52,52
53,53
54,54
55,55
56,56
57,57
58,58
59,59
0,0
1,1
2,2
3,3
90,4
5,5
6,6
7,7
25,8
9,9
10,10
11,11
12,12
13,13
14,14
15,15
15,16
17,17
18,18
19,19
20,20
21,21
22,22
23,23
24,24
25,25
26,26
27,27
28,28
29,29
30,30
31,31
32,32
33,33
34,34
35,35
84,36
37,37
38,38
39,39
40,40
41,41
42,42
43,43
44,44
45,45
46,46
47,47
48,48
49,49
50,50
51,51
52,52
53,53
54,54
55,55
56,56
57,57
58,58
59,59
0,0
1,1
0,2
3,3
4,4
5,5
6,6
7,7
8,8
9,9
12,10
11,11
86,12
13,13
14,14
15,15
16,16
17,17
18,18
19,19
20,20
21,21
22,22
23,23
24,24
25,25
26,26
27,27
11,28
29,29
30,30
31,31
32,32
33,33
34,34
73,35
36,36
37,37
38,38
39,39
40,40
41,41
42,42
43,43
44,44
45,45
46,46
47,47
48,48
56,49
50,50
51,51
52,52
53,53
54,54
117,55
56,56
57,57
58,58
59,59
0,0
1,1
2,2
3,3
4,4
5,5
6,6
7,7
8,8
9,9
10,10
29,11
12,12
13,13
14,14
15,15
16,16
0,17
18,18
19,19
20,20
21,21
22,22
23,23
24,24
25,25
26,26
27,27
28,28
1,29
69,30
30,31
32,32
33,33
34,34
35,35
36,36
37,37
38,38
39,39
18,40
41,41
42,42
3,43
44,44
45,45
3,46
47,47
48,48
49,49
50,50
51,51
52,52
53,53
54,54
55,55
49,56
57,57
58,58
59,59
0,0
1,1
2,2
3,3
86,4
5,5
64,6
7,7
8,8
9,9
10,10
29,11
12,12
13,13
14,14
16,15
16,16
17,17
20,18
19,19
20,20
21,21
22,22
23,23
24,24
25,25
26,26
27,27
10,28
29,29
68,30
31,31
32,32
33,33
34,34
35,35
3,36
37,37
39,38
39,39
40,40
91,41
42,42
43,43
44,44
45,45
46,46
47,47
10,48
49,49
50,50
51,51
106,52
109,53
54,54
55,55
108,56
57,57
58,58
59,59
0,0
66,1
102,2
36,3
4,4
5,5
6,6
7,7
8,8
9,9
10,10
11,11
77,12
13,13
14,14
15,15
16,16
78,17
18,18
19,19
67,20
21,21
22,22
23,23
24,24
25,25
26,26
27,27
28,28
72,29
30,30
31,31
32,32
33,33
34,34
35,35
36,36
102,37
102,38
39,39
40,40
41,41
79,42
104,43
44,44
45,45
46,46
47,47
48,48
49,49
50,50
51,51
53,52
54,54
55,55
56,56
57,57
58,58
59,59
0,0
1,1
2,2
3,3
4,4
5,5
6,6
7,7
8,8
9,9
82,10
73,11
12,12
13,13
14,14
15,15
16,16
17,17
77,18
19,19
20,20
21,21
22,22
23,23
24,24
25,25
26,26
27,27
28,28
29,29
30,30
114,31
69,32
33,33
34,34
35,35
36,36
37,37
38,38
39,39
40,40
41,41
42,42
43,43
44,44
45,45
46,46
47,47
48,48
49,49
50,50
51,51
52,52
53,53
54,54
55,55
56,56
57,57
58,58
59,59
0,0
1,1
2,2
3,3
4,4
5,5
6,6
7,7
8,8
9,9
10,10
11,11
12,12
13,13
14,14
15,15
16,16
17,17
18,18
19,19
20,20
21,21
22,22
23,23
24,24
25,25
26,26
102,27
72,28
29,29
30,30
30,31
32,32
33,33
34,34
92,35
84,36
37,37
38,38
39,39
40,40
41,41
79,42
43,43
44,44
45,45
46,46
47,47
48,48
49,49
50,50
51,51
52,52
53,53
54,54
55,55
55,56
57,57
58,58
59,59
2,0
1,1
2,2
3,3
4,4
5,5
6,6
7,7
8,8
9,9
10,10
10,11
12,12
13,13
14,14
15,15
16,16
17,17
18,18
19,19
20,20
21,21
22,22
23,23
24,24
25,25
26,26
102,27
28,28
29,29
30,30
31,31
32,32
84,33
34,34
35,35
36,36
37,37
78,38
39,39
17,40
41,41
42,42
43,43
84,44
45,45
46,46
47,47
73,48
49,49
50,50
51,51
52,52
109,53
54,54
55,55
56,56
55,57
58,58
59,59
0,0
1,1
27,2
36,3
101,4
5,5
62,6
7,7
8,8
9,9
10,10
32,11
12,12
13,13
14,14
15,15
16,16
17,17
18,18
19,19
20,20
94,21
22,22
23,23
24,24
25,25
26,26
84,27
28,28
12,29
30,30
31,31
32,32
33,33
34,34
35,35
36,36
37,37
38,38
39,39
40,40
41,41
42,42
37,43
44,44
45,45
46,46
47,47
48,48
49,49
50,50
51,51
52,52
53,53
54,54
55,55
56,56
57,57
58,58
59,59
0,0
1,1
2,2
3,3
4,4
5,5
6,6
7,7
8,8
9,9
10,10
11,11
12,12
13,13
14,14
15,15
15,16
17,17
18,18
19,19
20,20
21,21
30,22
23,23
24,24
25,25
26,26
27,27
28,28
29,29
30,30
31,31
32,32
33,33
34,34
35,35
36,36
37,37
38,38
39,39
40,40
41,41
42,42
43,43
44,44
45,45
46,46
47,47
92,48
49,49
50,50
51,51
52,52
54,54
55,55
56,56
50,57
58,58
59,59
0,0
1,1
19,2
3,3
64,4
5,5
94,6
7,7
8,8
39,9
10,10
11,11
12,12
13,13
14,14
15,15
5,16
36,17
18,18
19,19
20,20
21,21
48,22
115,23
86,24
25,25
107,26
27,27
28,28
73,29
62,30
31,31
33,32
9,33
34,34
35,35
24,36
94,37
104,38
39,39
86,40
41,41
42,42
2,43
26,44
28,45
45,46
16,47
92,48
49,49
50,50
51,51
52,52
53,53
54,54
55,55
56,56
57,57
58,58
59,59
0,0
1,1
2,2
3,3
4,4
5,5
6,6
7,7
8,8
9,9
81,10
29,11
12,12
13,13
14,14
15,15
5,16
17,17
18,18
19,19
20,20
21,21
22,22
23,23
24,24
25,25
26,26
27,27
11,28
29,29
52,30
31,31
32,32
9,33
34,34
35,35
36,36
43,37
38,38
39,39
40,40
41,41
42,42
43,43
44,44
52,45
46,46
40,47
48,48
49,49
50,50
51,51
52,52
109,53
54,54
55,55
56,56
57,57
58,58
59,59
0,0
1,1
2,2
3,3
4,4
5,5
6,6
7,7
8,8
9,9
10,10
11,11
12,12
13,13
14,14
15,15
16,16
11,17
18,18
19,19
20,20
21,21
22,22
23,23
12,24
25,25
26,26
27,27
72,28
29,29
30,30
31,31
32,32
33,33
34,34
35,35
36,36
37,37
38,38
39,39
40,40
41,41
42,42
43,43
44,44
45,45
46,46
47,47
48,48
49,49
50,50
51,51
52,52
53,53
54,54
57,55
52,56
57,57
58,58
59,59
0,0
1,1
2,2
3,3
4,4
5,5
6,6
7,7
8,8
9,9
10,10
11,11
12,12
13,13
14,14
15,15
16,16
17,17
18,18
19,19
20,20
21,21
22,22
23,23
24,24
25,25
26,26
27,27
28,28
11,29
30,30
31,31
32,32
9,33
34,34
35,35
36,36
37,37
38,38
39,39
40,40
41,41
42,42
43,43
38,44
45,45
46,46
47,47
48,48
51,49
50,50
51,51
52,52
109,53
54,54
55,55
56,56
57,57
58,58
59,59
0,0
1,1
0,2
3,3
4,4
5,5
6,6
7,7
8,8
33,9
29,10
11,11
12,12
13,13
14,14
16,15
16,16
17,17
18,18
19,19
20,20
21,21
22,22
23,23
24,24
25,25
26,26
27,27
29,28
29,29
32,30
31,31
32,32
33,33
34,34
35,35
36,36
37,37
38,38
39,39
40,40
41,41
42,42
43,43
44,44
44,45
46,46
47,47
3,48
49,49
50,50
51,51
52,52
53,53
54,54
55,55
53,56
57,57
58,58
59,59
0,0
1,1
2,2
3,3
4,4
5,5
6,6
7,7
8,8
9,9
10,10
11,11
48,12
13,13
14,14
15,15
15,16
17,17
18,18
19,19
20,20
21,21
22,22
23,23
24,24
25,25
26,26
27,27
28,28
29,29
30,30
30,31
32,32
9,33
34,34
35,35
36,36
37,37
38,38
39,39
44,40
41,41
42,42
43,43
44,44
45,45
46,46
16,47
48,48
49,49
50,50
51,51
52,52
53,53
54,54
55,55
56,56
57,57
58,58
59,59
0,0
1,1
2,2
3,3
4,4
5,5
6,6
7,7
8,8
9,9
10,10
11,11
12,12
13,13
14,14
15,15
16,16
17,17
18,18
19,19
20,20
21,21
92,22
23,23
68,24
25,25
26,26
78,27
28,28
83,29
71,30
31,31
32,32
33,33
34,34
35,35
36,36
102,37
38,38
39,39
104,40
41,41
42,42
60,43
44,44
45,45
46,46
47,47
48,48
49,49
50,50
51,51
52,52
53,53
54,54
57,55
108,56
57,57
58,58
59,59
0,0
1,1
2,2
3,3
4,4
5,5
6,6
7,7
8,8
9,9
11,10
29,11
12,12
13,13
14,14
16,15
16,16
17,17
18,18
19,19
20,20
21,21
92,22
23,23
24,24
25,25
26,26
27,27
28,28
29,29
68,30
31,31
32,32
33,33
34,34
35,35
36,36
37,37
38,38
39,39
104,40
41,41
42,42
43,43
44,44
45,45
46,46
47,47
48,48
49,49
50,50
51,51
52,52
53,53
54,54
55,55
56,56
57,57
58,58
59,59
0,0
1,1
2,2
3,3
4,4
5,5
62,6
7,7
8,8
9,9
10,10
11,11
12,12
13,13
14,14
5,15
16,16
17,17
18,18
19,19
20,20
21,21
22,22
23,23
24,24
25,25
26,26
27,27
28,28
29,29
30,30
31,31
32,32
33,33
34,34
35,35
36,36
37,37
38,38
104,40
41,41
42,42
104,43
44,44
45,45
46,46
47,47
48,48
49,49
110,50
51,51
52,52
53,53
54,54
55,55
56,56
57,57
58,58
59,59
0,0
78,1
104,2
3,3
4,4
5,5
6,6
7,7
8,8
9,9
9,10
11,11
12,12
13,13
14,14
16,15
16,16
17,17
18,18
19,19
20,20
21,21
22,22
23,23
24,24
25,25
26,26
104,27
74,28
29,29
68,30
31,31
32,32
33,33
34,34
35,35
36,36
37,37
38,38
39,39
40,40
41,41
42,42
43,43
44,44
45,45
46,46
47,47
48,48
49,49
50,50
51,51
52,52
53,53
54,54
55,55
56,56
57,57
58,58
59,59
2,0
104,1
2,2
3,3
4,4
5,5
6,6
7,7
8,8
9,9
10,10
10,11
81,12
13,13
14,14
15,15
16,16
17,17
18,18
19,19
20,20
21,21
22,22
23,23
24,24
25,25
26,26
27,27
28,28
29,29
30,30
31,31
32,32
33,33
34,34
35,35
36,36
37,37
38,38
114,39
104,40
41,41
42,42
43,43
44,44
45,45
46,46
47,47
48,48
49,49
50,50
51,51
52,52
109,53
54,54
55,55
56,56
57,57
58,58
59,59
0,0
1,1
2,2
3,3
4,4
5,5
6,6
7,7
8,8
9,9
11,10
10,11
12,12
13,13
14,14
15,15
16,16
17,17
18,18
19,19
20,20
21,21
22,22
23,23
24,24
25,25
26,26
27,27
28,28
29,29
30,30
31,31
32,32
33,33
34,34
35,35
36,36
37,37
38,38
39,39
78,40
41,41
42,42
17,43
44,44
45,45
46,46
47,47
48,48
105,49
50,50
51,51
52,52
53,53
54,54
55,55
56,56
57,57
58,58
59,59
0,0
1,1
2,2
3,3
90,4
5,5
105,6
7,7
8,8
9,9
10,10
11,11
12,12
13,13
14,14
15,15
16,16
17,17
18,18
19,19
20,20
21,21
22,22
23,23
14,24
25,25
26,26
27,27
28,28
29,29
30,30
31,31
32,32
33,33
34,34
35,35
36,36
37,37
38,38
39,39
40,40
41,41
42,42
43,43
44,44
45,45
46,46
47,47
48,48
105,49
50,50
51,51
52,52
111,53
54,54
55,55
111,56
57,57
58,58
59,59
0,0
1,1
2,2
36,3
4,4
100,5
6,6
7,7
8,8
82,9
10,10
11,11
12,12
13,13
14,14
15,15
16,16
17,17
18,18
19,19
20,20
21,21
22,22
23,23
24,24
25,25
26,26
27,27
28,28
29,29
30,30
31,31
32,32
33,33
34,34
35,35
36,36
37,37
39,38
39,39
40,40
41,41
42,42
43,43
44,44
45,45
46,46
47,47
48,48
50,49
50,50
51,51
52,52
53,53
54,54
117,55
108,56
57,57
58,58
59,59
0,0
1,1
2,2
3,3
4,4
5,5
6,6
7,7
8,8
9,9
10,10
29,11
12,12
13,13
14,14
15,15
16,16
17,17
18,18
19,19
20,20
21,21
22,22
23,23
24,24
25,25
26,26
27,27
28,28
72,29
30,30
31,31
32,32
33,33
34,34
35,35
36,36
37,37
38,38
39,39
18,40
41,41
42,42
43,43
44,44
45,45
46,46
47,47
48,48
49,49
50,50
51,51
52,52
53,53
54,54
55,55
49,56
57,57
58,58
59,59
0,0
1,1
2,2
74,3
32,4
5,5
6,6
7,7
8,8
9,9
27,10
10,11
12,12
13,13
14,14
15,15
16,16
17,17
18,18
16,19
61,20
21,21
9,22
23,23
24,24
25,25
26,26
1,27
29,28
29,29
68,30
31,31
32,32
9,33
34,34
35,35
3,36
37,37
104,38
39,39
40,40
41,41
42,42
46,43
44,44
45,45
46,46
47,47
72,48
49,49
50,50
51,51
52,52
53,53
54,54
55,55
56,56
57,57
59,59
0,0
78,1
2,2
3,3
4,4
5,5
6,6
7,7
8,8
9,9
75,10
29,11
12,12
13,13
14,14
15,15
16,16
17,17
18,18
19,19
20,20
21,21
22,22
23,23
24,24
25,25
26,26
27,27
28,28
29,29
30,30
31,31
32,32
33,33
34,34
35,35
36,36
37,37
38,38
39,39
40,40
41,41
79,42
104,43
44,44
45,45
102,46
47,47
48,48
49,49
50,50
51,51
116,52
116,54
55,55
56,56
57,57
58,58
59,59
0,0
28,1
37,2
3,3
4,4
5,5
93,6
79,7
8,8
9,9
73,10
28,11
12,12
13,13
14,14
15,15
90,16
1,17
18,18
19,19
20,20
62,21
22,22
23,23
87,24
25,25
26,26
27,27
28,28
73,29
30,30
31,31
32,32
92,33
34,34
35,35
36,36
37,37
38,38
39,39
40,40
41,41
79,42
104,43
44,44
45,45
104,46
47,47
48,48
49,49
50,50
51,51
106,52
53,53
54,54
55,55
56,56
57,57
58,58
59,59
0,0
1,1
2,2
3,3
4,4
5,5
6,6
7,7
8,8
9,9
10,10
10,11
12,12
13,13
14,14
15,15
16,16
17,17
18,18
19,19
20,20
21,21
22,22
23,23
24,24
25,25
26,26
27,27
28,28
29,29
30,30
30,31
32,32
33,33
34,34
35,35
36,36
37,37
38,38
39,39
40,40
41,41
42,42
43,43
44,44
45,45
46,46
47,47
48,48
49,49
50,50
51,51
52,52
109,53
54,54
55,55
56,56
57,57
58,58
59,59
0,0
1,1
2,2
3,3
4,4
5,5
6,6
7,7
8,8
82,9
11,10
29,11
12,12
13,13
14,14
16,15
16,16
17,17
18,18
19,19
20,20
21,21
31,22
23,23
24,24
25,25
26,26
104,27
28,28
29,29
30,30
31,31
16,32
92,33
34,34
84,35
84,36
104,37
78,38
62,39
18,40
59,41
42,42
66,43
16,44
45,45
43,46
47,47
48,48
111,49
50,50
51,51
53,52
53,53
54,54
55,55
56,56
55,57
58,58
59,59
0,0
1,1
2,2
3,3
4,4
5,5
6,6
7,7
8,8
9,9
10,10
74,11
86,12
13,13
14,14
15,15
16,16
17,17
40,18
19,19
20,20
21,21
22,22
23,23
24,24
25,25
26,26
27,27
28,28
29,29
30,30
31,31
32,32
33,33
34,34
35,35
36,36
37,37
38,38
39,39
40,40
41,41
42,42
43,43
44,44
45,45
46,46
47,47
48,48
49,49
50,50
51,51
52,52
53,53
54,54
55,55
56,56
57,57
58,58
59,59
0,0
1,1
92,2
36,3
4,4
5,5
21,6
7,7
8,8
9,9
10,10
29,11
12,12
13,13
14,14
15,15
16,16
17,17
18,18
19,19
20,20
92,21
30,22
23,23
24,24
25,25
26,26
27,27
28,28
29,29
30,30
31,31
32,32
77,33
34,34
35,35
36,36
37,37
38,38
39,39
40,40
41,41
42,42
43,43
44,44
45,45
46,46
47,47
22,48
49,49
50,50
51,51
53,52
116,54
55,55
56,56
50,57
58,58
59,59
0,0
1,1
2,2
3,3
4,4
5,5
62,6
79,7
8,8
9,9
11,10
11,11
12,12
13,13
14,14
16,15
29,16
17,17
18,18
19,19
20,20
21,21
22,22
23,23
52,24
25,25
26,26
27,27
29,28
29,29
30,30
31,31
32,32
9,33
34,34
35,35
36,36
37,37
38,38
39,39
40,40
41,41
42,42
9,43
44,44
52,45
46,46
36,47
48,48
49,49
50,50
51,51
52,52
53,53
54,54
55,55
56,56
57,57
58,58
59,59
0,0
35,1
2,2
2,3
4,4
5,5
6,6
7,7
8,8
66,9
11,10
11,11
12,12
13,13
14,14
16,15
16,16
28,17
18,18
19,19
93,20
21,21
48,22
23,23
11,24
22,25
22,26
22,27
29,28
81,29
30,30
31,31
28,32
9,33
34,34
67,35
83,36
1,37
66,38
109,39
54,40
41,41
7,42
9,43
73,44
56,45
2,46
16,47
48,48
109,49
109,50
51,51
52,52
105,53
54,54
56,55
52,56
57,57
58,58
59,59
0,0
1,1
2,2
3,3
4,4
5,5
6,6
7,7
8,8
9,9
10,10
11,11
12,12
13,13
14,14
15,15
15,16
1,17
18,18
19,19
20,20
21,21
22,22
23,23
1,24
25,25
26,26
27,27
28,28
29,29
30,30
31,31
32,32
33,33
34,34
35,35
36,36
37,37
38,38
39,39
40,40
41,41
42,42
43,43
44,44
45,45
46,46
47,47
48,48
49,49
50,50
51,51
52,52
53,53
54,54
55,55
56,56
57,57
58,58
59,59
0,0
78,1
1,2
3,3
4,4
5,5
6,6
7,7
8,8
9,9
10,10
11,11
12,12
13,13
14,14
15,15
15,16
17,17
18,18
19,19
20,20
21,21
22,22
23,23
24,24
25,25
26,26
27,27
83,28
11,29
30,30
31,31
65,32
33,33
34,34
35,35
36,36
70,37
38,38
39,39
40,40
41,41
42,42
43,43
40,44
35,45
46,46
47,47
48,48
51,49
50,50
51,51
52,52
53,53
54,54
55,55
52,56
57,57
58,58
59,59
0,0
1,1
2,2
3,3
4,4
5,5
6,6
7,7
8,8
9,9
29,10
11,11
12,12
13,13
14,14
15,15
16,16
17,17
18,18
19,19
20,20
21,21
22,22
23,23
24,24
25,25
26,26
27,27
28,28
29,29
31,30
31,31
32,32
33,33
34,34
35,35
36,36
37,37
38,38
39,39
40,40
41,41
42,42
43,43
44,44
45,45
46,46
47,47
48,48
49,49
50,50
51,51
52,52
53,53
54,54
55,55
56,56
57,57
58,58
59,59
0,0
1,1
43,2
3,3
4,4
5,5
6,6
7,7
8,8
9,9
11,10
11,11
12,12
13,13
14,14
15,15
15,16
17,17
18,18
19,19
20,20
22,22
23,23
24,24
25,25
26,26
27,27
28,28
29,29
31,30
31,31
32,32
82,33
34,34
35,35
3,36
37,37
38,38
39,39
34,40
41,41
42,42
3,43
44,44
45,45
46,46
15,47
48,48
49,49
50,50
51,51
116,52
53,53
54,54
117,55
56,56
57,57
58,58
115,59
0,0
1,1
2,2
3,3
4,4
5,5
6,6
7,7
8,8
9,9
10,10
11,11
12,12
13,13
14,14
15,15
5,16
17,17
18,18
19,19
20,20
21,21
22,22
23,23
24,24
25,25
26,26
27,27
28,28
29,29
68,30
31,31
32,32
33,33
34,34
35,35
36,36
37,37
38,38
39,39
40,40
41,41
42,42
43,43
44,44
45,45
46,46
47,47
48,48
49,49
50,50
51,51
52,52
53,53
24,55
56,56
65,57
58,58
59,59
0,0
102,1
0,2
3,3
82,4
5,5
6,6
7,7
8,8
9,9
75,10
10,11
12,12
13,13
14,14
16,15
16,16
17,17
18,18
19,19
20,20
21,21
92,22
23,23
24,24
25,25
26,26
27,27
28,28
73,29
30,30
31,31
32,32
33,33
34,34
102,35
36,36
67,37
38,38
39,39
104,40
41,41
79,42
43,43
44,44
45,45
46,46
47,47
48,48
49,49
110,50
51,51
52,52
53,53
54,54
55,55
56,56
57,57
58,58
59,59
0,0
1,1
2,2
3,3
4,4
5,5
6,6
7,7
8,8
9,9
10,10
11,11
12,12
13,13
14,14
16,15
16,16
17,17
18,18
19,19
20,20
21,21
22,22
23,23
24,24
25,25
26,26
27,27
28,28
29,29
30,30
31,31
32,32
33,33
34,34
35,35
36,36
37,37
38,38
104,40
41,41
42,42
104,43
44,44
45,45
46,46
47,47
48,48
49,49
50,50
51,51
52,52
109,53
54,54
55,55
56,56
57,57
58,58
59,59
0,0
78,1
37,2
2,3
4,4
5,5
6,6
7,7
8,8
9,9
10,10
11,11
12,12
13,13
14,14
16,15
16,16
17,17
61,18
19,19
80,20
21,21
22,22
23,23
4,24
25,25
26,26
66,27
74,28
29,29
71,30
31,31
68,32
33,33
34,34
35,35
36,36
102,37
38,38
39,39
40,40
41,41
42,42
43,43
44,44
45,45
46,46
63,47
48,48
49,49
110,50
51,51
52,52
53,53
54,54
55,55
52,56
57,57
58,58
59,59
104,0
1,1
2,2
3,3
4,4
5,5
6,6
7,7
8,8
9,9
10,10
29,11
12,12
13,13
14,14
15,15
16,16
17,17
18,18
19,19
20,20
21,21
22,22
23,23
24,24
25,25
26,26
27,27
28,28
29,29
30,30
31,31
32,32
33,33
34,34
35,35
36,36
37,37
38,38
39,39
104,40
41,41
42,42
43,43
44,44
45,45
46,46
47,47
48,48
49,49
50,50
51,51
52,52
53,53
54,54
55,55
56,56
57,57
58,58
59,59
0,0
1,1
2,2
3,3
4,4
5,5
6,6
7,7
8,8
9,9
75,10
75,11
12,12
13,13
14,14
15,15
16,16
17,17
61,18
19,19
20,20
21,21
22,22
23,23
24,24
25,25
26,26
27,27
28,28
29,29
30,30
31,31
32,32
33,33
34,34
35,35
104,36
37,37
38,38
39,39
104,40
41,41
42,42
46,43
44,44
45,45
46,46
47,47
48,48
49,49
50,50
51,51
52,52
53,53
54,54
51,55
56,56
57,57
58,58
59,59
0,0
1,1
2,2
3,3
4,4
5,5
6,6
7,7
8,8
9,9
10,10
29,11
12,12
13,13
14,14
15,15
16,16
17,17
18,18
19,19
20,20
21,21
22,22
23,23
24,24
25,25
26,26
27,27
28,28
29,29
30,30
31,31
32,32
33,33
34,34
35,35
84,36
37,37
38,38
39,39
40,40
41,41
42,42
43,43
44,44
45,45
67,46
47,47
48,48
49,49
50,50
51,51
52,52
53,53
54,54
55,55
56,56
57,57
58,58
59,59
0,0
10,1
0,2
3,3
4,4
5,5
6,6
7,7
8,8
9,9
10,10
11,11
16,12
13,13
14,14
15,15
16,16
17,17
18,18
19,19
20,20
21,21
22,22
8,23
24,24
25,25
26,26
27,27
28,28
11,29
30,30
30,31
1,32
33,33
34,34
35,35
22,36
22,37
38,38
39,39
40,40
41,41
42,42
43,43
44,44
45,45
46,46
47,47
48,48
49,49
50,50
51,51
52,52
53,53
54,54
55,55
56,56
57,57
58,58
59,59
0,0
1,1
2,2
3,3
4,4
5,5
6,6
7,7
8,8
97,9
90,10
29,11
12,12
13,13
14,14
16,15
16,16
17,17
18,18
19,19
20,20
21,21
22,22
23,23
24,24
25,25
26,26
27,27
28,28
29,29
30,30
31,31
32,32
33,33
34,34
35,35
36,36
37,37
38,38
39,39
40,40
41,41
42,42
43,43
44,44
45,45
46,46
47,47
48,48
49,49
50,50
51,51
52,52
53,53
54,54
55,55
56,56
57,57
41,58
59,59
0,0
29,1
2,2
3,3
9,4
16,5
34,6
16,7
90,8
48,9
29,10
11,11
12,12
13,13
14,14
15,15
16,16
17,17
1,18
19,19
20,20
21,21
22,22
23,23
24,24
25,25
26,26
27,27
28,28
29,29
30,30
31,31
32,32
33,33
34,34
35,35
36,36
69,37
39,38
104,40
41,41
42,42
43,43
45,44
45,45
46,46
47,47
48,48
49,49
50,50
51,51
52,52
53,53
54,54
55,55
56,56
105,57
58,58
59,59
0,0
1,1
2,2
3,3
4,4
5,5
6,6
7,7
8,8
9,9
10,10
29,11
12,12
13,13
14,14
15,15
5,16
17,17
18,18
19,19
20,20
21,21
22,22
23,23
24,24
25,25
26,26
27,27
28,28
29,29
30,30
30,31
32,32
33,33
34,34
24,35
36,36
37,37
38,38
39,39
40,40
41,41
42,42
43,43
34,44
24,45
46,46
47,47
48,48
49,49
50,50
51,51
52,52
53,53
54,54
55,55
59,56
57,57
58,58
59,59
0,0
1,1
2,2
3,3
16,4
5,5
6,6
7,7
8,8
9,9
10,10
11,11
62,12
10,13
33,14
15,15
15,16
17,17
9,18
12,19
100,20
9,21
22,22
62,23
17,24
10,25
22,26
16,27
11,28
10,29
5,30
12,31
22,32
9,33
21,34
21,35
13,36
21,37
21,38
21,39
21,40
12,41
42,42
43,43
34,44
4,45
46,46
47,47
48,48
49,49
50,50
51,51
52,52
53,53
54,54
55,55
56,56
57,57
58,58
59,59
0,0
0,1
2,2
3,3
4,4
5,5
6,6
7,7
8,8
9,9
10,10
11,11
12,12
13,13
14,14
15,15
16,16
17,17
18,18
19,19
20,20
21,21
22,22
23,23
24,24
25,25
26,26
27,27
28,28
29,29
30,30
31,31
32,32
33,33
34,34
35,35
36,36
37,37
38,38
39,39
40,40
41,41
42,42
43,43
44,44
45,45
46,46
47,47
48,48
49,49
50,50
51,51
52,52
53,53
55,55
56,56
57,57
58,58
59,59
0,0
1,1
2,2
3,3
4,4
5,5
6,6
7,7
8,8
9,9
10,10
11,11
12,12
13,13
14,14
15,15
16,16
17,17
18,18
19,19
20,20
21,21
22,22
23,23
24,24
25,25
26,26
27,27
73,28
29,29
30,30
31,31
32,32
9,33
34,34
35,35
36,36
37,37
38,38
39,39
40,40
41,41
42,42
104,43
44,44
45,45
43,46
47,47
48,48
53,49
50,50
51,51
52,52
109,53
54,54
55,55
56,56
57,57
58,58
59,59
0,0
1,1
2,2
3,3
4,4
5,5
62,6
7,7
8,8
9,9
10,10
29,11
12,12
13,13
14,14
15,15
16,16
17,17
18,18
19,19
20,20
21,21
22,22
23,23
24,24
25,25
26,26
27,27
29,28
29,29
30,30
31,31
32,32
33,33
34,34
35,35
36,36
37,37
38,38
39,39
40,40
41,41
42,42
43,43
24,44
45,45
46,46
47,47
48,48
49,49
50,50
51,51
52,52
53,53
55,55
56,56
57,57
58,58
59,59
0,0
1,1
2,2
3,3
4,4
5,5
6,6
7,7
8,8
9,9
10,10
11,11
12,12
13,13
14,14
15,15
16,16
17,17
18,18
19,19
20,20
21,21
22,22
23,23
24,24
25,25
26,26
27,27
11,28
29,29
30,30
31,31
32,32
33,33
34,34
35,35
36,36
37,37
38,38
39,39
40,40
41,41
42,42
36,43
36,44
45,45
46,46
47,47
48,48
49,49
50,50
51,51
52,52
53,53
55,55
56,56
57,57
58,58
59,59
0,0
1,1
2,2
3,3
4,4
5,5
6,6
7,7
8,8
9,9
10,10
11,11
12,12
13,13
14,14
15,15
16,16
17,17
18,18
19,19
20,20
21,21
22,22
23,23
24,24
25,25
26,26
27,27
28,28
11,29
30,30
31,31
32,32
33,33
34,34
35,35
36,36
37,37
38,38
39,39
40,40
41,41
42,42
43,43
44,44
45,45
46,46
47,47
48,48
105,49
50,50
51,51
52,52
53,53
54,54
55,55
56,56
57,57
58,58
59,59
0,0
1,1
2,2
3,3
4,4
5,5
6,6
7,7
8,8
9,9
10,10
11,11
12,12
13,13
14,14
15,15
16,16
17,17
18,18
19,19
20,20
21,21
22,22
23,23
24,24
25,25
26,26
27,27
28,28
29,29
30,30
31,31
32,32
33,33
34,34
35,35
36,36
37,37
38,38
39,39
47,40
41,41
42,42
43,43
44,44
45,45
46,46
47,47
48,48
49,49
50,50
51,51
52,52
53,53
54,54
55,55
56,56
57,57
59,58
115,59
10,0
1,1
17,2
10,3
16,4
16,5
31,6
16,7
8,8
9,9
11,10
11,11
22,12
13,13
14,14
15,15
15,16
17,17
18,18
19,19
20,20
21,21
22,22
23,23
24,24
25,25
26,26
27,27
83,28
29,29
30,30
31,31
32,32
33,33
34,34
35,35
36,36
37,37
38,38
39,39
47,40
41,41
42,42
43,43
45,44
45,45
46,46
47,47
48,48
49,49
50,50
51,51
52,52
53,53
54,54
55,55
52,56
57,57
58,58
59,59
0,0
27,1
2,2
3,3
4,4
5,5
100,6
47,7
8,8
9,9
10,10
29,11
12,12
13,13
14,14
15,15
15,16
17,17
18,18
19,19
20,20
21,21
22,22
23,23
14,24
25,25
26,26
27,27
11,28
29,29
30,30
31,31
32,32
33,33
34,34
29,35
36,36
37,37
38,38
39,39
40,40
41,41
42,42
43,43
44,44
45,45
46,46
47,47
10,48
49,49
53,50
51,51
52,52
53,53
54,54
55,55
56,56
57,57
58,58
59,59
0,0
1,1
2,2
3,3
4,4
5,5
6,6
7,7
8,8
9,9
10,10
11,11
12,12
13,13
14,14
15,15
16,16
17,17
18,18
19,19
20,20
21,21
22,22
23,23
24,24
25,25
26,26
27,27
28,28
29,29
30,30
31,31
32,32
9,33
34,34
35,35
36,36
37,37
38,38
39,39
40,40
41,41
42,42
43,43
44,44
45,45
46,46
47,47
48,48
49,49
50,50
51,51
52,52
53,53
107,54
55,55
56,56
57,57
58,58
59,59
0,0
1,1
2,2
3,3
4,4
5,5
6,6
7,7
8,8
9,9
11,10
11,11
12,12
13,13
14,14
15,15
15,16
17,17
18,18
19,19
20,20
21,21
22,22
23,23
24,24
25,25
26,26
27,27
28,28
29,29
30,30
31,31
32,32
33,33
34,34
35,35
3,36
37,37
38,38
39,39
40,40
41,41
42,42
43,43
44,44
45,45
46,46
47,47
48,48
49,49
50,50
51,51
52,52
52,53
54,54
55,55
56,56
57,57
58,58
59,59
0,0
1,1
2,2
3,3
4,4
5,5
6,6
7,7
8,8
9,9
10,10
10,11
12,12
13,13
14,14
15,15
16,16
17,17
18,18
19,19
20,20
21,21
22,22
23,23
24,24
25,25
26,26
27,27
28,28
28,29
30,30
31,31
32,32
33,33
34,34
35,35
36,36
37,37
38,38
39,39
40,40
41,41
42,42
3,43
44,44
8,45
0,46
15,47
17,48
49,49
50,50
51,51
52,52
53,53
54,54
55,55
56,56
57,57
59,59
0,0
1,1
2,2
3,3
4,4
5,5
6,6
7,7
8,8
9,9
28,10
29,11
12,12
13,13
14,14
15,15
15,16
17,17
18,18
19,19
20,20
21,21
22,22
23,23
24,24
25,25
26,26
27,27
28,28
29,29
82,30
30,31
32,32
33,33
34,34
35,35
84,36
37,37
38,38
39,39
40,40
41,41
42,42
43,43
44,44
45,45
46,46
47,47
48,48
49,49
50,50
51,51
52,52
53,53
54,54
117,55
56,56
57,57
58,58
59,59
0,0
1,1
4,4
5,5
6,6
7,7
8,8
9,9
10,10
28,11
12,12
13,13
14,14
16,15
16,16
17,17
18,18
19,19
20,20
21,21
22,22
23,23
24,24
25,25
26,26
27,27
28,28
29,29
30,30
31,31
32,32
33,33
34,34
35,35
36,36
37,37
38,38
39,39
40,40
41,41
42,42
43,43
44,44
45,45
46,46
47,47
48,48
49,49
50,50
51,51
52,52
53,53
54,54
55,55
56,56
57,57
58,58
59,59
1,0
1,1
2,2
3,3
4,4
5,5
6,6
7,7
8,8
9,9
11,10
11,11
12,12
13,13
14,14
15,15
16,16
17,17
18,18
19,19
20,20
21,21
22,22
23,23
24,24
25,25
26,26
27,27
28,28
29,29
64,30
31,31
78,32
33,33
34,34
35,35
36,36
92,37
38,38
40,40
41,41
42,42
43,43
44,44
45,45
46,46
47,47
48,48
49,49
50,50
51,51
52,52
53,53
54,54
55,55
56,56
57,57
58,58
59,59
0,0
2,2
3,3
4,4
5,5
6,6
7,7
8,8
32,9
29,10
29,11
4,12
13,13
14,14
15,15
15,16
17,17
17,18
19,19
20,20
21,21
22,22
23,23
24,24
25,25
26,26
27,27
28,28
29,29
30,30
31,31
38,32
38,33
34,34
35,35
36,36
37,37
38,38
39,39
40,40
41,41
42,42
43,43
44,44
44,45
27,46
47,47
12,48
49,49
50,50
51,51
52,52
53,53
56,54
55,55
56,56
57,57
58,58
59,59
0,0
1,1
2,2
3,3
88,4
5,5
6,6
7,7
8,8
9,9
10,10
29,11
22,12
13,13
14,14
15,15
15,16
0,17
18,18
19,19
20,20
21,21
22,22
23,23
89,24
25,25
26,26
27,27
28,28
29,29
30,30
31,31
32,32
33,33
5,34
78,35
36,36
37,37
38,38
39,39
40,40
41,41
42,42
43,43
47,44
45,45
46,46
47,47
48,48
49,49
50,50
51,51
52,52
53,53
54,54
55,55
56,56
57,57
58,58
59,59
0,1
2,2
36,3
4,4
5,5
6,6
7,7
8,8
9,9
10,10
9,11
12,12
13,13
14,14
15,15
16,16
17,17
18,18
19,19
20,20
21,21
22,22
23,23
24,24
25,25
26,26
36,27
28,28
29,29
30,30
30,31
32,32
33,33
34,34
35,35
36,36
37,37
38,38
39,39
40,40
41,41
42,42
43,43
24,44
45,45
46,46
44,47
48,48
49,49
50,50
51,51
52,52
53,53
54,54
55,55
56,56
57,57
58,58
59,59
0,0
1,1
2,2
3,3
4,4
5,5
6,6
7,7
8,8
9,9
83,10
11,11
12,12
13,13
14,14
16,15
12,16
17,17
18,18
19,19
20,20
21,21
22,22
23,23
24,24
25,25
26,26
27,27
28,28
11,29
30,30
31,31
32,32
9,33
34,34
35,35
36,36
37,37
38,38
39,39
40,40
41,41
42,42
104,43
44,44
45,45
46,46
47,47
48,48
53,49
50,50
51,51
52,52
53,53
55,55
56,56
57,57
58,58
59,59
0,0
1,1
2,2
3,3
4,4
5,5
62,6
7,7
8,8
9,9
10,10
11,11
12,12
13,13
14,14
16,15
15,16
17,17
18,18
19,19
20,20
21,21
22,22
23,23
24,24
25,25
26,26
27,27
28,28
29,29
30,30
31,31
32,32
9,33
34,34
35,35
40,36
94,37
38,38
39,39
36,40
41,41
42,42
43,43
40,44
45,45
46,46
47,47
48,48
49,49
50,50
51,51
52,52
53,53
54,54
55,55
56,56
57,57
58,58
59,59
0,0
2,1
2,2
3,3
4,4
5,5
6,6
7,7
8,8
9,9
10,10
11,11
12,12
13,13
14,14
15,15
16,16
17,17
18,18
19,19
20,20
21,21
22,22
23,23
24,24
25,25
26,26
27,27
28,28
29,29
30,30
31,31
32,32
33,33
34,34
35,35
36,36
37,37
38,38
39,39
40,40
41,41
42,42
43,43
44,44
45,45
46,46
47,47
48,48
49,49
50,50
51,51
52,52
53,53
54,54
55,55
56,56
57,57
58,58
59,59
0,0
1,1
2,2
3,3
4,4
5,5
6,6
7,7
8,8
22,9
11,10
28,11
12,12
13,13
14,14
15,15
16,16
4,17
1,18
19,19
18,20
21,21
22,22
23,23
24,24
25,25
26,26
27,27
10,28
11,29
30,30
31,31
32,32
33,33
34,34
35,35
36,36
37,37
38,38
39,39
40,40
41,41
42,42
45,43
44,44
45,45
46,46
47,47
3,48
49,49
50,50
51,51
52,52
53,53
54,54
55,55
56,56
57,57
58,58
116,59
0,0
1,1
2,2
3,3
4,4
5,5
6,6
7,7
8,8
9,9
10,10
11,11
12,12
13,13
14,14
15,15
16,16
17,17
18,18
19,19
20,20
21,21
22,22
23,23
24,24
25,25
26,26
27,27
28,28
29,29
30,30
31,31
32,32
33,33
34,34
35,35
36,36
37,37
38,38
39,39
40,40
41,41
42,42
0,43
44,44
45,45
46,46
47,47
48,48
49,49
50,50
51,51
52,52
53,53
54,54
55,55
56,56
57,57
58,58
59,59
0,0
1,1
0,2
3,3
31,4
16,5
31,6
100,7
8,8
30,9
10,10
29,11
12,12
13,13
14,14
15,15
15,16
17,17
18,18
19,19
20,20
21,21
31,22
23,23
29,24
25,25
26,26
27,27
28,28
29,29
30,30
31,31
32,32
33,33
34,34
35,35
36,36
37,37
38,38
39,39
47,40
41,41
42,42
46,43
44,44
45,45
29,46
47,47
48,48
49,49
50,50
51,51
52,52
53,53
54,54
55,55
56,56
57,57
58,58
59,59
0,0
1,1
2,2
3,3
4,4
5,5
6,6
7,7
8,8
31,9
10,10
11,11
1,12
13,13
14,14
15,15
16,16
17,17
18,18
19,19
20,20
21,21
22,22
23,23
24,24
25,25
26,26
27,27
10,28
29,29
30,30
31,31
32,32
33,33
34,34
29,35
36,36
37,37
38,38
39,39
40,40
41,41
42,42
3,43
44,44
45,45
46,46
47,47
48,48
49,49
50,50
51,51
52,52
53,53
54,54
55,55
56,56
57,57
58,58
59,59
0,0
1,1
2,2
3,3
4,4
5,5
6,6
7,7
44,8
9,9
10,10
11,11
12,12
13,13
14,14
15,15
16,16
17,17
18,18
19,19
20,20
21,21
22,22
23,23
24,24
25,25
26,26
27,27
28,28
29,29
30,30
31,31
32,32
33,33
34,34
35,35
36,36
37,37
32,38
39,39
40,40
41,41
42,42
43,43
44,44
45,45
43,46
47,47
48,48
49,49
50,50
51,51
52,52
53,53
54,54
55,55
56,56
57,57
58,58
59,59
0,0
1,1
2,2
3,3
4,4
5,5
6,6
7,7
8,8
9,9
10,10
10,11
12,12
13,13
14,14
15,15
16,16
17,17
18,18
19,19
20,20
21,21
22,22
23,23
24,24
25,25
26,26
27,27
28,28
11,29
30,30
31,31
32,32
33,33
34,34
35,35
36,36
37,37
38,38
39,39
40,40
41,41
42,42
43,43
44,44
45,45
46,46
47,47
48,48
49,49
50,50
51,51
52,52
53,53
54,54
55,55
56,56
57,57
58,58
59,59
0,0
1,1
2,2
3,3
4,4
5,5
6,6
7,7
8,8
33,9
11,10
11,11
12,12
13,13
14,14
15,15
15,16
17,17
18,18
19,19
20,20
21,21
22,22
23,23
24,24
25,25
26,26
27,27
28,28
29,29
30,30
31,31
32,32
33,33
34,34
35,35
36,36
37,37
38,38
39,39
40,40
41,41
42,42
0,43
79,44
15,45
46,46
15,47
48,48
49,49
50,50
51,51
52,52
106,53
54,54
55,55
56,56
57,57
58,58
115,59
0,0
1,1
1,2
3,3
4,4
5,5
6,6
7,7
8,8
9,9
10,10
10,11
16,12
13,13
14,14
15,15
15,16
17,17
18,18
19,19
20,20
21,21
22,22
23,23
24,24
25,25
26,26
27,27
28,28
29,29
30,30
22,31
32,32
33,33
34,34
35,35
36,36
37,37
17,38
39,39
20,40
41,41
42,42
0,43
44,44
86,45
67,46
47,47
48,48
49,49
50,50
51,51
52,52
53,53
54,54
55,55
56,56
57,57
58,58
59,59
0,0
1,1
2,2
3,3
4,4
5,5
6,6
7,7
8,8
9,9
10,10
10,11
12,12
13,13
14,14
15,15
16,16
17,17
18,18
19,19
20,20
21,21
22,22
23,23
24,24
25,25
26,26
84,27
83,28
29,29
30,30
31,31
32,32
33,33
34,34
35,35
36,36
37,37
38,38
39,39
40,40
41,41
42,42
43,43
44,44
45,45
46,46
47,47
86,48
105,49
50,50
51,51
52,52
53,53
54,54
55,55
56,56
57,57
58,58
59,59
0,0
1,1
2,2
27,3
22,4
19,5
7,7
8,8
9,9
12,12
13,13
14,14
15,15
16,16
60,17
18,18
92,19
20,20
21,21
22,22
23,23
24,24
25,25
26,26
28,28
29,29
30,30
31,31
32,32
33,33
34,34
35,35
36,36
66,37
66,38
40,40
41,41
42,42
46,43
44,44
45,45
3,46
47,47
48,48
49,49
50,50
51,51
52,52
53,53
54,54
55,55
56,56
57,57
58,58
59,59
0,0
1,1
2,2
3,3
4,4
5,5
6,6
7,7
8,8
9,9
10,10
28,11
4,12
13,13
14,14
15,15
16,16
17,17
18,18
19,19
20,20
21,21
22,22
23,23
24,24
25,25
26,26
27,27
28,28
29,29
30,30
31,31
32,32
33,33
34,34
35,35
17,36
37,37
38,38
39,39
40,40
41,41
42,42
43,43
34,44
45,45
46,46
47,47
48,48
49,49
50,50
51,51
52,52
53,53
56,54
55,55
56,56
57,57
58,58
59,59
0,0
1,1
2,2
3,3
10,4
5,5
6,6
110,7
8,8
17,9
10,10
29,11
12,12
13,13
14,14
15,15
15,16
17,17
18,18
19,19
20,20
21,21
22,22
23,23
24,24
25,25
26,26
27,27
28,28
29,29
30,30
31,31
32,32
33,33
34,34
35,35
36,36
43,37
38,38
39,39
40,40
41,41
42,42
43,43
34,44
24,45
46,46
47,47
48,48
49,49
50,50
51,51
52,52
53,53
54,54
55,55
56,56
57,57
58,58
59,59
0,0
1,1
2,2
3,3
4,4
5,5
6,6
7,7
8,8
9,9
10,10
11,11
12,12
13,13
14,14
15,15
16,16
17,17
18,18
19,19
20,20
21,21
22,22
23,23
24,24
25,25
26,26
27,27
28,28
29,29
30,30
31,31
32,32
33,33
34,34
35,35
36,36
37,37
38,38
39,39
40,40
41,41
42,42
43,43
44,44
45,45
46,46
47,47
48,48
105,49
50,50
51,51
52,52
53,53
54,54
55,55
56,56
57,57
58,58
59,59
0,0
1,1
24,2
3,3
104,4
5,5
6,6
7,7
8,8
9,9
10,10
11,11
12,12
13,13
14,14
15,15
34,16
17,17
9,18
19,19
20,20
21,21
22,22
23,23
24,24
25,25
26,26
43,27
28,28
28,29
30,30
30,31
32,32
9,33
34,34
35,35
36,36
104,37
38,38
39,39
104,40
59,41
79,42
102,43
44,44
45,45
46,46
47,47
48,48
49,49
50,50
51,51
52,52
109,53
54,54
55,55
56,56
57,57
58,58
59,59
0,0
1,1
2,2
3,3
4,4
5,5
62,6
7,7
8,8
9,9
11,10
11,11
12,12
13,13
14,14
15,15
15,16
17,17
18,18
19,19
20,20
21,21
22,22
23,23
24,24
25,25
26,26
17,27
28,28
29,29
30,30
31,31
32,32
33,33
34,34
35,35
36,36
37,37
38,38
39,39
40,40
41,41
42,42
43,43
44,44
45,45
46,46
47,47
48,48
49,49
50,50
51,51
52,52
53,53
54,54
55,55
56,56
57,57
58,58
59,59
0,0
77,1
0,2
3,3
4,4
5,5
6,6
7,7
8,8
75,9
11,10
29,11
12,12
13,13
14,14
15,15
16,16
24,17
18,18
19,19
107,20
21,21
22,22
23,23
32,24
25,25
26,26
2,27
72,28
73,29
30,30
31,31
18,32
33,33
34,34
35,35
3,36
92,37
38,38
39,39
40,40
115,41
42,42
43,43
44,44
24,45
46,46
47,47
48,48
49,49
50,50
51,51
52,52
53,53
54,54
55,55
56,56
57,57
58,58
59,59
0,0
1,1
2,2
3,3
4,4
5,5
6,6
7,7
8,8
9,9
10,10
10,11
12,12
13,13
14,14
15,15
16,16
17,17
18,18
19,19
20,20
21,21
22,22
23,23
24,24
25,25
26,26
27,27
28,28
29,29
30,30
31,31
32,32
33,33
34,34
35,35
84,36
37,37
38,38
39,39
40,40
41,41
42,42
43,43
44,44
45,45
46,46
47,47
48,48
105,49
50,50
51,51
52,52
53,53
54,54
55,55
108,56
57,57
58,58
59,59
0,0
77,1
1,2
3,3
35,4
5,5
6,6
7,7
8,8
9,9
10,10
11,11
12,12
13,13
14,14
15,15
16,16
17,17
18,18
19,19
20,20
21,21
22,22
23,23
24,24
25,25
26,26
27,27
28,28
11,29
30,30
31,31
32,32
33,33
34,34
35,35
36,36
37,37
38,38
39,39
47,40
41,41
42,42
0,43
44,44
45,45
46,46
47,47
48,48
49,49
50,50
51,51
52,52
53,53
54,54
55,55
56,56
57,57
58,58
59,59
0,0
1,1
2,2
3,3
4,4
5,5
6,6
7,7
8,8
9,9
11,10
11,11
12,12
13,13
14,14
15,15
15,16
17,17
18,18
19,19
20,20
21,21
22,22
23,23
24,24
25,25
26,26
27,27
28,28
29,29
30,30
30,31
32,32
33,33
34,34
35,35
36,36
37,37
38,38
39,39
40,40
41,41
42,42
3,43
44,44
45,45
46,46
47,47
48,48
49,49
50,50
51,51
52,52
53,53
54,54
55,55
56,56
55,57
58,58
59,59
17,0
1,1
1,2
3,3
4,4
5,5
6,6
7,7
8,8
31,9
29,10
10,12
13,13
14,14
15,15
17,17
18,18
21,21
31,22
23,23
46,24
25,25
26,26
29,27
29,28
92,30
27,31
34,34
37,37
78,38
39,39
44,40
41,41
42,42
47,44
45,45
46,46
47,47
13,48
49,49
50,50
51,51
52,52
53,53
54,54
55,55
56,56
57,57
58,58
59,59
0,0
1,1
2,2
3,3
4,4
5,5
6,6
7,7
8,8
9,9
10,10
11,11
12,12
13,13
14,14
15,15
16,16
17,17
18,18
19,19
20,20
21,21
22,22
23,23
24,24
25,25
26,26
27,27
28,28
29,29
30,30
31,31
32,32
33,33
34,34
35,35
36,36
37,37
38,38
39,39
40,40
41,41
79,42
43,43
44,44
45,45
46,46
47,47
48,48
105,49
50,50
51,51
52,52
53,53
54,54
55,55
56,56
57,57
58,58
59,59
27,0
1,1
2,2
3,3
4,4
5,5
6,6
7,7
16,8
9,9
10,10
10,11
12,12
13,13
14,14
16,15
16,16
17,17
61,18
19,19
20,20
21,21
22,22
23,23
24,24
25,25
26,26
27,27
28,28
11,29
30,30
31,31
32,32
33,33
34,34
35,35
36,36
37,37
38,38
39,39
40,40
41,41
42,42
43,43
44,44
45,45
46,46
47,47
48,48
49,49
50,50
51,51
52,52
53,53
54,54
55,55
56,56
57,57
58,58
59,59
0,0
1,1
2,2
3,3
4,4
5,5
6,6
7,7
8,8
9,9
10,10
11,11
12,12
13,13
14,14
16,15
16,16
17,17
18,18
19,19
20,20
21,21
22,22
23,23
24,24
25,25
26,26
27,27
28,28
29,29
30,30
31,31
32,32
85,33
34,34
35,35
36,36
37,37
38,38
39,39
40,40
41,41
42,42
43,43
44,44
45,45
46,46
47,47
48,48
49,49
50,50
51,51
52,52
53,53
54,54
55,55
56,56
57,57
58,58
59,59
0,0
1,1
2,2
3,3
4,4
5,5
6,6
7,7
8,8
9,9
10,10
11,11
12,12
13,13
14,14
15,15
16,16
17,17
18,18
19,19
20,20
21,21
22,22
23,23
24,24
25,25
26,26
27,27
28,28
29,29
30,30
31,31
32,32
85,33
34,34
35,35
36,36
37,37
38,38
39,39
40,40
41,41
42,42
43,43
44,44
45,45
46,46
47,47
48,48
49,49
50,50
51,51
52,52
53,53
54,54
55,55
56,56
57,57
58,58
59,59
0,0
1,1
2,2
3,3
4,4
5,5
6,6
7,7
8,8
9,9
10,10
28,11
12,12
13,13
14,14
15,15
16,16
17,17
18,18
19,19
20,20
21,21
22,22
23,23
24,24
25,25
26,26
27,27
28,28
29,29
31,30
31,31
32,32
33,33
34,34
35,35
36,36
37,37
38,38
39,39
40,40
41,41
42,42
43,43
44,44
45,45
46,46
47,47
48,48
49,49
50,50
51,51
52,52
106,53
54,54
55,55
56,56
57,57
58,58
59,59
0,0
1,1
0,2
3,3
4,4
5,5
6,6
7,7
8,8
9,9
10,10
28,11
12,12
13,13
14,14
15,15
16,16
17,17
18,18
19,19
20,20
21,21
22,22
23,23
24,24
25,25
26,26
27,27
28,28
29,29
30,30
31,31
32,32
33,33
34,34
35,35
36,36
37,37
38,38
39,39
104,40
41,41
42,42
43,43
44,44
45,45
46,46
47,47
48,48
49,49
50,50
51,51
52,52
53,53
54,54
117,55
108,56
57,57
58,58
59,59
0,0
1,1
1,2
3,3
4,4
5,5
6,6
16,7
16,8
97,9
28,10
29,11
12,12
13,13
14,14
15,15
16,16
17,17
18,18
19,19
20,20
21,21
22,22
23,23
24,24
25,25
26,26
27,27
11,28
29,29
30,30
31,31
32,32
33,33
34,34
35,35
36,36
37,37
38,38
39,39
40,40
41,41
42,42
2,43
24,44
45,45
46,46
47,47
65,48
49,49
50,50
51,51
52,52
53,53
54,54
55,55
56,56
106,57
58,58
59,59
0,0
1,1
2,2
3,3
90,4
5,5
93,6
5,7
8,8
9,9
10,10
11,11
12,12
13,13
14,14
15,15
16,16
17,17
18,18
19,19
20,20
21,21
22,22
23,23
88,24
25,25
26,26
27,27
82,28
81,29
69,30
31,31
32,32
9,33
34,34
35,35
36,36
37,37
38,38
39,39
40,40
41,41
42,42
43,43
29,44
45,45
46,46
47,47
48,48
105,49
50,50
51,51
52,52
53,53
54,54
117,55
108,56
57,57
58,58
59,59
0,0
1,1
2,2
3,3
4,4
5,5
69,6
7,7
8,8
74,9
10,10
11,11
11,12
13,13
14,14
15,15
15,16
17,17
18,18
19,19
67,20
21,21
22,22
59,23
24,24
25,25
26,26
27,27
28,28
83,29
30,30
31,31
32,32
33,33
34,34
35,35
36,36
37,37
38,38
39,39
40,40
41,41
42,42
43,43
47,44
45,45
40,46
47,47
48,48
106,49
50,50
106,51
52,52
109,53
54,54
55,55
56,56
57,57
58,58
59,59
0,0
1,1
2,2
3,3
4,4
5,5
62,6
7,7
8,8
9,9
10,10
72,11
12,12
13,13
14,14
15,15
15,16
17,17
1,18
19,19
20,20
21,21
22,22
91,23
24,24
25,25
26,26
27,27
83,28
11,29
30,30
31,31
32,32
33,33
34,34
24,35
36,36
102,37
39,38
39,39
40,40
41,41
42,42
43,43
44,44
45,45
44,46
47,47
48,48
105,49
50,50
51,51
52,52
109,53
54,54
117,55
56,56
57,57
58,58
59,59
0,0
1,1
2,2
3,3
4,4
5,5
6,6
7,7
8,8
9,9
11,10
11,11
12,12
13,13
14,14
15,15
16,16
10,17
43,18
19,19
20,20
21,21
22,22
69,23
10,24
16,25
79,26
10,27
10,28
10,29
79,30
30,31
69,32
9,33
7,34
10,35
10,36
97,37
69,38
97,39
12,40
59,41
42,42
43,43
47,44
45,45
31,46
47,47
48,48
49,49
50,50
51,51
52,52
53,53
54,54
55,55
56,56
57,57
58,58
59,59
0,0
1,1
2,2
3,3
4,4
5,5
6,6
7,7
8,8
9,9
10,10
10,11
12,12
13,13
14,14
15,15
15,16
17,17
18,18
19,19
20,20
21,21
22,22
23,23
24,24
25,25
26,26
27,27
28,28
29,29
30,30
31,31
32,32
38,33
34,34
35,35
36,36
37,37
38,38
39,39
40,40
41,41
42,42
43,43
44,44
45,45
46,46
47,47
48,48
49,49
50,50
51,51
52,52
53,53
54,54
55,55
56,56
57,57
58,58
59,59
0,0
1,1
2,2
3,3
4,4
5,5
6,6
7,7
8,8
9,9
10,10
11,11
12,12
13,13
14,14
15,15
15,16
17,17
18,18
19,19
20,20
21,21
22,22
23,23
24,24
25,25
26,26
27,27
73,28
29,29
30,30
30,31
32,32
33,33
34,34
104,35
36,36
37,37
38,38
39,39
40,40
41,41
42,42
43,43
44,44
45,45
46,46
47,47
48,48
49,49
50,50
51,51
52,52
53,53
54,54
55,55
56,56
57,57
58,58
59,59
0,0
1,1
2,2
3,3
64,4
5,5
62,6
7,7
8,8
9,9
10,10
72,11
12,12
13,13
14,14
15,15
16,16
1,17
18,18
19,19
20,20
21,21
22,22
23,23
24,24
25,25
26,26
84,27
73,28
73,29
30,31
32,32
33,33
34,34
35,35
84,36
37,37
38,38
39,39
104,40
41,41
42,42
43,43
44,44
45,45
46,46
47,47
76,48
49,49
50,50
51,51
52,52
53,53
54,54
55,55
56,56
55,57
58,58
59,59
2,0
1,1
2,2
3,3
4,4
5,5
6,6
7,7
8,8
9,9
10,10
11,11
12,12
13,13
14,14
15,15
16,16
17,17
18,18
19,19
20,20
21,21
22,22
23,23
24,24
25,25
26,26
27,27
28,28
29,29
30,30
31,31
32,32
33,33
34,34
35,35
36,36
37,37
38,38
39,39
40,40
41,41
42,42
43,43
44,44
45,45
46,46
47,47
48,48
49,49
50,50
51,51
52,52
53,53
54,54
55,55
56,56
57,57
58,58
59,59
0,0
1,1
2,2
3,3
4,4
5,5
6,6
7,7
8,8
9,9
10,10
29,11
12,12
13,13
14,14
15,15
5,16
17,17
18,18
19,19
20,20
21,21
22,22
23,23
24,24
25,25
26,26
24,27
28,28
11,29
30,30
31,31
32,32
9,33
34,34
45,35
3,36
37,37
38,38
39,39
40,40
41,41
42,42
37,43
44,44
23,45
46,46
47,47
48,48
49,49
50,50
51,51
52,52
53,53
54,54
55,55
56,56
57,57
58,58
59,59
0,0
1,1
2,2
3,3
4,4
5,5
69,6
7,7
8,8
9,9
10,10
11,11
12,12
13,13
14,14
16,15
16,16
17,17
18,18
19,19
20,20
21,21
22,22
23,23
24,24
25,25
26,26
27,27
28,28
29,29
30,30
31,31
32,32
33,33
34,34
35,35
36,36
37,37
38,38
38,39
40,40
41,41
42,42
43,43
44,44
45,45
46,46
47,47
48,48
49,49
110,50
51,51
52,52
53,53
54,54
57,55
56,56
57,57
58,58
59,59
77,0
1,1
2,2
3,3
4,4
5,5
6,6
7,7
8,8
9,9
81,10
11,11
12,12
13,13
14,14
15,15
15,16
17,17
18,18
19,19
20,20
21,21
22,22
23,23
24,24
25,25
26,26
27,27
28,28
29,29
30,30
31,31
32,32
33,33
34,34
35,35
36,36
37,37
38,38
39,39
40,40
41,41
42,42
43,43
44,44
44,45
46,46
47,47
48,48
49,49
50,50
51,51
52,52
53,53
54,54
55,55
56,56
57,57
58,58
59,59
0,0
1,1
2,2
3,3
4,4
5,5
6,6
7,7
8,8
9,9
12,10
11,11
12,12
13,13
14,14
16,15
16,16
17,17
18,18
19,19
20,20
21,21
22,22
23,23
24,24
25,25
26,26
27,27
85,28
29,29
30,30
31,31
32,32
85,33
34,34
35,35
36,36
37,37
38,38
39,39
40,40
41,41
42,42
43,43
44,44
40,45
46,46
47,47
48,48
49,49
50,50
51,51
52,52
53,53
54,54
55,55
56,56
57,57
58,58
59,59
0,0
1,1
2,2
3,3
4,4
5,5
6,6
7,7
8,8
9,9
10,10
11,11
12,12
13,13
14,14
15,15
16,16
17,17
18,18
19,19
20,20
21,21
22,22
23,23
24,24
25,25
26,26
27,27
28,28
29,29
30,30
31,31
32,32
85,33
34,34
35,35
36,36
37,37
38,38
39,39
40,40
41,41
42,42
43,43
44,44
45,45
46,46
47,47
92,48
49,49
50,50
51,51
52,52
52,53
54,54
55,55
56,56
57,57
58,58
59,59
0,0
1,1
2,2
3,3
4,4
5,5
13,6
7,7
8,8
9,9
10,10
11,11
13,13
14,14
15,15
16,16
17,17
18,18
19,19
20,20
21,21
22,22
23,23
24,24
25,25
26,26
27,27
28,28
29,29
31,30
31,31
32,32
33,33
34,34
35,35
36,36
37,37
38,38
39,39
40,40
41,41
42,42
67,43
44,44
45,45
46,46
47,47
48,48
49,49
50,50
51,51
52,52
109,53
54,54
117,55
108,56
57,57
58,58
59,59
0,0
1,1
0,2
3,3
4,4
5,5
6,6
7,7
8,8
9,9
10,10
11,11
12,12
13,13
14,14
16,15
16,16
17,17
18,18
19,19
20,20
21,21
22,22
23,23
24,24
25,25
26,26
27,27
28,28
11,29
30,30
31,31
32,32
33,33
34,34
35,35
36,36
37,37
38,38
39,39
40,40
41,41
42,42
43,43
44,44
45,45
46,46
47,47
48,48
49,49
50,50
106,51
52,52
106,53
54,54
55,55
108,56
57,57
58,58
59,59
0,0
1,1
2,2
3,3
4,4
5,5
6,6
7,7
97,9
43,10
85,11
90,12
13,13
14,14
15,15
16,16
17,17
18,18
19,19
20,20
21,21
22,22
23,23
24,24
25,25
26,26
27,27
73,28
29,29
30,30
31,31
32,32
85,33
34,34
35,35
36,36
37,37
38,38
39,39
40,40
41,41
42,42
43,43
45,44
45,45
46,46
47,47
48,48
49,49
50,50
51,51
52,52
53,53
54,54
55,55
113,56
55,57
58,58
59,59
0,0
1,1
2,2
3,3
74,4
5,5
6,6
7,7
8,8
9,9
52,10
11,11
12,12
13,13
14,14
15,15
16,16
17,17
18,18
19,19
20,20
21,21
22,22
23,23
24,24
25,25
26,26
27,27
83,28
29,29
69,30
31,31
32,32
33,33
34,34
35,35
36,36
37,37
38,38
39,39
40,40
41,41
42,42
43,43
44,44
45,45
46,46
47,47
48,48
105,49
50,50
51,51
53,52
53,53
54,54
117,55
56,56
119,57
58,58
59,59
0,0
1,1
2,2
67,3
4,4
5,5
6,6
7,7
8,8
32,9
11,10
11,11
11,12
13,13
14,14
15,15
15,16
18,17
74,18
19,19
20,20
21,21
22,22
99,23
24,24
25,25
26,26
27,27
28,28
29,29
71,30
31,31
32,32
33,33
34,34
35,35
36,36
71,37
78,38
62,39
40,40
41,41
42,42
43,43
47,44
45,45
40,46
47,47
48,48
49,49
50,50
106,51
56,52
109,53
54,54
117,55
56,56
57,57
58,58
59,59
0,0
1,1
2,2
3,3
4,4
5,5
6,6
7,7
8,8
9,9
10,10
28,11
12,12
13,13
14,14
15,15
15,16
17,17
19,18
88,19
105,20
21,21
22,22
23,23
24,24
25,25
26,26
27,27
28,28
11,29
30,30
31,31
32,32
33,33
34,34
24,35
36,36
37,37
38,38
39,39
40,40
41,41
42,42
43,43
44,44
45,45
40,46
47,47
48,48
105,49
50,50
51,51
52,52
53,53
54,54
117,55
56,56
57,57
58,58
59,59
0,0
90,1
2,2
3,3
4,4
5,5
105,6
7,7
8,8
9,9
10,10
11,11
12,12
13,13
10,14
16,15
16,16
16,17
75,18
17,19
21,20
100,21
114,22
92,23
11,24
16,25
70,26
11,27
15,28
11,29
79,30
31,31
30,32
70,33
29,34
100,35
11,36
70,37
92,38
22,39
16,40
79,42
43,43
47,44
45,45
46,46
47,47
48,48
49,49
50,50
51,51
52,52
53,53
54,54
55,55
56,56
57,57
58,58
59,59
0,0
90,1
2,2
36,3
4,4
5,5
6,6
7,7
8,8
9,9
10,10
75,11
12,12
13,13
14,14
15,15
16,16
17,17
17,18
19,19
20,20
21,21
22,22
23,23
24,24
25,25
26,26
27,27
28,28
29,29
30,30
30,31
32,32
33,33
34,34
35,35
36,36
37,37
38,38
39,39
40,40
41,41
42,42
43,43
44,44
45,45
46,46
47,47
48,48
49,49
50,50
51,51
52,52
53,53
54,54
55,55
52,56
57,57
58,58
59,59
0,0
1,1
2,2
3,3
4,4
5,5
6,6
7,7
8,8
9,9
10,10
73,11
12,12
13,13
14,14
15,15
16,16
0,17
0,18
19,19
20,20
21,21
22,22
23,23
24,24
25,25
26,26
27,27
28,28
29,29
30,30
30,31
32,32
33,33
34,34
101,35
36,36
37,37
38,38
39,39
40,40
41,41
42,42
43,43
116,44
45,45
46,46
47,47
48,48
49,49
50,50
51,51
52,52
53,53
54,54
55,55
56,56
57,57
58,58
59,59
0,0
1,1
2,2
3,3
4,4
5,5
6,6
7,7
8,8
9,9
10,10
11,11
12,12
13,13
14,14
16,15
15,16
17,17
17,18
19,19
20,20
21,21
22,22
23,23
24,24
25,25
26,26
27,27
74,28
73,29
30,31
32,32
33,33
34,34
35,35
36,36
37,37
38,38
39,39
40,40
41,41
42,42
43,43
44,44
45,45
46,46
47,47
48,48
49,49
50,50
51,51
52,52
53,53
55,55
56,56
55,57
58,58
59,59
0,0
1,1
43,2
3,3
35,4
5,5
6,6
7,7
8,8
9,9
15,10
11,11
12,12
13,13
14,14
15,15
15,16
17,17
38,18
19,19
20,20
21,21
22,22
23,23
24,24
25,25
26,26
27,27
28,28
29,29
30,30
31,31
32,32
33,33
34,34
35,35
43,36
37,37
38,38
39,39
40,40
41,41
42,42
36,43
24,44
56,45
46,46
47,47
48,48
49,49
50,50
51,51
52,52
53,53
54,54
55,55
56,56
57,57
58,58
59,59
2,0
1,1
2,2
3,3
4,4
5,5
6,6
7,7
8,8
9,9
10,10
11,11
12,12
13,13
14,14
15,15
34,16
17,17
18,18
19,19
20,20
21,21
22,22
23,23
24,24
25,25
26,26
27,27
28,28
29,29
30,30
31,31
32,32
33,33
34,34
45,35
36,36
37,37
38,38
39,39
40,40
41,41
42,42
43,43
44,44
45,45
46,46
47,47
48,48
49,49
50,50
51,51
52,52
53,53
54,54
55,55
56,56
57,57
58,58
59,59
0,0
1,1
2,2
3,3
4,4
5,5
6,6
7,7
8,8
38,9
75,10
10,11
85,12
13,13
14,14
16,15
16,16
17,17
61,18
19,19
20,20
21,21
92,22
23,23
24,24
25,25
26,26
27,27
28,28
29,29
30,30
31,31
32,32
33,33
34,34
35,35
36,36
37,37
38,38
38,39
40,40
41,41
42,42
43,43
44,44
45,45
46,46
47,47
37,48
49,49
110,50
106,51
52,52
53,53
54,54
117,55
56,56
57,57
58,58
59,59
0,0
1,1
2,2
3,3
4,4
5,5
6,6
7,7
8,8
9,9
10,10
11,11
12,12
13,13
14,14
16,15
15,16
17,17
18,18
19,19
20,20
21,21
22,22
23,23
24,24
25,25
26,26
27,27
28,28
29,29
30,30
31,31
32,32
33,33
34,34
35,35
36,36
37,37
38,38
39,39
40,40
34,41
42,42
43,43
44,44
45,45
46,46
47,47
48,48
105,49
110,50
51,51
52,52
53,53
54,54
55,55
56,56
57,57
58,58
59,59
0,0
1,1
2,2
3,3
4,4
5,5
6,6
7,7
8,8
9,9
10,10
72,11
12,12
13,13
14,14
15,15
16,16
17,17
18,18
19,19
20,20
21,21
22,22
23,23
24,24
25,25
26,26
27,27
28,28
29,29
30,30
31,31
32,32
33,33
34,34
35,35
36,36
37,37
38,38
39,39
40,40
41,41
42,42
43,43
44,44
45,45
46,46
47,47
48,48
49,49
50,50
51,51
52,52
53,53
54,54
55,55
56,56
57,57
58,58
59,59
0,0
1,1
2,2
3,3
4,4
5,5
6,6
7,7
8,8
9,9
10,10
11,11
12,12
13,13
14,14
15,15
16,16
60,17
61,18
19,19
20,20
21,21
22,22
23,23
24,24
25,25
26,26
27,27
28,28
75,29
31,30
93,31
32,32
12,33
34,34
35,35
36,36
37,37
38,38
62,39
40,40
41,41
42,42
43,43
87,44
45,45
46,46
47,47
48,48
49,49
50,50
51,51
52,52
53,53
54,54
57,55
56,56
57,57
58,58
59,59
0,0
1,1
2,2
3,3
4,4
5,5
6,6
7,7
8,8
9,9
10,10
73,11
12,12
13,13
14,14
15,15
16,16
17,17
18,18
19,19
20,20
21,21
22,22
23,23
24,24
25,25
26,26
27,27
28,28
29,29
31,30
31,31
32,32
33,33
34,34
35,35
36,36
37,37
38,38
39,39
40,40
41,41
42,42
43,43
44,44
45,45
46,46
47,47
48,48
49,49
50,50
51,51
56,52
53,53
54,54
55,55
56,56
57,57
58,58
59,59
0,0
1,1
0,2
3,3
4,4
5,5
6,6
7,7
8,8
9,9
10,10
11,11
13,13
14,14
15,15
16,16
17,17
18,18
19,19
20,20
21,21
22,22
23,23
24,24
25,25
26,26
27,27
28,28
11,29
30,30
30,31
32,32
9,33
34,34
35,35
36,36
22,37
38,38
39,39
40,40
41,41
42,42
0,43
44,44
45,45
43,46
47,47
48,48
49,49
50,50
51,51
35,52
53,53
54,54
117,55
108,56
57,57
58,58
115,59
0,0
1,1
2,2
3,3
4,4
5,5
6,6
7,7
8,8
97,9
27,10
11,11
12,12
13,13
14,14
15,15
16,16
17,17
18,18
19,19
20,20
21,21
22,22
23,23
24,24
25,25
26,26
27,27
28,28
11,29
30,30
31,31
32,32
33,33
34,34
35,35
36,36
37,37
38,38
39,39
40,40
41,41
42,42
43,43
24,44
45,45
46,46
47,47
48,48
49,49
50,50
51,51
52,52
119,53
54,54
55,55
54,56
57,57
59,59
0,0
1,1
2,2
3,3
90,4
5,5
6,6
7,7
8,8
9,9
27,10
11,11
12,12
13,13
14,14
15,15
16,16
17,17
18,18
19,19
20,20
22,21
21,22
23,23
24,24
25,25
26,26
27,27
82,28
81,29
6,30
31,31
32,32
9,33
34,34
35,35
36,36
37,37
38,38
39,39
40,40
41,41
42,42
43,43
24,44
45,45
46,46
47,47
48,48
49,49
50,50
51,51
52,52
53,53
54,54
55,55
56,56
57,57
58,58
59,59
0,0
1,1
2,2
3,3
110,4
5,5
69,6
7,7
8,8
9,9
10,10
11,11
88,12
13,13
14,14
15,15
15,16
17,17
18,18
19,19
20,20
21,21
22,22
23,23
24,24
25,25
26,26
27,27
11,28
29,29
30,30
31,31
32,32
33,33
34,34
52,35
36,36
70,37
38,38
39,39
40,40
41,41
42,42
43,43
47,44
45,45
40,46
47,47
48,48
49,49
107,50
106,51
52,52
53,53
54,54
55,55
56,56
57,57
58,58
59,59
0,0
1,1
84,2
3,3
4,4
5,5
64,6
7,7
8,8
9,9
90,10
74,11
90,12
13,13
14,14
16,15
15,16
1,17
1,18
60,19
20,20
21,21
22,22
23,23
24,24
25,25
26,26
84,27
28,28
72,29
76,30
31,31
32,32
33,33
34,34
24,35
36,36
70,37
102,38
39,39
40,40
41,41
42,42
43,43
44,44
45,45
44,46
47,47
48,48
105,49
110,50
51,51
52,52
114,53
54,54
117,55
116,56
56,57
58,58
59,59
0,0
1,1
2,2
3,3
4,4
5,5
62,6
7,7
8,8
9,9
10,10
29,11
12,12
13,13
14,14
15,15
15,16
18,17
18,18
19,19
20,20
21,21
22,22
23,23
24,24
25,25
26,26
27,27
28,28
29,29
30,30
30,31
32,32
33,33
34,34
35,35
36,36
37,37
38,38
39,39
40,40
41,41
42,42
43,43
44,44
45,45
46,46
47,47
48,48
49,49
50,50
51,51
52,52
53,53
54,54
55,55
56,56
57,57
58,58
59,59
0,0
1,1
2,2
3,3
4,4
5,5
6,6
7,7
8,8
39,9
10,10
28,11
64,12
13,13
14,14
15,15
15,16
17,17
18,18
19,19
20,20
21,21
22,22
23,23
24,24
25,25
62,26
27,27
28,28
11,29
30,30
30,31
32,32
38,33
34,34
35,35
36,36
37,37
38,38
39,39
40,40
41,41
42,42
43,43
44,44
45,45
46,46
47,47
48,48
49,49
50,50
51,51
52,52
106,53
54,54
55,55
49,56
57,57
58,58
59,59
0,0
1,1
2,2
3,3
4,4
5,5
62,6
7,7
8,8
9,9
10,10
11,11
12,12
13,13
14,14
15,15
16,16
18,17
18,18
19,19
20,20
21,21
22,22
23,23
24,24
25,25
26,26
27,27
28,28
29,29
30,30
30,31
32,32
33,33
34,34
35,35
36,36
37,37
38,38
39,39
40,40
41,41
42,42
43,43
44,44
45,45
46,46
47,47
48,48
49,49
50,50
51,51
52,52
53,53
54,54
55,55
56,56
57,57
58,58
59,59
0,0
90,1
102,2
3,3
4,4
5,5
62,6
7,7
8,8
9,9
10,10
10,11
12,12
13,13
14,14
15,15
16,16
27,17
17,18
19,19
20,20
64,21
22,22
23,23
45,24
25,25
26,26
116,27
28,28
73,29
30,31
32,32
33,33
5,34
35,35
114,36
37,37
38,38
39,39
104,40
41,41
42,42
43,43
44,44
45,45
46,46
47,47
48,48
49,49
50,50
50,51
52,52
53,53
54,54
55,55
56,56
57,57
58,58
59,59
0,0
1,1
2,2
3,3
4,4
5,5
6,6
7,7
8,8
9,9
10,10
11,11
12,12
13,13
14,14
15,15
15,16
17,17
18,18
19,19
20,20
21,21
22,22
23,23
24,24
25,25
26,26
27,27
28,28
29,29
30,30
31,31
32,32
33,33
34,34
35,35
36,36
37,37
38,38
39,39
40,40
41,41
42,42
43,43
44,44
45,45
46,46
47,47
48,48
49,49
50,50
51,51
52,52
53,53
55,55
56,56
57,57
58,58
59,59
1,0
10,1
24,2
3,3
23,4
5,5
6,6
39,7
94,8
9,9
10,10
11,11
10,12
13,13
14,14
15,15
16,16
17,17
43,18
19,19
20,20
21,21
22,22
23,23
23,24
25,25
26,26
27,27
28,28
28,29
30,30
31,31
37,32
33,33
34,34
35,35
24,36
35,37
23,38
39,39
44,40
41,41
42,42
37,43
24,44
43,45
46,46
47,47
48,48
49,49
50,50
51,51
55,52
53,53
54,54
55,55
56,56
57,57
58,58
59,59
0,0
1,1
2,2
3,3
4,4
5,5
69,6
7,7
8,8
9,9
10,10
11,11
28,12
13,13
14,14
15,15
16,16
17,17
18,18
19,19
20,20
21,21
22,22
23,23
24,24
25,25
26,26
27,27
28,28
29,29
30,30
28,31
32,32
33,33
34,34
35,35
36,36
37,37
38,38
38,39
40,40
41,41
42,42
43,43
44,44
45,45
46,46
47,47
48,48
49,49
50,50
51,51
52,52
53,53
54,54
57,55
56,56
57,57
59,59
1,0
1,1
0,2
3,3
4,4
5,5
6,6
7,7
8,8
38,9
10,10
11,11
12,12
13,13
14,14
16,15
15,16
17,17
18,18
19,19
20,20
21,21
93,22
44,23
55,24
25,25
26,26
27,27
28,28
29,29
30,30
31,31
32,32
33,33
34,34
35,35
36,36
37,37
38,38
39,39
40,40
16,41
42,42
46,43
44,44
45,45
35,46
47,47
48,48
105,49
50,50
51,51
52,52
114,53
54,54
55,55
56,56
57,57
58,58
59,59
60,60
61,61
93,62
63,63
64,64
65,65
66,66
67,67
68,68
69,69
70,70
30,71
73,72
73,73
72,74
32,75
76,76
28,77
0,78
79,79
80,80
81,81
73,82
83,83
84,84
85,85
13,86
87,87
88,88
89,89
90,90
91,91
92,92
20,93
94,94
95,95
96,96
97,97
98,98
99,99
100,100
101,101
102,102
103,103
104,104
105,105
105,106
107,107
108,108
109,109
110,110
111,111
112,112
113,113
114,114
115,115
116,116
117,117
118,118
119,119
19,60
61,61
62,62
63,63
64,64
65,65
66,66
67,67
30,68
69,69
71,70
71,71
72,72
73,73
83,74
90,75
76,76
90,77
84,78
79,79
80,80
81,81
82,82
28,83
84,84
85,85
86,86
87,87
88,88
89,89
89,90
91,91
92,92
93,93
94,94
95,95
96,96
97,97
98,98
99,99
100,100
101,101
102,102
103,103
104,104
105,105
106,106
107,107
108,108
109,109
110,110
111,111
112,112
113,113
114,114
115,115
116,116
117,117
118,118
119,119
60,60
61,61
62,62
63,63
6,64
65,65
66,66
67,67
68,68
69,69
70,70
70,71
72,72
73,73
74,74
10,75
76,76
77,77
17,78
79,79
80,80
81,81
82,82
83,83
84,84
85,85
86,86
87,87
88,88
89,89
90,90
91,91
92,92
93,93
94,94
95,95
96,96
97,97
98,98
99,99
100,100
101,101
102,102
103,103
40,104
106,105
106,106
107,107
108,108
109,109
110,110
111,111
112,112
113,113
114,114
115,115
116,116
117,117
118,118
119,119
60,60
61,61
62,62
63,63
64,64
65,65
66,66
67,67
109,68
30,69
70,70
71,71
75,72
73,73
74,74
75,75
76,76
77,77
78,78
79,79
80,80
81,81
82,82
83,83
84,84
85,85
86,86
87,87
88,88
89,89
90,90
91,91
92,92
93,93
94,94
95,95
96,96
97,97
98,98
99,99
100,100
101,101
102,102
103,103
104,104
105,105
106,106
107,107
108,108
53,109
110,110
111,111
112,112
113,113
53,114
115,115
116,116
117,117
118,118
119,119
60,60
61,61
62,62
63,63
64,64
65,65
82,66
67,67
30,68
69,69
71,70
71,71
75,72
10,73
74,74
75,75
76,76
77,77
78,78
79,79
71,80
81,81
82,82
28,83
84,84
85,85
86,86
87,87
88,88
89,89
90,90
91,91
92,92
93,93
94,94
95,95
96,96
97,97
98,98
99,99
100,100
101,101
102,102
103,103
104,104
106,105
106,106
107,107
108,108
109,109
110,110
111,111
112,112
113,113
114,114
115,115
116,116
117,117
118,118
119,119
60,60
61,61
62,62
63,63
64,64
65,65
66,66
67,67
71,68
69,69
71,70
71,71
29,72
74,73
74,74
10,75
76,76
77,77
40,78
79,79
80,80
73,81
33,82
29,83
84,84
85,85
86,86
87,87
88,88
89,89
90,90
113,91
92,92
71,93
94,94
95,95
96,96
97,97
98,98
99,99
100,100
101,101
102,102
103,103
104,104
106,105
106,106
107,107
108,108
109,109
110,110
111,111
112,112
113,113
114,114
115,115
116,116
117,117
118,118
119,119
91,60
10,61
75,62
75,63
93,64
10,65
116,66
93,67
109,68
93,69
93,70
93,71
10,72
75,73
75,75
72,76
13,77
1,78
7,79
48,80
10,81
75,82
10,83
9,84
10,85
86,86
87,87
6,88
13,89
52,90
91,91
92,92
93,93
93,94
39,95
100,96
92,97
96,98
90,99
100,100
101,101
110,102
96,103
48,104
105,105
109,106
107,107
108,108
109,109
110,110
111,111
112,112
113,113
114,114
115,115
116,116
117,117
118,118
106,119
28,60
9,61
81,62
73,63
62,64
62,65
116,66
84,67
96,68
39,69
69,70
96,71
10,72
10,73
11,74
118,75
81,76
81,77
9,78
81,79
92,80
10,81
10,82
81,83
81,84
72,85
13,86
100,87
8,88
9,89
81,90
91,91
118,92
100,93
109,94
8,95
81,96
21,97
81,98
13,99
16,100
96,101
22,102
82,103
61,104
87,105
109,106
107,107
108,108
109,109
110,110
111,111
112,112
113,113
109,114
115,115
116,116
117,117
118,118
119,119
60,60
61,61
62,62
63,63
64,64
65,65
66,66
67,67
68,68
69,69
71,70
71,71
11,72
73,73
74,74
10,75
75,76
77,77
104,78
79,79
80,80
81,81
82,82
83,83
84,84
85,85
86,86
87,87
88,88
89,89
90,90
91,91
76,92
93,93
94,94
95,95
96,96
97,97
98,98
99,99
100,100
101,101
104,102
103,103
104,104
105,105
106,106
107,107
108,108
53,109
110,110
111,111
112,112
113,113
114,114
115,115
116,116
117,117
118,118
119,119
60,60
61,61
62,62
63,63
97,64
65,65
66,66
3,67
30,68
30,69
30,70
30,71
11,72
28,73
28,74
75,75
76,76
77,77
2,78
79,79
80,80
12,81
82,82
83,83
84,84
85,85
86,86
87,87
88,88
88,89
90,90
91,91
92,92
93,93
94,94
95,95
96,96
97,97
98,98
99,99
100,100
101,101
104,102
21,103
104,104
106,105
109,106
107,107
108,108
109,109
110,110
111,111
112,112
113,113
114,114
115,115
116,116
117,117
118,118
119,119
60,60
61,61
62,62
63,63
64,64
65,65
66,66
67,67
71,68
69,69
78,70
78,71
81,72
73,73
74,74
75,75
76,76
85,77
78,78
79,79
80,80
81,81
82,82
83,83
84,84
84,85
86,86
87,87
88,88
89,89
90,90
91,91
92,92
93,93
94,94
95,95
96,96
97,97
98,98
99,99
100,100
101,101
66,102
103,103
104,104
105,105
106,106
108,107
108,108
109,109
110,110
111,111
112,112
113,113
114,114
115,115
116,116
117,117
118,118
119,119
60,60
61,61
62,62
63,63
64,64
65,65
66,66
67,67
71,68
69,69
70,70
70,71
75,72
73,73
74,74
75,75
76,76
77,77
78,78
79,79
80,80
81,81
82,82
83,83
84,84
85,85
86,86
87,87
88,88
89,89
90,90
91,91
92,92
93,93
94,94
95,95
96,96
97,97
98,98
99,99
100,100
101,101
102,102
103,103
104,104
105,105
106,106
107,107
108,108
109,109
110,110
111,111
112,112
113,113
114,114
115,115
116,116
117,117
118,118
119,119
60,60
61,61
62,62
63,63
64,64
65,65
66,66
67,67
68,68
30,69
68,70
70,71
29,72
73,73
28,74
75,75
76,76
83,77
78,78
79,79
80,80
81,81
82,82
83,83
84,84
85,85
86,86
87,87
88,88
89,89
90,90
91,91
48,92
93,93
94,94
95,95
96,96
97,97
98,98
99,99
100,100
101,101
102,102
103,103
104,104
105,105
106,106
107,107
108,108
109,109
110,110
111,111
112,112
113,113
114,114
115,115
116,116
117,117
118,118
119,119
60,60
61,61
62,62
63,63
64,64
65,65
66,66
67,67
71,68
69,69
31,70
68,71
29,72
29,73
29,74
11,75
76,76
82,77
1,78
79,79
80,80
81,81
82,82
29,83
84,84
12,85
86,86
87,87
15,88
89,89
29,90
91,91
92,92
93,93
94,94
9,95
96,96
9,97
98,98
99,99
100,100
101,101
102,102
103,103
36,104
105,105
106,106
107,107
108,108
109,109
110,110
111,111
112,112
113,113
114,114
115,115
116,116
117,117
118,118
119,119
60,60
18,61
6,62
63,63
64,64
65,65
66,66
3,67
68,68
30,69
71,70
31,71
11,72
73,73
28,74
75,75
76,76
83,77
1,78
79,79
80,80
81,81
82,82
28,83
36,84
1,85
86,86
87,87
88,88
89,89
12,90
91,91
48,92
93,93
94,94
95,95
96,96
97,97
98,98
99,99
100,100
101,101
37,102
13,103
104,104
49,105
109,106
107,107
108,108
109,109
50,110
111,111
112,112
113,113
114,114
115,115
116,116
117,117
118,118
119,119
36,60
61,61
62,62
63,63
64,64
65,65
35,66
36,67
31,68
32,69
70,70
71,71
90,72
73,73
74,74
28,75
76,76
77,77
84,78
42,79
80,80
81,81
82,82
83,83
36,84
33,85
86,86
87,87
88,88
89,89
90,90
91,91
2,92
93,93
94,94
95,95
96,96
97,97
98,98
99,99
100,100
6,101
36,102
21,103
40,104
106,105
105,106
51,107
49,108
109,109
110,110
111,111
112,112
113,113
109,114
115,115
116,116
117,117
118,118
119,119
60,60
61,61
62,62
63,63
64,64
65,65
66,66
67,67
68,68
69,69
70,70
31,71
72,72
73,73
28,74
75,75
76,76
77,77
78,78
79,79
80,80
81,81
82,82
83,83
84,84
85,85
86,86
87,87
88,88
89,89
90,90
91,91
92,92
93,93
94,94
95,95
96,96
97,97
98,98
99,99
100,100
101,101
102,102
103,103
104,104
105,105
106,106
107,107
108,108
109,109
110,110
111,111
112,112
113,113
114,114
115,115
116,116
117,117
118,118
119,119
60,60
61,61
62,62
63,63
64,64
65,65
66,66
67,67
30,68
30,69
31,70
30,71
11,72
83,73
74,74
72,75
76,76
85,77
78,78
79,79
80,80
10,81
82,82
83,83
84,84
85,85
86,86
87,87
88,88
24,89
90,90
91,91
92,92
93,93
94,94
95,95
96,96
97,97
98,98
99,99
100,100
101,101
102,102
103,103
104,104
105,105
106,106
107,107
108,108
109,109
110,110
111,111
112,112
113,113
114,114
115,115
116,116
117,117
118,118
119,119
60,60
20,61
62,62
63,63
105,64
65,65
78,66
67,67
68,68
76,69
30,70
30,71
90,72
10,73
10,74
32,75
63,76
33,77
2,78
79,79
80,80
81,81
9,82
29,83
84,84
85,85
13,86
87,87
88,88
88,89
16,90
91,91
92,92
93,93
94,94
95,95
96,96
97,97
98,98
99,99
100,100
101,101
45,102
103,103
104,104
105,105
105,106
107,107
108,108
109,109
110,110
111,111
112,112
113,113
114,114
115,115
116,116
117,117
118,118
119,119
60,60
61,61
62,62
63,63
64,64
65,65
66,66
67,67
71,68
69,69
76,70
70,71
72,72
73,73
74,74
109,75
76,76
90,77
78,78
79,79
80,80
81,81
82,82
109,83
84,84
85,85
86,86
87,87
88,88
89,89
90,90
91,91
92,92
93,93
94,94
95,95
96,96
97,97
98,98
99,99
100,100
101,101
102,102
103,103
104,104
106,105
106,106
107,107
108,108
109,109
110,110
111,111
112,112
91,113
114,114
115,115
116,116
117,117
118,118
119,119
60,60
61,61
62,62
63,63
49,64
65,65
66,66
67,67
95,68
30,69
70,70
71,71
72,72
72,73
74,74
75,75
76,76
77,77
78,78
79,79
80,80
81,81
82,82
83,83
84,84
85,85
86,86
87,87
88,88
89,89
90,90
91,91
103,92
93,93
94,94
95,95
96,96
97,97
98,98
99,99
100,100
101,101
66,102
21,103
66,104
105,105
106,106
107,107
108,108
109,109
110,110
111,111
112,112
113,113
114,114
115,115
116,116
117,117
118,118
119,119
60,60
61,61
62,62
63,63
64,64
65,65
66,66
67,67
68,68
69,69
70,70
71,71
75,72
28,73
74,74
75,75
76,76
77,77
78,78
79,79
62,80
81,81
82,82
83,83
84,84
85,85
86,86
87,87
88,88
89,89
90,90
91,91
92,92
93,93
94,94
95,95
96,96
97,97
98,98
99,99
100,100
101,101
102,102
103,103
104,104
105,105
106,106
107,107
108,108
53,109
110,110
111,111
112,112
113,113
53,114
115,115
116,116
117,117
118,118
119,119
61,60
20,61
62,62
63,63
64,64
65,65
66,66
67,67
30,68
69,69
71,70
71,71
75,72
28,73
11,74
75,75
76,76
12,77
40,78
79,79
72,80
81,81
82,82
73,83
36,84
85,85
86,86
87,87
88,88
88,89
90,90
91,91
22,92
102,102
103,103
104,104
49,105
109,106
107,107
108,108
109,109
110,110
111,111
112,112
113,113
114,114
115,115
116,116
117,117
118,118
119,119
60,60
61,61
62,62
63,63
64,64
65,65
66,66
67,67
71,68
69,69
71,70
71,71
75,72
73,73
74,74
75,75
76,76
77,77
104,78
79,79
80,80
83,81
82,82
73,83
84,84
85,85
86,86
87,87
88,88
89,89
89,90
91,91
92,92
70,93
94,94
95,95
96,96
97,97
98,98
99,99
100,100
101,101
102,102
103,103
104,104
106,105
106,106
107,107
108,108
114,109
110,110
111,111
112,112
113,113
114,114
115,115
116,116
117,117
118,118
119,119
10,60
28,61
28,62
13,63
12,64
81,65
119,66
81,67
96,68
62,69
39,70
62,71
81,72
81,73
81,74
81,75
62,76
61,77
74,78
7,79
81,80
81,81
28,82
81,83
72,84
81,85
13,86
14,87
58,88
13,89
7,90
41,91
116,92
96,93
69,94
96,95
16,96
61,97
100,98
25,99
16,100
101,101
58,102
29,103
37,104
49,105
106,106
107,107
77,108
58,109
110,110
111,111
112,112
113,113
114,114
115,115
45,116
117,117
118,118
106,119
29,60
61,61
63,62
63,63
96,64
63,65
92,66
67,67
109,68
9,69
92,70
62,71
86,72
75,73
11,74
10,75
92,76
119,77
114,78
79,79
102,80
10,81
10,82
81,83
3,84
81,85
14,86
118,87
8,88
86,89
39,90
91,91
105,92
96,93
94,94
95,95
96,96
97,97
98,98
99,99
100,100
101,101
92,102
54,103
92,104
105,105
105,106
107,107
108,108
109,109
110,110
111,111
112,112
113,113
53,114
115,115
110,116
117,117
118,118
119,119
60,60
61,61
62,62
63,63
64,64
65,65
66,66
43,67
68,68
69,69
71,70
30,71
75,72
83,73
28,74
75,75
28,76
81,77
78,78
79,79
80,80
81,81
81,82
83,83
84,84
85,85
86,86
87,87
88,88
89,89
10,90
91,91
76,92
93,93
94,94
95,95
96,96
97,97
98,98
99,99
100,100
101,101
104,102
103,103
104,104
105,105
109,106
107,107
108,108
52,109
110,110
111,111
112,112
113,113
114,114
115,115
116,116
117,117
118,118
119,119
60,60
61,61
62,62
63,63
64,64
65,65
66,66
3,67
30,68
69,69
68,70
68,71
28,72
73,73
28,74
10,75
76,76
77,77
104,78
79,79
80,80
81,81
82,82
83,83
84,84
85,85
86,86
87,87
88,88
88,89
90,90
91,91
92,92
93,93
94,94
95,95
96,96
97,97
98,98
99,99
100,100
101,101
104,102
103,103
104,104
106,105
53,106
107,107
108,108
109,109
110,110
111,111
112,112
113,113
114,114
115,115
116,116
117,117
118,118
119,119
60,60
61,61
62,62
63,63
64,64
65,65
104,66
67,67
71,68
69,69
70,70
78,71
10,72
73,73
74,74
75,75
76,76
77,77
78,78
79,79
80,80
81,81
82,82
83,83
84,84
85,85
86,86
87,87
88,88
89,89
90,90
91,91
76,92
93,93
94,94
95,95
96,96
97,97
98,98
99,99
100,100
101,101
104,102
103,103
104,104
105,105
49,106
107,107
108,108
109,109
110,110
111,111
112,112
113,113
114,114
115,115
116,116
117,117
118,118
119,119
60,60
61,61
62,62
63,63
64,64
65,65
66,66
67,67
71,68
69,69
70,70
70,71
90,72
73,73
74,74
75,75
76,76
77,77
78,78
79,79
80,80
81,81
82,82
83,83
84,84
82,85
86,86
87,87
88,88
89,89
90,90
91,91
92,92
93,93
94,94
95,95
96,96
97,97
98,98
99,99
100,100
101,101
102,102
103,103
104,104
105,105
106,106
107,107
108,108
109,109
110,110
111,111
112,112
113,113
74,114
115,115
116,116
117,117
118,118
119,119
18,60
18,61
62,62
63,63
64,64
65,65
38,66
67,67
71,68
30,69
71,70
70,71
29,72
73,73
28,74
10,75
76,76
83,77
78,78
79,79
80,80
81,81
82,82
73,83
84,84
24,85
86,86
87,87
88,88
89,89
89,90
91,91
48,92
93,93
37,94
95,95
96,96
97,97
98,98
99,99
100,100
101,101
40,102
87,103
104,104
105,105
106,106
107,107
108,108
109,109
110,110
111,111
112,112
113,113
114,114
115,115
116,116
117,117
118,118
119,119
60,60
61,61
62,62
63,63
64,64
65,65
66,66
67,67
30,68
68,69
71,70
71,71
83,72
84,74
29,75
76,76
77,77
79,79
80,80
81,81
82,82
11,83
84,84
65,85
86,86
87,87
15,88
15,89
10,90
118,91
92,92
93,93
94,94
9,95
96,96
97,97
98,98
99,99
100,100
101,101
66,102
103,103
104,104
105,105
106,106
107,107
108,108
109,109
110,110
111,111
112,112
113,113
114,114
115,115
116,116
117,117
118,118
119,119
27,60
18,61
6,62
63,63
64,64
65,65
66,66
3,67
31,68
30,69
31,70
9,71
29,72
9,73
28,74
75,75
76,76
29,77
78,78
79,79
80,80
81,81
29,82
81,83
33,84
1,85
86,86
87,87
88,88
89,89
12,90
91,91
21,92
93,93
94,94
55,95
9,96
97,97
98,98
99,99
100,100
23,101
20,102
97,103
40,104
49,105
105,106
51,107
56,108
109,109
50,110
111,111
112,112
113,113
114,114
115,115
116,116
49,117
118,118
119,119
60,60
61,61
62,62
63,63
64,64
65,65
66,66
3,67
68,68
69,69
71,70
71,71
85,72
73,73
28,74
29,75
76,76
85,77
27,78
79,79
80,80
81,81
82,82
83,83
36,84
33,85
86,86
87,87
88,88
89,89
10,90
91,91
92,92
93,93
94,94
95,95
96,96
97,97
98,98
99,99
100,100
101,101
46,102
13,103
40,104
105,105
49,106
59,107
49,108
109,109
110,110
111,111
112,112
113,113
114,114
115,115
116,116
117,117
118,118
119,119
61,61
62,62
63,63
64,64
65,65
66,66
61,67
68,68
69,69
71,70
31,71
10,72
73,73
28,74
75,75
76,76
77,77
78,78
79,79
80,80
81,81
82,82
10,83
3,84
33,85
86,86
87,87
88,88
89,89
90,90
91,91
22,92
93,93
94,94
95,95
96,96
97,97
98,98
99,99
100,100
101,101
104,102
103,103
104,104
106,105
106,106
107,107
108,108
109,109
110,110
111,111
112,112
113,113
114,114
115,115
116,116
117,117
118,118
119,119
60,60
61,61
62,62
63,63
64,64
65,65
66,66
67,67
30,68
30,69
31,70
68,71
11,72
83,73
74,74
75,75
76,76
77,77
78,78
79,79
80,80
81,81
82,82
73,83
84,84
85,85
86,86
87,87
88,88
89,89
90,90
91,91
92,92
93,93
94,94
95,95
96,96
97,97
98,98
99,99
100,100
101,101
102,102
103,103
104,104
105,105
106,106
107,107
108,108
109,109
110,110
111,111
112,112
113,113
114,114
115,115
116,116
117,117
118,118
119,119
60,60
61,61
62,62
63,63
64,64
65,65
66,66
67,67
68,68
69,69
70,70
71,71
73,72
73,73
72,74
72,75
76,76
82,77
78,78
79,79
93,80
81,81
9,82
83,83
84,84
85,85
13,86
87,87
88,88
89,89
90,90
91,91
92,92
93,93
94,94
95,95
96,96
97,97
98,98
99,99
100,100
101,101
102,102
103,103
104,104
105,105
105,106
107,107
108,108
109,109
110,110
111,111
112,112
113,113
114,114
115,115
116,116
117,117
118,118
119,119
60,60
61,61
62,62
63,63
64,64
65,65
66,66
67,67
68,68
69,69
71,70
53,71
72,72
73,73
74,74
72,75
76,76
10,77
78,78
79,79
80,80
81,81
82,82
85,83
84,84
85,85
86,86
87,87
88,88
89,89
90,90
91,91
92,92
93,93
94,94
95,95
96,96
97,97
98,98
99,99
100,100
101,101
102,102
103,103
104,104
105,105
105,106
107,107
108,108
109,109
110,110
111,111
112,112
113,113
114,114
115,115
116,116
117,117
118,118
119,119
60,60
61,61
62,62
63,63
6,64
65,65
66,66
67,67
68,68
69,69
70,70
70,71
72,72
28,73
74,74
75,75
76,76
77,77
43,78
79,79
80,80
81,81
82,82
28,83
84,84
85,85
86,86
87,87
89,88
89,89
90,90
91,91
92,92
93,93
94,94
95,95
96,96
97,97
98,98
99,99
100,100
101,101
66,102
103,103
104,104
106,105
106,106
107,107
108,108
109,109
110,110
111,111
112,112
113,113
114,114
115,115
116,116
117,117
118,118
119,119
60,60
61,61
62,62
63,63
64,64
65,65
66,66
67,67
71,68
30,69
70,70
71,71
75,72
83,73
74,74
10,75
93,76
83,77
66,78
79,79
80,80
81,81
82,82
83,83
84,84
33,85
86,86
87,87
88,88
89,89
89,90
91,91
94,92
93,93
94,94
95,95
96,96
97,97
98,98
99,99
100,100
101,101
102,102
103,103
104,104
106,105
106,106
107,107
108,108
109,109
110,110
111,111
112,112
113,113
114,114
115,115
116,116
117,117
118,118
119,119
60,60
61,61
62,62
63,63
64,64
65,65
66,66
67,67
30,68
69,69
71,70
71,71
75,72
73,73
74,74
75,75
76,76
77,77
78,78
79,79
76,80
81,81
82,82
11,83
84,84
85,85
86,86
87,87
88,88
88,89
90,90
91,91
92,92
93,93
94,94
95,95
96,96
97,97
98,98
99,99
100,100
101,101
102,102
103,103
104,104
105,105
106,106
107,107
108,108
114,109
110,110
111,111
112,112
113,113
114,114
115,115
116,116
117,117
118,118
119,119
60,60
61,61
62,62
63,63
64,64
65,65
66,66
67,67
71,68
69,69
71,70
71,71
72,72
73,73
74,74
10,75
76,76
84,77
104,78
79,79
71,80
73,81
82,82
83,83
84,84
85,85
86,86
87,87
88,88
89,89
90,90
91,91
92,92
93,93
94,94
95,95
96,96
97,97
98,98
99,99
100,100
101,101
102,102
103,103
104,104
106,105
106,106
107,107
108,108
109,109
110,110
111,111
112,112
113,113
114,114
115,115
116,116
117,117
118,118
119,119
9,61
48,62
52,63
97,64
52,65
67,66
20,67
71,68
93,69
76,70
71,71
75,72
75,73
9,74
97,75
119,76
84,77
19,78
42,79
93,80
97,81
65,82
9,83
85,84
22,85
13,86
87,87
86,88
13,89
95,90
100,91
92,92
96,93
92,94
95,95
96,96
52,97
98,98
99,99
100,100
101,101
92,102
96,103
92,104
106,105
109,106
51,107
108,108
109,109
110,110
105,111
112,112
113,113
52,114
115,115
116,116
117,117
118,118
105,119
12,62
84,63
62,64
16,65
81,66
81,67
110,68
81,69
81,70
92,71
27,72
100,73
19,74
72,75
90,76
4,77
4,78
7,79
84,80
29,81
10,82
10,83
83,84
10,85
13,86
14,87
8,88
8,89
8,90
16,91
96,92
84,93
96,94
84,95
84,96
36,97
100,98
100,99
10,100
6,101
96,102
96,103
81,104
107,105
109,106
107,107
108,108
105,109
110,110
111,111
112,112
113,113
109,114
115,115
116,116
117,117
118,118
119,119
60,60
61,61
62,62
63,63
64,64
65,65
66,66
43,67
68,68
69,69
68,70
68,71
75,72
73,73
74,74
75,75
29,76
77,77
104,78
79,79
80,80
81,81
82,82
83,83
84,84
85,85
86,86
87,87
88,88
89,89
90,90
91,91
76,92
93,93
94,94
95,95
96,96
97,97
98,98
99,99
100,100
101,101
104,102
103,103
104,104
105,105
106,106
107,107
108,108
114,109
110,110
111,111
112,112
113,113
114,114
115,115
116,116
117,117
118,118
119,119
60,60
61,61
62,62
63,63
64,64
65,65
66,66
46,67
30,68
69,69
92,70
93,71
10,72
73,73
74,74
11,75
76,76
73,77
104,78
79,79
80,80
90,81
82,82
83,83
84,84
84,85
86,86
87,87
88,88
88,89
90,90
91,91
92,92
93,93
103,94
95,95
96,96
97,97
98,98
99,99
100,100
101,101
78,102
103,103
104,104
106,105
109,106
116,107
108,108
109,109
110,110
111,111
112,112
113,113
114,114
115,115
116,116
117,117
118,118
119,119
60,60
61,61
62,62
63,63
64,64
65,65
66,66
67,67
80,68
69,69
78,70
71,71
75,72
83,73
74,74
75,75
76,76
77,77
78,78
79,79
80,80
81,81
82,82
83,83
84,84
85,85
86,86
87,87
88,88
90,89
90,90
91,91
76,92
93,93
94,94
95,95
96,96
97,97
98,98
99,99
100,100
101,101
66,102
103,103
104,104
105,105
106,106
107,107
108,108
109,109
110,110
111,111
112,112
113,113
114,114
115,115
116,116
117,117
118,118
119,119
60,60
61,61
62,62
63,63
64,64
65,65
66,66
67,67
71,68
69,69
70,70
70,71
75,72
81,73
74,74
75,75
76,76
77,77
78,78
79,79
80,80
81,81
82,82
81,83
84,84
82,85
86,86
87,87
88,88
88,89
90,90
91,91
92,92
93,93
94,94
95,95
96,96
97,97
98,98
99,99
100,100
101,101
102,102
103,103
92,104
105,105
106,106
107,107
108,108
109,109
110,110
111,111
112,112
113,113
114,114
115,115
116,116
117,117
118,118
119,119
60,60
61,61
62,62
63,63
64,64
65,65
66,66
67,67
109,68
69,69
71,70
71,71
29,72
73,73
74,74
75,75
76,76
83,77
78,78
79,79
80,80
81,81
82,82
83,83
84,84
85,85
86,86
87,87
88,88
89,89
90,90
91,91
92,92
93,93
94,94
95,95
96,96
97,97
98,98
99,99
100,100
101,101
102,102
103,103
104,104
105,105
106,106
107,107
108,108
109,109
110,110
111,111
112,112
113,113
114,114
115,115
4,116
117,117
118,118
119,119
60,60
61,61
62,62
63,63
80,64
65,65
66,66
67,67
68,68
69,69
71,70
68,71
29,72
11,73
74,74
29,75
82,76
82,77
43,78
79,79
80,80
81,81
82,82
29,83
36,84
2,85
86,86
87,87
90,88
89,89
29,90
118,91
22,92
93,93
94,94
82,95
96,96
97,97
98,98
99,99
100,100
101,101
102,102
3,103
43,104
109,105
106,106
107,107
108,108
109,109
110,110
111,111
112,112
113,113
114,114
115,115
116,116
117,117
118,118
119,119
60,60
61,61
62,62
63,63
64,64
65,65
66,66
3,67
68,68
30,69
66,70
70,71
75,72
73,73
74,74
10,75
76,76
77,77
104,78
79,79
80,80
81,81
82,82
83,83
36,84
85,85
86,86
87,87
89,88
89,89
90,90
91,91
48,92
93,93
94,94
95,95
96,96
97,97
98,98
99,99
100,100
101,101
46,102
97,103
40,104
49,105
105,106
107,107
108,108
109,109
110,110
111,111
112,112
113,113
114,114
115,115
116,116
117,117
118,118
119,119
60,60
18,61
93,62
63,63
64,64
65,65
2,66
67,67
70,68
69,69
71,70
71,71
90,72
1,73
74,74
28,75
76,76
76,77
4,78
79,79
80,80
10,81
29,82
83,83
36,84
33,85
86,86
14,87
88,88
89,89
90,90
91,91
76,92
93,93
94,94
95,95
96,96
97,97
98,98
99,99
100,100
101,101
48,102
13,103
47,104
105,105
51,106
107,107
50,108
109,109
110,110
111,111
112,112
91,113
114,114
115,115
116,116
117,117
118,118
119,119
60,60
61,61
62,62
63,63
64,64
65,65
66,66
61,67
68,68
69,69
71,70
71,71
10,72
73,73
74,74
28,75
76,76
77,77
78,78
79,79
80,80
81,81
82,82
83,83
84,84
85,85
86,86
87,87
88,88
89,89
90,90
91,91
22,92
93,93
94,94
95,95
96,96
97,97
98,98
99,99
100,100
101,101
102,102
103,103
104,104
105,105
106,106
107,107
108,108
109,109
110,110
111,111
112,112
113,113
114,114
115,115
116,116
117,117
118,118
119,119
60,60
61,61
93,62
1,63
64,64
65,65
66,66
67,67
68,68
69,69
70,70
71,71
75,72
73,73
74,74
75,75
76,76
82,77
78,78
79,79
80,80
81,81
82,82
83,83
84,84
85,85
86,86
87,87
88,88
89,89
90,90
91,91
2,92
93,93
94,94
95,95
96,96
97,97
98,98
99,99
100,100
101,101
104,102
103,103
104,104
105,105
106,106
107,107
108,108
109,109
110,110
111,111
112,112
113,113
114,114
115,115
116,116
117,117
118,118
119,119
60,60
52,61
114,62
63,63
109,64
68,65
66,66
67,67
68,68
68,69
110,70
71,71
72,72
73,73
74,74
75,75
70,76
77,77
78,78
79,79
71,80
83,81
82,82
83,83
84,84
85,85
86,86
61,87
89,88
89,89
90,90
91,91
92,92
93,93
109,94
95,95
96,96
97,97
98,98
99,99
100,100
107,101
102,102
103,103
38,104
109,105
106,106
107,107
106,108
109,109
110,110
94,111
108,112
113,113
114,114
118,115
116,116
109,117
118,118
119,119
108,60
60,61
0,62
63,63
64,64
65,65
66,66
35,67
71,68
94,69
68,70
71,71
90,72
83,73
74,74
75,75
71,76
77,77
78,78
106,79
93,80
81,81
82,82
82,83
38,84
85,85
86,86
87,87
88,88
88,89
90,90
91,91
64,92
93,93
94,94
95,95
96,96
97,97
98,98
99,99
100,100
101,101
93,102
109,103
66,104
105,105
110,106
107,107
108,108
109,109
110,110
111,111
112,112
113,113
114,114
115,115
116,116
117,117
107,118
119,119
60,60
61,61
62,62
63,63
105,64
65,65
66,66
67,67
68,68
69,69
70,70
71,71
75,72
28,73
74,74
11,75
71,76
74,77
78,78
79,79
80,80
10,81
82,82
28,83
36,84
77,85
86,86
87,87
88,88
89,89
10,90
91,91
92,92
93,93
94,94
102,95
96,96
97,97
98,98
99,99
100,100
101,101
66,102
94,103
104,104
105,105
109,106
107,107
56,108
53,109
110,110
111,111
112,112
113,113
114,114
115,115
116,116
117,117
118,118
119,119
60,60
61,61
62,62
63,63
6,64
65,65
102,66
67,67
68,68
69,69
71,70
71,71
72,72
73,73
74,74
75,75
76,76
77,77
80,78
79,79
80,80
75,81
82,82
83,83
84,84
85,85
86,86
87,87
88,88
89,89
90,90
91,91
92,92
93,93
94,94
95,95
96,96
97,97
98,98
99,99
100,100
101,101
66,102
94,103
104,104
105,105
106,106
107,107
108,108
109,109
110,110
111,111
112,112
113,113
114,114
115,115
116,116
117,117
118,118
119,119
60,60
61,61
62,62
63,63
64,64
65,65
66,66
67,67
71,68
69,69
70,70
70,71
72,72
73,73
74,74
72,75
76,76
77,77
78,78
79,79
80,80
81,81
82,82
81,83
84,84
85,85
86,86
87,87
88,88
89,89
90,90
91,91
92,92
93,93
94,94
95,95
96,96
97,97
98,98
99,99
100,100
101,101
102,102
103,103
104,104
105,105
106,106
116,107
106,108
90,109
110,110
111,111
112,112
113,113
114,114
115,115
116,116
117,117
118,118
119,119
60,60
61,61
62,62
63,63
64,64
65,65
66,66
67,67
68,68
69,69
70,70
71,71
72,72
81,73
74,74
75,75
76,76
77,77
66,78
79,79
80,80
81,81
33,82
81,83
84,84
85,85
86,86
87,87
88,88
89,89
90,90
91,91
92,92
93,93
94,94
95,95
96,96
97,97
98,98
99,99
100,100
101,101
102,102
103,103
104,104
105,105
106,106
107,107
108,108
109,109
110,110
111,111
112,112
113,113
114,114
115,115
116,116
117,117
118,118
119,119
60,60
61,61
62,62
63,63
64,64
65,65
66,66
67,67
71,68
69,69
70,70
70,71
72,72
73,73
74,74
75,75
76,76
77,77
78,78
79,79
68,80
81,81
82,82
83,83
84,84
85,85
86,86
87,87
88,88
89,89
90,90
91,91
92,92
93,93
94,94
95,95
96,96
97,97
98,98
99,99
100,100
101,101
102,102
103,103
104,104
105,105
106,106
107,107
108,108
109,109
110,110
111,111
112,112
113,113
114,114
115,115
116,116
117,117
118,118
119,119
60,60
61,61
62,62
63,63
64,64
65,65
66,66
67,67
68,68
69,69
70,70
70,71
73,72
73,73
74,74
72,75
76,76
77,77
78,78
79,79
65,80
81,81
33,82
73,83
84,84
85,85
86,86
87,87
88,88
89,89
90,90
91,91
92,92
93,93
94,94
95,95
96,96
97,97
98,98
99,99
100,100
101,101
102,102
103,103
104,104
105,105
105,106
116,107
108,108
109,109
110,110
111,111
112,112
113,113
114,114
115,115
116,116
117,117
118,118
119,119
60,60
61,61
62,62
63,63
64,64
65,65
66,66
67,67
68,68
69,69
71,70
68,71
72,72
73,73
74,74
72,75
76,76
77,77
78,78
79,79
80,80
81,81
82,82
83,83
84,84
85,85
86,86
87,87
88,88
89,89
90,90
91,91
92,92
93,93
94,94
95,95
96,96
97,97
98,98
99,99
100,100
101,101
102,102
103,103
104,104
105,105
106,106
108,108
109,109
110,110
111,111
112,112
113,113
114,114
115,115
116,116
117,117
118,118
106,119
60,60
61,61
62,62
63,63
64,64
65,65
66,66
67,67
68,68
69,69
68,70
71,71
83,72
73,73
74,74
72,75
76,76
77,77
78,78
79,79
80,80
81,81
82,82
83,83
84,84
85,85
86,86
87,87
88,88
89,89
90,90
91,91
92,92
93,93
94,94
95,95
96,96
97,97
98,98
99,99
100,100
101,101
102,102
103,103
104,104
50,105
106,106
105,107
108,108
109,109
110,110
111,111
112,112
91,113
53,114
115,115
116,116
117,117
118,118
106,119
60,60
61,61
6,62
63,63
64,64
65,65
66,66
67,67
68,68
69,69
70,70
70,71
75,72
83,73
74,74
72,75
76,76
77,77
78,78
79,79
80,80
81,81
82,82
83,83
84,84
85,85
86,86
87,87
88,88
89,89
90,90
91,91
92,92
93,93
94,94
95,95
96,96
97,97
98,98
99,99
100,100
101,101
102,102
103,103
104,104
105,105
106,106
107,107
108,108
109,109
110,110
111,111
112,112
113,113
114,114
115,115
116,116
117,117
118,118
119,119
60,60
61,61
62,62
63,63
64,64
65,65
66,66
67,67
68,68
69,69
70,70
70,71
72,72
73,73
28,74
75,75
76,76
77,77
78,78
79,79
80,80
81,81
82,82
83,83
84,84
85,85
86,86
87,87
88,88
89,89
90,90
91,91
92,92
93,93
94,94
95,95
96,96
97,97
98,98
99,99
100,100
101,101
102,102
103,103
104,104
105,105
105,106
107,107
108,108
109,109
110,110
111,111
112,112
113,113
114,114
115,115
116,116
117,117
118,118
119,119
60,60
35,61
114,62
80,63
90,65
66,66
102,67
68,68
68,69
68,70
69,71
77,72
73,73
72,74
72,75
69,76
82,77
78,78
105,79
71,80
81,81
82,82
83,83
78,84
85,85
86,86
67,87
89,88
89,89
90,90
93,93
94,94
95,95
96,96
97,97
98,98
99,99
100,100
109,101
69,102
94,103
66,104
109,105
106,106
107,107
109,108
114,109
110,110
111,111
109,112
91,113
114,114
51,115
116,116
108,117
118,118
111,119
90,60
61,61
62,62
63,63
106,64
65,65
66,66
110,67
68,68
69,69
71,70
71,71
72,72
73,73
72,74
72,75
70,76
77,77
78,78
68,79
80,80
81,81
82,82
83,83
66,84
85,85
86,86
87,87
88,88
88,89
90,90
91,91
64,92
93,93
109,94
95,95
96,96
97,97
98,98
99,99
100,100
101,101
102,102
94,103
102,104
105,105
108,106
109,107
106,108
109,109
107,110
111,111
112,112
113,113
114,114
115,115
116,116
117,117
118,118
119,119
60,60
102,61
66,62
63,63
103,64
80,65
66,66
4,67
93,68
71,69
69,70
71,71
75,72
77,73
72,74
28,75
71,76
73,77
80,78
79,79
80,80
81,81
75,82
72,83
92,84
85,85
86,86
108,87
78,88
88,89
90,90
100,91
76,92
66,93
93,94
68,95
94,96
97,97
98,98
99,99
100,100
101,101
68,102
94,103
102,104
106,105
107,106
107,107
53,108
109,109
116,110
114,111
112,112
113,113
110,114
59,115
116,116
105,117
110,118
119,119
60,60
61,61
94,62
63,63
64,64
65,65
66,66
67,67
68,68
68,69
71,70
71,71
72,72
73,73
74,74
10,75
76,76
77,77
78,78
79,79
80,80
73,81
82,82
28,83
84,84
85,85
86,86
87,87
88,88
64,89
10,90
91,91
70,92
93,93
94,94
95,95
96,96
97,97
98,98
99,99
100,100
101,101
66,102
94,103
104,104
111,105
106,106
107,107
108,108
109,109
110,110
111,111
112,112
113,113
114,114
115,115
116,116
117,117
118,118
119,119
60,60
61,61
62,62
64,64
65,65
66,66
67,67
68,68
69,69
68,70
71,71
72,72
73,73
74,74
72,75
76,76
77,77
78,78
79,79
80,80
81,81
77,82
82,83
84,84
85,85
86,86
87,87
88,88
89,89
90,90
91,91
92,92
93,93
94,94
95,95
96,96
97,97
98,98
99,99
100,100
99,101
104,102
103,103
104,104
106,105
106,106
116,107
106,108
109,109
110,110
111,111
112,112
113,113
114,114
59,115
116,116
117,117
118,118
119,119
60,60
61,61
62,62
63,63
64,64
65,65
66,66
67,67
68,68
69,69
70,70
71,71
72,72
73,73
72,74
72,75
76,76
77,77
66,78
79,79
80,80
81,81
82,82
81,83
84,84
85,85
86,86
87,87
88,88
89,89
90,90
91,91
92,92
93,93
94,94
95,95
96,96
97,97
98,98
99,99
100,100
101,101
102,102
103,103
104,104
105,105
106,106
107,107
108,108
109,109
110,110
111,111
112,112
113,113
114,114
115,115
116,116
117,117
118,118
119,119
64,60
61,61
64,64
65,65
102,66
67,67
76,68
69,69
70,70
71,71
74,72
74,73
74,74
75,75
76,76
83,77
78,78
79,79
80,80
81,81
82,82
72,83
84,84
85,85
86,86
87,87
78,88
89,89
72,90
91,91
92,92
93,93
94,94
95,95
96,96
97,97
98,98
99,99
100,100
101,101
102,102
103,103
104,104
105,105
105,106
116,107
106,108
109,109
110,110
111,111
112,112
113,113
114,114
115,115
116,116
117,117
88,118
119,119
60,60
61,61
62,62
63,63
64,64
65,65
66,66
67,67
68,68
69,69
70,70
70,71
72,72
73,73
74,74
72,75
76,76
77,77
78,78
79,79
84,80
81,81
82,82
83,83
84,84
85,85
86,86
87,87
88,88
89,89
90,90
91,91
92,92
93,93
94,94
95,95
96,96
97,97
98,98
99,99
100,100
101,101
102,102
103,103
104,104
105,105
105,106
116,107
105,108
109,109
110,110
111,111
119,112
113,113
114,114
115,115
116,116
117,117
118,118
119,119
60,60
61,61
62,62
63,63
64,64
65,65
66,66
67,67
68,68
69,69
70,70
80,71
72,72
79,79
80,80
81,81
82,82
83,83
73,84
85,85
86,86
89,87
88,88
88,89
90,90
91,91
92,92
93,93
94,94
95,95
96,96
97,97
98,98
99,99
100,100
101,101
102,102
97,103
104,104
106,105
106,106
107,107
108,108
109,109
110,110
111,111
112,112
113,113
114,114
51,115
106,116
117,117
118,118
108,119
60,60
61,61
62,62
63,63
64,64
65,65
66,66
67,67
71,68
69,69
70,70
71,71
81,72
73,73
74,74
72,75
76,76
77,77
78,78
79,79
80,80
81,81
33,82
82,83
84,84
85,85
86,86
87,87
88,88
89,89
90,90
91,91
92,92
93,93
94,94
95,95
96,96
97,97
98,98
99,99
100,100
101,101
102,102
103,103
104,104
49,105
108,106
107,107
108,108
109,109
110,110
105,111
112,112
113,113
114,114
115,115
116,116
117,117
118,118
106,119
60,60
61,61
6,62
63,63
64,64
65,65
66,66
67,67
68,68
69,69
70,70
70,71
83,72
73,73
74,74
83,75
76,76
77,77
78,78
79,79
80,80
81,81
82,82
73,83
84,84
85,85
86,86
87,87
88,88
89,89
90,90
91,91
92,92
93,93
94,94
95,95
96,96
97,97
98,98
99,99
100,100
101,101
102,102
103,103
104,104
105,105
106,106
107,107
108,108
109,109
110,110
111,111
112,112
113,113
114,114
115,115
116,116
117,117
118,118
119,119
60,60
61,61
62,62
63,63
64,64
65,65
66,66
67,67
68,68
69,69
70,70
71,71
72,72
73,73
72,74
75,75
76,76
77,77
78,78
79,79
80,80
81,81
82,82
83,83
84,84
85,85
86,86
87,87
88,88
89,89
90,90
91,91
92,92
93,93
94,94
95,95
96,96
97,97
98,98
99,99
100,100
101,101
102,102
103,103
104,104
105,105
105,106
107,107
108,108
109,109
110,110
111,111
112,112
113,113
114,114
115,115
116,116
117,117
118,118
119,119
60,60
61,61
62,62
63,63
64,64
65,65
66,66
67,67
68,68
69,69
70,70
71,71
72,72
73,73
72,74
75,75
76,76
77,77
78,78
79,79
80,80
81,81
82,82
83,83
84,84
85,85
86,86
87,87
89,88
89,89
89,90
91,91
92,92
93,93
94,94
95,95
96,96
97,97
98,98
99,99
100,100
101,101
102,102
103,103
38,104
105,105
106,106
107,107
108,108
109,109
110,110
111,111
112,112
113,113
114,114
115,115
116,116
117,117
118,118
119,119
60,60
61,61
62,62
63,63
64,64
65,65
66,66
67,67
30,68
69,69
68,70
70,71
90,72
73,73
83,74
72,75
76,76
81,77
66,78
79,79
80,80
81,81
82,82
85,83
84,84
85,85
86,86
87,87
88,88
88,89
90,90
91,91
97,92
93,93
94,94
114,95
96,96
97,97
98,98
99,99
100,100
101,101
102,102
103,103
66,104
105,105
51,106
107,107
108,108
109,109
52,110
111,111
112,112
113,113
114,114
59,115
54,116
55,117
118,118
119,119
60,60
61,61
62,62
63,63
105,64
65,65
66,66
3,67
68,68
68,69
70,70
71,71
75,72
28,73
74,74
10,75
76,76
83,77
78,78
79,79
80,80
81,81
82,82
28,83
36,84
85,85
86,86
87,87
88,88
89,89
10,90
91,91
92,92
93,93
94,94
95,95
96,96
97,97
98,98
99,99
100,100
101,101
102,102
103,103
104,104
49,105
106,106
107,107
56,108
109,109
110,110
111,111
112,112
113,113
114,114
115,115
54,116
117,117
118,118
119,119
60,60
61,61
62,62
63,63
62,64
65,65
66,66
67,67
68,68
69,69
71,70
71,71
72,72
28,73
74,74
10,75
71,76
77,77
78,78
79,79
80,80
72,81
82,82
83,83
84,84
85,85
86,86
87,87
88,88
89,89
90,90
91,91
62,92
93,93
94,94
95,95
96,96
97,97
98,98
99,99
100,100
101,101
102,102
103,103
104,104
105,105
106,106
107,107
108,108
114,109
110,110
111,111
112,112
113,113
114,114
115,115
116,116
117,117
54,118
119,119
60,60
61,61
62,62
63,63
64,64
65,65
66,66
67,67
30,68
69,69
70,70
70,71
72,72
73,73
74,74
72,75
76,76
77,77
78,78
79,79
80,80
81,81
82,82
83,83
84,84
85,85
86,86
87,87
88,88
89,89
90,90
91,91
22,92
93,93
94,94
95,95
96,96
97,97
98,98
99,99
100,100
101,101
102,102
103,103
104,104
105,105
106,106
108,107
108,108
109,109
110,110
111,111
112,112
113,113
114,114
115,115
116,116
117,117
118,118
119,119
60,60
18,61
62,62
47,63
64,64
65,65
66,66
37,67
68,68
69,69
71,70
71,71
75,72
81,73
83,74
77,75
76,76
79,79
80,80
33,81
82,82
83,83
84,84
33,85
86,86
87,87
88,88
89,89
90,90
91,91
92,92
94,94
95,95
96,96
97,97
98,98
99,99
100,100
101,101
102,102
103,103
104,104
109,105
105,106
108,107
105,108
109,109
110,110
111,111
112,112
113,113
57,114
59,115
116,116
117,117
118,118
119,119
60,60
61,61
62,62
63,63
64,64
65,65
66,66
67,67
68,68
69,69
70,70
71,71
72,72
73,73
74,74
75,75
76,76
77,77
78,78
79,79
80,80
81,81
82,82
83,83
84,84
85,85
86,86
87,87
88,88
89,89
90,90
91,91
92,92
93,93
94,94
95,95
96,96
97,97
98,98
99,99
100,100
101,101
102,102
103,103
104,104
105,105
105,106
107,107
106,108
109,109
110,110
111,111
112,112
113,113
114,114
115,115
116,116
117,117
118,118
119,119
60,60
61,61
62,62
63,63
64,64
65,65
66,66
67,67
68,68
69,69
70,70
71,71
74,72
73,73
74,74
75,75
76,76
77,77
78,78
79,79
78,80
81,81
33,82
83,83
84,84
85,85
86,86
87,87
88,88
89,89
90,90
91,91
92,92
93,93
94,94
95,95
96,96
97,97
98,98
99,99
100,100
101,101
102,102
103,103
104,104
105,105
106,106
107,107
108,108
109,109
110,110
111,111
112,112
113,113
114,114
115,115
116,116
117,117
118,118
119,119
60,60
61,61
62,62
63,63
64,64
65,65
66,66
67,67
68,68
68,69
71,70
71,71
72,72
73,73
74,74
72,75
76,76
77,77
78,78
79,79
80,80
81,81
9,82
83,83
84,84
85,85
86,86
87,87
88,88
89,89
90,90
91,91
92,92
93,93
94,94
95,95
96,96
97,97
98,98
99,99
100,100
101,101
102,102
103,103
104,104
105,105
106,106
107,107
106,108
109,109
110,110
111,111
112,112
113,113
114,114
115,115
116,116
117,117
118,118
117,119
60,60
61,61
62,62
63,63
64,64
65,65
66,66
67,67
68,68
69,69
71,70
71,71
72,72
84,73
74,74
74,75
76,76
81,77
78,78
79,79
80,80
81,81
82,82
73,83
84,84
85,85
86,86
87,87
88,88
89,89
90,90
91,91
92,92
93,93
94,94
95,95
96,96
97,97
98,98
99,99
100,100
101,101
76,102
103,103
104,104
105,105
105,106
51,107
108,108
109,109
110,110
111,111
112,112
113,113
55,114
115,115
116,116
117,117
118,118
119,119
60,60
61,61
6,62
63,63
64,64
65,65
66,66
67,67
68,68
69,69
70,70
71,71
75,72
83,73
74,74
75,75
76,76
77,77
78,78
79,79
80,80
90,81
82,82
83,83
84,84
85,85
86,86
87,87
88,88
89,89
90,90
91,91
92,92
93,93
94,94
95,95
96,96
97,97
98,98
99,99
100,100
101,101
102,102
103,103
104,104
105,105
106,106
107,107
108,108
109,109
110,110
111,111
112,112
113,113
114,114
115,115
116,116
55,117
118,118
119,119
60,60
61,61
70,62
63,63
64,64
65,65
66,66
67,67
68,68
69,69
70,70
70,71
72,72
83,73
74,74
75,75
76,76
85,77
78,78
79,79
80,80
81,81
82,82
83,83
84,84
85,85
86,86
87,87
88,88
89,89
90,90
91,91
92,92
93,93
94,94
95,95
96,96
97,97
98,98
99,99
100,100
101,101
102,102
103,103
67,104
49,105
105,106
107,107
108,108
53,109
110,110
111,111
112,112
113,113
114,114
115,115
116,116
117,117
118,118
119,119
60,60
61,61
62,62
63,63
64,64
65,65
66,66
67,67
68,68
69,69
70,70
70,71
72,72
73,73
74,74
75,75
76,76
77,77
78,78
79,79
80,80
81,81
82,82
83,83
36,84
85,85
86,86
87,87
88,88
89,89
90,90
91,91
92,92
93,93
94,94
95,95
96,96
97,97
98,98
99,99
100,100
101,101
102,102
103,103
104,104
105,105
106,106
107,107
108,108
109,109
110,110
111,111
112,112
113,113
114,114
115,115
116,116
117,117
118,118
119,119
60,60
61,61
62,62
63,63
64,64
65,65
66,66
67,67
68,68
69,69
70,70
70,71
72,72
90,73
74,74
72,75
76,76
85,77
78,78
79,79
80,80
81,81
82,82
83,83
84,84
85,85
86,86
87,87
88,88
89,89
90,90
91,91
92,92
93,93
94,94
95,95
96,96
97,97
98,98
99,99
100,100
101,101
102,102
103,103
104,104
105,105
106,106
107,107
108,108
109,109
110,110
111,111
112,112
113,113
114,114
115,115
116,116
117,117
118,118
119,119
60,60
61,61
62,62
63,63
76,64
65,65
66,66
67,67
69,68
69,69
70,70
70,71
72,72
81,73
74,74
10,75
76,76
77,77
78,78
79,79
80,80
81,81
82,82
83,83
84,84
85,85
86,86
87,87
88,88
89,89
90,90
91,91
92,92
93,93
94,94
95,95
96,96
97,97
98,98
99,99
100,100
101,101
102,102
94,103
104,104
105,105
106,106
107,107
108,108
109,109
110,110
111,111
112,112
113,113
114,114
115,115
116,116
117,117
118,118
119,119
60,60
61,61
62,62
63,63
76,64
65,65
66,66
67,67
71,68
69,69
70,70
71,71
75,72
74,73
74,74
75,75
76,76
77,77
78,78
79,79
80,80
83,81
82,82
83,83
84,84
85,85
86,86
87,87
88,88
89,89
90,90
91,91
92,92
109,93
94,94
95,95
96,96
97,97
98,98
99,99
100,100
101,101
102,102
94,103
104,104
111,105
106,106
107,107
119,108
109,109
110,110
114,111
112,112
113,113
114,114
115,115
116,116
117,117
59,118
119,119
60,60
61,61
62,62
63,63
64,64
65,65
66,66
67,67
68,68
69,69
71,70
68,71
72,72
73,73
72,74
72,75
76,76
81,77
104,78
79,79
80,80
10,81
82,82
83,83
84,84
85,85
86,86
87,87
88,88
88,89
81,90
91,91
92,92
93,93
94,94
95,95
96,96
97,97
98,98
99,99
100,100
101,101
104,102
103,103
104,104
105,105
108,106
107,107
108,108
106,109
110,110
106,111
112,112
113,113
114,114
115,115
116,116
117,117
118,118
119,119
60,60
61,61
62,62
63,63
64,64
65,65
66,66
67,67
68,68
69,69
71,70
71,71
72,72
73,73
81,74
90,75
76,76
77,77
78,78
79,79
80,80
81,81
82,82
82,83
84,84
85,85
86,86
87,87
88,88
89,89
90,90
91,91
92,92
93,93
94,94
95,95
96,96
97,97
98,98
99,99
100,100
101,101
102,102
103,103
104,104
105,105
106,106
107,107
108,108
109,109
110,110
111,111
112,112
113,113
114,114
115,115
116,116
117,117
118,118
119,119
60,60
61,61
62,62
63,63
64,64
65,65
66,66
67,67
68,68
69,69
70,70
71,71
72,72
81,73
74,74
72,75
68,76
77,77
78,78
79,79
80,80
81,81
82,82
83,83
84,84
85,85
86,86
87,87
88,88
89,89
90,90
91,91
92,92
93,93
94,94
95,95
96,96
97,97
98,98
99,99
100,100
101,101
104,102
103,103
104,104
109,105
106,106
107,107
108,108
109,109
110,110
111,111
112,112
113,113
109,114
115,115
116,116
117,117
118,118
119,119
60,60
61,61
62,62
63,63
64,64
65,65
66,66
67,67
71,68
69,69
70,70
71,71
72,72
73,73
74,74
75,75
71,76
77,77
78,78
79,79
80,80
12,81
33,82
83,83
84,84
85,85
86,86
87,87
89,88
89,89
85,90
91,91
92,92
93,93
94,94
95,95
96,96
97,97
98,98
99,99
100,100
101,101
102,102
103,103
104,104
105,105
105,106
107,107
108,108
109,109
110,110
111,111
112,112
113,113
114,114
115,115
116,116
117,117
118,118
119,119
60,60
61,61
62,62
63,63
64,64
65,65
66,66
67,67
68,68
69,69
71,70
68,71
72,72
73,73
74,74
75,75
76,76
77,77
78,78
79,79
80,80
73,81
82,82
83,83
84,84
85,85
86,86
87,87
88,88
88,89
90,90
91,91
92,92
93,93
94,94
95,95
96,96
97,97
98,98
99,99
100,100
101,101
102,102
103,103
104,104
105,105
106,106
107,107
108,108
109,109
110,110
111,111
112,112
113,113
114,114
115,115
116,116
117,117
118,118
119,119
60,60
61,61
62,62
63,63
64,64
65,65
66,66
67,67
68,68
69,69
68,70
68,71
74,72
73,73
74,74
72,75
76,76
81,77
78,78
79,79
80,80
74,81
82,82
83,83
84,84
85,85
86,86
87,87
88,88
89,89
90,90
91,91
92,92
93,93
94,94
95,95
96,96
97,97
98,98
99,99
100,100
101,101
102,102
103,103
104,104
106,105
106,106
107,107
108,108
109,109
110,110
111,111
112,112
113,113
114,114
115,115
116,116
117,117
118,118
119,119
60,60
61,61
62,62
63,63
64,64
65,65
66,66
67,67
68,68
69,69
71,70
70,71
72,72
83,73
74,74
75,75
76,76
77,77
78,78
79,79
80,80
12,81
81,82
83,83
84,84
85,85
86,86
87,87
89,88
89,89
90,90
91,91
119,92
93,93
94,94
95,95
96,96
97,97
98,98
99,99
100,100
101,101
102,102
103,103
104,104
105,105
105,106
107,107
108,108
108,109
110,110
111,111
112,112
113,113
114,114
115,115
116,116
117,117
118,118
119,119
60,60
61,61
62,62
63,63
64,64
65,65
102,66
67,67
68,68
69,69
70,70
70,71
72,72
73,73
74,74
75,75
76,76
77,77
78,78
79,79
80,80
81,81
82,82
83,83
84,84
85,85
86,86
87,87
88,88
89,89
90,90
91,91
92,92
93,93
94,94
95,95
96,96
97,97
98,98
99,99
100,100
101,101
102,102
103,103
104,104
106,105
106,106
107,107
109,108
109,109
110,110
111,111
112,112
113,113
114,114
115,115
116,116
109,117
118,118
119,119
60,60
61,61
62,62
63,63
64,64
65,65
66,66
67,67
68,68
69,69
70,70
68,71
72,72
73,73
74,74
75,75
76,76
77,77
78,78
79,79
80,80
81,81
73,82
83,83
84,84
85,85
86,86
87,87
88,88
89,89
90,90
91,91
92,92
93,93
94,94
95,95
96,96
97,97
98,98
99,99
100,100
101,101
102,102
103,103
66,104
105,105
106,106
107,107
108,108
109,109
110,110
111,111
112,112
113,113
114,114
115,115
116,116
117,117
118,118
119,119
60,60
61,61
62,62
63,63
64,64
65,65
95,66
67,67
68,68
69,69
71,70
68,71
72,72
73,73
73,74
72,75
76,76
77,77
78,78
79,79
80,80
81,81
82,82
74,83
84,84
85,85
86,86
87,87
88,88
89,89
90,90
91,91
92,92
64,93
94,94
95,95
96,96
97,97
98,98
99,99
16,100
101,101
102,102
103,103
104,104
105,105
106,106
107,107
108,108
109,109
110,110
111,111
112,112
113,113
114,114
115,115
116,116
117,117
118,118
119,119
60,60
61,61
62,62
63,63
64,64
65,65
66,66
67,67
68,68
69,69
70,70
68,71
75,72
73,73
29,74
75,75
76,76
77,77
78,78
79,79
80,80
72,81
82,82
83,83
84,84
85,85
86,86
87,87
88,88
89,89
15,90
91,91
92,92
93,93
94,94
95,95
96,96
97,97
98,98
99,99
100,100
101,101
102,102
103,103
66,104
105,105
106,106
107,107
108,108
109,109
110,110
111,111
112,112
113,113
114,114
115,115
116,116
117,117
118,118
119,119
60,60
61,61
62,62
63,63
64,64
65,65
66,66
67,67
68,68
69,69
71,70
71,71
29,72
29,73
74,74
73,75
76,76
77,77
78,78
79,79
80,80
29,81
82,82
29,83
27,84
90,85
86,86
12,87
88,88
89,89
15,90
91,91
21,92
93,93
94,94
95,95
96,96
97,97
98,98
99,99
100,100
101,101
102,102
103,103
104,104
53,105
106,106
107,107
108,108
109,109
110,110
111,111
112,112
113,113
114,114
115,115
116,116
117,117
118,118
119,119
60,60
61,61
62,62
63,63
64,64
65,65
66,66
67,67
68,68
69,69
71,70
71,71
72,72
73,73
74,74
75,75
76,76
77,77
71,78
79,79
80,80
81,81
82,82
83,83
84,84
85,85
86,86
87,87
88,88
89,89
90,90
91,91
92,92
93,93
94,94
95,95
96,96
97,97
98,98
99,99
100,100
101,101
102,102
103,103
104,104
119,105
106,106
116,107
108,108
109,109
107,110
111,111
112,112
113,113
114,114
115,115
116,116
117,117
118,118
119,119
60,60
61,61
62,62
63,63
64,64
65,65
66,66
67,67
71,68
69,69
70,70
70,71
83,72
73,73
74,74
75,75
76,76
77,77
66,78
79,79
80,80
81,81
82,82
83,83
84,84
85,85
86,86
87,87
88,88
89,89
90,90
91,91
92,92
93,93
94,94
95,95
96,96
97,97
98,98
99,99
100,100
101,101
102,102
103,103
0,104
111,105
106,106
107,107
108,108
109,109
110,110
111,111
112,112
113,113
114,114
115,115
116,116
117,117
115,118
119,119
60,60
61,61
62,62
63,63
64,64
65,65
66,66
67,67
68,68
69,69
70,70
70,71
81,72
73,73
74,74
75,75
76,76
77,77
78,78
79,79
80,80
81,81
82,82
83,83
36,84
33,85
86,86
87,87
88,88
89,89
90,90
91,91
92,92
93,93
94,94
95,95
96,96
97,97
98,98
99,99
100,100
101,101
102,102
103,103
104,104
105,105
106,106
107,107
108,108
108,109
110,110
111,111
112,112
113,113
114,114
115,115
116,116
117,117
115,118
119,119
60,60
61,61
62,62
63,63
64,64
65,65
66,66
67,67
68,68
69,69
70,70
67,71
72,72
72,73
72,74
75,75
76,76
77,77
78,78
79,79
80,80
73,81
82,82
83,83
84,84
33,85
86,86
87,87
88,88
89,89
90,90
91,91
92,92
93,93
94,94
95,95
96,96
97,97
98,98
99,99
100,100
101,101
102,102
103,103
104,104
105,105
106,106
107,107
108,108
109,109
110,110
105,111
112,112
113,113
109,114
115,115
87,116
117,117
118,118
114,119
60,60
61,61
62,62
63,63
93,64
65,65
66,66
67,67
68,68
69,69
30,70
71,71
75,72
73,73
74,74
75,75
76,76
90,77
78,78
79,79
80,80
82,81
82,82
73,83
84,84
85,85
86,86
87,87
88,88
89,89
90,90
91,91
92,92
93,93
94,94
95,95
96,96
97,97
98,98
99,99
100,100
101,101
102,102
103,103
104,104
106,105
116,106
107,107
108,108
109,109
110,110
111,111
112,112
113,113
114,114
115,115
107,116
117,117
118,118
119,119
60,60
61,61
62,62
47,63
64,64
65,65
76,66
67,67
68,68
69,69
68,70
70,71
72,72
83,73
74,74
75,75
76,76
77,77
78,78
79,79
80,80
73,81
82,82
73,83
84,84
85,85
86,86
87,87
88,88
89,89
88,90
91,91
92,92
93,93
94,94
95,95
96,96
97,97
98,98
99,99
100,100
101,101
102,102
103,103
104,104
105,105
106,106
107,107
108,108
109,109
110,110
111,111
112,112
113,113
114,114
115,115
116,116
117,117
118,118
119,119
60,60
61,61
62,62
63,63
64,64
65,65
66,66
67,67
68,68
69,69
71,70
68,71
72,72
73,73
74,74
75,75
76,76
77,77
78,78
79,79
80,80
81,81
82,82
83,83
84,84
85,85
86,86
87,87
88,88
89,89
90,90
91,91
92,92
93,93
94,94
95,95
96,96
97,97
98,98
99,99
100,100
101,101
102,102
103,103
104,104
108,105
50,106
105,107
108,108
106,109
110,110
111,111
112,112
113,113
114,114
115,115
116,116
117,117
118,118
119,119
60,60
61,61
62,62
63,63
64,64
65,65
66,66
67,67
68,68
69,69
70,70
70,71
72,72
73,73
74,74
75,75
76,76
77,77
78,78
79,79
80,80
81,81
82,82
83,83
84,84
85,85
86,86
87,87
88,88
89,89
90,90
91,91
92,92
93,93
94,94
95,95
96,96
97,97
98,98
99,99
100,100
101,101
102,102
103,103
104,104
49,105
108,106
107,107
108,108
109,109
110,110
111,111
112,112
113,113
109,114
115,115
116,116
117,117
118,118
119,119
60,60
61,61
62,62
63,63
64,64
65,65
66,66
67,67
71,68
69,69
70,70
71,71
75,72
73,73
74,74
75,75
30,76
77,77
78,78
79,79
80,80
81,81
82,82
83,83
84,84
85,85
86,86
87,87
88,88
89,89
90,90
91,91
92,92
93,93
94,94
95,95
96,96
97,97
98,98
99,99
100,100
101,101
102,102
103,103
104,104
114,105
105,106
107,107
105,108
109,109
110,110
111,111
112,112
113,113
114,114
115,115
116,116
117,117
118,118
119,119
60,60
61,61
62,62
63,63
64,64
65,65
68,66
67,67
71,68
69,69
71,70
68,71
75,72
73,73
74,74
75,75
71,76
77,77
78,78
79,79
80,80
81,81
82,82
83,83
84,84
85,85
86,86
87,87
88,88
89,89
90,90
91,91
92,92
93,93
94,94
95,95
96,96
97,97
98,98
99,99
100,100
101,101
102,102
103,103
104,104
105,105
105,106
107,107
108,108
109,109
110,110
111,111
112,112
113,113
114,114
115,115
116,116
117,117
118,118
119,119
60,60
61,61
62,62
63,63
64,64
65,65
66,66
67,67
68,68
69,69
70,70
70,71
83,72
73,73
78,74
75,75
76,76
77,77
78,78
79,79
80,80
81,81
82,82
83,83
84,84
85,85
86,86
87,87
88,88
89,89
90,90
91,91
92,92
93,93
94,94
95,95
96,96
97,97
98,98
99,99
100,100
101,101
104,102
103,103
104,104
105,105
105,106
107,107
107,108
114,109
116,110
111,111
112,112
113,113
114,114
115,115
109,116
117,117
118,118
119,119
60,60
61,61
62,62
63,63
64,64
65,65
66,66
67,67
70,68
69,69
102,70
93,71
73,72
73,73
74,74
72,75
76,76
77,77
67,78
79,79
80,80
81,81
82,82
77,83
84,84
85,85
86,86
87,87
88,88
89,89
90,90
91,91
93,92
93,93
94,94
95,95
96,96
97,97
98,98
99,99
100,100
101,101
102,102
103,103
104,104
117,105
107,106
107,107
108,108
109,109
110,110
111,111
112,112
113,113
114,114
115,115
116,116
117,117
118,118
119,119
60,60
61,61
62,62
63,63
64,64
65,65
66,66
67,67
71,68
69,69
70,70
70,71
75,72
73,73
74,74
72,75
37,76
77,77
78,78
79,79
80,80
83,81
82,82
77,83
84,84
85,85
86,86
87,87
88,88
89,89
90,90
91,91
92,92
93,93
94,94
95,95
96,96
97,97
98,98
99,99
100,100
101,101
102,102
103,103
104,104
105,105
106,106
107,107
108,108
109,109
110,110
111,111
112,112
114,114
115,115
116,116
117,117
118,118
119,119
60,60
61,61
62,62
63,63
64,64
65,65
66,66
67,67
71,68
69,69
70,70
70,71
72,72
73,73
72,74
72,75
76,76
85,77
78,78
79,79
93,80
81,81
82,82
83,83
84,84
85,85
86,86
87,87
88,88
89,89
90,90
92,92
93,93
94,94
95,95
96,96
97,97
98,98
99,99
100,100
101,101
102,102
103,103
104,104
105,105
106,106
107,107
108,108
109,109
110,110
111,111
112,112
113,113
114,114
115,115
116,116
117,117
107,118
119,119
60,60
61,61
93,62
63,63
93,64
65,65
102,66
67,67
68,68
69,69
70,70
70,71
28,72
81,73
74,74
10,75
69,76
77,77
78,78
79,79
80,80
81,81
82,82
83,83
74,84
85,85
86,86
87,87
88,88
89,89
84,90
91,91
102,92
80,93
94,94
95,95
96,96
97,97
98,98
99,99
100,100
101,101
104,102
94,103
104,104
111,105
106,106
92,107
110,108
109,109
110,110
111,111
112,112
113,113
114,114
115,115
116,116
117,117
118,118
119,119
60,60
61,61
62,62
63,63
62,64
65,65
66,66
67,67
68,68
69,69
70,70
71,71
72,72
73,73
74,74
72,75
68,76
77,77
78,78
79,79
80,80
83,81
82,82
83,83
84,84
85,85
86,86
87,87
89,88
89,89
90,90
91,91
92,92
93,93
94,94
95,95
96,96
97,97
98,98
99,99
100,100
101,101
102,102
103,103
104,104
111,105
106,106
107,107
108,108
109,109
110,110
111,111
112,112
113,113
114,114
115,115
116,116
116,117
118,118
119,119
60,60
61,61
62,62
63,63
64,64
65,65
66,66
78,67
68,68
69,69
68,70
68,71
72,72
81,73
83,74
72,75
76,76
83,77
66,78
79,79
80,80
65,81
82,82
83,83
84,84
85,85
86,86
87,87
88,88
88,89
81,90
91,91
92,92
93,93
94,94
95,95
96,96
97,97
98,98
99,99
100,100
101,101
1,102
103,103
104,104
106,105
117,106
56,107
108,108
109,109
110,110
111,111
112,112
113,113
114,114
115,115
116,116
117,117
118,118
119,119
60,60
61,61
62,62
63,63
64,64
65,65
66,66
67,67
68,68
69,69
71,70
71,71
72,72
81,73
74,74
90,75
71,76
77,77
78,78
79,79
80,80
81,81
82,82
72,83
84,84
85,85
86,86
87,87
88,88
89,89
81,90
91,91
92,92
93,93
94,94
95,95
96,96
97,97
98,98
99,99
100,100
101,101
102,102
103,103
104,104
105,105
106,106
107,107
108,108
109,109
110,110
111,111
112,112
113,113
114,114
115,115
116,116
117,117
118,118
119,119
60,60
61,61
62,62
63,63
64,64
81,65
66,66
67,67
68,68
69,69
70,70
71,71
72,72
73,73
74,74
72,75
68,76
77,77
78,78
79,79
80,80
72,81
82,82
83,83
84,84
85,85
86,86
86,87
88,88
89,89
10,90
91,91
21,92
94,93
94,94
95,95
96,96
97,97
98,98
99,99
100,100
101,101
104,102
103,103
104,104
108,105
109,106
107,107
108,108
114,109
110,110
111,111
112,112
113,113
114,114
115,115
116,116
117,117
118,118
119,119
60,60
61,61
62,62
63,63
64,64
65,65
66,66
67,67
71,68
69,69
70,70
71,71
72,72
73,73
74,74
75,75
70,76
77,77
78,78
79,79
80,80
10,81
82,82
73,83
84,84
85,85
93,86
87,87
88,88
89,89
90,90
91,91
92,92
93,93
94,94
95,95
96,96
97,97
98,98
99,99
100,100
101,101
102,102
103,103
104,104
105,105
105,106
107,107
108,108
109,109
110,110
111,111
112,112
113,113
114,114
115,115
116,116
117,117
118,118
119,119
60,60
61,61
62,62
63,63
64,64
65,65
66,66
67,67
68,68
69,69
70,70
68,71
72,72
83,73
72,75
68,76
77,77
78,78
79,79
80,80
85,81
33,82
83,83
84,84
85,85
86,86
89,87
88,88
89,89
81,90
91,91
92,92
93,93
94,94
68,95
96,96
97,97
98,98
99,99
100,100
101,101
102,102
103,103
104,104
50,105
106,106
107,107
108,108
109,109
110,110
111,111
112,112
113,113
114,114
115,115
116,116
117,117
118,118
119,119
60,60
61,61
62,62
63,63
64,64
65,65
66,66
67,67
68,68
69,69
68,70
68,71
74,72
73,73
74,74
72,75
76,76
77,77
78,78
79,79
80,80
73,81
33,82
83,83
84,84
85,85
86,86
87,87
88,88
89,89
90,90
91,91
92,92
93,93
94,94
95,95
96,96
97,97
98,98
99,99
100,100
101,101
102,102
103,103
104,104
105,105
106,106
107,107
108,108
109,109
110,110
111,111
112,112
113,113
114,114
115,115
116,116
117,117
118,118
119,119
60,60
61,61
62,62
63,63
64,64
65,65
66,66
67,67
68,68
69,69
68,70
70,71
29,72
73,73
83,74
75,75
76,76
77,77
78,78
79,79
80,80
12,81
82,82
83,83
84,84
85,85
86,86
87,87
88,88
89,89
90,90
91,91
92,92
93,93
94,94
95,95
96,96
97,97
98,98
99,99
100,100
101,101
102,102
103,103
104,104
105,105
106,106
107,107
108,108
109,109
110,110
111,111
112,112
113,113
114,114
115,115
116,116
117,117
118,118
119,119
60,60
61,61
62,62
63,63
64,64
65,65
66,66
67,67
68,68
69,69
70,70
70,71
72,72
73,73
74,74
75,75
76,76
77,77
67,78
79,79
80,80
81,81
82,82
83,83
84,84
85,85
86,86
87,87
88,88
89,89
90,90
91,91
92,92
93,93
94,94
95,95
96,96
97,97
98,98
99,99
100,100
101,101
102,102
103,103
104,104
105,105
106,106
107,107
108,108
109,109
110,110
111,111
112,112
113,113
114,114
115,115
116,116
117,117
118,118
119,119
60,60
61,61
62,62
63,63
64,64
65,65
66,66
67,67
70,68
71,69
71,70
71,71
83,72
73,73
83,74
72,75
80,76
77,77
71,78
79,79
80,80
83,81
82,82
73,83
84,84
85,85
86,86
87,87
88,88
89,89
81,90
91,91
92,92
93,93
94,94
95,95
96,96
97,97
98,98
99,99
100,100
101,101
102,102
62,103
104,104
49,105
105,106
105,107
108,108
53,109
50,110
111,111
112,112
113,113
114,114
115,115
116,116
55,117
59,118
119,119
60,60
61,61
69,62
63,63
64,64
65,65
66,66
67,67
68,68
69,69
68,70
68,71
72,72
73,73
74,74
75,75
76,76
77,77
66,78
79,79
80,80
81,81
82,82
83,83
84,84
85,85
86,86
87,87
89,88
89,89
90,90
91,91
92,92
93,93
94,94
95,95
96,96
97,97
98,98
99,99
100,100
101,101
102,102
103,103
66,104
105,105
106,106
107,107
108,108
109,109
110,110
111,111
112,112
113,113
114,114
115,115
116,116
117,117
118,118
119,119
60,60
61,61
62,62
63,63
64,64
65,65
66,66
67,67
68,68
69,69
71,70
71,71
75,72
72,73
74,74
75,75
76,76
77,77
78,78
79,79
80,80
72,81
32,82
29,83
84,84
85,85
14,86
87,87
88,88
89,89
15,90
91,91
92,92
93,93
94,94
95,95
96,96
97,97
98,98
99,99
100,100
101,101
102,102
103,103
104,104
105,105
109,106
107,107
53,108
94,109
69,110
111,111
112,112
113,113
114,114
115,115
116,116
55,117
118,118
119,119
60,60
61,61
62,62
63,63
64,64
65,65
66,66
67,67
68,68
69,69
70,70
70,71
72,72
73,73
73,74
72,75
76,76
77,77
78,78
79,79
80,80
81,81
82,82
29,83
84,84
85,85
86,86
87,87
88,88
89,89
16,90
91,91
92,92
93,93
94,94
95,95
96,96
97,97
98,98
99,99
100,100
101,101
102,102
103,103
104,104
119,105
106,106
107,107
108,108
109,109
110,110
111,111
112,112
113,113
114,114
115,115
116,116
117,117
118,118
119,119
60,60
61,61
62,62
63,63
64,64
90,65
102,66
67,67
71,68
69,69
70,70
71,71
72,72
83,73
72,75
76,76
77,77
68,78
79,79
80,80
81,81
72,82
83,83
84,84
85,85
86,86
87,87
88,88
89,89
90,90
91,91
92,92
93,93
94,94
95,95
96,96
97,97
98,98
99,99
100,100
101,101
102,102
103,103
104,104
106,105
106,106
107,107
108,108
109,109
110,110
111,111
112,112
113,113
114,114
115,115
116,116
117,117
118,118
119,119
60,60
61,61
62,62
63,63
64,64
65,65
66,66
67,67
71,68
70,69
70,70
71,71
72,72
73,73
74,74
75,75
76,76
77,77
66,78
79,79
80,80
81,81
82,82
83,83
84,84
85,85
86,86
87,87
88,88
89,89
81,90
91,91
92,92
93,93
94,94
95,95
96,96
97,97
98,98
99,99
100,100
101,101
102,102
103,103
0,104
106,105
106,106
116,107
108,108
109,109
110,110
111,111
112,112
113,113
114,114
115,115
116,116
117,117
115,118
119,119
60,60
61,61
62,62
63,63
64,64
65,65
66,66
67,67
68,68
69,69
70,70
71,71
81,72
73,73
74,74
75,75
71,76
77,77
78,78
79,79
80,80
81,81
82,82
83,83
36,84
33,85
86,86
87,87
88,88
89,89
81,90
91,91
92,92
93,93
94,94
95,95
96,96
97,97
98,98
99,99
100,100
101,101
102,102
103,103
104,104
105,105
106,106
107,107
108,108
108,109
110,110
111,111
112,112
113,113
114,114
115,115
52,116
117,117
107,118
119,119
60,60
61,61
62,62
63,63
64,64
65,65
66,66
67,67
76,68
69,69
70,70
76,71
77,72
81,73
72,74
75,75
76,76
77,77
78,78
79,79
80,80
81,81
82,82
83,83
84,84
33,85
86,86
87,87
88,88
89,89
90,90
91,91
92,92
93,93
94,94
95,95
96,96
97,97
98,98
99,99
100,100
101,101
102,102
103,103
104,104
52,105
106,106
107,107
108,108
108,109
110,110
111,111
112,112
113,113
114,114
115,115
116,116
117,117
118,118
119,119
60,60
61,61
62,62
63,63
64,64
65,65
66,66
67,67
68,68
69,69
70,70
71,71
75,72
73,73
74,74
75,75
76,76
90,77
78,78
79,79
80,80
81,81
82,82
73,83
84,84
85,85
86,86
87,87
88,88
89,89
90,90
91,91
92,92
93,93
94,94
95,95
96,96
97,97
98,98
99,99
100,100
101,101
102,102
103,103
104,104
108,105
106,106
107,107
108,108
109,109
110,110
111,111
112,112
113,113
114,114
115,115
116,116
117,117
118,118
119,119
60,60
61,61
62,62
63,63
64,64
65,65
76,66
67,67
71,68
69,69
70,70
69,71
74,72
73,73
74,74
75,75
76,76
77,77
78,78
79,79
80,80
73,81
82,82
83,83
84,84
85,85
86,86
87,87
88,88
89,89
90,90
91,91
92,92
93,93
94,94
95,95
96,96
97,97
98,98
99,99
100,100
101,101
102,102
103,103
104,104
106,105
108,106
107,107
108,108
109,109
110,110
111,111
112,112
113,113
114,114
115,115
116,116
117,117
118,118
119,119
60,60
61,61
62,62
63,63
64,64
65,65
66,66
67,67
68,68
30,69
70,70
71,71
72,72
73,73
74,74
72,75
80,76
77,77
78,78
79,79
80,80
73,81
74,82
73,83
90,84
85,85
86,86
87,87
82,88
89,89
90,90
91,91
92,92
93,93
94,94
95,95
96,96
97,97
98,98
99,99
100,100
101,101
102,102
103,103
104,104
108,105
117,106
107,107
108,108
109,109
110,110
111,111
112,112
113,113
114,114
115,115
116,116
117,117
107,118
119,119
60,60
61,61
62,62
63,63
64,64
65,65
66,66
67,67
68,68
68,69
71,70
71,71
72,72
73,73
74,74
75,75
76,76
77,77
78,78
79,79
80,80
81,81
82,82
73,83
84,84
85,85
86,86
87,87
88,88
89,89
90,90
91,91
92,92
93,93
94,94
95,95
96,96
97,97
98,98
99,99
100,100
101,101
102,102
103,103
104,104
105,105
49,106
107,107
108,108
109,109
110,110
111,111
112,112
113,113
114,114
115,115
116,116
117,117
118,118
119,119
60,60
61,61
62,62
63,63
64,64
65,65
66,66
62,67
66,68
69,69
70,70
70,71
72,72
75,73
74,74
75,75
69,76
77,77
78,78
79,79
80,80
81,81
82,82
77,83
84,84
85,85
62,86
89,87
77,88
64,89
77,90
91,91
92,92
93,93
94,94
95,95
96,96
97,97
98,98
99,99
100,100
101,101
66,102
103,103
104,104
56,105
106,106
107,107
108,108
109,109
110,110
111,111
112,112
113,113
114,114
115,115
116,116
117,117
118,118
119,119
60,60
61,61
62,62
63,63
64,64
65,65
66,66
67,67
71,68
69,69
69,70
68,71
81,72
73,73
74,74
75,75
71,76
77,77
71,78
79,79
80,80
12,81
82,82
81,83
84,84
85,85
86,86
87,87
88,88
89,89
90,90
91,91
92,92
93,93
94,94
95,95
96,96
97,97
98,98
99,99
100,100
101,101
102,102
103,103
104,104
105,105
106,106
107,107
108,108
109,109
110,110
111,111
112,112
113,113
114,114
115,115
116,116
117,117
118,118
119,119
60,60
61,61
62,62
63,63
64,64
65,65
66,66
67,67
68,68
69,69
71,70
71,71
72,72
73,73
44,74
75,75
76,76
77,77
78,78
79,79
80,80
81,81
82,82
73,83
84,84
85,85
86,86
87,87
88,88
89,89
90,90
91,91
92,92
93,93
94,94
95,95
96,96
97,97
98,98
99,99
100,100
101,101
95,102
103,103
104,104
105,105
106,106
107,107
69,108
94,109
110,110
111,111
112,112
113,113
114,114
115,115
116,116
117,117
118,118
119,119
60,60
61,61
62,62
63,63
64,64
65,65
66,66
67,67
71,68
69,69
102,70
93,71
73,72
73,73
74,74
75,75
76,76
77,77
67,78
79,79
80,80
81,81
82,82
83,83
84,84
85,85
86,86
87,87
88,88
89,89
90,90
91,91
62,92
93,93
94,94
95,95
96,96
97,97
98,98
99,99
100,100
101,101
104,102
103,103
104,104
117,105
106,106
107,107
108,108
109,109
110,110
111,111
112,112
113,113
114,114
115,115
116,116
117,117
118,118
119,119
60,60
61,61
62,62
63,63
64,64
65,65
66,66
67,67
71,68
69,69
70,70
70,71
72,72
73,73
72,74
75,75
76,76
77,77
78,78
79,79
80,80
81,81
82,82
83,83
84,84
85,85
86,86
87,87
88,88
89,89
90,90
91,91
92,92
93,93
94,94
95,95
96,96
97,97
98,98
99,99
100,100
101,101
102,102
103,103
104,104
105,105
106,106
107,107
108,108
109,109
110,110
111,111
112,112
113,113
114,114
115,115
54,116
117,117
116,118
119,119
60,60
61,61
62,62
63,63
64,64
65,65
66,66
67,67
68,68
69,69
70,70
80,71
72,72
73,73
72,74
72,75
76,76
85,77
78,78
79,79
80,80
81,81
82,82
83,83
84,84
85,85
86,86
87,87
88,88
88,89
90,90
91,91
94,94
95,95
96,96
97,97
98,98
99,99
100,100
101,101
102,102
103,103
104,104
105,105
106,106
107,107
108,108
109,109
50,110
111,111
112,112
113,113
109,114
115,115
107,116
117,117
118,118
119,119
60,60
61,61
62,62
63,63
6,64
65,65
66,66
67,67
68,68
68,69
70,70
70,71
72,72
73,73
74,74
75,75
68,76
77,77
78,78
79,79
80,80
81,81
82,82
28,83
84,84
85,85
86,86
87,87
88,88
89,89
10,90
91,91
92,92
93,93
94,94
95,95
96,96
97,97
98,98
99,99
100,100
16,101
66,102
103,103
104,104
105,105
106,106
52,107
108,108
109,109
107,110
111,111
55,112
113,113
114,114
115,115
116,116
55,117
118,118
119,119
60,60
60,61
92,62
63,63
93,64
65,65
66,66
67,67
30,68
102,69
70,70
68,71
72,72
74,73
74,74
10,75
68,76
83,77
78,78
79,79
80,80
74,81
82,82
83,83
84,84
85,85
86,86
87,87
89,88
86,89
90,90
91,91
92,92
93,93
94,94
95,95
96,96
97,97
98,98
99,99
100,100
107,101
67,102
94,103
92,104
105,105
106,106
116,107
108,108
109,109
110,110
111,111
112,112
113,113
53,114
115,115
116,116
117,117
118,118
119,119
60,60
61,61
62,62
63,63
64,64
65,65
66,66
67,67
68,68
69,69
71,70
71,71
10,72
73,73
74,74
72,75
76,76
77,77
78,78
79,79
80,80
10,81
82,82
73,83
84,84
85,85
86,86
87,87
88,88
89,89
90,90
91,91
92,92
93,93
94,94
95,95
96,96
97,97
98,98
99,99
100,100
101,101
1,102
103,103
104,104
106,105
117,106
107,107
108,108
109,109
110,110
111,111
112,112
113,113
114,114
115,115
107,116
117,117
118,118
119,119
60,60
18,61
62,62
63,63
64,64
65,65
66,66
22,67
68,68
69,69
71,70
71,71
75,72
81,73
28,74
10,75
92,76
24,77
78,78
79,79
80,80
82,81
82,82
9,83
84,84
85,85
86,86
87,87
88,88
89,89
12,90
91,91
69,92
69,93
94,94
95,95
96,96
97,97
98,98
99,99
100,100
101,101
70,102
103,103
66,104
105,105
106,106
107,107
53,108
53,109
109,110
111,111
112,112
113,113
114,114
115,115
116,116
55,117
118,118
119,119
60,60
61,61
62,62
63,63
64,64
65,65
66,66
67,67
68,68
69,69
70,70
71,71
72,72
73,73
74,74
72,75
68,76
77,77
78,78
79,79
80,80
81,81
82,82
83,83
84,84
85,85
86,86
87,87
88,88
89,89
90,90
91,91
92,92
93,93
94,94
95,95
96,96
97,97
98,98
99,99
100,100
101,101
102,102
103,103
104,104
105,105
106,106
107,107
108,108
109,109
110,110
111,111
112,112
113,113
70,114
115,115
116,116
117,117
118,118
119,119
60,60
61,61
62,62
63,63
64,64
65,65
104,66
67,67
68,68
69,69
70,70
71,71
72,72
28,73
74,74
72,75
66,76
77,77
78,78
79,79
80,80
10,81
33,82
83,83
84,84
85,85
86,86
89,87
90,88
89,89
85,90
91,91
92,92
93,93
94,94
95,95
96,96
97,97
98,98
99,99
100,100
101,101
67,102
103,103
104,104
105,105
109,106
107,107
108,108
109,109
110,110
111,111
112,112
113,113
114,114
115,115
116,116
117,117
118,118
119,119
60,60
61,61
62,62
63,63
64,64
65,65
66,66
67,67
68,68
69,69
71,70
71,71
10,72
73,73
74,74
75,75
76,76
72,77
78,78
79,79
80,80
81,81
9,82
73,83
84,84
85,85
86,86
87,87
88,88
89,89
81,90
91,91
92,92
93,93
94,94
95,95
96,96
97,97
98,98
99,99
100,100
101,101
102,102
103,103
104,104
105,105
105,106
107,107
108,108
109,109
110,110
111,111
112,112
113,113
114,114
115,115
116,116
117,117
118,118
119,119
60,60
61,61
62,62
63,63
64,64
65,65
66,66
67,67
69,68
69,69
68,70
71,71
74,72
83,73
74,74
74,75
76,76
77,77
78,78
79,79
93,80
83,81
38,82
83,83
84,84
85,85
86,86
87,87
89,88
89,89
85,90
91,91
93,92
93,93
94,94
95,95
96,96
97,97
98,98
99,99
100,100
101,101
71,102
103,103
104,104
49,105
106,106
107,107
108,108
109,109
110,110
111,111
112,112
91,113
114,114
115,115
116,116
55,117
118,118
119,119
17,60
61,61
62,62
63,63
64,64
65,65
66,66
67,67
68,68
69,69
70,70
71,71
29,72
73,73
74,74
75,75
76,76
77,77
78,78
79,79
80,80
12,81
82,82
83,83
84,84
85,85
86,86
87,87
88,88
89,89
90,90
91,91
119,92
93,93
94,94
95,95
96,96
97,97
98,98
99,99
100,100
101,101
102,102
103,103
104,104
105,105
105,106
107,107
110,108
109,109
110,110
111,111
112,112
113,113
114,114
115,115
116,116
117,117
118,118
119,119
60,60
61,61
62,62
63,63
64,64
65,65
66,66
67,67
68,68
69,69
70,70
70,71
72,72
81,73
83,74
75,75
76,76
77,77
78,78
79,79
80,80
81,81
82,82
83,83
84,84
85,85
86,86
89,87
88,88
89,89
90,90
91,91
92,92
93,93
94,94
95,95
96,96
97,97
98,98
99,99
100,100
101,101
70,102
103,103
104,104
105,105
106,106
107,107
108,108
109,109
110,110
111,111
112,112
113,113
114,114
115,115
116,116
55,117
118,118
119,119
60,60
61,61
62,62
63,63
64,64
65,65
66,66
67,67
68,68
69,69
71,70
68,71
75,72
73,73
74,74
75,75
76,76
77,77
80,78
79,79
80,80
81,81
82,82
83,83
33,84
85,85
86,86
87,87
88,88
89,89
90,90
91,91
92,92
93,93
94,94
95,95
96,96
97,97
98,98
99,99
100,100
101,101
102,102
103,103
104,104
105,105
105,106
107,107
108,108
109,109
110,110
111,111
112,112
113,113
114,114
115,115
116,116
117,117
118,118
119,119
61,61
62,62
65,63
64,64
65,65
84,66
61,67
71,68
69,69
71,70
69,71
74,72
82,73
74,74
81,75
76,76
77,77
78,78
79,79
80,80
81,81
82,82
83,83
84,84
85,85
0,86
44,87
15,88
89,89
90,90
91,91
92,92
93,93
94,94
68,95
96,96
97,97
98,98
99,99
16,100
101,101
67,102
103,103
104,104
49,105
106,106
107,107
108,108
109,109
110,110
111,111
112,112
113,113
114,114
115,115
116,116
117,117
118,118
119,119
60,60
61,61
62,62
63,63
64,64
65,65
66,66
67,67
68,68
69,69
71,70
68,71
75,72
73,73
11,74
90,75
76,76
90,77
78,78
79,79
80,80
81,81
82,82
29,83
1,84
74,85
86,86
87,87
88,88
89,89
16,90
91,91
92,92
93,93
94,94
95,95
96,96
97,97
98,98
99,99
5,100
101,101
102,102
103,103
104,104
105,105
106,106
107,107
108,108
109,109
110,110
111,111
112,112
113,113
114,114
115,115
116,116
117,117
118,118
119,119
60,60
61,61
64,62
63,63
93,64
65,65
66,66
67,67
68,68
69,69
70,70
70,71
29,72
29,73
29,74
29,75
71,76
90,77
78,78
79,79
80,80
29,81
82,82
29,83
29,84
85,85
86,86
87,87
88,88
72,89
16,90
91,91
21,92
80,93
94,94
95,95
96,96
97,97
98,98
99,99
100,100
110,101
102,102
103,103
78,104
105,105
106,106
107,107
108,108
109,109
110,110
111,111
112,112
113,113
114,114
115,115
107,116
117,117
118,118
119,119
60,60
61,61
62,62
63,63
64,64
65,65
66,66
67,67
71,68
69,69
71,70
71,71
72,72
73,73
74,74
75,75
76,76
77,77
78,78
79,79
80,80
81,81
82,82
83,83
84,84
85,85
86,86
87,87
88,88
89,89
90,90
91,91
92,92
93,93
94,94
95,95
96,96
97,97
98,98
99,99
100,100
101,101
102,102
103,103
104,104
105,105
106,106
56,107
108,108
109,109
110,110
111,111
112,112
113,113
114,114
115,115
116,116
55,117
118,118
119,119
60,60
61,61
62,62
63,63
64,64
65,65
66,66
67,67
70,68
69,69
70,70
71,71
83,72
73,73
74,74
75,75
76,76
24,77
78,78
79,79
80,80
81,81
82,82
83,83
84,84
85,85
86,86
87,87
88,88
89,89
85,90
91,91
92,92
93,93
94,94
95,95
96,96
97,97
98,98
99,99
100,100
101,101
102,102
103,103
112,104
106,105
53,106
107,107
108,108
109,109
110,110
111,111
112,112
113,113
114,114
115,115
52,116
55,117
118,118
119,119
60,60
61,61
62,62
63,63
64,64
65,65
66,66
67,67
68,68
69,69
70,70
70,71
72,72
74,73
74,74
75,75
76,76
77,77
78,78
79,79
80,80
81,81
82,82
83,83
36,84
33,85
86,86
87,87
88,88
89,89
90,90
92,92
93,93
94,94
95,95
96,96
97,97
98,98
99,99
100,100
101,101
102,102
103,103
104,104
109,105
106,106
107,107
108,108
108,109
109,110
117,111
112,112
113,113
114,114
115,115
116,116
117,117
115,118
119,119
60,60
61,61
62,62
63,63
64,64
65,65
66,66
67,67
68,68
69,69
71,70
76,71
75,72
75,73
85,74
75,75
76,76
77,77
78,78
79,79
80,80
81,81
82,82
83,83
84,84
33,85
63,86
87,87
88,88
89,89
90,90
91,91
92,92
93,93
94,94
95,95
96,96
97,97
98,98
99,99
100,100
26,101
102,102
103,103
104,104
106,105
106,106
107,107
108,108
53,109
110,110
111,111
112,112
113,113
114,114
115,115
116,116
117,117
107,118
119,119
60,60
61,61
62,62
63,63
64,64
65,65
66,66
67,67
68,68
69,69
71,70
71,71
75,72
73,73
74,74
75,75
76,76
81,77
78,78
79,79
80,80
81,81
82,82
83,83
84,84
85,85
86,86
87,87
88,88
89,89
90,90
91,91
92,92
93,93
94,94
95,95
96,96
97,97
98,98
99,99
100,100
101,101
102,102
103,103
104,104
105,105
106,106
107,107
108,108
109,109
110,110
111,111
112,112
113,113
114,114
115,115
116,116
117,117
107,118
119,119
67,60
61,61
62,62
90,63
64,64
65,65
76,66
67,67
71,68
69,69
70,70
69,71
72,72
29,73
1,74
72,75
76,76
1,77
78,78
79,79
4,80
85,81
82,82
83,83
36,84
85,85
86,86
87,87
88,88
89,89
90,90
91,91
92,92
93,93
94,94
95,95
96,96
97,97
98,98
99,99
100,100
101,101
37,102
103,103
104,104
105,105
53,106
116,107
108,108
53,109
52,110
111,111
112,112
113,113
114,114
115,115
116,116
117,117
118,118
119,119
60,60
61,61
62,62
63,63
64,64
65,65
66,66
67,67
68,68
69,69
71,70
71,71
75,72
73,73
74,74
72,75
76,76
77,77
78,78
79,79
80,80
81,81
81,82
83,83
84,84
85,85
86,86
87,87
88,88
89,89
83,90
91,91
92,92
93,93
94,94
95,95
96,96
97,97
98,98
99,99
100,100
101,101
102,102
103,103
104,104
108,105
109,106
107,107
108,108
53,109
110,110
111,111
112,112
113,113
114,114
115,115
116,116
117,117
118,118
119,119
60,60
17,61
62,62
63,63
97,64
65,65
78,66
67,67
68,68
68,69
70,70
71,71
29,72
75,73
73,74
29,75
76,76
77,77
78,78
79,79
80,80
81,81
88,82
73,83
84,84
85,85
86,86
87,87
88,88
89,89
90,90
91,91
92,92
93,93
94,94
95,95
96,96
97,97
98,98
99,99
91,100
101,101
37,102
103,103
78,104
49,105
49,106
107,107
108,108
53,109
110,110
111,111
112,112
113,113
114,114
115,115
116,116
117,117
118,118
119,119
60,60
61,61
62,62
63,63
64,64
65,65
66,66
67,67
71,68
69,69
70,70
66,71
72,72
73,73
74,74
75,75
71,76
77,77
78,78
79,79
80,80
81,81
82,82
83,83
84,84
85,85
86,86
87,87
88,88
89,89
90,90
91,91
92,92
93,93
94,94
95,95
96,96
97,97
98,98
99,99
100,100
101,101
102,102
103,103
38,104
56,105
106,106
107,107
108,108
109,109
110,110
111,111
112,112
113,113
114,114
115,115
116,116
55,117
118,118
119,119
60,60
61,61
62,62
63,63
93,64
65,65
68,66
67,67
70,68
69,69
68,70
69,71
29,72
76,73
74,74
11,75
71,76
77,77
66,78
79,79
80,80
81,81
82,82
82,83
84,84
85,85
86,86
87,87
88,88
88,89
90,90
91,91
92,92
93,93
94,94
95,95
96,96
97,97
98,98
99,99
100,100
101,101
102,102
103,103
104,104
105,105
105,106
107,107
108,108
109,109
110,110
111,111
112,112
113,113
114,114
115,115
116,116
117,117
118,118
119,119
60,60
61,61
62,62
63,63
64,64
65,65
66,66
67,67
68,68
68,69
70,70
70,71
74,72
73,73
74,74
75,75
76,76
77,77
78,78
79,79
80,80
81,81
82,82
83,83
84,84
85,85
86,86
87,87
88,88
89,89
90,90
91,91
92,92
93,93
94,94
95,95
96,96
97,97
98,98
99,99
100,100
101,101
104,102
103,103
104,104
105,105
106,106
107,107
108,108
109,109
110,110
111,111
112,112
113,113
114,114
115,115
116,116
117,117
118,118
119,119
60,60
61,61
62,62
63,63
64,64
65,65
104,66
67,67
70,68
110,69
102,70
80,71
84,72
74,73
74,74
75,75
93,76
82,77
67,78
79,79
80,80
72,81
84,82
85,83
84,84
46,85
86,86
87,87
88,88
89,89
90,90
91,91
62,92
93,93
94,94
95,95
96,96
97,97
98,98
99,99
100,100
47,101
102,102
103,103
104,104
117,105
106,106
107,107
107,108
109,109
109,110
111,111
114,112
113,113
114,114
115,115
107,116
117,117
118,118
119,119
60,60
61,61
62,62
63,63
64,64
65,65
66,66
67,67
68,68
68,69
70,70
70,71
72,72
73,73
74,74
75,75
93,76
77,77
78,78
94,79
80,80
81,81
82,82
82,83
84,84
33,85
86,86
87,87
88,88
89,89
90,90
91,91
92,92
93,93
94,94
95,95
96,96
97,97
98,98
99,99
100,100
101,101
102,102
103,103
104,104
105,105
106,106
107,107
108,108
109,109
110,110
111,111
112,112
113,113
114,114
115,115
116,116
117,117
118,118
119,119
60,60
61,61
62,62
63,63
64,64
65,65
66,66
67,67
68,68
69,69
70,70
71,71
72,72
74,73
74,74
75,75
76,76
90,77
78,78
79,79
68,80
81,81
82,82
83,83
84,84
85,85
86,86
87,87
88,88
89,89
90,90
91,91
92,92
80,93
94,94
95,95
96,96
97,97
98,98
99,99
100,100
101,101
102,102
103,103
104,104
105,105
106,106
107,107
108,108
109,109
110,110
111,111
112,112
113,113
114,114
59,115
116,116
117,117
119,119
60,60
61,61
62,62
40,63
62,64
65,65
70,66
67,67
69,68
69,69
71,70
69,71
72,72
73,73
74,74
10,75
76,76
77,77
78,78
79,79
80,80
81,81
82,82
83,83
17,84
85,85
86,86
87,87
88,88
89,89
48,90
91,91
92,92
93,93
94,94
95,95
96,96
97,97
98,98
99,99
34,100
101,101
102,102
103,103
104,104
111,105
107,106
111,107
68,108
69,109
107,110
111,111
112,112
113,113
114,114
115,115
116,116
117,117
118,118
119,119
60,60
61,61
92,62
63,63
105,64
65,65
66,66
61,67
68,68
69,69
68,70
68,71
75,72
11,73
74,74
72,75
76,76
77,77
104,78
79,79
80,80
81,81
82,82
83,83
84,84
85,85
86,86
87,87
88,88
89,89
90,90
91,91
94,92
93,93
94,94
95,95
96,96
97,97
98,98
99,99
100,100
101,101
102,102
103,103
66,104
105,105
106,106
107,107
108,108
109,109
110,110
111,111
112,112
113,113
114,114
115,115
116,116
117,117
115,118
119,119
60,60
61,61
62,62
63,63
64,64
65,65
66,66
67,67
76,68
69,69
70,70
71,71
72,72
74,73
74,74
75,75
71,76
77,77
78,78
79,79
80,80
81,81
82,82
83,83
84,84
85,85
86,86
87,87
88,88
88,89
90,90
91,91
92,92
93,93
94,94
95,95
96,96
97,97
98,98
99,99
100,100
101,101
102,102
103,103
104,104
105,105
105,106
107,107
106,108
109,109
110,110
111,111
112,112
113,113
114,114
115,115
116,116
117,117
118,118
119,119
60,60
61,61
62,62
63,63
64,64
65,65
66,66
67,67
71,68
69,69
71,70
71,71
72,72
74,73
74,74
72,75
76,76
77,77
78,78
79,79
80,80
81,81
9,82
83,83
84,84
33,85
86,86
87,87
88,88
89,89
109,90
91,91
92,92
93,93
94,94
95,95
96,96
97,97
98,98
99,99
100,100
101,101
102,102
103,103
104,104
105,105
105,106
107,107
108,108
109,109
110,110
111,111
112,112
113,113
114,114
115,115
116,116
117,117
118,118
119,119
60,60
61,61
62,62
44,63
64,64
65,65
68,66
19,67
68,68
69,69
69,70
69,71
75,72
74,73
74,74
75,75
68,76
74,77
78,78
79,79
80,80
72,81
72,82
28,83
84,84
85,85
86,86
87,87
88,88
89,89
90,90
91,91
92,92
93,93
94,94
95,95
96,96
97,97
98,98
99,99
100,100
101,101
102,102
103,103
104,104
105,105
106,106
107,107
108,108
109,109
110,110
111,111
68,112
113,113
114,114
115,115
116,116
117,117
118,118
119,119
60,60
61,61
62,62
63,63
64,64
65,65
66,66
67,67
68,68
69,69
68,70
68,71
73,72
83,73
74,74
73,75
76,76
85,77
78,78
79,79
80,80
81,81
82,82
73,83
84,84
85,85
86,86
87,87
88,88
89,89
85,90
100,91
92,92
93,93
94,94
95,95
96,96
97,97
98,98
99,99
100,100
101,101
102,102
103,103
104,104
107,105
106,106
107,107
108,108
53,109
110,110
111,111
112,112
113,113
114,114
115,115
116,116
117,117
118,118
54,119
60,60
61,61
71,62
63,63
64,64
65,65
66,66
67,67
68,68
69,69
70,70
70,71
72,72
73,73
17,74
72,75
70,76
77,77
76,78
79,79
80,80
81,81
82,82
32,83
84,84
85,85
86,86
87,87
88,88
89,89
90,90
91,91
92,92
80,93
94,94
95,95
96,96
97,97
98,98
99,99
100,100
101,101
102,102
103,103
104,104
51,105
106,106
107,107
108,108
109,109
110,110
111,111
112,112
113,113
114,114
115,115
116,116
117,117
118,118
119,119
60,60
61,61
62,62
63,63
64,64
65,65
66,66
67,67
31,68
69,69
70,70
71,71
75,72
73,73
74,74
75,75
76,76
77,77
78,78
79,79
80,80
81,81
82,82
73,83
84,84
85,85
86,86
87,87
89,88
89,89
90,90
91,91
92,92
93,93
94,94
95,95
96,96
97,97
98,98
99,99
100,100
101,101
102,102
94,103
104,104
105,105
106,106
107,107
108,108
109,109
110,110
114,111
112,112
113,113
114,114
115,115
116,116
117,117
118,118
119,119
94,60
61,61
62,62
63,63
64,64
90,65
78,66
104,67
68,68
69,69
70,70
71,71
72,72
73,73
74,74
75,75
68,76
77,77
78,78
79,79
80,80
82,81
82,82
83,83
84,84
85,85
86,86
87,87
88,88
88,89
90,90
91,91
92,92
93,93
94,94
95,95
96,96
97,97
98,98
99,99
47,100
101,101
102,102
103,103
104,104
105,105
108,106
107,107
108,108
109,109
110,110
111,111
112,112
113,113
114,114
115,115
116,116
117,117
118,118
119,119
60,60
60,61
62,62
63,63
64,64
65,65
66,66
67,67
68,68
69,69
68,70
71,71
90,72
75,73
74,74
75,75
76,76
77,77
78,78
79,79
80,80
81,81
82,82
83,83
73,84
85,85
86,86
87,87
88,88
89,89
90,90
91,91
92,92
93,93
94,94
95,95
96,96
97,97
98,98
99,99
100,100
101,101
102,102
103,103
104,104
105,105
105,106
107,107
108,108
109,109
110,110
111,111
112,112
113,113
114,114
115,115
116,116
117,117
115,118
119,119
60,60
61,61
62,62
63,63
64,64
65,65
104,66
67,67
71,68
69,69
70,70
71,71
73,72
73,73
74,74
75,75
92,76
77,77
78,78
79,79
80,80
81,81
82,82
73,83
84,84
85,85
86,86
87,87
88,88
89,89
90,90
91,91
92,92
93,93
94,94
95,95
96,96
97,97
98,98
99,99
100,100
101,101
102,102
103,103
40,104
106,105
106,106
107,107
108,108
109,109
110,110
111,111
112,112
113,113
114,114
115,115
116,116
117,117
118,118
119,119
60,60
61,61
62,62
63,63
62,64
65,65
66,66
67,67
71,68
30,69
102,70
102,71
40,72
74,73
74,74
75,75
92,76
77,77
78,78
79,79
62,80
81,81
85,82
83,83
84,84
85,85
86,86
87,87
89,88
89,89
90,90
91,91
92,92
93,93
94,94
95,95
96,96
97,97
98,98
99,99
100,100
101,101
102,102
103,103
104,104
49,105
106,106
107,107
108,108
106,109
110,110
111,111
112,112
113,113
109,114
115,115
116,116
117,117
115,118
119,119
60,60
61,61
62,62
63,63
64,64
65,65
66,66
114,67
68,68
69,69
71,70
70,71
72,72
73,73
74,74
75,75
80,76
77,77
78,78
64,79
80,80
81,81
82,82
77,83
84,84
85,85
86,86
87,87
88,88
89,89
90,90
91,91
92,92
93,93
94,94
95,95
96,96
97,97
98,98
99,99
100,100
101,101
102,102
94,103
104,104
105,105
106,106
107,107
108,108
109,109
110,110
111,111
112,112
113,113
114,114
115,115
116,116
117,117
118,118
119,119
60,60
61,61
62,62
63,63
64,64
65,65
66,66
67,67
68,68
69,69
71,70
71,71
72,72
73,73
74,74
75,75
76,76
77,77
78,78
79,79
68,80
81,81
82,82
83,83
84,84
85,85
86,86
87,87
88,88
89,89
90,90
91,91
92,92
93,93
94,94
95,95
96,96
97,97
98,98
99,99
100,100
101,101
102,102
103,103
104,104
105,105
106,106
110,107
108,108
109,109
110,110
105,111
112,112
113,113
114,114
115,115
110,116
117,117
118,118
119,119
60,60
61,61
93,62
40,63
93,64
65,65
66,66
67,67
68,68
69,69
71,70
70,71
72,72
81,73
1,74
29,75
71,76
83,77
78,78
79,79
80,80
81,81
82,82
81,83
84,84
85,85
86,86
87,87
88,88
89,89
57,90
91,91
93,92
93,93
94,94
68,95
96,96
97,97
98,98
99,99
100,100
101,101
102,102
94,103
104,104
111,105
106,106
107,107
108,108
109,109
110,110
111,111
112,112
113,113
114,114
115,115
116,116
117,117
118,118
119,119
60,60
61,61
62,62
63,63
6,64
65,65
66,66
61,67
68,68
69,69
71,70
69,71
72,72
73,73
74,74
10,75
76,76
77,77
78,78
79,79
80,80
81,81
82,82
28,83
84,84
85,85
86,86
87,87
88,88
88,89
90,90
91,91
92,92
93,93
94,94
95,95
96,96
97,97
98,98
99,99
47,100
101,101
102,102
103,103
104,104
111,105
106,106
107,107
108,108
109,109
110,110
111,111
112,112
113,113
114,114
115,115
116,116
117,117
118,118
119,119
60,60
61,61
62,62
63,63
64,64
117,65
66,66
67,67
68,68
69,69
66,70
71,71
72,72
73,73
73,74
75,75
76,76
81,77
78,78
79,79
80,80
72,81
81,82
72,83
72,84
77,85
86,86
89,87
88,88
90,89
77,90
91,91
92,92
93,93
94,94
95,95
96,96
97,97
98,98
99,99
100,100
101,101
102,102
103,103
104,104
105,105
106,106
107,107
108,108
109,109
110,110
111,111
112,112
113,113
114,114
115,115
116,116
117,117
118,118
119,119
60,60
61,61
62,62
63,63
64,64
65,65
66,66
67,67
68,68
69,69
70,70
70,71
72,72
73,73
74,74
72,75
76,76
77,77
78,78
79,79
80,80
10,81
39,82
83,83
84,84
33,85
86,86
87,87
88,88
89,89
90,90
91,91
62,92
93,93
94,94
95,95
96,96
97,97
98,98
99,99
100,100
101,101
102,102
103,103
104,104
105,105
106,106
107,107
108,108
109,109
110,110
111,111
112,112
113,113
114,114
115,115
116,116
117,117
118,118
119,119
94,60
34,61
62,62
63,63
64,64
90,65
66,66
67,67
94,68
69,69
71,70
69,71
75,72
74,73
74,74
78,75
35,76
77,77
78,78
79,79
80,80
81,81
84,82
73,83
84,84
85,85
86,86
101,87
88,88
89,89
88,90
91,91
92,92
93,93
94,94
95,95
96,96
97,97
98,98
99,99
100,100
101,101
66,102
103,103
104,104
105,105
106,106
107,107
108,108
106,109
110,110
111,111
106,112
113,113
114,114
115,115
107,116
117,117
118,118
119,119
60,60
61,61
62,62
63,63
64,64
65,65
66,66
67,67
68,68
68,69
68,70
68,71
75,72
73,73
74,74
75,75
76,76
77,77
78,78
79,79
66,80
81,81
82,82
73,83
84,84
85,85
86,86
87,87
88,88
89,89
77,90
91,91
92,92
93,93
94,94
95,95
96,96
97,97
98,98
99,99
100,100
101,101
66,102
103,103
104,104
105,105
106,106
107,107
108,108
109,109
110,110
111,111
112,112
113,113
114,114
115,115
116,116
117,117
118,118
119,119
60,60
61,61
62,62
63,63
64,64
65,65
66,66
67,67
71,68
71,69
70,70
70,71
75,72
73,73
74,74
75,75
68,76
77,77
78,78
79,79
80,80
81,81
82,82
73,83
84,84
85,85
86,86
87,87
88,88
89,89
90,90
91,91
92,92
93,93
94,94
95,95
96,96
97,97
98,98
101,99
100,100
101,101
102,102
94,103
102,104
105,105
105,106
107,107
108,108
109,109
110,110
111,111
112,112
113,113
114,114
115,115
107,116
117,117
118,118
119,119
114,60
61,61
62,62
63,63
93,64
65,65
66,66
67,67
31,68
69,69
70,70
71,71
72,72
73,73
74,74
75,75
76,76
77,77
78,78
79,79
80,80
81,81
82,82
73,83
84,84
85,85
86,86
87,87
89,88
89,89
90,90
91,91
92,92
93,93
94,94
95,95
96,96
97,97
98,98
99,99
100,100
101,101
102,102
94,103
104,104
105,105
106,106
107,107
108,108
109,109
110,110
111,111
112,112
113,113
114,114
115,115
116,116
117,117
118,118
119,119
78,60
61,61
62,62
63,63
64,64
65,65
78,66
104,67
68,68
71,69
71,70
68,71
72,72
73,73
74,74
75,75
93,76
77,77
78,78
79,79
80,80
81,81
82,82
83,83
84,84
73,85
86,86
87,87
88,88
89,89
90,90
91,91
76,92
93,93
94,94
95,95
96,96
97,97
98,98
99,99
100,100
101,101
102,102
103,103
104,104
105,105
108,106
107,107
108,108
109,109
110,110
111,111
112,112
113,113
114,114
115,115
116,116
117,117
118,118
119,119
60,60
61,61
62,62
63,63
64,64
65,65
66,66
67,67
68,68
69,69
70,70
71,71
72,72
73,73
74,74
75,75
76,76
77,77
78,78
79,79
80,80
81,81
73,82
83,83
84,84
85,85
86,86
87,87
88,88
89,89
90,90
91,91
92,92
62,93
94,94
95,95
96,96
97,97
98,98
99,99
100,100
101,101
102,102
103,103
104,104
106,105
106,106
107,107
108,108
109,109
110,110
111,111
112,112
113,113
114,114
115,115
116,116
117,117
118,118
119,119
60,60
60,61
62,62
63,63
64,64
65,65
104,66
67,67
70,68
68,69
70,70
70,71
85,72
73,73
74,74
75,75
92,76
77,77
92,78
79,79
93,80
81,81
82,82
73,83
84,84
85,85
86,86
87,87
88,88
89,89
85,90
91,91
111,92
93,93
94,94
95,95
96,96
97,97
98,98
99,99
100,100
101,101
102,102
103,103
104,104
49,105
106,106
107,107
108,108
109,109
110,110
111,111
112,112
113,113
109,114
115,115
110,116
117,117
118,118
119,119
60,60
61,61
62,62
63,63
62,64
65,65
66,66
67,67
71,68
71,69
102,70
93,71
74,72
73,73
74,74
75,75
92,76
77,77
78,78
79,79
93,80
81,81
82,82
83,83
84,84
85,85
86,86
87,87
89,88
89,89
90,90
91,91
92,92
93,93
94,94
95,95
96,96
97,97
98,98
99,99
100,100
101,101
102,102
103,103
104,104
116,105
106,106
107,107
108,108
106,109
110,110
111,111
112,112
113,113
109,114
115,115
116,116
109,117
118,118
119,119
60,60
61,61
62,62
63,63
64,64
65,65
66,66
67,67
68,68
69,69
70,70
71,71
72,72
73,73
74,74
75,75
76,76
77,77
78,78
79,79
80,80
81,81
82,82
83,83
84,84
85,85
86,86
87,87
88,88
89,89
90,90
91,91
92,92
93,93
94,94
95,95
96,96
97,97
98,98
99,99
100,100
101,101
102,102
103,103
104,104
105,105
106,106
110,107
108,108
114,109
110,110
114,111
112,112
113,113
114,114
59,115
116,116
117,117
118,118
119,119
78,60
18,61
62,62
63,63
64,64
65,65
110,66
67,67
68,68
69,69
71,70
71,71
75,72
83,73
28,74
72,75
76,76
73,77
78,78
79,79
68,80
81,81
82,82
83,83
84,84
33,85
86,86
87,87
88,88
89,89
90,90
91,91
92,92
93,93
94,94
95,95
96,96
97,97
98,98
99,99
100,100
101,101
102,102
103,103
104,104
49,105
106,106
116,107
108,108
109,109
110,110
111,111
112,112
113,113
109,114
59,115
116,116
117,117
118,118
119,119
60,60
61,61
62,62
47,63
93,64
65,65
102,66
67,67
69,68
69,69
71,70
68,71
72,72
73,73
29,74
75,75
30,76
77,77
78,78
79,79
80,80
81,81
82,82
28,83
84,84
85,85
13,86
87,87
88,88
89,89
90,90
15,91
92,92
93,93
94,94
95,95
96,96
97,97
98,98
99,99
34,100
101,101
102,102
103,103
104,104
106,105
106,106
107,107
53,108
78,109
110,110
117,111
112,112
113,113
119,114
115,115
54,116
117,117
118,118
119,119
60,60
61,61
94,62
63,63
62,64
65,65
66,66
61,67
68,68
69,69
68,70
71,71
72,72
72,73
74,74
11,75
30,76
77,77
78,78
79,79
93,80
81,81
82,82
83,83
36,84
85,85
86,86
87,87
88,88
89,89
90,90
91,91
92,92
93,93
94,94
39,95
96,96
97,97
98,98
99,99
100,100
101,101
66,102
103,103
104,104
107,105
105,106
107,107
108,108
109,109
110,110
111,111
112,112
113,113
110,114
115,115
116,116
117,117
119,119
60,60
61,61
62,62
63,63
64,64
65,65
66,66
67,67
68,68
69,69
70,70
71,71
74,72
73,73
74,74
75,75
76,76
77,77
78,78
79,79
80,80
81,81
82,82
83,83
84,84
85,85
86,86
87,87
88,88
89,89
90,90
91,91
30,92
93,93
94,94
95,95
96,96
97,97
98,98
99,99
100,100
101,101
102,102
103,103
104,104
105,105
105,106
107,107
108,108
105,109
110,110
111,111
112,112
113,113
114,114
115,115
107,116
117,117
118,118
119,119
60,60
61,61
62,62
63,63
64,64
65,65
104,66
67,67
68,68
69,69
71,70
71,71
72,72
72,73
72,74
72,75
43,76
32,77
78,78
79,79
80,80
10,81
33,82
75,83
84,84
33,85
86,86
87,87
77,88
89,89
109,90
91,91
62,92
93,93
94,94
95,95
96,96
97,97
98,98
99,99
100,100
101,101
102,102
103,103
104,104
105,105
49,106
107,107
108,108
109,109
110,110
111,111
112,112
113,113
114,114
115,115
116,116
117,117
118,118
119,119
60,60
61,61
62,62
63,63
64,64
65,65
66,66
67,67
68,68
69,69
68,70
68,71
74,72
28,73
74,74
75,75
76,76
74,77
78,78
79,79
80,80
81,81
33,82
83,83
84,84
85,85
86,86
87,87
88,88
89,89
90,90
91,91
92,92
93,93
94,94
95,95
96,96
97,97
98,98
99,99
100,100
101,101
102,102
103,103
104,104
105,105
106,106
107,107
108,108
109,109
110,110
105,111
114,112
113,113
114,114
115,115
116,116
117,117
118,118
119,119
60,60
61,61
62,62
63,63
64,64
65,65
104,66
67,67
68,68
69,69
68,70
71,71
72,72
83,73
74,74
72,75
76,76
85,77
78,78
79,79
71,80
83,81
82,82
83,83
84,84
85,85
86,86
87,87
88,88
86,89
77,90
91,91
92,92
93,93
94,94
95,95
96,96
97,97
98,98
99,99
100,100
101,101
102,102
103,103
104,104
105,105
106,106
107,107
116,108
110,109
50,110
51,111
112,112
113,113
59,115
49,116
55,117
118,118
119,119
60,60
61,61
62,62
63,63
64,64
65,65
66,66
67,67
68,68
68,69
70,70
70,71
72,72
83,73
74,74
75,75
71,76
77,77
78,78
79,79
80,80
81,81
82,82
83,83
84,84
85,85
86,86
87,87
88,88
89,89
90,90
91,91
92,92
93,93
94,94
95,95
96,96
97,97
98,98
99,99
100,100
101,101
102,102
103,103
104,104
55,105
50,106
49,107
108,108
53,109
110,110
111,111
112,112
113,113
114,114
115,115
116,116
117,117
118,118
119,119
60,60
61,61
62,62
63,63
64,64
65,65
66,66
67,67
31,68
69,69
69,70
69,71
75,72
83,73
28,74
75,75
76,76
77,77
104,78
79,79
80,80
81,81
82,82
73,83
84,84
85,85
86,86
87,87
88,88
89,89
77,90
91,91
92,92
93,93
94,94
95,95
96,96
97,97
98,98
99,99
100,100
101,101
39,102
103,103
104,104
106,105
110,106
107,107
108,108
53,109
110,110
49,111
112,112
113,113
114,114
115,115
116,116
117,117
106,118
57,119
94,60
61,61
62,62
63,63
64,64
65,65
66,66
67,67
68,68
71,69
70,70
71,71
75,72
73,73
74,74
75,75
71,76
77,77
78,78
79,79
80,80
81,81
82,82
83,83
84,84
73,85
86,86
87,87
88,88
89,89
90,90
91,91
92,92
93,93
94,94
95,95
96,96
97,97
98,98
99,99
5,100
99,101
102,102
103,103
104,104
109,105
108,106
107,107
108,108
55,109
110,110
53,111
112,112
113,113
114,114
115,115
116,116
55,117
118,118
119,119
60,60
67,61
62,62
63,63
64,64
65,65
66,66
67,67
68,68
68,69
71,70
71,71
75,72
83,73
74,74
75,75
76,76
77,77
78,78
79,79
80,80
81,81
82,82
29,83
84,84
73,85
86,86
87,87
88,88
89,89
90,90
91,91
37,92
93,93
94,94
95,95
96,96
97,97
98,98
99,99
100,100
101,101
102,102
103,103
78,104
108,105
106,106
107,107
108,108
106,109
110,110
111,111
112,112
113,113
114,114
59,115
116,116
117,117
115,118
119,119
60,60
61,61
62,62
63,63
64,64
65,65
104,66
67,67
68,68
69,69
70,70
71,71
73,72
73,73
74,74
75,75
92,76
77,77
78,78
79,79
80,80
74,81
82,82
73,83
84,84
85,85
86,86
87,87
88,88
89,89
90,90
91,91
70,92
93,93
94,94
95,95
96,96
97,97
98,98
99,99
100,100
101,101
102,102
103,103
43,104
105,105
107,106
107,107
105,108
106,109
110,110
111,111
111,112
113,113
114,114
115,115
116,116
114,117
118,118
53,119
60,60
61,61
62,62
63,63
105,64
65,65
92,66
104,67
71,68
30,69
66,70
93,71
74,72
73,73
74,74
72,75
92,76
77,77
78,78
79,79
80,80
81,81
82,82
28,83
36,84
85,85
86,86
87,87
88,88
89,89
90,90
91,91
93,92
62,93
94,94
95,95
96,96
97,97
98,98
99,99
100,100
116,101
104,102
103,103
104,104
49,105
49,106
115,107
108,108
109,109
53,110
111,111
112,112
113,113
114,114
115,115
116,116
55,117
59,118
119,119
60,60
61,61
94,62
63,63
64,64
65,65
66,66
67,67
68,68
69,69
71,70
70,71
75,72
74,73
74,74
75,75
76,76
77,77
78,78
79,79
93,80
72,81
82,82
73,83
84,84
85,85
86,86
87,87
88,88
89,89
90,90
91,91
92,92
93,93
94,94
95,95
96,96
97,97
98,98
99,99
100,100
101,101
104,102
103,103
104,104
64,105
100,106
107,107
108,108
91,109
110,110
111,111
112,112
113,113
114,114
115,115
116,116
117,117
118,118
119,119
60,60
61,61
62,62
63,63
64,64
65,65
66,66
67,67
68,68
69,69
70,70
68,71
75,72
73,73
75,74
75,75
76,76
77,77
78,78
79,79
80,80
81,81
12,82
83,83
84,84
85,85
86,86
87,87
88,88
89,89
90,90
91,91
92,92
93,93
94,94
95,95
96,96
97,97
98,98
99,99
100,100
101,101
102,102
103,103
104,104
105,105
106,106
107,107
108,108
109,109
110,110
111,111
112,112
113,113
114,114
115,115
116,116
117,117
118,118
119,119
60,60
61,61
62,62
63,63
64,64
65,65
71,66
67,67
68,68
69,69
71,70
71,71
72,72
73,73
74,74
75,75
64,76
77,77
78,78
79,79
80,80
81,81
82,82
83,83
84,84
85,85
86,86
87,87
88,88
89,89
88,90
91,91
92,92
62,93
94,94
95,95
96,96
97,97
98,98
99,99
100,100
101,101
102,102
103,103
104,104
105,105
105,106
107,107
108,108
49,109
110,110
111,111
112,112
113,113
114,114
115,115
116,116
117,117
118,118
119,119
60,60
61,61
62,62
63,63
64,64
65,65
66,66
67,67
68,68
69,69
71,70
71,71
75,72
73,73
74,74
4,75
76,76
77,77
78,78
79,79
80,80
81,81
82,82
83,83
77,84
85,85
86,86
87,87
88,88
89,89
10,90
91,91
92,92
93,93
94,94
95,95
96,96
97,97
98,98
99,99
100,100
101,101
102,102
103,103
66,104
105,105
106,106
107,107
108,108
109,109
110,110
111,111
112,112
113,113
109,114
115,115
116,116
117,117
118,118
119,119
60,60
61,61
62,62
63,63
64,64
65,65
66,66
67,67
76,68
69,69
92,70
92,71
72,72
73,73
0,74
10,75
76,76
77,77
78,78
79,79
80,80
81,81
12,82
33,83
84,84
85,85
86,86
87,87
89,88
89,89
90,90
91,91
22,92
93,93
94,94
95,95
96,96
97,97
98,98
99,99
100,100
101,101
102,102
103,103
66,104
105,105
105,106
107,107
108,108
109,109
110,110
111,111
112,112
113,113
114,114
115,115
116,116
117,117
118,118
119,119
60,60
61,61
62,62
63,63
103,64
65,65
66,66
67,67
76,68
69,69
92,70
94,71
74,72
10,73
0,74
31,75
76,76
74,77
78,78
42,79
80,80
81,81
82,82
83,83
1,84
33,85
86,86
87,87
88,88
89,89
90,90
91,91
21,92
62,93
94,94
95,95
96,96
97,97
98,98
99,99
100,100
101,101
40,102
103,103
40,104
105,105
106,106
107,107
108,108
109,109
110,110
111,111
112,112
113,113
114,114
115,115
116,116
117,117
118,118
119,119
60,60
61,61
62,62
63,63
64,64
65,65
66,66
67,67
114,68
69,69
70,70
68,71
75,72
83,73
74,74
75,75
31,76
33,77
78,78
79,79
80,80
81,81
82,82
83,83
39,84
77,85
86,86
87,87
88,88
89,89
10,90
91,91
92,92
93,93
94,94
95,95
96,96
97,97
98,98
99,99
100,100
101,101
0,102
103,103
104,104
105,105
106,106
107,107
108,108
109,109
110,110
111,111
112,112
113,113
114,114
115,115
116,116
117,117
118,118
119,119
60,60
20,61
62,62
63,63
64,64
65,65
66,66
67,67
76,68
69,69
76,70
114,71
10,72
10,73
74,74
75,75
52,76
77,77
78,78
79,79
80,80
10,81
82,82
28,83
17,84
85,85
86,86
87,87
88,88
89,89
89,90
91,91
22,92
93,93
94,94
95,95
96,96
97,97
98,98
99,99
100,100
101,101
102,102
103,103
66,104
105,105
106,106
107,107
108,108
109,109
110,110
111,111
112,112
113,113
114,114
115,115
116,116
117,117
118,118
119,119
60,60
61,61
62,62
63,63
64,64
65,65
66,66
67,67
68,68
69,69
70,70
70,71
72,72
73,73
74,74
75,75
76,76
73,77
78,78
79,79
80,80
81,81
81,82
83,83
84,84
85,85
86,86
87,87
89,88
89,89
90,90
91,91
92,92
93,93
94,94
95,95
96,96
97,97
98,98
99,99
100,100
101,101
102,102
103,103
66,104
105,105
106,106
107,107
108,108
78,109
110,110
111,111
112,112
113,113
114,114
115,115
116,116
117,117
118,118
119,119
60,60
61,61
62,62
63,63
64,64
65,65
66,66
67,67
68,68
69,69
70,70
71,71
72,72
73,73
74,74
75,75
71,76
77,77
78,78
79,79
80,80
81,81
82,82
83,83
84,84
85,85
86,86
87,87
88,88
89,89
90,90
91,91
92,92
93,93
94,94
95,95
96,96
97,97
98,98
99,99
100,100
101,101
104,102
103,103
104,104
106,105
106,106
107,107
108,108
109,109
110,110
111,111
112,112
113,113
114,114
115,115
116,116
117,117
118,118
119,119
60,60
61,61
62,62
63,63
64,64
65,65
66,66
67,67
68,68
69,69
70,70
70,71
72,72
73,73
74,74
75,75
76,76
77,77
78,78
79,79
80,80
82,81
82,82
28,83
84,84
73,85
86,86
87,87
88,88
89,89
90,90
91,91
37,92
93,93
94,94
95,95
96,96
97,97
98,98
99,99
100,100
101,101
102,102
103,103
104,104
106,105
107,106
107,107
108,108
109,109
110,110
111,111
112,112
113,113
114,114
115,115
116,116
117,117
118,118
119,119
60,60
60,61
62,62
63,63
64,64
65,65
66,66
67,67
68,68
69,69
70,70
70,71
75,72
83,73
74,74
74,75
92,76
77,77
43,78
79,79
80,80
81,81
82,82
83,83
84,84
85,85
86,86
87,87
88,88
89,89
12,90
91,91
92,92
80,93
94,94
95,95
96,96
97,97
98,98
99,99
100,100
101,101
102,102
103,103
104,104
105,105
116,106
107,107
108,108
109,109
110,110
111,111
112,112
113,113
114,114
115,115
116,116
117,117
118,118
119,119
60,60
61,61
62,62
63,63
64,64
65,65
66,66
67,67
68,68
69,69
76,70
71,71
72,72
73,73
74,74
72,75
92,76
77,77
78,78
79,79
80,80
81,81
82,82
83,83
84,84
85,85
86,86
87,87
88,88
89,89
90,90
91,91
22,92
93,93
94,94
95,95
96,96
97,97
98,98
99,99
100,100
101,101
37,102
103,103
78,104
106,105
106,106
107,107
108,108
109,109
110,110
111,111
112,112
113,113
114,114
115,115
116,116
117,117
118,118
119,119
60,60
61,61
62,62
63,63
64,64
65,65
102,66
3,67
68,68
71,69
71,70
71,71
10,72
81,73
74,74
10,75
22,76
77,77
78,78
79,79
80,80
81,81
12,82
29,83
84,84
33,85
86,86
87,87
88,88
89,89
90,90
5,91
92,92
93,93
94,94
95,95
96,96
97,97
98,98
99,99
100,100
101,101
102,102
103,103
104,104
105,105
105,106
107,107
108,108
109,109
110,110
111,111
112,112
113,113
114,114
115,115
116,116
117,117
118,118
119,119
60,60
61,61
62,62
63,63
64,64
65,65
66,66
67,67
76,68
69,69
76,70
70,71
72,72
73,73
74,74
75,75
76,76
77,77
78,78
79,79
80,80
75,81
82,82
83,83
84,84
85,85
86,86
87,87
88,88
24,89
90,90
91,91
92,92
93,93
94,94
95,95
96,96
97,97
118,98
99,99
100,100
101,101
104,102
103,103
104,104
105,105
106,106
107,107
108,108
109,109
110,110
111,111
112,112
113,113
114,114
115,115
116,116
117,117
118,118
119,119
60,60
61,61
62,62
63,63
64,64
65,65
66,66
67,67
68,68
69,69
71,70
70,71
10,72
28,73
28,74
10,75
76,76
77,77
104,78
79,79
80,80
12,81
82,82
74,83
84,84
33,85
86,86
87,87
89,88
89,89
90,90
91,91
92,92
93,93
94,94
95,95
96,96
97,97
25,98
99,99
100,100
101,101
66,102
103,103
104,104
105,105
106,106
107,107
108,108
109,109
110,110
111,111
112,112
113,113
114,114
115,115
116,116
117,117
118,118
119,119
60,60
61,61
62,62
63,63
64,64
27,65
66,66
67,67
68,68
30,69
70,70
70,71
29,72
73,73
10,74
75,75
76,76
32,77
78,78
79,79
112,80
81,81
55,82
73,83
84,84
85,85
86,86
87,87
88,88
89,89
10,90
91,91
92,92
93,93
94,94
95,95
96,96
97,97
98,98
99,99
100,100
101,101
102,102
103,103
104,104
105,105
106,106
107,107
108,108
109,109
110,110
111,111
112,112
113,113
114,114
115,115
116,116
117,117
118,118
119,119
60,60
61,61
62,62
63,63
64,64
65,65
66,66
67,67
68,68
69,69
71,70
71,71
11,72
73,73
10,74
10,75
76,76
77,77
78,78
79,79
80,80
81,81
82,82
73,83
84,84
85,85
86,86
87,87
88,88
89,89
90,90
91,91
92,92
93,93
94,94
95,95
96,96
97,97
98,98
99,99
100,100
101,101
102,102
103,103
104,104
105,105
106,106
49,107
55,108
109,109
110,110
111,111
112,112
113,113
114,114
115,115
116,116
117,117
118,118
119,119
60,60
61,61
62,62
63,63
64,64
65,65
102,66
67,67
68,68
32,69
102,70
71,71
11,72
73,73
28,74
75,75
76,76
77,77
78,78
79,79
80,80
81,81
29,82
83,83
36,84
29,85
86,86
87,87
88,88
89,89
10,90
91,91
92,92
93,93
94,94
95,95
96,96
97,97
98,98
99,99
13,100
101,101
102,102
97,103
40,104
105,105
106,106
107,107
108,108
109,109
110,110
111,111
112,112
113,113
114,114
115,115
116,116
117,117
118,118
119,119
60,60
61,61
62,62
63,63
64,64
65,65
27,66
87,67
68,68
69,69
71,70
71,71
28,72
73,73
28,74
75,75
76,76
10,77
78,78
79,79
93,80
81,81
82,82
28,83
1,84
28,85
86,86
87,87
88,88
89,89
10,90
91,91
92,92
93,93
94,94
95,95
96,96
97,97
98,98
99,99
100,100
101,101
66,102
64,103
104,104
105,105
109,106
107,107
108,108
109,109
110,110
111,111
112,112
113,113
114,114
115,115
116,116
117,117
118,118
119,119
60,60
61,61
63,63
64,64
65,65
66,66
67,67
70,68
69,69
70,70
31,71
12,72
73,73
75,74
75,75
68,76
77,77
78,78
79,79
80,80
81,81
82,82
73,83
84,84
85,85
86,86
87,87
88,88
89,89
90,90
91,91
92,92
93,93
94,94
39,95
96,96
97,97
35,98
99,99
100,100
101,101
102,102
21,103
30,104
105,105
106,106
107,107
108,108
107,109
110,110
111,111
112,112
113,113
114,114
115,115
116,116
117,117
118,118
119,119
60,60
61,61
62,62
63,63
93,64
65,65
1,66
67,67
68,68
69,69
70,70
70,71
10,72
30,73
74,74
10,75
71,76
77,77
78,78
79,79
80,80
81,81
82,82
28,83
1,84
85,85
86,86
87,87
90,88
89,89
1,90
91,91
92,92
93,93
94,94
95,95
96,96
97,97
25,98
99,99
100,100
101,101
37,102
103,103
39,104
105,105
109,106
107,107
108,108
114,109
110,110
111,111
112,112
113,113
114,114
115,115
116,116
55,117
118,118
119,119
60,60
61,61
62,62
63,63
64,64
65,65
66,66
67,67
30,68
69,69
70,70
70,71
75,72
73,73
28,74
75,75
76,76
77,77
78,78
79,79
80,80
90,81
82,82
73,83
27,84
9,85
86,86
87,87
88,88
89,89
90,90
91,91
92,92
93,93
94,94
95,95
96,96
97,97
98,98
99,99
100,100
101,101
102,102
103,103
104,104
106,105
106,106
107,107
108,108
109,109
110,110
111,111
112,112
113,113
114,114
115,115
116,116
117,117
118,118
119,119
60,60
61,61
62,62
63,63
64,64
65,65
66,66
67,67
68,68
69,69
70,70
70,71
72,72
73,73
74,74
75,75
76,76
78,77
78,78
79,79
80,80
81,81
82,82
74,83
84,84
85,85
86,86
87,87
88,88
89,89
77,90
91,91
92,92
62,93
94,94
95,95
96,96
97,97
98,98
99,99
100,100
101,101
102,102
103,103
104,104
105,105
106,106
107,107
108,108
109,109
110,110
111,111
112,112
113,113
114,114
115,115
116,116
117,117
118,118
119,119
60,60
61,61
62,62
63,63
64,64
65,65
66,66
67,67
71,68
69,69
70,70
68,71
75,72
73,73
28,74
75,75
76,76
77,77
78,78
79,79
80,80
10,81
82,82
83,83
84,84
85,85
86,86
87,87
88,88
88,89
90,90
91,91
92,92
48,93
94,94
95,95
96,96
97,97
98,98
99,99
100,100
101,101
102,102
103,103
104,104
105,105
106,106
107,107
108,108
109,109
110,110
111,111
112,112
113,113
114,114
115,115
116,116
117,117
118,118
119,119
60,60
61,61
62,62
63,63
64,64
65,65
66,66
67,67
68,68
69,69
70,70
71,71
72,72
10,73
74,74
28,75
84,76
77,77
78,78
79,79
93,80
81,81
82,82
83,83
84,84
33,85
86,86
87,87
88,88
88,89
65,90
91,91
92,92
93,93
94,94
95,95
96,96
97,97
98,98
99,99
100,100
101,101
102,102
103,103
104,104
105,105
105,106
107,107
108,108
109,109
110,110
111,111
112,112
113,113
114,114
115,115
116,116
117,117
118,118
119,119
60,60
61,61
62,62
63,63
82,64
65,65
66,66
67,67
68,68
69,69
70,70
71,71
81,72
73,73
74,74
75,75
76,76
77,77
82,78
79,79
80,80
81,81
82,82
83,83
84,84
85,85
86,86
87,87
90,88
90,89
90,90
91,91
92,92
93,93
94,94
95,95
96,96
97,97
98,98
99,99
100,100
101,101
102,102
103,103
104,104
106,105
106,106
107,107
108,108
109,109
110,110
111,111
112,112
113,113
114,114
115,115
116,116
117,117
118,118
119,119
60,60
61,61
62,62
63,63
64,64
65,65
66,66
67,67
68,68
69,69
22,70
69,71
75,72
85,73
74,74
75,75
76,76
77,77
78,78
79,79
80,80
81,81
82,82
83,83
84,84
85,85
86,86
87,87
88,88
24,89
90,90
91,91
92,92
93,93
94,94
95,95
96,96
97,97
98,98
99,99
100,100
101,101
95,102
103,103
104,104
105,105
105,106
107,107
108,108
109,109
110,110
111,111
112,112
113,113
114,114
115,115
116,116
117,117
118,118
119,119
60,60
61,61
62,62
63,63
64,64
65,65
102,66
67,67
68,68
69,69
71,70
71,71
28,72
73,73
81,74
77,75
76,76
83,77
78,78
79,79
80,80
81,81
82,82
83,83
84,84
82,85
86,86
87,87
88,88
89,89
90,90
16,91
21,92
62,93
94,94
95,95
96,96
97,97
98,98
99,99
100,100
101,101
66,102
103,103
104,104
105,105
106,106
107,107
108,108
109,109
110,110
111,111
112,112
113,113
114,114
115,115
116,116
117,117
118,118
119,119
60,60
61,61
62,62
63,63
64,64
65,65
35,66
67,67
76,68
32,69
71,70
71,71
10,72
74,73
83,74
75,75
76,76
77,77
78,78
79,79
80,80
81,81
73,82
83,83
84,84
85,85
86,86
87,87
4,88
89,89
90,90
91,91
48,92
62,93
94,94
95,95
96,96
97,97
98,98
99,99
100,100
101,101
102,102
103,103
104,104
105,105
106,106
107,107
108,108
109,109
110,110
111,111
112,112
113,113
114,114
115,115
116,116
117,117
118,118
119,119
60,60
61,61
62,62
63,63
64,64
65,65
66,66
67,67
68,68
69,69
68,70
68,71
75,72
75,73
74,74
75,75
76,76
77,77
4,78
79,79
93,80
81,81
82,82
81,83
84,84
85,85
86,86
87,87
89,88
89,89
90,90
113,91
92,92
62,93
94,94
95,95
96,96
97,97
98,98
99,99
100,100
101,101
66,102
103,103
104,104
64,105
108,106
107,107
108,108
91,109
110,110
111,111
112,112
113,113
114,114
115,115
116,116
117,117
118,118
119,119
60,60
61,61
62,62
63,63
64,64
65,65
66,66
67,67
68,68
69,69
70,70
68,71
75,72
73,73
74,74
75,75
76,76
77,77
78,78
79,79
80,80
81,81
12,82
83,83
84,84
85,85
86,86
87,87
88,88
89,89
90,90
91,91
92,92
93,93
94,94
95,95
96,96
97,97
98,98
99,99
100,100
101,101
102,102
103,103
66,104
105,105
106,106
107,107
108,108
109,109
110,110
111,111
112,112
113,113
114,114
115,115
116,116
117,117
118,118
119,119
60,60
61,61
62,62
47,63
64,64
65,65
78,66
67,67
68,68
69,69
71,70
30,71
72,72
73,73
75,74
75,75
76,76
77,77
78,78
79,79
80,80
29,81
82,82
72,83
84,84
85,85
86,86
87,87
88,88
90,89
88,90
91,91
92,92
93,93
94,94
95,95
96,96
97,97
98,98
99,99
100,100
101,101
102,102
103,103
104,104
105,105
105,106
107,107
108,108
109,109
110,110
111,111
112,112
113,113
114,114
115,115
116,116
117,117
118,118
119,119
60,60
61,61
62,62
63,63
100,64
65,65
66,66
67,67
68,68
69,69
70,70
71,71
65,72
73,73
74,74
72,75
76,76
77,77
78,78
79,79
80,80
81,81
82,82
73,83
84,84
85,85
13,86
87,87
88,88
89,89
90,90
91,91
92,92
93,93
94,94
95,95
96,96
97,97
98,98
99,99
100,100
101,101
102,102
103,103
104,104
105,105
106,106
107,107
108,108
109,109
110,110
111,111
112,112
113,113
109,114
115,115
116,116
117,117
118,118
119,119
17,60
61,61
62,62
63,63
64,64
65,65
66,66
67,67
53,68
69,69
53,70
70,71
72,72
75,73
74,74
10,75
6,76
77,77
78,78
79,79
80,80
81,81
82,82
83,83
84,84
85,85
86,86
87,87
0,88
88,89
90,90
91,91
22,92
93,93
94,94
95,95
96,96
97,97
98,98
99,99
100,100
101,101
102,102
92,103
66,104
49,105
106,106
107,107
108,108
109,109
110,110
111,111
112,112
113,113
114,114
115,115
116,116
117,117
118,118
119,119
60,60
61,61
62,62
63,63
64,64
65,65
66,66
67,67
76,68
69,69
92,70
71,71
72,72
28,73
74,74
77,75
76,76
73,77
78,78
79,79
80,80
81,81
82,82
83,83
84,84
33,85
86,86
87,87
88,88
89,89
90,90
91,91
21,92
62,93
94,94
95,95
96,96
97,97
98,98
99,99
100,100
101,101
104,102
103,103
104,104
105,105
105,106
107,107
108,108
109,109
110,110
111,111
112,112
113,113
114,114
115,115
116,116
117,117
118,118
119,119
60,60
37,61
62,62
63,63
64,64
93,65
66,66
92,67
68,68
69,69
70,70
71,71
75,72
73,73
74,74
82,75
94,76
65,77
78,78
79,79
80,80
81,81
82,82
83,83
84,84
114,85
86,86
87,87
89,88
89,89
77,90
91,91
92,92
93,93
94,94
76,95
96,96
97,97
98,98
99,99
100,100
101,101
0,102
103,103
104,104
105,105
106,106
107,107
108,108
109,109
110,110
111,111
112,112
113,113
114,114
115,115
116,116
117,117
118,118
119,119
60,60
20,61
62,62
63,63
64,64
65,65
102,66
67,67
76,68
69,69
76,70
71,71
72,72
73,73
74,74
75,75
76,76
77,77
78,78
79,79
80,80
81,81
82,82
83,83
0,84
85,85
86,86
87,87
88,88
89,89
90,90
91,91
52,92
93,93
94,94
95,95
96,96
97,97
98,98
99,99
100,100
101,101
102,102
103,103
104,104
106,105
106,106
107,107
108,108
53,109
110,110
111,111
112,112
113,113
114,114
115,115
116,116
117,117
118,118
119,119
60,60
61,61
62,62
63,63
64,64
65,65
78,66
67,67
68,68
69,69
71,70
70,71
72,72
74,73
90,74
75,75
76,76
83,77
78,78
79,79
80,80
81,81
72,82
29,83
84,84
85,85
86,86
87,87
89,88
89,89
90,90
91,91
92,92
93,93
94,94
95,95
96,96
97,97
98,98
99,99
100,100
101,101
102,102
103,103
104,104
105,105
106,106
107,107
108,108
109,109
110,110
111,111
112,112
113,113
114,114
115,115
116,116
117,117
118,118
119,119
60,60
61,61
62,62
63,63
64,64
65,65
66,66
67,67
68,68
69,69
71,70
70,71
72,72
73,73
74,74
75,75
76,76
77,77
78,78
79,79
80,80
81,81
82,82
83,83
84,84
85,85
86,86
87,87
88,88
89,89
90,90
91,91
92,92
93,93
94,94
95,95
96,96
97,97
98,98
99,99
100,100
101,101
104,102
103,103
104,104
105,105
106,106
107,107
108,108
109,109
110,110
111,111
112,112
113,113
78,114
115,115
116,116
117,117
118,118
119,119
60,60
61,61
62,62
63,63
64,64
65,65
66,66
4,67
92,68
94,69
70,70
70,71
72,72
73,73
74,74
74,75
76,76
77,77
78,78
79,79
80,80
90,81
82,82
81,83
84,84
85,85
86,86
87,87
88,88
89,89
90,90
91,91
92,92
93,93
94,94
95,95
96,96
97,97
98,98
99,99
100,100
101,101
102,102
103,103
102,104
106,105
107,106
107,107
108,108
109,109
110,110
111,111
112,112
113,113
114,114
115,115
116,116
117,117
118,118
119,119
60,60
61,61
62,62
63,63
64,64
65,65
66,66
67,67
68,68
69,69
70,70
70,71
75,72
83,73
74,74
72,75
76,76
77,77
43,78
79,79
80,80
81,81
82,82
73,83
84,84
85,85
86,86
87,87
88,88
89,89
90,90
92,92
80,93
94,94
95,95
96,96
97,97
98,98
99,99
100,100
101,101
102,102
103,103
104,104
105,105
106,106
107,107
108,108
109,109
110,110
111,111
112,112
113,113
114,114
115,115
116,116
117,117
118,118
119,119
60,60
61,61
62,62
63,63
64,64
65,65
95,66
36,67
68,68
69,69
31,70
76,71
10,72
73,73
74,74
29,75
76,76
72,77
78,78
79,79
80,80
81,81
82,82
83,83
84,84
85,85
86,86
87,87
88,88
89,89
90,90
91,91
22,92
93,93
94,94
95,95
96,96
97,97
98,98
99,99
100,100
101,101
102,102
103,103
104,104
106,105
106,106
107,107
108,108
109,109
110,110
111,111
112,112
113,113
53,114
115,115
116,116
117,117
118,118
119,119
60,60
61,61
62,62
63,63
64,64
65,65
66,66
67,67
71,68
69,69
71,70
71,71
72,72
73,73
74,74
75,75
76,76
73,77
78,78
79,79
80,80
81,81
82,82
83,83
84,84
85,85
86,86
87,87
88,88
89,89
90,90
91,91
92,92
93,93
94,94
95,95
96,96
97,97
98,98
99,99
100,100
101,101
102,102
103,103
104,104
105,105
105,106
107,107
108,108
109,109
110,110
111,111
112,112
113,113
114,114
115,115
116,116
117,117
118,118
119,119
64,64
65,65
66,66
67,67
68,68
69,69
76,70
71,71
72,72
75,73
74,74
75,75
76,76
77,77
78,78
79,79
80,80
75,81
82,82
10,83
84,84
85,85
86,86
87,87
88,88
89,89
90,90
91,91
92,92
93,93
94,94
95,95
96,96
97,97
44,98
99,99
100,100
101,101
104,102
103,103
40,104
105,105
106,106
107,107
108,108
109,109
110,110
111,111
112,112
113,113
114,114
115,115
116,116
117,117
118,118
119,119
60,60
61,61
62,62
63,63
64,64
65,65
104,66
67,67
68,68
69,69
71,70
71,71
72,72
73,73
72,74
75,75
76,76
77,77
104,78
79,79
80,80
81,81
82,82
74,83
102,84
85,85
86,86
87,87
88,88
89,89
90,90
91,91
92,92
93,93
94,94
95,95
96,96
97,97
98,98
99,99
100,100
101,101
104,102
103,103
104,104
105,105
106,106
107,107
108,108
109,109
110,110
111,111
112,112
113,113
114,114
115,115
116,116
117,117
118,118
119,119
60,60
61,61
62,62
63,63
64,64
29,65
66,66
24,67
68,68
68,69
70,70
70,71
75,72
73,73
28,74
75,75
76,76
32,77
78,78
79,79
93,80
81,81
24,82
28,83
84,84
85,85
86,86
45,87
88,88
89,89
90,90
15,91
92,92
93,93
94,94
95,95
96,96
97,97
98,98
99,99
100,100
101,101
102,102
103,103
104,104
106,105
107,106
107,107
108,108
109,109
110,110
111,111
112,112
113,113
114,114
115,115
116,116
117,117
118,118
119,119
60,60
61,61
62,62
63,63
64,64
65,65
66,66
67,67
68,68
69,69
70,70
71,71
10,72
73,73
74,74
10,75
76,76
77,77
78,78
79,79
80,80
81,81
81,82
83,83
84,84
85,85
86,86
87,87
88,88
89,89
90,90
91,91
92,92
93,93
94,94
95,95
96,96
97,97
98,98
99,99
100,100
101,101
102,102
103,103
104,104
105,105
106,106
107,107
56,108
109,109
110,110
111,111
112,112
113,113
114,114
115,115
116,116
117,117
118,118
119,119
60,60
61,61
62,62
63,63
64,64
65,65
66,66
19,67
68,68
31,69
71,70
71,71
28,72
73,73
28,74
10,75
76,76
77,77
78,78
79,79
80,80
81,81
82,82
28,83
36,84
29,85
86,86
87,87
88,88
89,89
90,90
91,91
92,92
93,93
94,94
95,95
96,96
97,97
98,98
99,99
13,100
101,101
102,102
97,103
38,104
105,105
106,106
107,107
108,108
109,109
110,110
111,111
112,112
113,113
114,114
115,115
116,116
117,117
118,118
119,119
60,60
61,61
62,62
63,63
64,64
65,65
102,66
20,67
68,68
69,69
71,70
71,71
73,72
73,73
28,74
75,75
76,76
77,77
78,78
79,79
80,80
81,81
82,82
28,83
29,84
29,85
86,86
87,87
88,88
89,89
10,90
91,91
92,92
93,93
94,94
95,95
96,96
97,97
98,98
99,99
100,100
101,101
66,102
64,103
104,104
105,105
109,106
107,107
108,108
109,109
110,110
111,111
112,112
113,113
114,114
115,115
116,116
117,117
118,118
119,119
60,60
61,61
62,62
63,63
64,64
65,65
66,66
67,67
70,68
69,69
70,70
70,71
10,72
73,73
73,74
75,75
31,76
77,77
78,78
79,79
80,80
81,81
82,82
88,83
84,84
81,85
86,86
87,87
88,88
89,89
90,90
21,92
93,93
94,94
39,95
96,96
97,97
35,98
99,99
100,100
101,101
104,102
103,103
84,104
105,105
106,106
107,107
108,108
107,109
110,110
111,111
112,112
113,113
53,114
115,115
116,116
117,117
118,118
119,119
60,60
61,61
62,62
63,63
64,64
65,65
66,66
67,67
70,68
69,69
70,70
70,71
75,72
90,73
75,74
75,75
71,76
77,77
78,78
79,79
90,80
81,81
82,82
83,83
84,84
85,85
86,86
87,87
88,88
89,89
90,90
91,91
92,92
93,93
94,94
95,95
96,96
97,97
99,98
99,99
100,100
101,101
76,102
103,103
66,104
105,105
106,106
116,107
51,108
114,109
110,110
111,111
112,112
113,113
114,114
115,115
116,116
117,117
118,118
119,119
60,60
61,61
62,62
63,63
64,64
65,65
66,66
67,67
30,68
69,69
70,70
70,71
29,72
73,73
35,74
75,75
76,76
32,77
78,78
79,79
80,80
90,81
82,82
73,83
84,84
33,85
86,86
87,87
88,88
89,89
90,90
91,91
92,92
93,93
94,94
95,95
96,96
97,97
98,98
99,99
100,100
101,101
102,102
94,103
35,104
105,105
106,106
107,107
108,108
109,109
110,110
111,111
112,112
113,113
109,114
115,115
116,116
117,117
118,118
119,119
60,60
61,61
62,62
63,63
64,64
65,65
66,66
67,67
68,68
69,69
71,70
70,71
75,72
73,73
74,74
75,75
76,76
77,77
78,78
79,79
80,80
82,81
82,82
73,83
84,84
82,85
86,86
87,87
88,88
89,89
90,90
91,91
76,92
62,93
94,94
95,95
96,96
97,97
98,98
99,99
100,100
101,101
102,102
103,103
104,104
105,105
105,106
107,107
108,108
109,109
110,110
111,111
112,112
113,113
114,114
115,115
116,116
117,117
118,118
105,119
62,62
63,63
64,64
65,65
66,66
67,67
71,68
69,69
68,70
30,71
72,72
73,73
28,74
28,75
76,76
83,77
78,78
79,79
93,80
81,81
82,82
83,83
84,84
85,85
86,86
87,87
54,88
88,89
90,90
91,91
92,92
93,93
92,94
95,95
96,96
97,97
98,98
99,99
100,100
101,101
102,102
103,103
104,104
105,105
106,106
107,107
108,108
109,109
110,110
111,111
112,112
113,113
109,114
115,115
116,116
117,117
118,118
119,119
60,60
61,61
62,62
76,63
68,64
12,65
68,66
67,67
68,68
69,69
70,70
70,71
32,72
73,73
74,74
75,75
76,76
77,77
78,78
79,79
64,80
81,81
10,82
83,83
84,84
85,85
86,86
87,87
88,88
89,89
90,90
91,91
92,92
93,93
94,94
95,95
96,96
97,97
98,98
99,99
100,100
101,101
102,102
103,103
104,104
105,105
105,106
107,107
108,108
109,109
110,110
111,111
112,112
113,113
114,114
115,115
107,116
117,117
118,118
119,119
60,60
60,61
62,62
63,63
82,64
65,65
104,66
67,67
68,68
69,69
70,70
68,71
72,72
73,73
74,74
29,75
76,76
77,77
82,78
79,79
80,80
81,81
82,82
83,83
84,84
85,85
86,86
87,87
89,88
89,89
90,90
91,91
92,92
93,93
94,94
95,95
96,96
97,97
98,98
99,99
100,100
101,101
102,102
103,103
104,104
35,105
106,106
107,107
108,108
28,109
110,110
111,111
112,112
113,113
114,114
115,115
116,116
117,117
118,118
119,119
60,60
61,61
62,62
63,63
64,64
65,65
102,66
67,67
70,68
69,69
70,70
71,71
75,72
73,73
74,74
75,75
76,76
77,77
78,78
79,79
80,80
81,81
82,82
83,83
84,84
85,85
86,86
87,87
88,88
89,89
90,90
91,91
92,92
93,93
94,94
95,95
96,96
97,97
98,98
99,99
100,100
101,101
102,102
103,103
104,104
106,105
55,106
107,107
108,108
114,109
110,110
111,111
112,112
113,113
114,114
115,115
116,116
117,117
118,118
119,119
61,61
62,62
63,63
64,64
65,65
104,66
67,67
68,68
69,69
68,70
68,71
72,72
73,73
72,74
72,75
76,76
77,77
78,78
79,79
80,80
81,81
82,82
73,83
84,84
82,85
86,86
87,87
88,88
89,89
90,90
91,91
92,92
93,93
94,94
109,95
96,96
97,97
98,98
99,99
100,100
101,101
116,102
103,103
104,104
105,105
106,106
107,107
108,108
109,109
110,110
111,111
112,112
113,113
114,114
115,115
116,116
117,117
118,118
52,119
60,60
61,61
62,62
63,63
64,64
65,65
66,66
67,67
76,68
69,69
71,70
70,71
10,72
76,73
74,74
72,75
76,76
77,77
78,78
79,79
80,80
81,81
82,82
83,83
84,84
83,85
86,86
87,87
89,88
89,89
90,90
118,91
92,92
62,93
94,94
95,95
96,96
97,97
98,98
99,99
100,100
101,101
102,102
103,103
104,104
105,105
105,106
107,107
108,108
109,109
110,110
111,111
112,112
113,113
114,114
115,115
116,116
117,117
118,118
119,119
60,60
61,61
62,62
63,63
64,64
65,65
66,66
67,67
68,68
69,69
70,70
68,71
75,72
73,73
74,74
75,75
76,76
77,77
78,78
79,79
93,80
81,81
82,82
83,83
84,84
85,85
86,86
87,87
88,88
89,89
90,90
91,91
92,92
93,93
94,94
95,95
96,96
97,97
98,98
99,99
100,100
101,101
102,102
103,103
104,104
64,105
42,106
107,107
108,108
91,109
110,110
111,111
112,112
113,113
80,114
115,115
116,116
117,117
118,118
119,119
60,60
61,61
62,62
4,63
64,64
65,65
92,66
67,67
70,68
69,69
70,70
68,71
75,72
73,73
83,74
72,75
93,76
81,77
78,78
79,79
80,80
81,81
81,82
83,83
84,84
85,85
86,86
87,87
88,88
88,89
89,90
91,91
92,92
93,93
94,94
95,95
96,96
97,97
98,98
99,99
100,100
101,101
102,102
103,103
102,104
106,105
105,106
107,107
108,108
109,109
110,110
111,111
112,112
113,113
114,114
115,115
116,116
117,117
118,118
119,119
60,60
61,61
62,62
63,63
64,64
65,65
66,66
67,67
68,68
69,69
70,70
30,71
90,72
73,73
72,74
75,75
76,76
77,77
78,78
79,79
80,80
81,81
33,82
83,83
84,84
85,85
86,86
87,87
88,88
89,89
88,90
91,91
92,92
93,93
103,94
95,95
96,96
97,97
98,98
99,99
100,100
101,101
102,102
103,103
104,104
49,105
105,106
107,107
105,108
109,109
110,110
111,111
112,112
113,113
114,114
115,115
48,116
55,117
118,118
119,119
60,60
61,61
62,62
63,63
64,64
65,65
66,66
67,67
68,68
69,69
71,70
71,71
75,72
82,73
73,74
88,75
76,76
74,77
78,78
79,79
80,80
81,81
82,82
83,83
84,84
85,85
86,86
87,87
4,88
89,89
90,90
91,91
92,92
93,93
71,94
46,95
96,96
97,97
98,98
99,99
100,100
101,101
102,102
103,103
104,104
105,105
106,106
107,107
108,108
109,109
110,110
111,111
112,112
113,113
109,114
115,115
116,116
117,117
118,118
119,119
60,60
61,61
62,62
63,63
64,64
65,65
66,66
67,67
76,68
69,69
92,70
92,71
72,72
12,73
74,74
10,75
76,76
77,77
78,78
79,79
80,80
81,81
82,82
83,83
84,84
33,85
86,86
87,87
88,88
89,89
1,90
91,91
92,92
93,93
94,94
95,95
96,96
97,97
98,98
99,99
100,100
101,101
102,102
103,103
66,104
49,105
109,106
107,107
108,108
109,109
110,110
111,111
112,112
113,113
114,114
115,115
116,116
117,117
118,118
119,119
60,60
61,61
62,62
63,63
64,64
65,65
66,66
92,67
76,68
69,69
37,70
94,71
74,72
77,73
77,74
75,75
76,76
74,77
78,78
79,79
80,80
82,81
82,82
83,83
84,84
33,85
86,86
38,87
88,88
89,89
90,90
91,91
92,92
62,93
94,94
95,95
96,96
97,97
98,98
99,99
100,100
101,101
92,102
103,103
43,104
106,105
109,106
107,107
108,108
109,109
110,110
111,111
112,112
113,113
109,114
115,115
116,116
117,117
118,118
119,119
60,60
61,61
62,62
63,63
64,64
65,65
66,66
102,67
71,68
69,69
70,70
76,71
72,72
83,73
74,74
75,75
71,76
33,77
78,78
79,79
80,80
81,81
82,82
83,83
62,84
77,85
86,86
87,87
88,88
89,89
77,90
91,91
92,92
93,93
94,94
95,95
96,96
97,97
98,98
99,99
100,100
101,101
0,102
103,103
104,104
105,105
106,106
107,107
108,108
109,109
119,110
111,111
112,112
113,113
114,114
115,115
116,116
55,117
118,118
119,119
60,60
61,61
62,62
63,63
64,64
65,65
102,66
67,67
71,68
93,69
101,70
70,71
83,72
74,73
72,74
75,75
71,76
77,77
78,78
79,79
80,80
81,81
82,82
72,83
84,84
103,85
87,87
88,88
89,89
90,90
91,91
21,92
94,93
103,94
95,95
96,96
97,97
98,98
99,99
100,100
101,101
102,102
103,103
66,104
107,105
109,106
107,107
108,108
109,109
110,110
111,111
112,112
113,113
114,114
115,115
116,116
117,117
118,118
119,119
60,60
61,61
62,62
63,63
64,64
65,65
66,66
67,67
68,68
69,69
70,70
70,71
75,72
73,73
74,74
75,75
76,76
85,77
78,78
79,79
80,80
81,81
82,82
83,83
84,84
85,85
86,86
87,87
89,88
89,89
90,90
91,91
92,92
93,93
94,94
95,95
96,96
97,97
98,98
99,99
100,100
101,101
102,102
103,103
104,104
105,105
106,106
107,107
108,108
109,109
110,110
111,111
112,112
113,113
114,114
115,115
116,116
117,117
118,118
119,119
60,60
61,61
62,62
63,63
64,64
65,65
66,66
80,67
68,68
69,69
71,70
71,71
72,72
73,73
74,74
75,75
71,76
77,77
78,78
79,79
80,80
81,81
82,82
83,83
84,84
85,85
86,86
87,87
88,88
88,89
90,90
91,91
102,92
93,93
94,94
95,95
96,96
97,97
98,98
99,99
100,100
101,101
102,102
103,103
104,104
106,105
106,106
107,107
108,108
109,109
110,110
111,111
112,112
113,113
114,114
115,115
116,116
55,117
118,118
119,119
60,60
61,61
62,62
63,63
64,64
65,65
66,66
67,67
68,68
69,69
70,70
71,71
75,72
73,73
74,74
74,75
76,76
77,77
78,78
79,79
80,80
81,81
82,82
83,83
84,84
73,85
86,86
87,87
88,88
89,89
90,90
91,91
92,92
93,93
94,94
95,95
96,96
97,97
98,98
99,99
100,100
101,101
102,102
103,103
104,104
106,105
107,106
107,107
108,108
109,109
110,110
111,111
112,112
113,113
114,114
115,115
93,116
117,117
118,118
119,119
60,60
67,61
62,62
63,63
64,64
65,65
66,66
76,67
68,68
92,69
69,70
70,71
72,72
75,73
74,74
74,75
68,76
77,77
116,78
79,79
80,80
82,81
82,82
83,83
84,84
85,85
86,86
87,87
88,88
89,89
90,90
91,91
94,92
80,93
94,94
95,95
96,96
97,97
98,98
99,99
100,100
101,101
102,102
103,103
102,104
106,105
106,106
107,107
108,108
109,109
110,110
111,111
112,112
91,113
114,114
115,115
116,116
117,117
118,118
119,119
60,60
61,61
62,62
63,63
64,64
65,65
66,66
67,67
68,68
48,69
76,70
71,71
75,72
73,73
74,74
72,75
76,76
10,77
27,78
79,79
80,80
81,81
82,82
83,83
84,84
85,85
86,86
87,87
88,88
89,89
90,90
91,91
22,92
93,93
94,94
95,95
96,96
97,97
98,98
99,99
100,100
101,101
102,102
103,103
104,104
74,105
106,106
107,107
108,108
109,109
110,110
111,111
112,112
113,113
114,114
115,115
116,116
117,117
118,118
119,119
70,60
61,61
62,62
63,63
64,64
65,65
104,66
3,67
30,68
68,69
71,70
37,71
10,72
28,73
28,74
10,75
48,76
77,77
78,78
79,79
80,80
81,81
82,82
83,83
84,84
82,85
86,86
14,87
88,88
89,89
90,90
91,91
35,92
93,93
94,94
95,95
96,96
97,97
98,98
99,99
100,100
101,101
102,102
103,103
37,104
105,105
105,106
107,107
108,108
109,109
110,110
111,111
112,112
113,113
53,114
115,115
116,116
117,117
118,118
119,119
60,60
61,61
62,62
63,63
64,64
65,65
66,66
67,67
68,68
69,69
76,70
71,71
72,72
12,73
74,74
75,75
76,76
77,77
78,78
79,79
80,80
81,81
82,82
83,83
84,84
85,85
86,86
87,87
88,88
89,89
90,90
91,91
92,92
93,93
94,94
95,95
96,96
97,97
63,98
99,99
100,100
101,101
104,102
103,103
104,104
105,105
105,106
107,107
108,108
109,109
110,110
111,111
112,112
113,113
114,114
115,115
116,116
117,117
118,118
119,119
60,60
61,61
62,62
63,63
64,64
65,65
110,66
18,67
76,68
69,69
71,70
71,71
72,72
35,73
28,74
28,75
92,76
73,77
4,78
79,79
80,80
90,81
82,82
74,83
66,84
85,85
86,86
64,87
89,88
88,89
90,90
91,91
22,92
93,93
94,94
95,95
96,96
97,97
4,98
99,99
100,100
101,101
104,102
103,103
104,104
105,105
106,106
107,107
108,108
109,109
110,110
111,111
112,112
113,113
114,114
115,115
116,116
117,117
118,118
119,119
60,60
61,61
62,62
63,63
64,64
65,65
66,66
67,67
68,68
68,69
71,70
70,71
29,72
73,73
10,74
10,75
76,76
32,77
78,78
79,79
62,80
81,81
83,82
28,83
84,84
85,85
86,86
103,87
88,88
89,89
90,90
91,91
92,92
93,93
94,94
95,95
96,96
97,97
98,98
99,99
100,100
101,101
102,102
103,103
104,104
105,105
105,106
107,107
108,108
109,109
110,110
111,111
112,112
113,113
114,114
59,115
116,116
117,117
118,118
119,119
61,61
62,62
63,63
108,64
65,65
66,66
67,67
68,68
69,69
70,70
92,71
72,72
24,73
28,74
10,75
76,76
77,77
78,78
79,79
80,80
81,81
82,82
83,83
84,84
85,85
13,86
87,87
88,88
89,89
90,90
91,91
45,92
93,93
94,94
95,95
96,96
97,97
98,98
99,99
100,100
101,101
102,102
103,103
4,104
106,105
105,106
107,107
56,108
109,109
110,110
111,111
112,112
113,113
114,114
115,115
116,116
117,117
118,118
119,119
60,60
61,61
62,62
63,63
64,64
65,65
66,66
35,67
68,68
31,69
71,70
71,71
90,72
73,73
28,74
11,75
76,76
77,77
78,78
79,79
80,80
81,81
82,82
83,83
36,84
85,85
86,86
87,87
88,88
89,89
10,90
91,91
92,92
93,93
94,94
95,95
96,96
97,97
98,98
99,99
13,100
101,101
102,102
13,103
40,104
105,105
106,106
107,107
108,108
109,109
110,110
111,111
112,112
113,113
114,114
115,115
116,116
117,117
118,118
119,119
60,60
61,61
62,62
63,63
105,64
55,65
48,66
67,67
0,68
37,69
37,70
53,71
10,72
28,73
28,74
72,75
32,76
72,77
78,78
79,79
80,80
10,81
82,82
28,83
84,84
28,85
86,86
14,87
88,88
89,89
10,90
91,91
92,92
93,93
94,94
95,95
96,96
97,97
98,98
99,99
100,100
101,101
102,102
41,103
40,104
105,105
109,106
108,107
117,108
53,109
110,110
111,111
112,112
113,113
109,114
115,115
116,116
117,117
118,118
119,119
60,60
61,61
62,62
63,63
64,64
65,65
66,66
3,67
70,68
69,69
71,70
71,71
75,72
73,73
74,74
29,75
76,76
77,77
78,78
79,79
104,80
81,81
82,82
83,83
84,84
85,85
86,86
87,87
88,88
89,89
90,90
91,91
92,92
93,93
94,94
39,95
96,96
97,97
25,98
99,99
100,100
101,101
102,102
103,103
104,104
105,105
106,106
107,107
56,108
107,109
110,110
111,111
112,112
113,113
114,114
115,115
116,116
117,117
118,118
119,119
62,62
63,63
65,64
65,65
22,66
22,67
68,68
37,69
70,70
71,71
73,72
102,73
84,74
29,75
37,76
0,77
78,78
79,79
30,80
82,81
82,82
83,83
1,84
73,85
13,86
14,87
88,88
89,89
12,90
13,91
30,92
93,93
92,94
95,95
96,96
97,97
93,98
115,99
100,100
93,101
102,102
103,103
35,104
105,105
109,106
116,107
117,108
114,109
105,110
111,111
112,112
113,113
114,114
115,115
116,116
117,117
118,118
119,119
60,60
61,61
62,62
63,63
64,64
65,65
66,66
67,67
53,68
69,69
70,70
70,71
72,72
83,73
72,74
75,75
76,76
77,77
78,78
79,79
80,80
81,81
82,82
73,83
84,84
85,85
86,86
87,87
88,88
89,89
90,90
91,91
92,92
93,93
94,94
95,95
96,96
97,97
98,98
99,99
100,100
101,101
102,102
103,103
104,104
106,105
106,106
107,107
108,108
109,109
110,110
111,111
112,112
113,113
114,114
115,115
116,116
117,117
118,118
119,119
60,60
61,61
67,62
63,63
64,64
65,65
66,66
67,67
76,68
69,69
92,70
71,71
72,72
73,73
28,74
75,75
76,76
73,77
78,78
79,79
80,80
90,81
82,82
74,83
84,84
85,85
86,86
87,87
88,88
89,89
90,90
91,91
76,92
93,93
94,94
95,95
96,96
97,97
98,98
99,99
100,100
101,101
76,102
103,103
104,104
105,105
105,106
107,107
108,108
109,109
110,110
111,111
112,112
113,113
114,114
115,115
116,116
117,117
118,118
119,119
60,60
61,61
62,62
63,63
64,64
65,65
66,66
67,67
71,68
69,69
68,70
30,71
72,72
73,73
74,74
75,75
76,76
77,77
78,78
79,79
67,80
10,81
82,82
83,83
84,84
85,85
86,86
87,87
88,88
89,89
90,90
91,91
92,92
0,93
94,94
95,95
96,96
97,97
98,98
99,99
100,100
101,101
102,102
103,103
43,104
105,105
106,106
107,107
108,108
109,109
110,110
111,111
112,112
113,113
114,114
115,115
116,116
117,117
118,118
119,119
31,60
61,61
62,62
63,63
69,64
12,65
66,66
3,67
71,68
69,69
70,70
71,71
10,72
30,73
83,74
28,75
76,76
32,77
70,78
79,79
62,80
77,81
82,82
33,83
84,84
33,85
86,86
87,87
56,88
89,89
90,90
91,91
21,92
20,93
62,94
82,95
96,96
97,97
98,98
99,99
100,100
101,101
102,102
103,103
110,104
51,105
109,106
107,107
117,108
109,109
110,110
111,111
112,112
113,113
114,114
115,115
107,116
117,117
118,118
119,119
60,60
61,61
62,62
63,63
64,64
65,65
66,66
67,67
68,68
69,69
70,70
70,71
72,72
73,73
74,74
75,75
76,76
85,77
84,78
79,79
80,80
81,81
82,82
83,83
84,84
85,85
86,86
87,87
90,88
89,89
90,90
91,91
92,92
93,93
94,94
95,95
96,96
97,97
98,98
99,99
100,100
101,101
102,102
103,103
104,104
106,105
114,106
107,107
108,108
109,109
110,110
112,111
112,112
113,113
114,114
115,115
116,116
117,117
118,118
119,119
60,60
61,61
62,62
63,63
64,64
65,65
102,66
67,67
71,68
69,69
70,70
69,71
75,72
73,73
74,74
75,75
76,76
77,77
78,78
79,79
102,80
81,81
82,82
83,83
84,84
85,85
86,86
87,87
88,88
89,89
90,90
91,91
92,92
93,93
94,94
102,95
96,96
97,97
98,98
99,99
100,100
101,101
102,102
103,103
104,104
105,105
105,106
107,107
108,108
109,109
110,110
111,111
112,112
113,113
114,114
115,115
91,116
117,117
118,118
119,119
60,60
61,61
62,62
63,63
64,64
65,65
66,66
67,67
68,68
69,69
68,70
71,71
10,72
77,73
73,74
10,75
76,76
77,77
78,78
79,79
80,80
82,81
82,82
83,83
84,84
82,85
86,86
87,87
88,88
89,89
90,90
91,91
92,92
93,93
94,94
95,95
96,96
97,97
98,98
99,99
100,100
101,101
66,102
103,103
104,104
105,105
106,106
107,107
108,108
114,109
110,110
111,111
112,112
113,113
114,114
115,115
116,116
117,117
118,118
119,119
62,62
63,63
64,64
4,65
104,66
102,67
68,68
69,69
70,70
71,71
83,72
77,73
72,74
73,75
9,76
77,77
78,78
79,79
114,80
81,81
82,82
83,83
84,84
85,85
86,86
87,87
88,88
89,89
12,90
91,91
37,92
93,93
94,94
95,95
96,96
97,97
98,98
99,99
100,100
101,101
76,102
103,103
104,104
106,105
106,106
107,107
108,108
106,109
110,110
111,111
112,112
113,113
114,114
115,115
116,116
117,117
118,118
119,119
60,60
61,61
62,62
63,63
64,64
65,65
66,66
67,67
68,68
69,69
70,70
68,71
75,72
73,73
74,74
75,75
76,76
77,77
78,78
79,79
93,80
81,81
85,82
85,83
84,84
85,85
86,86
87,87
88,88
89,89
90,90
91,91
92,92
93,93
94,94
95,95
96,96
97,97
98,98
99,99
100,100
101,101
104,102
103,103
104,104
105,105
106,106
107,107
108,108
109,109
110,110
111,111
112,112
113,113
114,114
115,115
116,116
117,117
118,118
119,119
60,60
61,61
62,62
63,63
64,64
65,65
66,66
67,67
68,68
69,69
71,70
68,71
75,72
73,73
83,74
73,75
76,76
77,77
78,78
79,79
80,80
81,81
82,82
83,83
84,84
85,85
86,86
87,87
88,88
89,89
90,90
91,91
92,92
93,93
94,94
95,95
96,96
97,97
98,98
99,99
100,100
101,101
102,102
103,103
104,104
105,105
106,106
107,107
108,108
109,109
110,110
111,111
112,112
113,113
114,114
115,115
116,116
117,117
118,118
119,119
60,60
61,61
62,62
63,63
64,64
65,65
66,66
67,67
68,68
69,69
70,70
70,71
72,72
73,73
92,74
85,75
76,76
74,77
78,78
79,79
92,80
11,81
68,82
83,83
84,84
32,85
13,86
87,87
88,88
89,89
90,90
91,91
92,92
93,93
94,94
95,95
96,96
97,97
98,98
99,99
100,100
101,101
102,102
103,103
104,104
105,105
105,106
107,107
108,108
109,109
110,110
111,111
112,112
113,113
114,114
115,115
116,116
117,117
118,118
119,119
60,60
61,61
62,62
63,63
64,64
65,65
102,66
67,67
71,68
69,69
70,70
70,71
72,72
73,73
74,74
72,75
68,76
90,77
78,78
79,79
80,80
81,81
33,82
73,83
84,84
85,85
86,86
87,87
88,88
89,89
90,90
91,91
70,92
80,93
94,94
95,95
96,96
97,97
98,98
99,99
100,100
101,101
102,102
103,103
104,104
106,105
106,106
107,107
108,108
109,109
110,110
111,111
112,112
113,113
114,114
115,115
116,116
117,117
118,118
119,119
60,60
61,61
62,62
63,63
64,64
65,65
102,66
18,67
68,68
69,69
70,70
109,71
90,72
73,73
74,74
75,75
76,76
77,77
78,78
79,79
80,80
81,81
82,82
83,83
84,84
82,85
86,86
87,87
89,88
89,89
90,90
91,91
92,92
93,93
94,94
95,95
96,96
97,97
98,98
99,99
100,100
101,101
104,102
103,103
66,104
105,105
106,106
107,107
108,108
109,109
110,110
111,111
112,112
113,113
114,114
115,115
116,116
117,117
118,118
119,119
60,60
61,61
62,62
63,63
64,64
65,65
66,66
67,67
68,68
69,69
71,70
71,71
72,72
73,73
75,74
81,75
76,76
83,77
78,78
79,79
80,80
81,81
90,82
83,83
84,84
85,85
86,86
87,87
88,88
89,89
12,90
91,91
92,92
93,93
94,94
88,95
96,96
97,97
44,98
99,99
100,100
101,101
102,102
103,103
43,104
105,105
106,106
107,107
108,108
109,109
110,110
111,111
112,112
113,113
114,114
115,115
116,116
117,117
118,118
119,119
60,60
61,61
62,62
63,63
64,64
65,65
66,66
67,67
68,68
69,69
70,70
71,71
75,72
73,73
74,74
75,75
76,76
1,77
78,78
79,79
80,80
81,81
82,82
73,83
84,84
85,85
86,86
87,87
88,88
89,89
90,90
91,91
92,92
93,93
94,94
95,95
96,96
97,97
98,98
99,99
100,100
101,101
102,102
103,103
104,104
105,105
106,106
107,107
108,108
85,109
109,110
111,111
112,112
113,113
114,114
115,115
116,116
117,117
118,118
119,119
60,60
61,61
62,62
63,63
64,64
65,65
66,66
67,67
68,68
69,69
71,70
71,71
72,72
73,73
74,74
11,75
76,76
77,77
78,78
79,79
80,80
81,81
82,82
83,83
84,84
85,85
86,86
87,87
89,88
89,89
90,90
92,92
93,93
94,94
95,95
96,96
97,97
98,98
99,99
100,100
101,101
84,102
103,103
104,104
105,105
106,106
107,107
108,108
109,109
110,110
111,111
112,112
113,113
114,114
115,115
116,116
117,117
118,118
119,119
60,60
61,61
62,62
63,63
64,64
65,65
66,66
67,67
68,68
69,69
70,70
71,71
75,72
73,73
74,74
75,75
76,76
77,77
78,78
79,79
80,80
81,81
82,82
83,83
84,84
85,85
86,86
87,87
88,88
89,89
90,90
91,91
92,92
93,93
94,94
95,95
96,96
97,97
98,98
99,99
100,100
101,101
102,102
103,103
104,104
105,105
106,106
107,107
108,108
109,109
110,110
111,111
112,112
113,113
114,114
115,115
116,116
117,117
118,118
119,119
60,60
61,61
62,62
63,63
64,64
65,65
66,66
67,67
68,68
69,69
70,70
71,71
74,72
83,73
74,74
75,75
76,76
77,77
104,78
79,79
80,80
81,81
82,82
73,83
84,84
85,85
86,86
87,87
88,88
89,89
90,90
92,92
93,93
94,94
95,95
96,96
97,97
98,98
99,99
100,100
101,101
68,102
103,103
104,104
105,105
116,106
107,107
108,108
109,109
110,110
111,111
112,112
113,113
114,114
115,115
66,116
117,117
118,118
119,119
60,60
61,61
62,62
63,63
64,64
65,65
66,66
67,67
68,68
69,69
70,70
76,71
73,73
74,74
75,75
76,76
77,77
78,78
79,79
80,80
81,81
82,82
83,83
84,84
85,85
86,86
87,87
88,88
89,89
90,90
91,91
92,92
93,93
94,94
95,95
96,96
97,97
98,98
99,99
100,100
101,101
102,102
103,103
104,104
105,105
106,106
107,107
108,108
109,109
110,110
111,111
112,112
91,113
114,114
115,115
116,116
117,117
118,118
119,119
60,60
61,61
62,62
63,63
64,64
65,65
104,66
67,67
68,68
69,69
70,70
68,71
72,72
73,73
74,74
72,75
76,76
83,77
78,78
79,79
80,80
81,81
82,82
83,83
84,84
85,85
86,86
87,87
88,88
89,89
90,90
91,91
92,92
93,93
94,94
95,95
96,96
97,97
98,98
99,99
100,100
101,101
104,102
103,103
104,104
105,105
106,106
107,107
108,108
109,109
110,110
111,111
112,112
113,113
114,114
115,115
116,116
117,117
118,118
119,119
60,60
61,61
62,62
63,63
64,64
65,65
66,66
67,67
68,68
69,69
71,70
71,71
29,72
73,73
74,74
75,75
76,76
77,77
78,78
79,79
80,80
81,81
82,82
73,83
84,84
85,85
86,86
87,87
88,88
89,89
90,90
91,91
92,92
93,93
94,94
95,95
96,96
97,97
98,98
99,99
100,100
101,101
102,102
103,103
104,104
105,105
106,106
107,107
108,108
109,109
110,110
111,111
112,112
113,113
114,114
115,115
116,116
117,117
118,118
119,119
17,60
61,61
62,62
63,63
64,64
65,65
66,66
67,67
71,68
69,69
68,70
71,71
29,72
73,73
73,74
29,75
76,76
77,77
88,78
79,79
80,80
81,81
82,82
83,83
84,84
85,85
13,86
87,87
88,88
89,89
88,90
91,91
92,92
64,93
94,94
95,95
96,96
97,97
98,98
99,99
100,100
101,101
102,102
103,103
104,104
105,105
107,106
107,107
108,108
109,109
110,110
111,111
117,112
113,113
114,114
115,115
116,116
117,117
118,118
119,119
60,60
61,61
62,62
63,63
64,64
65,65
66,66
67,67
30,68
69,69
70,70
70,71
75,72
83,73
74,74
75,75
76,76
77,77
78,78
79,79
80,80
81,81
82,82
83,83
84,84
85,85
86,86
87,87
88,88
89,89
90,90
91,91
92,92
93,93
94,94
95,95
96,96
97,97
98,98
99,99
100,100
101,101
102,102
103,103
104,104
106,105
106,106
107,107
108,108
109,109
110,110
111,111
112,112
118,113
109,114
115,115
116,116
117,117
113,118
119,119
60,60
61,61
62,62
63,63
64,64
65,65
66,66
67,67
68,68
69,69
68,70
71,71
72,72
73,73
74,74
72,75
76,76
77,77
78,78
79,79
80,80
81,81
82,82
83,83
84,84
85,85
86,86
87,87
88,88
89,89
90,90
91,91
92,92
93,93
94,94
95,95
96,96
97,97
98,98
99,99
100,100
99,101
102,102
103,103
66,104
105,105
106,106
107,107
108,108
109,109
110,110
111,111
112,112
113,113
102,114
118,115
116,116
117,117
118,118
119,119
69,60
69,61
62,62
63,63
64,64
65,65
64,66
67,67
30,68
69,69
66,70
70,71
75,72
73,73
74,74
75,75
76,76
77,77
78,78
79,79
80,80
81,81
82,82
83,83
84,84
85,85
86,86
87,87
88,88
89,89
85,90
91,91
92,92
71,93
94,94
95,95
96,96
97,97
98,98
99,99
100,100
101,101
102,102
103,103
104,104
105,105
106,106
107,107
108,108
109,109
110,110
111,111
112,112
113,113
114,114
115,115
116,116
117,117
118,118
119,119
60,60
61,61
62,62
63,63
64,64
65,65
66,66
67,67
68,68
69,69
95,70
70,71
75,72
81,73
74,74
75,75
94,76
77,77
78,78
79,79
80,80
81,81
82,82
73,83
84,84
85,85
86,86
87,87
88,88
89,89
90,90
91,91
92,92
93,93
94,94
95,95
96,96
97,97
98,98
99,99
100,100
101,101
102,102
103,103
104,104
105,105
106,106
107,107
108,108
109,109
110,110
111,111
112,112
113,113
114,114
115,115
116,116
117,117
118,118
119,119
60,60
61,61
62,62
63,63
64,64
65,65
66,66
67,67
68,68
69,69
70,70
70,71
72,72
73,73
74,74
75,75
76,76
77,77
78,78
79,79
80,80
81,81
82,82
83,83
84,84
85,85
86,86
87,87
88,88
89,89
90,90
91,91
111,92
93,93
94,94
95,95
96,96
97,97
98,98
99,99
100,100
101,101
102,102
103,103
102,104
105,105
106,106
107,107
108,108
109,109
110,110
111,111
112,112
113,113
114,114
115,115
116,116
117,117
118,118
119,119
67,60
61,61
62,62
63,63
64,64
65,65
66,66
67,67
68,68
69,69
70,70
70,71
10,72
73,73
74,74
75,75
76,76
77,77
78,78
79,79
80,80
81,81
88,82
83,83
84,84
85,85
86,86
87,87
88,88
89,89
90,90
91,91
92,92
93,93
94,94
95,95
96,96
97,97
98,98
99,99
100,100
101,101
102,102
103,103
104,104
105,105
105,106
107,107
108,108
109,109
110,110
111,111
112,112
113,113
114,114
59,115
116,116
117,117
118,118
119,119
60,60
61,61
62,62
63,63
92,64
65,65
66,66
67,67
68,68
69,69
70,70
68,71
72,72
73,73
74,74
75,75
76,76
12,77
78,78
79,79
80,80
81,81
31,82
77,83
84,84
85,85
86,86
87,87
12,88
86,89
81,90
91,91
92,92
93,93
94,94
95,95
96,96
97,97
98,98
99,99
100,100
101,101
102,102
103,103
102,104
105,105
106,106
107,107
108,108
109,109
110,110
111,111
112,112
113,113
114,114
115,115
116,116
117,117
118,118
119,119
60,60
61,61
62,62
63,63
64,64
65,65
66,66
67,67
68,68
69,69
71,70
68,71
72,72
81,73
74,74
72,75
76,76
82,77
114,78
79,79
93,80
72,81
86,82
83,83
84,84
85,85
86,86
87,87
90,88
89,89
12,90
91,91
92,92
93,93
94,94
95,95
96,96
97,97
98,98
99,99
100,100
101,101
102,102
103,103
104,104
105,105
106,106
107,107
108,108
109,109
110,110
111,111
112,112
113,113
114,114
59,115
116,116
117,117
118,118
119,119
60,60
61,61
62,62
63,63
64,64
65,65
66,66
67,67
68,68
69,69
70,70
71,71
72,72
73,73
74,74
10,75
76,76
77,77
78,78
79,79
80,80
81,81
82,82
83,83
84,84
85,85
86,86
87,87
88,88
89,89
90,90
91,91
92,92
93,93
94,94
95,95
96,96
97,97
98,98
99,99
100,100
101,101
102,102
103,103
104,104
105,105
106,106
107,107
108,108
109,109
110,110
111,111
112,112
113,113
114,114
115,115
116,116
117,117
118,118
119,119
60,60
61,61
62,62
63,63
64,64
65,65
66,66
67,67
68,68
69,69
70,70
68,71
73,72
73,73
74,74
90,75
76,76
77,77
78,78
79,79
64,80
81,81
82,82
28,83
84,84
85,85
86,86
87,87
88,88
89,89
90,90
91,91
92,92
93,93
94,94
95,95
96,96
97,97
98,98
99,99
100,100
101,101
102,102
103,103
104,104
106,105
106,106
118,107
108,108
109,109
110,110
111,111
112,112
113,113
114,114
115,115
116,116
117,117
118,118
119,119
60,60
61,61
62,62
63,63
64,64
65,65
66,66
67,67
71,68
69,69
70,70
71,71
75,72
73,73
74,74
75,75
76,76
77,77
78,78
79,79
80,80
72,81
82,82
83,83
84,84
85,85
86,86
87,87
88,88
89,89
90,90
91,91
92,92
93,93
94,94
95,95
96,96
97,97
98,98
99,99
100,100
101,101
102,102
103,103
104,104
105,105
106,106
107,107
108,108
109,109
110,110
111,111
112,112
113,113
114,114
115,115
116,116
117,117
118,118
119,119
60,60
61,61
62,62
63,63
64,64
65,65
66,66
67,67
68,68
69,69
70,70
71,71
72,72
73,73
74,74
72,75
76,76
77,77
104,78
79,79
80,80
81,81
74,82
83,83
84,84
85,85
86,86
87,87
88,88
89,89
90,90
63,91
92,92
93,93
94,94
95,95
96,96
97,97
98,98
99,99
100,100
101,101
102,102
103,103
104,104
106,105
105,106
107,107
108,108
106,109
110,110
111,111
112,112
113,113
114,114
115,115
116,116
117,117
118,118
119,119
60,60
61,61
16,63
76,64
65,65
104,66
3,67
71,68
69,69
71,70
71,71
11,72
28,73
11,74
10,75
61,76
10,77
78,78
79,79
80,80
75,81
11,82
11,83
36,84
28,85
86,86
87,87
88,88
89,89
90,90
41,91
92,92
93,93
92,94
95,95
96,96
97,97
98,98
99,99
100,100
101,101
102,102
103,103
104,104
105,105
106,106
107,107
108,108
109,109
110,110
111,111
112,112
113,113
114,114
115,115
116,116
117,117
118,118
119,119
60,60
61,61
62,62
63,63
64,64
65,65
102,66
67,67
69,68
69,69
70,70
71,71
10,72
73,73
28,74
11,75
76,76
0,77
78,78
79,79
80,80
81,81
82,82
83,83
84,84
28,85
86,86
87,87
88,88
89,89
81,90
91,91
92,92
93,93
94,94
95,95
96,96
97,97
98,98
99,99
100,100
101,101
38,102
103,103
104,104
105,105
106,106
107,107
108,108
109,109
110,110
111,111
112,112
113,113
114,114
115,115
116,116
117,117
118,118
119,119
60,60
61,61
62,62
63,63
64,64
65,65
66,66
67,67
68,68
69,69
71,70
71,71
81,72
73,73
74,74
75,75
76,76
77,77
78,78
79,79
80,80
81,81
82,82
83,83
84,84
90,85
86,86
87,87
88,88
89,89
90,90
91,91
92,92
93,93
94,94
95,95
96,96
97,97
98,98
99,99
100,100
101,101
102,102
21,103
104,104
106,105
106,106
107,107
108,108
109,109
110,110
111,111
112,112
113,113
114,114
115,115
116,116
117,117
118,118
119,119
60,60
61,61
62,62
63,63
65,64
65,65
66,66
67,67
68,68
69,69
70,70
70,71
77,72
73,73
78,74
81,75
76,76
77,77
78,78
79,79
80,80
81,81
82,82
83,83
84,84
85,85
86,86
87,87
88,88
89,89
75,90
91,91
92,92
93,93
94,94
95,95
96,96
97,97
98,98
99,99
100,100
101,101
102,102
103,103
78,104
106,105
106,106
107,107
108,108
109,109
110,110
111,111
112,112
113,113
114,114
115,115
116,116
117,117
118,118
119,119
60,60
61,61
62,62
63,63
64,64
65,65
66,66
67,67
68,68
69,69
93,70
68,71
75,72
83,73
74,74
75,75
76,76
77,77
78,78
79,79
93,80
81,81
9,82
83,83
84,84
90,85
86,86
95,87
88,88
89,89
90,90
91,91
92,92
93,93
94,94
95,95
96,96
97,97
98,98
99,99
100,100
101,101
66,102
103,103
104,104
105,105
106,106
107,107
108,108
109,109
110,110
111,111
112,112
113,113
114,114
115,115
116,116
117,117
118,118
119,119
60,60
61,61
62,62
63,63
64,64
65,65
66,66
67,67
68,68
69,69
70,70
71,71
75,72
73,73
74,74
75,75
76,76
77,77
78,78
79,79
80,80
81,81
81,82
83,83
84,84
85,85
86,86
87,87
88,88
89,89
90,90
118,91
92,92
93,93
94,94
95,95
96,96
97,97
98,98
99,99
100,100
101,101
104,102
103,103
104,104
105,105
106,106
107,107
108,108
109,109
110,110
111,111
112,112
113,113
114,114
115,115
116,116
117,117
118,118
119,119
60,60
61,61
62,62
63,63
64,64
65,65
66,66
67,67
68,68
69,69
71,70
70,71
82,72
73,73
32,74
82,75
88,76
74,77
66,78
62,79
80,80
28,81
82,82
85,83
84,84
85,85
86,86
87,87
88,88
89,89
65,90
91,91
92,92
93,93
94,94
95,95
96,96
97,97
98,98
99,99
100,100
108,101
66,102
103,103
78,104
105,105
105,106
107,107
108,108
114,109
110,110
111,111
112,112
91,113
114,114
115,115
116,116
117,117
118,118
119,119
60,60
61,61
62,62
63,63
64,64
65,65
102,66
67,67
105,68
69,69
70,70
70,71
72,72
73,73
74,74
72,75
76,76
77,77
78,78
79,79
80,80
81,81
82,82
77,83
84,84
85,85
86,86
87,87
88,88
89,89
74,90
91,91
92,92
93,93
94,94
95,95
96,96
97,97
98,98
99,99
100,100
101,101
102,102
103,103
104,104
106,105
106,106
107,107
108,108
114,109
110,110
111,111
112,112
113,113
114,114
115,115
116,116
117,117
118,118
119,119
102,60
61,61
62,62
6,63
64,64
103,65
102,66
43,67
95,68
69,69
71,70
109,71
88,72
74,74
75,75
76,76
33,77
78,78
79,79
80,80
81,81
82,82
84,84
83,85
86,86
87,87
89,88
89,89
90,90
91,91
69,92
93,93
94,94
95,95
96,96
97,97
98,98
99,99
100,100
101,101
102,102
103,103
66,104
105,105
106,106
107,107
108,108
109,109
110,110
111,111
112,112
113,113
114,114
115,115
116,116
117,117
118,118
119,119
60,60
61,61
62,62
63,63
64,64
65,65
66,66
67,67
93,68
68,69
68,70
68,71
72,72
74,73
74,74
91,75
111,76
81,77
78,78
79,79
80,80
81,81
90,82
83,83
84,84
77,85
86,86
87,87
88,88
88,89
72,90
113,91
92,92
93,93
94,94
24,95
96,96
97,97
118,98
99,99
100,100
101,101
67,102
64,103
67,104
105,105
106,106
107,107
108,108
109,109
110,110
111,111
112,112
113,113
114,114
115,115
116,116
109,117
118,118
119,119
66,60
18,61
62,62
63,63
64,64
65,65
66,66
46,67
68,68
69,69
71,70
71,71
75,72
73,73
74,74
75,75
76,76
83,77
78,78
79,79
80,80
81,81
82,82
83,83
84,84
85,85
86,86
87,87
90,88
89,89
90,90
91,91
92,92
93,93
94,94
95,95
96,96
97,97
98,98
99,99
100,100
101,101
102,102
103,103
104,104
105,105
106,106
107,107
108,108
114,109
109,110
111,111
112,112
113,113
114,114
115,115
118,116
117,117
118,118
119,119
60,60
61,61
62,62
63,63
106,64
65,65
66,66
67,67
68,68
69,69
69,70
71,71
72,72
73,73
74,74
75,75
76,76
77,77
78,78
79,79
80,80
81,81
81,82
83,83
84,84
85,85
86,86
87,87
89,88
89,89
90,90
91,91
92,92
93,93
94,94
95,95
96,96
97,97
98,98
99,99
100,100
101,101
84,102
103,103
104,104
105,105
106,106
107,107
108,108
109,109
110,110
111,111
112,112
113,113
114,114
115,115
116,116
117,117
118,118
119,119
60,60
61,61
62,62
63,63
64,64
65,65
66,66
110,67
68,68
69,69
70,70
70,71
72,72
73,73
74,74
75,75
76,76
77,77
78,78
79,79
80,80
81,81
82,82
73,83
84,84
85,85
86,86
87,87
88,88
89,89
91,91
92,92
80,93
94,94
95,95
96,96
97,97
98,98
99,99
100,100
101,101
102,102
103,103
104,104
105,105
106,106
107,107
108,108
109,109
110,110
111,111
112,112
113,113
114,114
115,115
116,116
117,117
118,118
119,119
60,60
61,61
62,62
63,63
64,64
65,65
66,66
67,67
68,68
69,69
70,70
71,71
74,72
73,73
74,74
75,75
76,76
77,77
78,78
79,79
80,80
81,81
82,82
83,83
84,84
73,85
86,86
87,87
88,88
89,89
90,90
113,91
92,92
93,93
94,94
95,95
96,96
97,97
98,98
107,99
100,100
101,101
66,102
103,103
102,104
51,105
116,106
107,107
108,108
109,109
110,110
111,111
112,112
113,113
114,114
115,115
116,116
117,117
118,118
119,119
60,60
61,61
62,62
63,63
64,64
65,65
102,66
67,67
68,68
69,69
22,70
76,71
75,72
73,73
75,75
76,76
77,77
78,78
79,79
81,81
82,82
83,83
84,84
85,85
86,86
87,87
88,88
89,89
90,90
91,91
92,92
93,93
94,94
95,95
96,96
97,97
98,98
99,99
100,100
101,101
102,102
103,103
104,104
105,105
105,106
107,107
108,108
109,109
110,110
111,111
112,112
113,113
114,114
59,115
78,116
117,117
118,118
119,119
60,60
61,61
62,62
63,63
64,64
65,65
104,66
67,67
76,68
69,69
70,70
71,71
72,72
73,73
74,74
75,75
76,76
77,77
78,78
79,79
80,80
81,81
82,82
83,83
84,84
85,85
86,86
87,87
88,88
89,89
90,90
91,91
92,92
93,93
94,94
95,95
96,96
97,97
98,98
99,99
100,100
101,101
102,102
103,103
66,104
105,105
106,106
107,107
108,108
109,109
110,110
111,111
112,112
113,113
114,114
115,115
116,116
117,117
118,118
119,119
60,60
61,61
62,62
63,63
64,64
65,65
66,66
67,67
80,68
69,69
68,70
71,71
75,72
73,73
83,74
75,75
76,76
77,77
78,78
79,79
80,80
81,81
82,82
73,83
84,84
85,85
86,86
87,87
88,88
89,89
88,90
91,91
92,92
93,93
94,94
95,95
96,96
97,97
98,98
99,99
100,100
101,101
102,102
103,103
104,104
105,105
106,106
107,107
110,108
109,109
110,110
111,111
112,112
113,113
114,114
115,115
116,116
117,117
118,118
119,119
60,60
61,61
62,62
63,63
64,64
65,65
71,66
67,67
69,68
69,69
71,70
70,71
81,72
73,73
28,74
75,75
81,76
72,77
78,78
79,79
80,80
81,81
82,82
83,83
84,84
85,85
86,86
14,87
88,88
89,89
90,90
91,91
92,92
105,93
94,94
95,95
96,96
97,97
98,98
99,99
100,100
101,101
102,102
103,103
104,104
106,105
106,106
107,107
108,108
109,109
110,110
111,111
117,112
113,113
114,114
115,115
116,116
117,117
118,118
119,119
60,60
61,61
111,62
63,63
64,64
65,65
66,66
67,67
69,68
69,69
71,70
70,71
75,72
75,73
74,74
75,75
92,76
77,77
78,78
79,79
80,80
81,81
82,82
83,83
84,84
85,85
86,86
87,87
88,88
89,89
90,90
91,91
92,92
93,93
94,94
95,95
96,96
97,97
98,98
99,99
100,100
101,101
102,102
103,103
116,104
105,105
107,106
107,107
108,108
116,109
29,110
64,111
112,112
113,113
109,114
115,115
105,116
117,117
118,118
119,119
60,60
61,61
62,62
63,63
64,64
65,65
66,66
67,67
68,68
69,69
71,70
71,71
72,72
73,73
74,74
72,75
76,76
77,77
78,78
79,79
80,80
81,81
73,82
83,83
84,84
81,85
86,86
87,87
88,88
89,89
90,90
113,91
92,92
93,93
94,94
95,95
96,96
97,97
98,98
99,99
100,100
11,101
102,102
103,103
78,104
105,105
106,106
107,107
108,108
109,109
110,110
111,111
112,112
113,113
114,114
115,115
105,116
117,117
118,118
119,119
60,60
61,61
62,62
63,63
64,64
65,65
71,66
67,67
76,68
69,69
66,70
64,71
74,72
82,73
74,74
75,75
107,76
77,77
78,78
79,79
80,80
81,81
82,82
83,83
84,84
85,85
13,86
87,87
88,88
12,89
12,90
118,91
92,92
76,93
94,94
95,95
92,96
97,97
98,98
99,99
42,100
79,101
94,102
101,103
94,104
105,105
106,106
107,107
108,108
109,109
110,110
111,111
112,112
113,113
114,114
115,115
116,116
117,117
118,118
119,119
60,60
61,61
62,62
63,63
64,64
65,65
66,66
67,67
68,68
69,69
68,70
93,71
72,72
81,73
74,74
75,75
64,76
77,77
78,78
79,79
80,80
81,81
82,82
83,83
84,84
85,85
86,86
87,87
88,88
89,89
90,90
91,91
92,92
93,93
94,94
95,95
96,96
97,97
98,98
99,99
100,100
101,101
102,102
103,103
104,104
106,105
106,106
107,107
108,108
109,109
110,110
111,111
112,112
113,113
114,114
115,115
116,116
117,117
118,118
119,119
60,60
61,61
62,62
63,63
64,64
65,65
66,66
67,67
68,68
69,69
70,70
71,71
72,72
73,73
74,74
72,75
76,76
77,77
78,78
79,79
81,81
82,82
90,83
84,84
85,85
86,86
87,87
88,88
89,89
90,90
91,91
76,92
93,93
64,96
97,97
98,98
99,99
100,100
101,101
102,102
103,103
66,104
105,105
105,106
107,107
108,108
109,109
110,110
111,111
112,112
113,113
114,114
115,115
116,116
117,117
115,118
119,119
60,60
61,61
62,62
63,63
64,64
65,65
72,66
67,67
68,68
69,69
70,70
71,71
11,72
74,73
74,74
75,75
71,76
77,77
72,78
79,79
80,80
72,81
82,82
72,83
84,84
85,85
86,86
89,87
88,88
89,89
75,90
91,91
92,92
64,93
94,94
95,95
96,96
97,97
98,98
99,99
100,100
101,101
102,102
103,103
104,104
105,105
106,106
107,107
108,108
109,109
50,110
111,111
112,112
91,113
114,114
115,115
98,116
117,117
118,118
63,119
60,60
61,61
62,62
63,63
64,64
65,65
66,66
67,67
69,68
69,69
71,70
71,71
74,72
73,73
74,74
72,75
76,76
72,77
78,78
79,79
80,80
81,81
77,82
83,83
84,84
85,85
86,86
87,87
65,88
86,89
90,90
91,91
92,92
93,93
94,94
95,95
96,96
97,97
98,98
99,99
100,100
101,101
67,102
103,103
104,104
105,105
110,106
107,107
108,108
109,109
110,110
111,111
112,112
113,113
114,114
115,115
110,116
117,117
118,118
119,119
60,60
61,61
62,62
63,63
64,64
65,65
66,66
67,67
68,68
69,69
71,70
68,71
72,72
73,73
74,74
72,75
76,76
77,77
78,78
79,79
80,80
81,81
31,82
83,83
84,84
85,85
86,86
87,87
13,88
89,89
12,90
91,91
92,92
93,93
94,94
95,95
96,96
97,97
98,98
99,99
100,100
101,101
102,102
103,103
104,104
105,105
106,106
107,107
108,108
109,109
110,110
111,111
112,112
113,113
114,114
115,115
116,116
117,117
118,118
119,119
60,60
61,61
62,62
63,63
64,64
73,65
66,66
67,67
68,68
69,69
70,70
71,71
72,72
73,73
74,74
72,75
76,76
83,77
78,78
79,79
80,80
81,81
81,82
83,83
84,84
85,85
86,86
87,87
88,88
89,89
91,91
92,92
93,93
94,94
95,95
96,96
97,97
98,98
99,99
100,100
101,101
102,102
103,103
104,104
105,105
105,106
107,107
108,108
109,109
110,110
111,111
112,112
91,113
114,114
115,115
116,116
117,117
118,118
119,119
60,60
61,61
62,62
63,63
64,64
65,65
66,66
67,67
68,68
68,69
70,70
66,71
72,72
73,73
74,74
72,75
76,76
72,77
78,78
79,79
93,80
72,81
73,82
83,83
84,84
74,85
86,86
87,87
88,88
89,89
81,90
91,91
92,92
93,93
94,94
95,95
96,96
97,97
98,98
99,99
100,100
64,101
102,102
103,103
104,104
105,105
106,106
107,107
108,108
109,109
110,110
111,111
112,112
113,113
109,114
115,115
116,116
117,117
118,118
119,119
60,60
61,61
62,62
63,63
64,64
66,66
67,67
71,68
69,69
71,70
71,71
75,72
73,73
74,74
75,75
76,76
77,77
78,78
79,79
80,80
81,81
82,82
83,83
84,84
85,85
86,86
87,87
88,88
89,89
90,90
91,91
92,92
20,93
94,94
95,95
96,96
97,97
98,98
99,99
100,100
101,101
66,102
103,103
104,104
105,105
106,106
107,107
108,108
109,109
110,110
111,111
112,112
113,113
114,114
115,115
116,116
117,117
118,118
119,119
60,60
61,61
62,62
63,63
64,64
65,65
66,66
67,67
68,68
69,69
70,70
71,71
75,72
73,73
74,74
75,75
76,76
77,77
78,78
79,79
80,80
81,81
82,82
83,83
84,84
90,85
86,86
87,87
88,88
89,89
90,90
29,91
92,92
93,93
94,94
95,95
74,96
97,97
98,98
99,99
100,100
101,101
102,102
103,103
78,104
105,105
106,106
105,107
108,108
109,109
110,110
111,111
64,112
113,113
114,114
115,115
116,116
117,117
118,118
119,119
60,60
61,61
62,62
108,63
12,65
66,66
67,67
71,68
69,69
70,70
71,71
11,72
11,73
36,74
11,75
33,76
0,77
78,78
118,79
65,80
10,81
11,82
11,83
36,84
10,85
86,86
87,87
63,88
86,89
10,90
59,91
92,92
93,93
69,94
95,95
96,96
97,97
98,98
99,99
100,100
101,101
84,102
103,103
43,104
105,105
106,106
107,107
108,108
109,109
108,110
111,111
112,112
113,113
114,114
115,115
116,116
117,117
118,118
119,119
60,60
61,61
62,62
63,63
64,64
65,65
102,66
67,67
70,68
69,69
70,70
71,71
72,72
73,73
74,74
29,75
76,76
77,77
78,78
79,79
63,80
81,81
82,82
83,83
84,84
85,85
86,86
87,87
88,88
88,89
90,90
91,91
92,92
93,93
94,94
95,95
96,96
97,97
98,98
99,99
100,100
101,101
66,102
103,103
104,104
105,105
106,106
107,107
108,108
109,109
110,110
111,111
112,112
113,113
114,114
115,115
116,116
117,117
118,118
119,119
27,60
61,61
62,62
63,63
64,64
65,65
86,67
71,68
69,69
71,70
66,71
83,72
73,73
74,74
75,75
76,76
77,77
78,78
79,79
93,80
81,81
82,82
81,83
84,84
81,85
86,86
87,87
88,88
89,89
90,90
91,91
105,92
93,93
94,94
95,95
96,96
97,97
98,98
99,99
100,100
101,101
102,102
21,103
104,104
106,105
106,106
107,107
108,108
109,109
110,110
111,111
112,112
113,113
114,114
115,115
116,116
117,117
118,118
119,119
60,60
61,61
62,62
87,63
64,64
64,65
66,66
67,67
68,68
69,69
71,70
70,71
83,72
73,73
73,74
75,75
76,76
82,77
78,78
79,79
80,80
81,81
84,82
77,83
84,84
85,85
86,86
87,87
88,88
89,89
90,90
91,91
92,92
93,93
94,94
95,95
96,96
97,97
98,98
99,99
100,100
101,101
102,102
21,103
66,104
109,105
106,106
107,107
108,108
109,109
110,110
111,111
112,112
113,113
114,114
115,115
116,116
117,117
116,118
119,119
60,60
61,61
62,62
63,63
64,64
65,65
66,66
67,67
68,68
69,69
70,70
68,71
75,72
83,73
83,74
75,75
76,76
77,77
78,78
79,79
93,80
81,81
73,82
83,83
84,84
85,85
86,86
87,87
88,88
89,89
90,90
91,91
92,92
93,93
116,94
95,95
96,96
97,97
98,98
99,99
100,100
101,101
67,102
103,103
104,104
105,105
100,106
106,107
118,108
109,109
110,110
111,111
112,112
113,113
114,114
115,115
116,116
117,117
113,118
119,119
60,60
61,61
62,62
63,63
64,64
65,65
66,66
67,67
69,68
69,69
64,70
69,71
75,72
73,73
90,74
75,75
80,76
77,77
78,78
79,79
80,80
81,81
88,82
83,83
84,84
85,85
86,86
87,87
88,88
89,89
90,90
91,91
92,92
93,93
94,94
95,95
96,96
97,97
98,98
99,99
100,100
87,101
102,102
103,103
104,104
93,105
106,106
107,107
108,108
109,109
110,110
111,111
112,112
91,113
114,114
115,115
54,116
117,117
118,118
119,119
60,60
61,61
62,62
63,63
64,64
65,65
104,66
67,67
68,68
69,69
70,70
70,71
84,72
73,73
81,74
10,75
76,76
74,77
78,78
6,79
80,80
81,81
82,82
83,83
84,84
85,85
13,86
87,87
88,88
89,89
90,90
91,91
92,92
93,93
94,94
95,95
96,96
97,97
98,98
99,99
100,100
101,101
102,102
103,103
104,104
105,105
49,106
107,107
49,108
109,109
110,110
111,111
112,112
113,113
114,114
115,115
116,116
117,117
118,118
119,119
60,60
61,61
34,62
7,63
65,65
20,67
30,68
69,69
71,70
69,71
72,72
73,73
88,74
75,75
76,76
90,77
78,78
79,79
80,80
81,81
85,82
85,83
84,84
85,85
86,86
87,87
88,88
89,89
90,90
91,91
92,92
93,93
94,94
95,95
96,96
97,97
98,98
99,99
100,100
101,101
102,102
103,103
104,104
106,105
106,106
107,107
108,108
109,109
110,110
111,111
112,112
113,113
114,114
98,115
78,116
55,117
116,118
110,119
60,60
61,61
78,62
63,63
64,64
65,65
78,66
67,67
68,68
69,69
107,70
109,71
91,72
73,73
74,74
75,75
76,76
90,77
78,78
79,79
80,80
81,81
82,82
72,83
84,84
85,85
86,86
14,87
89,89
90,90
91,91
92,92
93,93
94,94
95,95
96,96
97,97
98,98
99,99
100,100
101,101
104,102
103,103
104,104
105,105
107,106
107,107
117,108
109,109
110,110
111,111
112,112
91,113
66,114
99,115
116,116
117,117
118,118
119,119
60,60
60,61
62,62
63,63
65,64
10,65
71,66
35,67
68,68
71,69
71,70
92,71
72,72
83,73
74,74
90,75
76,76
90,77
78,78
91,79
80,80
81,81
90,82
77,83
84,84
72,85
86,86
87,87
88,88
89,89
72,90
91,91
92,92
93,93
94,94
95,95
96,96
97,97
63,98
99,99
100,100
101,101
0,102
103,103
2,104
62,105
65,106
105,107
63,108
109,109
113,110
111,111
112,112
113,113
114,114
115,115
116,116
117,117
118,118
119,119
60,60
61,61
62,62
63,63
64,64
65,65
104,66
67,67
68,68
69,69
70,70
71,71
72,72
83,73
74,74
75,75
76,76
77,77
78,78
80,80
1,81
1,82
83,83
84,84
73,85
86,86
87,87
88,88
89,89
90,90
92,92
93,93
94,94
95,95
96,96
97,97
98,98
99,99
118,100
101,101
102,102
103,103
105,105
106,106
107,107
108,108
106,109
109,110
111,111
112,112
113,113
114,114
91,115
116,116
117,117
118,118
119,119
60,60
61,61
62,62
63,63
64,64
65,65
66,66
67,67
68,68
69,69
71,70
70,71
74,72
73,73
74,74
75,75
76,76
77,77
78,78
79,79
80,80
81,81
82,82
83,83
105,86
87,87
89,88
89,89
73,90
91,91
114,92
93,93
94,94
95,95
96,96
97,97
98,98
99,99
100,100
101,101
77,102
60,103
67,104
105,105
84,106
58,107
90,108
109,109
73,110
111,111
112,112
91,113
78,114
86,115
105,116
117,117
113,118
63,119
60,60
61,61
62,62
63,63
64,64
65,65
66,66
67,67
68,68
69,69
70,70
71,71
74,72
73,73
74,74
72,75
76,76
77,77
78,78
79,79
80,80
81,81
82,82
83,83
84,84
85,85
86,86
87,87
88,88
89,89
72,90
91,91
92,92
93,93
94,94
95,95
96,96
97,97
98,98
99,99
91,100
101,101
102,102
103,103
104,104
105,105
106,106
107,107
108,108
109,109
110,110
111,111
112,112
113,113
114,114
59,115
116,116
117,117
118,118
119,119
60,60
61,61
62,62
63,63
64,64
65,65
66,66
67,67
71,68
70,69
70,70
70,71
72,72
73,73
74,74
75,75
76,76
77,77
67,78
79,79
80,80
1,81
81,82
83,83
84,84
85,85
86,86
87,87
88,88
89,89
90,90
91,91
92,92
74,93
94,94
95,95
96,96
97,97
98,98
99,99
100,100
101,101
78,102
103,103
102,104
107,106
107,107
93,108
109,109
110,110
111,111
112,112
113,113
114,114
115,115
116,116
117,117
118,118
119,119
60,60
61,61
62,62
63,63
65,65
66,66
67,67
68,68
69,69
22,70
76,71
72,72
73,73
72,74
74,75
109,76
77,77
78,78
79,79
80,80
81,81
82,82
83,83
84,84
85,85
86,86
87,87
74,88
89,89
90,90
91,91
92,92
93,93
94,94
95,95
96,96
97,97
98,98
99,99
100,100
101,101
102,102
103,103
102,104
105,105
106,106
106,107
108,108
109,109
110,110
111,111
112,112
113,113
114,114
115,115
116,116
117,117
118,118
119,119
60,60
18,61
62,62
27,63
64,64
65,65
104,66
67,67
68,68
69,69
71,70
70,71
76,76
85,77
78,78
79,79
4,80
81,81
82,82
83,83
84,84
85,85
86,86
87,87
88,88
88,89
90,90
66,92
94,94
95,95
96,96
97,97
98,98
99,99
100,100
101,101
104,102
103,103
102,104
105,105
106,106
107,107
108,108
109,109
110,110
111,111
112,112
113,113
114,114
115,115
116,116
117,117
118,118
119,119
60,60
61,61
62,62
63,63
64,64
65,65
66,66
67,67
68,68
69,69
71,70
71,71
73,72
73,73
74,74
72,75
76,76
77,77
78,78
79,79
108,80
81,81
82,82
83,83
84,84
85,85
86,86
87,87
88,88
89,89
90,90
113,91
92,92
93,93
94,94
109,95
96,96
97,97
98,98
99,99
113,100
101,101
66,102
103,103
78,104
105,105
106,106
107,107
108,108
109,109
110,110
111,111
112,112
113,113
114,114
115,115
116,116
117,117
118,118
119,119
2,60
18,61
62,62
63,63
106,64
65,65
73,66
84,67
68,68
71,69
71,70
71,71
75,72
65,73
74,74
75,75
76,76
72,77
78,78
79,79
80,80
81,81
81,82
72,83
84,84
90,85
13,86
87,87
90,88
89,89
72,90
91,91
73,92
64,93
61,94
66,95
96,96
9,97
98,98
99,99
100,100
99,101
102,102
103,103
104,104
107,105
106,106
118,107
64,108
109,109
78,110
111,111
117,112
91,113
114,114
115,115
116,116
117,117
118,118
119,119
60,60
61,61
62,62
63,63
64,64
65,65
78,66
67,67
68,68
69,69
71,70
71,71
72,72
83,73
74,74
10,75
76,76
77,77
78,78
79,79
80,80
81,81
82,82
83,83
84,84
85,85
86,86
87,87
88,88
89,89
90,90
91,91
22,92
93,93
94,94
95,95
96,96
97,97
98,98
99,99
100,100
101,101
102,102
103,103
104,104
105,105
106,106
107,107
108,108
109,109
10,110
111,111
112,112
113,113
9,114
115,115
116,116
117,117
118,118
119,119
60,60
61,61
102,62
63,63
64,64
65,65
66,66
67,67
68,68
69,69
71,70
71,71
86,86
87,87
89,88
89,89
90,90
91,91
102,92
37,93
94,94
95,95
96,96
97,97
98,98
99,99
100,100
101,101
37,102
103,103
92,104
105,105
107,106
107,107
56,108
110,110
111,111
112,112
113,113
114,114
115,115
116,116
117,117
110,118
119,119
60,60
18,61
62,62
63,63
64,64
65,65
66,66
67,67
30,68
69,69
70,70
60,71
75,72
73,73
74,74
75,75
76,76
77,77
81,78
79,79
80,80
81,81
82,82
74,83
84,84
81,85
86,86
87,87
11,88
87,89
90,90
91,91
92,92
71,93
94,94
95,95
96,96
98,98
99,99
5,100
101,101
102,102
103,103
104,104
105,105
106,106
107,107
108,108
109,109
110,110
111,111
112,112
113,113
114,114
115,115
116,116
117,117
113,118
119,119
60,60
61,61
74,62
75,63
64,64
65,65
78,66
67,67
80,68
82,69
70,70
76,71
73,72
75,73
75,74
75,75
75,76
75,77
114,78
79,79
80,80
11,81
75,82
74,83
84,84
81,85
86,86
55,87
12,88
31,89
28,90
91,91
62,92
67,93
94,94
95,95
96,96
97,97
98,98
99,99
100,100
101,101
66,102
87,103
104,104
106,105
79,106
107,107
108,108
109,109
110,110
111,111
112,112
113,113
114,114
115,115
116,116
117,117
118,118
119,119
60,60
61,61
62,62
63,63
64,64
65,65
66,66
67,67
68,68
69,69
70,70
70,71
90,72
73,73
74,74
75,75
76,76
77,77
78,78
79,79
80,80
81,81
81,82
83,83
84,84
85,85
86,86
87,87
89,88
89,89
90,90
42,91
111,92
93,93
94,94
95,95
96,96
97,97
98,98
99,99
100,100
101,101
104,102
103,103
78,104
105,105
105,106
79,107
108,108
114,109
73,110
111,111
112,112
113,113
114,114
115,115
116,116
117,117
118,118
119,119
60,60
61,61
62,62
63,63
64,64
65,65
66,66
60,67
68,68
69,69
71,70
71,71
10,72
75,73
72,74
10,75
68,76
77,77
78,78
79,79
68,80
83,81
81,82
83,83
65,84
85,85
86,86
67,87
88,88
89,89
29,90
91,91
19,92
63,93
94,94
95,95
96,96
97,97
98,98
99,99
100,100
101,101
37,102
103,103
66,104
105,105
106,106
107,107
109,108
50,110
111,111
112,112
113,113
114,114
107,115
116,116
117,117
118,118
119,119
60,60
61,61
62,62
63,63
64,64
65,65
66,66
61,67
68,68
69,69
68,70
68,71
72,72
73,73
74,74
72,75
76,76
77,77
78,78
79,79
80,80
81,81
31,82
83,83
84,84
85,85
86,86
87,87
12,88
89,89
90,90
91,91
92,92
93,93
94,94
95,95
96,96
97,97
98,98
99,99
100,100
101,101
102,102
103,103
66,104
105,105
106,106
107,107
108,108
109,109
110,110
111,111
112,112
113,113
114,114
115,115
116,116
117,117
118,118
119,119
60,60
61,61
62,62
63,63
64,64
65,65
116,66
3,67
69,68
69,69
68,70
71,71
72,72
85,73
74,74
10,75
76,76
77,77
78,78
79,79
80,80
75,81
31,82
74,83
84,84
81,85
86,86
86,87
86,88
89,89
86,90
91,91
92,92
93,93
94,94
95,95
96,96
97,97
98,98
99,99
100,100
101,101
104,102
103,103
66,104
105,105
106,106
103,107
108,108
109,109
110,110
111,111
112,112
113,113
114,114
115,115
116,116
117,117
118,118
119,119
60,60
61,61
62,62
63,63
64,64
65,65
66,66
67,67
68,68
69,69
70,70
71,71
72,72
56,73
72,74
72,75
76,76
77,77
78,78
79,79
80,80
11,81
10,82
28,83
84,84
85,85
86,86
87,87
88,88
89,89
75,90
91,91
92,92
93,93
94,94
95,95
96,96
97,97
98,98
99,99
100,100
101,101
102,102
103,103
104,104
105,105
106,106
107,107
108,108
109,109
110,110
111,111
112,112
113,113
114,114
115,115
107,116
117,117
118,118
119,119
60,60
61,61
11,62
63,63
106,64
78,66
67,67
68,68
69,69
70,70
70,71
10,72
73,73
74,74
10,75
76,76
77,77
78,78
79,79
64,80
81,81
82,82
73,83
84,84
73,85
86,86
87,87
88,88
89,89
90,90
11,91
74,92
64,93
94,94
95,95
96,96
97,97
98,98
99,99
100,100
108,101
67,102
103,103
104,104
111,105
105,106
115,107
108,108
73,109
50,110
111,111
112,112
113,113
114,114
115,115
116,116
117,117
118,118
119,119
60,60
61,61
62,62
63,63
64,64
65,65
66,66
67,67
68,68
69,69
70,70
70,71
75,72
73,73
74,74
74,75
61,76
74,77
78,78
79,79
80,80
72,81
74,82
74,83
84,84
85,85
89,86
87,87
88,88
89,89
90,90
91,91
92,92
93,93
94,94
95,95
96,96
97,97
45,98
14,99
13,100
101,101
66,102
103,103
104,104
105,105
105,106
107,107
108,108
106,109
110,110
111,111
112,112
113,113
114,114
115,115
116,116
117,117
118,118
119,119
60,60
61,61
62,62
63,63
64,64
82,65
66,66
67,67
78,68
69,69
70,70
71,71
72,72
73,73
74,74
75,75
76,76
78,78
79,79
80,80
81,81
82,82
77,83
84,84
85,85
86,86
87,87
88,88
89,89
90,90
91,91
92,92
93,93
94,94
95,95
96,96
97,97
98,98
99,99
100,100
101,101
102,102
103,103
102,104
106,105
106,106
107,107
108,108
109,109
110,110
111,111
112,112
113,113
114,114
115,115
116,116
117,117
48,118
119,119
60,60
18,61
62,62
12,63
63,64
10,65
1,66
3,67
68,68
30,69
67,70
69,71
11,72
72,73
75,75
3,76
72,77
17,78
79,79
88,80
10,81
11,82
28,83
36,84
10,85
86,86
87,87
81,88
21,89
90,90
91,91
92,92
93,93
92,94
95,95
96,96
97,97
98,98
99,99
5,100
101,101
84,102
103,103
27,104
105,105
106,106
107,107
108,108
109,109
110,110
111,111
112,112
113,113
114,114
115,115
116,116
117,117
118,118
119,119
63,63
64,64
65,65
66,66
67,67
70,68
69,69
70,70
30,71
75,72
72,73
74,74
75,75
76,76
0,77
78,78
113,79
65,80
72,81
75,82
28,83
84,84
28,85
86,86
65,87
88,88
89,89
90,90
91,91
7,92
93,93
103,94
95,95
96,96
97,97
98,98
99,99
100,100
101,101
48,102
103,103
104,104
105,105
105,106
107,107
108,108
109,109
110,110
111,111
112,112
113,113
114,114
115,115
116,116
117,117
63,118
119,119
17,60
61,61
62,62
63,63
64,64
65,65
66,66
67,67
30,68
69,69
71,70
71,71
72,72
73,73
74,74
75,75
76,76
83,77
78,78
79,79
80,80
81,81
82,82
81,83
84,84
81,85
86,86
87,87
88,88
89,89
90,90
91,91
92,92
62,93
94,94
95,95
96,96
97,97
98,98
87,99
100,100
101,101
102,102
103,103
102,104
105,105
106,106
107,107
108,108
109,109
110,110
111,111
112,112
113,113
109,114
115,115
116,116
117,117
118,118
119,119
61,60
61,61
62,62
76,63
93,64
65,65
66,66
102,67
70,68
69,69
70,70
71,71
77,72
72,73
83,74
75,75
76,76
78,77
78,78
79,79
105,80
81,81
82,82
83,83
84,84
85,85
87,86
87,87
88,88
89,89
90,90
92,92
62,93
64,95
96,96
97,97
98,98
99,99
100,100
92,101
39,102
103,103
66,104
111,105
106,106
107,107
108,108
109,109
110,110
111,111
112,112
113,113
114,114
115,115
116,116
117,117
118,118
119,119
60,60
61,61
62,62
63,63
64,64
65,65
66,66
67,67
68,68
69,69
70,70
68,71
75,72
77,73
73,74
75,75
76,76
77,77
78,78
79,79
93,80
81,81
82,82
73,83
84,84
85,85
86,86
87,87
89,88
89,89
90,90
91,91
92,92
93,93
94,94
95,95
96,96
97,97
98,98
99,99
100,100
101,101
102,102
21,103
66,104
105,105
106,106
107,107
108,108
109,109
110,110
111,111
112,112
113,113
114,114
115,115
116,116
117,117
118,118
119,119
60,60
61,61
62,62
63,63
64,64
65,65
66,66
67,67
68,68
69,69
71,70
68,71
75,72
73,73
74,74
75,75
76,76
77,77
78,78
79,79
80,80
81,81
82,82
83,83
84,84
85,85
86,86
87,87
88,88
89,89
90,90
91,91
92,92
93,93
94,94
95,95
96,96
97,97
98,98
99,99
100,100
101,101
104,102
103,103
104,104
105,105
106,106
107,107
108,108
109,109
110,110
111,111
112,112
113,113
114,114
115,115
116,116
117,117
118,118
119,119
60,60
61,61
62,62
63,63
64,64
65,65
66,66
102,67
68,68
69,69
71,70
71,71
72,72
11,73
75,74
69,75
92,76
77,77
102,78
79,79
80,80
12,81
82,82
11,83
90,84
85,85
86,86
87,87
88,88
89,89
90,90
91,91
92,92
93,93
94,94
95,95
96,96
97,97
98,98
99,99
100,100
101,101
102,102
103,103
104,104
105,105
109,106
107,107
108,108
109,109
110,110
111,111
112,112
113,113
114,114
115,115
116,116
117,117
118,118
119,119
60,60
61,61
62,62
63,63
64,64
65,65
66,66
67,67
68,68
69,69
70,70
70,71
72,72
73,73
72,74
75,75
92,76
77,77
78,78
79,79
80,80
10,81
75,82
28,83
84,84
85,85
86,86
12,87
88,88
89,89
16,90
91,91
92,92
93,93
94,94
95,95
96,96
97,97
98,98
99,99
100,100
101,101
102,102
103,103
104,104
105,105
105,106
107,107
108,108
109,109
110,110
111,111
112,112
113,113
114,114
115,115
116,116
117,117
118,118
119,119
60,60
61,61
62,62
63,63
64,64
65,65
95,66
67,67
71,68
69,69
70,70
68,71
72,72
73,73
72,74
72,75
76,76
77,77
78,78
79,79
80,80
10,81
90,82
10,83
84,84
85,85
86,86
87,87
88,88
89,89
83,90
91,91
92,92
93,93
94,94
95,95
96,96
97,97
98,98
99,99
100,100
101,101
102,102
76,103
102,104
105,105
106,106
107,107
108,108
109,109
110,110
111,111
112,112
113,113
114,114
115,115
116,116
117,117
118,118
119,119
60,60
61,61
62,62
63,63
64,64
65,65
66,66
67,67
68,68
69,69
68,70
76,71
72,72
73,73
74,74
75,75
76,76
77,77
78,78
79,79
80,80
81,81
80,82
83,83
84,84
85,85
86,86
87,87
88,88
89,89
90,90
91,91
92,92
93,93
94,94
95,95
96,96
97,97
98,98
99,99
100,100
101,101
66,102
103,103
102,104
105,105
105,106
107,107
108,108
109,109
110,110
111,111
112,112
113,113
109,114
115,115
116,116
117,117
118,118
119,119
60,60
61,61
62,62
63,63
64,64
65,65
102,66
67,67
71,68
69,69
70,70
71,71
75,72
74,73
74,74
75,75
76,76
77,77
78,78
79,79
80,80
81,81
82,82
83,83
84,84
85,85
86,86
87,87
89,88
89,89
90,90
91,91
92,92
93,93
94,94
95,95
96,96
97,97
98,98
99,99
100,100
101,101
102,102
103,103
104,104
105,105
106,106
107,107
108,108
109,109
110,110
111,111
112,112
113,113
114,114
115,115
116,116
117,117
118,118
119,119
60,60
61,61
62,62
63,63
64,64
65,65
104,66
67,67
68,68
69,69
70,70
71,71
72,72
73,73
74,74
72,75
76,76
77,77
78,78
79,79
80,80
81,81
82,82
83,83
84,84
85,85
86,86
87,87
88,88
89,89
90,90
91,91
92,92
93,93
114,94
95,95
96,96
97,97
98,98
99,99
100,100
101,101
102,102
103,103
104,104
106,105
106,106
107,107
108,108
109,109
110,110
111,111
112,112
113,113
114,114
115,115
116,116
117,117
118,118
119,119
60,60
61,61
62,62
63,63
64,64
65,65
66,66
67,67
68,68
69,69
70,70
71,71
72,72
73,73
83,74
75,75
76,76
77,77
78,78
79,79
80,80
81,81
82,82
83,83
84,84
85,85
86,86
87,87
88,88
89,89
90,90
91,91
92,92
93,93
94,94
95,95
96,96
97,97
98,98
99,99
100,100
101,101
102,102
103,103
78,104
105,105
106,106
107,107
108,108
109,109
110,110
111,111
112,112
113,113
114,114
115,115
116,116
117,117
118,118
119,119
60,60
61,61
62,62
63,63
64,64
65,65
66,66
60,67
71,68
69,69
71,70
71,71
75,72
72,73
74,74
10,75
71,76
12,77
69,78
79,79
80,80
29,81
12,82
11,83
84,84
85,85
86,86
87,87
88,88
64,89
90,90
91,91
92,92
93,93
94,94
95,95
96,96
97,97
98,98
99,99
100,100
101,101
104,102
103,103
104,104
105,105
106,106
107,107
108,108
109,109
110,110
111,111
112,112
113,113
114,114
115,115
116,116
117,117
118,118
119,119
60,60
61,61
62,62
63,63
64,64
65,65
66,66
67,67
68,68
69,69
71,70
71,71
72,72
73,73
74,74
75,75
76,76
77,77
78,78
79,79
80,80
81,81
82,82
73,83
84,84
85,85
86,86
87,87
88,88
89,89
65,90
91,91
92,92
93,93
94,94
95,95
96,96
97,97
98,98
99,99
100,100
101,101
102,102
103,103
104,104
105,105
106,106
107,107
108,108
109,109
110,110
111,111
112,112
113,113
114,114
115,115
78,116
117,117
118,118
119,119
60,60
61,61
62,62
63,63
64,64
65,65
66,66
67,67
68,68
69,69
92,70
71,71
75,72
73,73
74,74
75,75
76,76
77,77
78,78
79,79
80,80
81,81
82,82
83,83
84,84
85,85
86,86
87,87
88,88
89,89
90,90
91,91
92,92
93,93
94,94
95,95
96,96
97,97
98,98
99,99
100,100
101,101
66,102
103,103
102,104
105,105
106,106
107,107
108,108
109,109
110,110
111,111
112,112
113,113
114,114
115,115
116,116
117,117
118,118
119,119
60,60
61,61
62,62
63,63
64,64
65,65
66,66
67,67
68,68
69,69
70,70
70,71
75,72
73,73
74,74
75,75
76,76
77,77
78,78
79,79
80,80
81,81
82,82
12,83
84,84
85,85
86,86
87,87
88,88
89,89
90,90
91,91
92,92
93,93
94,94
95,95
96,96
97,97
98,98
101,99
100,100
101,101
102,102
103,103
66,104
105,105
106,106
107,107
108,108
71,109
110,110
111,111
112,112
113,113
114,114
115,115
116,116
117,117
118,118
119,119
60,60
61,61
62,62
63,63
64,64
65,65
66,66
67,67
68,68
69,69
70,70
71,71
75,72
83,73
74,74
75,75
76,76
77,77
78,78
79,79
80,80
81,81
82,82
73,83
84,84
85,85
86,86
87,87
88,88
89,89
90,90
91,91
92,92
93,93
94,94
95,95
96,96
97,97
98,98
99,99
100,100
101,101
102,102
103,103
104,104
105,105
106,106
107,107
108,108
109,109
110,110
111,111
112,112
113,113
114,114
115,115
116,116
117,117
118,118
119,119
60,60
61,61
62,62
63,63
64,64
65,65
78,66
67,67
68,68
69,69
70,70
71,71
72,72
72,73
74,74
75,75
92,76
77,77
78,78
79,79
80,80
12,81
82,82
12,83
84,84
85,85
86,86
87,87
12,88
90,89
10,90
91,91
92,92
93,93
94,94
95,95
96,96
97,97
98,98
99,99
100,100
101,101
102,102
103,103
104,104
105,105
106,106
107,107
108,108
109,109
110,110
111,111
112,112
113,113
114,114
115,115
116,116
117,117
118,118
119,119
60,60
61,61
62,62
63,63
64,64
90,65
71,66
67,67
58,68
69,69
70,70
70,71
72,72
73,73
75,74
72,75
76,76
77,77
78,78
79,79
80,80
81,81
82,82
83,83
84,84
85,85
86,86
87,87
88,88
89,89
90,90
91,91
92,92
93,93
94,94
95,95
96,96
97,97
98,98
99,99
100,100
101,101
102,102
103,103
104,104
106,105
106,106
107,107
108,108
109,109
110,110
111,111
112,112
113,113
114,114
115,115
116,116
117,117
118,118
119,119
60,60
61,61
62,62
63,63
64,64
65,65
66,66
67,67
70,68
69,69
70,70
31,71
81,72
73,73
83,74
75,75
114,76
77,77
78,78
79,79
80,80
81,81
82,82
73,83
84,84
85,85
86,86
87,87
88,88
89,89
90,90
91,91
92,92
62,93
94,94
95,95
96,96
97,97
99,98
99,99
100,100
101,101
102,102
103,103
104,104
106,105
106,106
107,107
108,108
109,109
110,110
111,111
112,112
113,113
114,114
115,115
116,116
117,117
118,118
119,119
60,60
61,61
62,62
63,63
64,64
65,65
71,66
67,67
71,68
69,69
70,70
70,71
75,72
9,73
28,74
10,75
76,76
77,77
78,78
79,79
65,80
81,81
82,82
73,83
102,84
77,85
86,86
87,87
88,88
89,89
90,90
91,91
92,92
93,93
94,94
95,95
96,96
97,97
53,98
99,99
100,100
101,101
70,102
103,103
104,104
105,105
106,106
107,107
108,108
109,109
107,110
111,111
112,112
91,113
114,114
115,115
116,116
117,117
118,118
119,119
60,60
61,61
62,62
63,63
64,64
90,65
102,66
67,67
71,68
69,69
70,70
71,71
10,72
73,73
73,74
75,75
76,76
77,77
78,78
79,79
80,80
81,81
82,82
73,83
84,84
85,85
86,86
87,87
88,88
89,89
90,90
91,91
92,92
93,93
94,94
95,95
96,96
97,97
98,98
99,99
100,100
101,101
102,102
103,103
104,104
105,105
106,106
107,107
108,108
114,109
110,110
111,111
112,112
113,113
114,114
115,115
116,116
117,117
118,118
119,119
60,60
61,61
62,62
63,63
64,64
65,65
66,66
67,67
68,68
69,69
68,70
70,71
74,72
85,73
74,74
74,75
76,76
77,77
78,78
79,79
80,80
81,81
82,82
83,83
84,84
85,85
86,86
87,87
88,88
89,89
90,90
91,91
92,92
93,93
94,94
95,95
96,96
97,97
98,98
99,99
100,100
101,101
102,102
103,103
104,104
106,105
106,106
107,107
108,108
109,109
110,110
111,111
112,112
113,113
114,114
115,115
116,116
117,117
118,118
119,119
60,60
61,61
62,62
63,63
64,64
65,65
66,66
61,67
71,68
30,69
76,70
71,71
83,72
73,73
28,74
75,75
4,76
83,77
78,78
79,79
80,80
81,81
82,82
83,83
84,84
85,85
86,86
87,87
88,88
90,89
90,90
91,91
92,92
93,93
94,94
95,95
96,96
97,97
98,98
99,99
100,100
101,101
102,102
103,103
104,104
105,105
105,106
107,107
108,108
109,109
110,110
111,111
112,112
113,113
114,114
115,115
116,116
117,117
118,118
119,119
60,60
61,61
62,62
63,63
64,64
65,65
66,66
104,67
68,68
69,69
30,70
71,71
11,72
28,73
28,74
75,75
76,76
73,77
78,78
79,79
80,80
81,81
82,82
28,83
1,84
77,85
86,86
87,87
88,88
88,89
90,90
91,91
92,92
93,93
94,94
95,95
96,96
97,97
98,98
99,99
100,100
101,101
66,102
21,103
40,104
105,105
110,106
107,107
108,108
107,109
110,110
111,111
112,112
113,113
114,114
115,115
116,116
117,117
118,118
119,119
60,60
61,61
62,62
63,63
64,64
65,65
66,66
67,67
68,68
69,69
70,70
70,71
72,72
83,73
74,74
75,75
70,76
77,77
78,78
79,79
80,80
81,81
82,82
83,83
84,84
85,85
86,86
87,87
89,88
89,89
75,90
91,91
92,92
93,93
94,94
95,95
96,96
97,97
98,98
99,99
100,100
101,101
102,102
103,103
104,104
111,105
106,106
107,107
108,108
109,109
110,110
111,111
112,112
91,113
109,114
115,115
116,116
117,117
118,118
119,119
60,60
61,61
62,62
63,63
64,64
65,65
66,66
67,67
68,68
69,69
70,70
70,71
72,72
73,73
44,74
72,75
76,76
77,77
78,78
79,79
80,80
81,81
82,82
77,83
84,84
85,85
86,86
87,87
88,88
89,89
90,90
91,91
70,92
93,93
94,94
95,95
96,96
97,97
98,98
99,99
100,100
101,101
102,102
103,103
104,104
105,105
106,106
107,107
108,108
109,109
110,110
111,111
112,112
113,113
114,114
115,115
116,116
117,117
118,118
119,119
60,60
61,61
62,62
63,63
64,64
65,65
78,66
60,67
68,68
68,69
71,70
71,71
10,72
73,73
74,74
90,75
76,76
81,77
78,78
79,79
80,80
81,81
82,82
83,83
84,84
85,85
86,86
87,87
88,88
89,89
90,90
91,91
92,92
93,93
94,94
95,95
96,96
97,97
98,98
99,99
100,100
101,101
66,102
103,103
66,104
105,105
106,106
107,107
108,108
109,109
110,110
111,111
112,112
113,113
114,114
115,115
116,116
117,117
118,118
119,119
60,60
61,61
62,62
63,63
64,64
65,65
78,66
67,67
109,68
69,69
71,70
78,71
72,72
73,73
73,74
72,75
80,76
82,77
78,78
79,79
80,80
81,81
82,82
83,83
84,84
85,85
86,86
87,87
88,88
89,89
90,90
91,91
92,92
80,93
94,94
95,95
96,96
97,97
98,98
99,99
100,100
101,101
78,102
103,103
66,104
105,105
106,106
107,107
108,108
109,109
110,110
111,111
112,112
113,113
114,114
115,115
116,116
117,117
118,118
119,119
60,60
61,61
62,62
63,63
64,64
65,65
66,66
67,67
68,68
69,69
70,70
70,71
72,72
73,73
74,74
75,75
65,76
77,77
78,78
79,79
80,80
81,81
82,82
83,83
84,84
85,85
86,86
87,87
88,88
89,89
90,90
91,91
92,92
93,93
94,94
95,95
96,96
97,97
98,98
99,99
100,100
101,101
66,102
103,103
104,104
105,105
106,106
107,107
108,108
109,109
110,110
111,111
112,112
113,113
114,114
115,115
116,116
117,117
118,118
119,119
60,60
61,61
6,62
63,63
64,64
65,65
66,66
67,67
68,68
69,69
71,70
71,71
29,72
73,73
74,74
75,75
76,76
72,77
78,78
79,79
80,80
81,81
82,82
83,83
84,84
85,85
86,86
87,87
88,88
89,89
90,90
91,91
92,92
93,93
94,94
95,95
96,96
97,97
98,98
99,99
100,100
101,101
102,102
103,103
104,104
105,105
105,106
107,107
108,108
109,109
110,110
111,111
112,112
113,113
114,114
115,115
116,116
117,117
118,118
119,119
60,60
61,61
62,62
63,63
64,64
65,65
66,66
67,67
68,68
69,69
70,70
71,71
72,72
73,73
83,74
90,75
76,76
77,77
1,78
79,79
80,80
81,81
81,82
83,83
84,84
85,85
86,86
87,87
88,88
89,89
90,90
91,91
92,92
93,93
94,94
95,95
96,96
97,97
98,98
99,99
100,100
101,101
104,102
103,103
116,104
105,105
106,106
107,107
108,108
109,109
110,110
111,111
112,112
113,113
114,114
115,115
116,116
117,117
118,118
119,119
60,60
61,61
62,62
63,63
93,64
65,65
66,66
67,67
76,68
69,69
70,70
71,71
72,72
73,73
74,74
72,75
92,76
77,77
78,78
79,79
80,80
81,81
90,82
83,83
84,84
85,85
86,86
87,87
88,88
88,89
90,90
91,91
92,92
93,93
94,94
95,95
96,96
97,97
98,98
99,99
100,100
101,101
104,102
45,103
104,104
105,105
109,106
107,107
108,108
109,109
110,110
111,111
112,112
113,113
114,114
115,115
116,116
117,117
118,118
119,119
60,60
61,61
62,62
63,63
64,64
65,65
66,66
67,67
68,68
69,69
70,70
71,71
75,72
73,73
74,74
75,75
76,76
77,77
78,78
79,79
80,80
81,81
82,82
83,83
84,84
85,85
86,86
87,87
88,88
89,89
90,90
91,91
92,92
93,93
94,94
95,95
96,96
97,97
98,98
99,99
100,100
101,101
66,102
103,103
104,104
105,105
106,106
107,107
108,108
109,109
110,110
111,111
112,112
113,113
114,114
115,115
116,116
117,117
118,118
119,119
60,60
61,61
62,62
63,63
64,64
65,65
66,66
67,67
68,68
69,69
70,70
70,71
72,72
73,73
74,74
75,75
76,76
77,77
78,78
79,79
80,80
81,81
81,82
83,83
84,84
85,85
86,86
87,87
88,88
89,89
90,90
91,91
92,92
93,93
94,94
95,95
96,96
97,97
98,98
99,99
100,100
101,101
102,102
103,103
104,104
105,105
106,106
107,107
108,108
109,109
116,110
111,111
112,112
113,113
114,114
115,115
116,116
117,117
118,118
119,119
60,60
61,61
62,62
63,63
64,64
65,65
66,66
67,67
68,68
69,69
68,70
68,71
75,72
73,73
74,74
75,75
76,76
77,77
78,78
79,79
93,80
81,81
82,82
85,83
84,84
85,85
105,86
87,87
88,88
89,89
90,90
91,91
92,92
62,93
94,94
95,95
96,96
97,97
98,98
99,99
100,100
101,101
102,102
62,103
66,104
105,105
106,106
107,107
108,108
109,109
110,110
111,111
112,112
113,113
109,114
115,115
116,116
117,117
118,118
119,119
60,60
60,61
62,62
63,63
64,64
65,65
66,66
67,67
68,68
69,69
70,70
68,71
75,72
73,73
74,74
75,75
76,76
77,77
78,78
79,79
80,80
81,81
82,82
83,83
84,84
85,85
86,86
87,87
88,88
89,89
90,90
91,91
92,92
93,93
94,94
95,95
96,96
97,97
98,98
99,99
100,100
101,101
104,102
103,103
104,104
105,105
105,106
107,107
108,108
109,109
110,110
111,111
112,112
113,113
114,114
115,115
116,116
117,117
118,118
119,119
60,60
61,61
62,62
63,63
64,64
65,65
38,66
92,67
68,68
92,69
71,70
68,71
75,72
75,73
75,74
72,75
92,76
77,77
78,78
79,79
80,80
12,81
82,82
28,83
84,84
85,85
86,86
87,87
64,88
89,89
90,90
91,91
92,92
93,93
94,94
95,95
96,96
97,97
98,98
99,99
100,100
101,101
102,102
6,103
104,104
105,105
106,106
107,107
108,108
109,109
101,110
111,111
112,112
113,113
114,114
115,115
116,116
117,117
118,118
119,119
60,60
61,61
62,62
63,63
64,64
65,65
66,66
67,67
69,68
69,69
68,70
69,71
75,72
10,73
75,74
75,75
92,76
77,77
78,78
79,79
80,80
81,81
109,82
75,83
84,84
90,85
64,86
20,87
88,88
89,89
10,90
91,91
92,92
93,93
94,94
95,95
96,96
97,97
98,98
99,99
100,100
101,101
102,102
103,103
104,104
105,105
105,106
107,107
106,108
109,109
110,110
111,111
112,112
113,113
114,114
115,115
110,116
117,117
118,118
119,119
60,60
61,61
62,62
76,63
64,64
65,65
66,66
67,67
68,68
69,69
70,70
68,71
72,72
73,73
74,74
75,75
65,76
77,77
78,78
79,79
80,80
10,81
90,82
10,83
84,84
85,85
86,86
87,87
88,88
88,89
81,90
91,91
92,92
93,93
94,94
95,95
96,96
97,97
98,98
99,99
100,100
101,101
66,102
103,103
66,104
105,105
106,106
107,107
108,108
109,109
110,110
111,111
112,112
91,113
109,114
115,115
116,116
117,117
118,118
119,119
60,60
61,61
62,62
63,63
64,64
65,65
66,66
67,67
68,68
69,69
71,70
68,71
72,72
73,73
74,74
75,75
76,76
77,77
78,78
79,79
80,80
81,81
80,82
73,83
84,84
85,85
86,86
87,87
88,88
88,89
90,90
91,91
92,92
6,93
94,94
95,95
96,96
97,97
98,98
99,99
100,100
101,101
66,102
103,103
104,104
105,105
106,106
107,107
108,108
109,109
110,110
111,111
112,112
113,113
114,114
115,115
116,116
117,117
118,118
119,119
60,60
61,61
62,62
63,63
64,64
65,65
66,66
67,67
71,68
69,69
70,70
71,71
72,72
73,73
74,74
75,75
76,76
77,77
78,78
79,79
80,80
81,81
85,82
73,83
84,84
85,85
86,86
87,87
89,88
89,89
90,90
91,91
92,92
93,93
94,94
95,95
96,96
97,97
98,98
99,99
100,100
101,101
102,102
103,103
104,104
116,105
107,106
107,107
108,108
114,109
111,111
112,112
113,113
114,114
115,115
108,116
117,117
118,118
119,119
60,60
61,61
62,62
63,63
64,64
65,65
104,66
67,67
71,68
69,69
70,70
71,71
72,72
73,73
74,74
72,75
76,76
77,77
78,78
79,79
80,80
81,81
82,82
83,83
84,84
85,85
86,86
87,87
88,88
89,89
90,90
91,91
92,92
93,93
94,94
95,95
96,96
97,97
98,98
99,99
100,100
101,101
102,102
94,103
104,104
107,105
106,106
107,107
108,108
109,109
110,110
111,111
112,112
113,113
114,114
115,115
116,116
117,117
118,118
119,119
90,60
61,61
62,62
63,63
64,64
65,65
66,66
67,67
68,68
69,69
71,70
71,71
75,72
73,73
83,74
75,75
76,76
73,77
78,78
79,79
80,80
81,81
82,82
75,83
84,84
85,85
86,86
87,87
88,88
89,89
90,90
91,91
92,92
93,93
94,94
95,95
96,96
97,97
98,98
99,99
100,100
101,101
102,102
19,103
78,104
105,105
106,106
107,107
108,108
109,109
110,110
111,111
112,112
113,113
114,114
115,115
116,116
117,117
118,118
119,119
60,60
61,61
62,62
63,63
64,64
65,65
78,66
61,67
68,68
69,69
71,70
71,71
10,72
75,73
74,74
10,75
76,76
32,77
78,78
79,79
80,80
10,81
82,82
10,83
84,84
85,85
86,86
87,87
88,88
89,89
90,90
91,91
92,92
93,93
94,94
95,95
96,96
97,97
98,98
99,99
100,100
101,101
102,102
103,103
104,104
114,105
106,106
107,107
108,108
109,109
110,110
111,111
112,112
113,113
114,114
115,115
116,116
117,117
118,118
119,119
61,60
61,61
62,62
63,63
64,64
65,65
66,66
67,67
68,68
69,69
70,70
71,71
72,72
73,73
74,74
75,75
76,76
77,77
78,78
79,79
80,80
81,81
82,82
83,83
84,84
85,85
86,86
87,87
88,88
89,89
90,90
91,91
92,92
93,93
94,94
95,95
96,96
97,97
98,98
99,99
100,100
101,101
102,102
103,103
102,104
105,105
106,106
107,107
108,108
53,109
110,110
111,111
112,112
91,113
114,114
115,115
108,116
117,117
118,118
119,119
60,60
61,61
62,62
63,63
64,64
65,65
66,66
67,67
68,68
69,69
92,70
71,71
72,72
73,73
74,74
75,75
76,76
77,77
78,78
79,79
80,80
81,81
82,82
82,83
84,84
85,85
86,86
87,87
88,88
89,89
90,90
91,91
92,92
93,93
94,94
95,95
96,96
97,97
98,98
99,99
100,100
101,101
66,102
103,103
102,104
105,105
107,106
107,107
108,108
109,109
110,110
111,111
112,112
113,113
114,114
115,115
116,116
117,117
118,118
119,119
62,62
63,63
64,64
65,65
66,66
67,67
68,68
69,69
70,70
71,71
75,72
73,73
74,74
75,75
76,76
77,77
78,78
79,79
80,80
81,81
82,82
12,83
84,84
85,85
86,86
87,87
88,88
89,89
90,90
91,91
92,92
93,93
94,94
95,95
96,96
97,97
98,98
101,99
100,100
101,101
102,102
103,103
66,104
105,105
106,106
107,107
108,108
53,109
110,110
111,111
112,112
113,113
109,114
115,115
116,116
117,117
118,118
119,119
60,60
61,61
62,62
63,63
64,64
65,65
66,66
67,67
68,68
69,69
70,70
70,71
72,72
73,73
74,74
74,75
76,76
77,77
78,78
79,79
80,80
81,81
82,82
83,83
84,84
85,85
86,86
87,87
88,88
89,89
90,90
91,91
92,92
93,93
94,94
95,95
96,96
97,97
98,98
99,99
100,100
101,101
102,102
103,103
104,104
105,105
106,106
107,107
108,108
109,109
110,110
111,111
112,112
113,113
114,114
115,115
116,116
117,117
118,118
119,119
60,60
61,61
30,62
63,63
93,64
65,65
75,72
73,73
74,74
81,75
71,76
77,77
78,78
79,79
80,80
33,81
82,82
11,83
95,84
85,85
86,86
87,87
3,88
3,89
10,90
91,91
92,92
93,93
94,94
95,95
96,96
97,97
98,98
99,99
100,100
101,101
102,102
103,103
104,104
106,105
106,106
107,107
108,108
109,109
110,110
111,111
112,112
113,113
114,114
115,115
116,116
117,117
118,118
119,119
60,60
61,61
62,62
63,63
64,64
65,65
66,66
67,67
76,68
69,69
70,70
70,71
72,72
73,73
72,74
71,75
76,76
77,77
60,78
79,79
80,80
81,81
82,82
83,83
84,84
85,85
86,86
87,87
88,88
89,89
90,90
91,91
92,92
69,93
94,94
95,95
96,96
97,97
98,98
99,99
100,100
101,101
102,102
103,103
104,104
106,105
106,106
107,107
108,108
109,109
110,110
111,111
112,112
113,113
114,114
115,115
116,116
117,117
118,118
119,119
27,60
61,61
62,62
63,63
64,64
65,65
66,66
67,67
71,68
69,69
70,70
71,71
75,72
73,73
72,75
114,76
77,77
78,78
79,79
80,80
81,81
82,82
73,83
36,84
9,85
86,86
87,87
88,88
89,89
90,90
16,91
62,92
70,93
78,94
70,95
78,96
71,97
71,98
71,99
100,100
107,101
109,102
21,103
109,104
106,105
106,106
107,107
108,108
109,109
110,110
111,111
112,112
113,113
114,114
115,115
116,116
117,117
118,118
119,119
60,60
61,61
62,62
63,63
64,64
65,65
80,66
67,67
70,68
69,69
70,70
71,71
75,72
73,73
74,74
10,75
76,76
77,77
78,78
79,79
82,80
81,81
82,82
83,83
80,84
85,85
86,86
87,87
88,88
89,89
90,90
91,91
92,92
93,93
94,94
95,95
96,96
97,97
92,98
99,99
100,100
101,101
66,102
103,103
66,104
105,105
106,106
107,107
108,108
109,109
110,110
111,111
112,112
118,113
114,114
115,115
117,117
118,118
119,119
60,60
61,61
78,62
63,63
64,64
90,65
80,66
102,67
68,68
80,69
70,70
71,71
83,72
73,73
74,74
75,75
76,76
73,77
78,78
79,79
80,80
81,81
82,82
73,83
84,84
85,85
86,86
87,87
110,88
88,89
90,90
91,91
92,92
93,93
94,94
95,95
96,96
97,97
98,98
99,99
100,100
101,101
102,102
67,103
104,104
105,105
106,106
107,107
108,108
109,109
110,110
111,111
112,112
113,113
114,114
115,115
116,116
117,117
118,118
119,119
60,60
61,61
62,62
63,63
64,64
65,65
66,66
67,67
68,68
69,69
71,70
71,71
72,72
73,73
74,74
75,75
76,76
77,77
78,78
79,79
80,80
81,81
82,82
83,83
84,84
85,85
86,86
87,87
88,88
89,89
90,90
91,91
76,92
93,93
94,94
95,95
96,96
97,97
98,98
99,99
100,100
101,101
102,102
103,103
104,104
106,105
106,106
107,107
108,108
109,109
110,110
111,111
112,112
113,113
114,114
115,115
116,116
109,117
118,118
119,119
60,60
18,61
62,62
63,63
64,64
65,65
66,66
102,67
69,68
30,69
70,70
110,71
10,72
73,73
28,74
75,75
76,76
77,77
78,78
79,79
80,80
29,81
82,82
83,83
84,84
85,85
86,86
87,87
88,88
90,89
10,90
91,91
22,92
93,93
94,94
95,95
96,96
97,97
98,98
99,99
100,100
101,101
102,102
103,103
104,104
105,105
105,106
107,107
110,108
109,109
110,110
53,111
112,112
113,113
114,114
115,115
116,116
117,117
118,118
119,119
60,60
61,61
62,62
63,63
64,64
65,65
66,66
67,67
68,68
69,69
30,70
71,71
75,72
73,73
28,74
75,75
76,76
77,77
78,78
79,79
80,80
81,81
82,82
83,83
84,84
85,85
86,86
87,87
88,88
89,89
90,90
91,91
22,92
93,93
94,94
95,95
96,96
97,97
98,98
99,99
100,100
101,101
66,102
94,103
40,104
105,105
110,106
107,107
108,108
109,109
110,110
111,111
112,112
91,113
114,114
115,115
116,116
117,117
118,118
119,119
62,62
63,63
64,64
65,65
66,66
67,67
68,68
69,69
70,70
71,71
72,72
73,73
83,74
75,75
70,76
77,77
78,78
79,79
80,80
81,81
82,82
73,83
84,84
85,85
86,86
63,87
88,88
89,89
90,90
91,91
92,92
93,93
94,94
95,95
96,96
97,97
98,98
99,99
100,100
101,101
102,102
103,103
104,104
111,105
116,106
107,107
108,108
109,109
110,110
111,111
112,112
113,113
114,114
115,115
116,116
117,117
118,118
119,119
60,60
61,61
62,62
63,63
64,64
65,65
66,66
67,67
71,68
69,69
70,70
70,71
72,72
73,73
44,74
72,75
92,76
77,77
78,78
79,79
80,80
81,81
82,82
83,83
84,84
85,85
86,86
87,87
88,88
89,89
90,90
91,91
70,92
93,93
94,94
95,95
96,96
97,97
98,98
99,99
100,100
101,101
102,102
103,103
104,104
106,105
105,106
107,107
108,108
109,109
110,110
111,111
106,112
113,113
114,114
115,115
116,116
117,117
118,118
119,119
60,60
61,61
62,62
63,63
64,64
65,65
78,66
60,67
68,68
69,69
71,70
71,71
72,72
73,73
74,74
75,75
76,76
77,77
78,78
79,79
80,80
81,81
82,82
73,83
84,84
82,85
86,86
87,87
88,88
89,89
90,90
91,91
92,92
93,93
94,94
95,95
96,96
97,97
98,98
99,99
100,100
101,101
102,102
103,103
66,104
111,105
110,106
107,107
108,108
109,109
110,110
111,111
112,112
113,113
114,114
115,115
116,116
117,117
118,118
119,119
60,60
61,61
62,62
63,63
64,64
65,65
66,66
67,67
78,68
69,69
71,70
71,71
72,72
73,73
73,74
72,75
76,76
82,77
78,78
79,79
80,80
81,81
82,82
83,83
84,84
85,85
86,86
87,87
88,88
89,89
4,90
91,91
92,92
93,93
94,94
95,95
96,96
97,97
98,98
99,99
100,100
101,101
78,102
103,103
66,104
105,105
106,106
107,107
108,108
109,109
110,110
111,111
112,112
113,113
114,114
115,115
116,116
117,117
118,118
119,119
60,60
61,61
62,62
63,63
64,64
65,65
66,66
67,67
68,68
69,69
70,70
70,71
72,72
73,73
73,74
75,75
65,76
90,77
78,78
79,79
80,80
81,81
82,82
83,83
84,84
85,85
86,86
87,87
88,88
88,89
90,90
91,91
92,92
93,93
94,94
39,95
96,96
97,97
98,98
99,99
100,100
101,101
66,102
103,103
104,104
105,105
106,106
107,107
108,108
109,109
110,110
111,111
112,112
113,113
114,114
115,115
116,116
117,117
118,118
119,119
60,60
61,61
105,62
63,63
64,64
65,65
66,66
67,67
68,68
69,69
71,70
70,71
75,72
73,73
74,74
75,75
76,76
90,77
78,78
79,79
80,80
81,81
82,82
83,83
84,84
85,85
86,86
87,87
88,88
89,89
90,90
91,91
92,92
93,93
94,94
95,95
96,96
97,97
98,98
99,99
100,100
101,101
102,102
103,103
104,104
105,105
105,106
107,107
108,108
109,109
110,110
111,111
112,112
113,113
114,114
115,115
116,116
117,117
118,118
119,119
60,60
61,61
62,62
63,63
64,64
65,65
66,66
67,67
68,68
69,69
70,70
71,71
72,72
83,73
10,74
72,75
78,76
77,77
78,78
79,79
80,80
81,81
82,82
83,83
84,84
85,85
86,86
87,87
88,88
89,89
90,90
91,91
92,92
93,93
94,94
95,95
96,96
96,97
98,98
99,99
100,100
101,101
102,102
103,103
116,104
105,105
116,106
107,107
108,108
110,109
110,110
111,111
112,112
113,113
114,114
118,115
116,116
117,117
118,118
119,119
60,60
61,61
62,62
63,63
64,64
65,65
66,66
67,67
76,68
69,69
70,70
70,71
72,72
73,73
74,74
72,75
92,76
77,77
78,78
79,79
80,80
81,81
28,82
83,83
84,84
85,85
86,86
87,87
88,88
88,89
90,90
91,91
92,92
93,93
94,94
95,95
96,96
97,97
98,98
99,99
100,100
101,101
104,102
45,103
104,104
105,105
106,106
106,107
106,108
109,109
110,110
111,111
112,112
113,113
114,114
115,115
116,116
117,117
113,118
119,119
60,60
61,61
62,62
63,63
64,64
65,65
66,66
67,67
68,68
69,69
102,70
70,71
72,72
72,73
81,74
72,75
76,76
85,77
78,78
79,79
68,80
81,81
82,82
83,83
84,84
85,85
86,86
87,87
88,88
89,89
90,90
91,91
102,92
93,93
94,94
95,95
96,96
97,97
98,98
99,99
100,100
101,101
102,102
103,103
102,104
105,105
106,106
107,107
108,108
109,109
110,110
111,111
112,112
113,113
114,114
58,115
116,116
117,117
113,118
119,119
60,60
61,61
62,62
63,63
64,64
65,65
66,66
67,67
68,68
69,69
70,70
70,71
72,72
73,73
74,74
75,75
76,76
77,77
78,78
79,79
80,80
81,81
82,82
83,83
84,84
85,85
86,86
87,87
88,88
89,89
90,90
91,91
92,92
93,93
94,94
95,95
96,96
97,97
98,98
99,99
100,100
101,101
102,102
103,103
104,104
105,105
106,106
107,107
108,108
109,109
110,110
111,111
112,112
113,113
114,114
115,115
116,116
117,117
118,118
119,119
60,60
61,61
62,62
63,63
64,64
65,65
66,66
67,67
68,68
69,69
70,70
71,71
75,72
73,73
74,74
75,75
76,76
77,77
78,78
79,79
93,80
81,81
82,82
83,83
84,84
85,85
86,86
87,87
88,88
89,89
90,90
91,91
92,92
93,93
94,94
95,95
96,96
97,97
98,98
99,99
100,100
101,101
102,102
21,103
104,104
105,105
106,106
107,107
108,108
109,109
110,110
111,111
112,112
113,113
114,114
115,115
116,116
117,117
118,118
119,119
60,60
60,61
62,62
63,63
117,64
65,65
66,66
62,67
68,68
69,69
70,70
71,71
75,72
73,73
74,74
75,75
76,76
77,77
78,78
79,79
93,80
81,81
82,82
83,83
84,84
85,85
86,86
87,87
88,88
88,89
90,90
91,91
92,92
93,93
94,94
95,95
96,96
97,97
98,98
99,99
100,100
101,101
102,102
103,103
104,104
106,105
106,106
107,107
108,108
109,109
110,110
111,111
112,112
118,113
114,114
115,115
116,116
117,117
118,118
119,119
62,60
61,61
62,62
63,63
64,64
65,65
102,66
67,67
68,68
69,69
70,70
71,71
11,72
11,73
10,74
72,75
92,76
77,77
102,78
79,79
80,80
12,81
9,82
10,83
84,84
33,85
86,86
87,87
88,88
89,89
90,90
91,91
92,92
93,93
94,94
95,95
96,96
97,97
98,98
99,99
100,100
101,101
102,102
103,103
104,104
105,105
106,106
107,107
108,108
109,109
110,110
111,111
112,112
113,113
114,114
59,115
116,116
117,117
118,118
119,119
60,60
61,61
62,62
63,63
64,64
65,65
66,66
67,67
68,68
69,69
71,70
70,71
75,72
11,73
75,74
75,75
92,76
31,77
72,78
79,79
80,80
28,81
81,82
29,83
84,84
85,85
65,86
12,87
16,88
73,89
90,90
91,91
92,92
20,93
94,94
95,95
96,96
97,97
98,98
99,99
100,100
101,101
102,102
103,103
104,104
105,105
105,106
107,107
108,108
109,109
110,110
111,111
112,112
113,113
114,114
115,115
116,116
117,117
118,118
119,119
60,60
61,61
62,62
63,63
64,64
65,65
66,66
67,67
71,68
69,69
70,70
71,71
72,72
73,73
74,74
72,75
63,76
77,77
78,78
79,79
80,80
81,81
81,82
29,83
84,84
85,85
86,86
87,87
88,88
89,89
90,90
91,91
92,92
93,93
94,94
95,95
96,96
97,97
98,98
99,99
100,100
101,101
102,102
103,103
104,104
105,105
106,106
107,107
108,108
109,109
110,110
111,111
112,112
113,113
114,114
115,115
116,116
117,117
118,118
119,119
60,60
61,61
62,62
63,63
64,64
65,65
66,66
67,67
68,68
69,69
70,70
95,71
72,72
73,73
74,74
75,75
68,76
109,77
78,78
79,79
68,80
81,81
80,82
84,83
84,84
85,85
86,86
87,87
88,88
88,89
55,90
91,91
92,92
93,93
94,94
95,95
96,96
97,97
98,98
99,99
100,100
101,101
104,102
103,103
102,104
86,105
109,106
107,107
108,108
109,109
110,110
111,111
112,112
113,113
114,114
115,115
116,116
117,117
118,118
119,119
60,60
61,61
62,62
63,63
64,64
65,65
66,66
67,67
68,68
69,69
70,70
71,71
75,72
73,73
74,74
75,75
76,76
77,77
78,78
79,79
80,80
81,81
82,82
83,83
84,84
85,85
86,86
87,87
88,88
89,89
90,90
91,91
92,92
93,93
94,94
95,95
96,96
97,97
98,98
99,99
100,100
101,101
102,102
103,103
104,104
105,105
106,106
107,107
108,108
114,109
110,110
111,111
112,112
113,113
114,114
115,115
116,116
117,117
118,118
119,119
60,60
61,61
62,62
63,63
64,64
65,65
104,66
104,67
71,68
69,69
70,70
71,71
75,72
73,73
74,74
72,75
76,76
77,77
78,78
79,79
76,80
81,81
82,82
83,83
84,84
85,85
86,86
87,87
88,88
89,89
90,90
91,91
37,92
93,93
43,94
95,95
96,96
97,97
98,98
99,99
100,100
101,101
102,102
103,103
104,104
107,105
106,106
107,107
108,108
109,109
110,110
111,111
112,112
113,113
114,114
115,115
116,116
117,117
118,118
57,119
60,60
61,61
62,62
63,63
64,64
65,65
66,66
67,67
68,68
69,69
70,70
71,71
72,72
73,73
74,74
75,75
76,76
77,77
78,78
79,79
80,80
81,81
82,82
83,83
84,84
85,85
86,86
87,87
88,88
89,89
90,90
91,91
92,92
93,93
94,94
95,95
96,96
97,97
98,98
99,99
100,100
101,101
1,102
103,103
78,104
105,105
106,106
107,107
108,108
109,109
110,110
111,111
112,112
113,113
114,114
115,115
116,116
117,117
118,118
119,119
60,60
84,61
62,62
63,63
64,64
65,65
70,66
67,67
71,68
69,69
71,70
30,71
11,72
11,75
62,76
10,77
90,78
79,79
80,80
11,81
10,82
11,83
84,84
33,85
86,86
87,87
88,88
89,89
85,90
91,91
92,92
93,93
94,94
95,95
96,96
97,97
98,98
99,99
100,100
101,101
102,102
103,103
104,104
105,105
106,106
107,107
108,108
109,109
110,110
111,111
112,112
113,113
114,114
115,115
116,116
117,117
118,118
119,119
60,60
61,61
62,62
63,63
64,64
65,65
66,66
67,67
68,68
69,69
71,70
71,71
72,72
73,73
74,74
75,75
76,76
77,77
78,78
79,79
80,80
81,81
82,82
83,83
84,84
85,85
86,86
87,87
88,88
89,89
90,90
91,91
92,92
93,93
94,94
95,95
96,96
97,97
98,98
99,99
100,100
101,101
102,102
103,103
104,104
105,105
106,106
107,107
108,108
109,109
110,110
111,111
112,112
113,113
114,114
115,115
116,116
117,117
118,118
119,119
60,60
61,61
62,62
63,63
64,64
65,65
66,66
43,67
69,68
71,69
70,70
71,71
72,72
73,73
74,74
72,75
76,76
77,77
78,78
79,79
80,80
81,81
82,82
83,83
84,84
85,85
86,86
87,87
88,88
89,89
90,90
91,91
92,92
94,94
95,95
96,96
97,97
98,98
99,99
100,100
101,101
102,102
103,103
102,104
105,105
106,106
107,107
108,108
109,109
110,110
111,111
112,112
113,113
114,114
115,115
116,116
117,117
118,118
119,119
60,60
61,61
62,62
63,63
64,64
65,65
66,66
67,67
68,68
69,69
71,70
71,71
72,72
73,73
74,74
75,75
76,76
77,77
78,78
79,79
80,80
81,81
82,82
12,83
84,84
85,85
86,86
87,87
88,88
89,89
90,90
91,91
92,92
93,93
94,94
95,95
96,96
97,97
98,98
99,99
100,100
101,101
102,102
103,103
66,104
105,105
106,106
107,107
108,108
109,109
110,110
111,111
112,112
113,113
114,114
115,115
116,116
117,117
118,118
119,119
60,60
61,61
62,62
63,63
64,64
65,65
66,66
67,67
68,68
69,69
71,70
71,71
72,72
73,73
74,74
73,75
76,76
82,77
78,78
79,79
80,80
81,81
82,82
73,83
84,84
85,85
86,86
87,87
90,88
88,89
90,90
91,91
92,92
93,93
94,94
95,95
96,96
97,97
98,98
99,99
100,100
101,101
102,102
103,103
66,104
106,105
106,106
107,107
108,108
109,109
110,110
111,111
112,112
113,113
114,114
115,115
116,116
117,117
118,118
119,119
3,60
62,61
62,62
63,63
64,64
65,65
66,66
67,67
68,68
69,69
70,70
71,71
72,72
73,73
74,74
75,75
71,76
77,77
72,78
79,79
80,80
81,81
82,82
83,83
84,84
85,85
86,86
87,87
87,88
89,89
81,90
91,91
92,92
93,93
94,94
95,95
96,96
97,97
98,98
99,99
100,100
101,101
102,102
103,103
104,104
105,105
106,106
107,107
108,108
109,109
110,110
111,111
112,112
113,113
114,114
115,115
116,116
117,117
118,118
119,119
60,60
61,61
62,62
63,63
64,64
65,65
66,66
67,67
76,68
69,69
70,70
71,71
72,72
81,73
1,74
10,75
76,76
77,77
78,78
79,79
80,80
81,81
82,82
83,83
85,84
85,85
86,86
87,87
88,88
89,89
90,90
91,91
92,92
62,93
94,94
95,95
96,96
97,97
98,98
99,99
100,100
101,101
102,102
103,103
104,104
81,105
106,106
107,107
108,108
109,109
110,110
111,111
112,112
113,113
114,114
115,115
116,116
117,117
118,118
119,119
60,60
61,61
62,62
63,63
64,64
65,65
66,66
67,67
70,68
69,69
76,70
71,71
75,72
73,73
73,74
75,75
76,76
77,77
78,78
79,79
80,80
81,81
82,82
72,83
36,84
85,85
86,86
87,87
88,88
89,89
82,90
91,91
92,92
93,93
94,94
95,95
96,96
97,97
99,98
99,99
100,100
101,101
102,102
103,103
104,104
106,105
106,106
107,107
108,108
114,109
110,110
111,111
112,112
91,113
114,114
115,115
116,116
117,117
118,118
119,119
104,60
61,61
62,62
63,63
117,64
90,65
82,73
77,77
105,78
79,79
65,80
81,81
75,82
86,86
87,87
36,88
71,89
12,90
91,91
107,92
105,93
94,94
95,95
96,96
97,97
119,98
100,99
100,100
107,101
110,102
3,103
93,104
105,105
107,106
107,107
108,108
109,109
107,110
111,111
112,112
113,113
114,114
115,115
116,116
117,117
118,118
119,119
60,60
61,61
62,62
63,63
64,64
65,65
102,66
67,67
68,68
69,69
70,70
70,71
81,72
73,73
74,74
75,75
76,76
77,77
78,78
79,79
80,80
82,81
82,82
83,83
84,84
85,85
86,86
87,87
88,88
89,89
90,90
91,91
92,92
93,93
94,94
95,95
96,96
97,97
98,98
99,99
100,100
101,101
102,102
103,103
104,104
105,105
105,106
107,107
108,108
109,109
110,110
111,111
112,112
113,113
114,114
115,115
116,116
117,117
118,118
119,119
60,60
61,61
62,62
63,63
64,64
65,65
66,66
67,67
68,68
69,69
71,70
71,71
74,72
85,73
74,74
75,75
76,76
77,77
78,78
79,79
80,80
81,81
82,82
83,83
84,84
85,85
86,86
87,87
88,88
89,89
90,90
91,91
76,92
93,93
103,94
95,95
96,96
97,97
98,98
99,99
100,100
101,101
102,102
103,103
104,104
109,105
106,106
107,107
108,108
109,109
110,110
111,111
112,112
113,113
78,114
115,115
116,116
117,117
118,118
119,119
60,60
18,61
62,62
63,63
64,64
65,65
66,66
87,67
30,68
32,69
76,70
71,71
75,72
73,73
28,74
75,75
4,76
77,77
78,78
79,79
80,80
81,81
73,82
83,83
1,84
85,85
86,86
87,87
88,88
89,89
90,90
91,91
22,92
93,93
94,94
95,95
96,96
97,97
98,98
99,99
100,100
101,101
102,102
103,103
78,104
105,105
105,106
107,107
108,108
109,109
110,110
111,111
112,112
113,113
114,114
115,115
116,116
117,117
118,118
119,119
60,60
18,61
62,62
63,63
64,64
65,65
66,66
40,67
68,68
109,69
30,70
109,71
29,72
29,73
28,74
28,75
4,76
1,77
78,78
79,79
93,80
81,81
82,82
29,83
1,84
85,85
86,86
87,87
29,88
89,89
10,90
91,91
92,92
93,93
94,94
95,95
96,96
97,97
98,98
99,99
100,100
101,101
104,102
21,103
4,104
105,105
55,106
107,107
108,108
114,109
110,110
111,111
112,112
113,113
114,114
115,115
116,116
117,117
118,118
119,119
60,60
61,61
62,62
63,63
64,64
65,65
66,66
67,67
68,68
69,69
70,70
70,71
72,72
73,73
74,74
75,75
70,76
77,77
78,78
79,79
80,80
81,81
82,82
83,83
84,84
85,85
86,86
87,87
89,88
89,89
90,90
91,91
70,92
93,93
94,94
95,95
96,96
97,97
98,98
99,99
100,100
101,101
102,102
103,103
104,104
105,105
106,106
107,107
108,108
109,109
110,110
111,111
112,112
113,113
114,114
115,115
116,116
117,117
118,118
119,119
60,60
61,61
62,62
63,63
64,64
65,65
66,66
67,67
70,68
69,69
70,70
70,71
72,72
73,73
74,74
72,75
70,76
77,77
78,78
79,79
80,80
81,81
82,82
90,83
84,84
85,85
86,86
87,87
88,88
89,89
90,90
91,91
93,92
93,93
94,94
95,95
96,96
97,97
98,98
99,99
100,100
101,101
102,102
103,103
104,104
105,105
105,106
107,107
108,108
109,109
110,110
111,111
112,112
113,113
114,114
115,115
116,116
117,117
118,118
119,119
60,60
61,61
62,62
63,63
64,64
65,65
78,66
60,67
68,68
69,69
70,70
71,71
72,72
73,73
81,74
75,75
76,76
90,77
78,78
79,79
80,80
81,81
81,82
83,83
84,84
83,85
86,86
87,87
88,88
89,89
90,90
91,91
92,92
93,93
94,94
95,95
96,96
97,97
98,98
99,99
100,100
101,101
66,102
103,103
102,104
105,105
106,106
107,107
108,108
109,109
110,110
111,111
112,112
113,113
114,114
115,115
116,116
117,117
118,118
119,119
60,60
61,61
62,62
63,63
64,64
65,65
78,66
67,67
109,68
32,69
71,70
71,71
72,72
73,73
83,74
82,75
90,76
81,77
78,78
79,79
65,80
81,81
82,82
83,83
84,84
82,85
86,86
87,87
88,88
89,89
90,90
91,91
92,92
93,93
94,94
95,95
96,96
97,97
98,98
99,99
100,100
101,101
78,102
103,103
66,104
105,105
106,106
107,107
108,108
109,109
110,110
111,111
112,112
113,113
114,114
115,115
116,116
117,117
118,118
119,119
60,60
61,61
62,62
63,63
64,64
65,65
66,66
67,67
68,68
69,69
70,70
71,71
75,72
73,73
74,74
75,75
65,76
90,77
78,78
79,79
80,80
29,81
82,82
83,83
84,84
85,85
86,86
87,87
88,88
89,89
90,90
91,91
92,92
93,93
94,94
95,95
96,96
97,97
98,98
99,99
100,100
101,101
102,102
103,103
104,104
111,105
106,106
107,107
108,108
109,109
110,110
111,111
112,112
113,113
114,114
115,115
116,116
117,117
118,118
119,119
60,60
61,61
93,62
63,63
64,64
65,65
66,66
3,67
68,68
69,69
71,70
71,71
29,72
81,73
29,74
75,75
80,76
75,77
78,78
79,79
80,80
81,81
82,82
83,83
84,84
85,85
86,86
87,87
88,88
89,89
90,90
91,91
48,92
93,93
94,94
95,95
96,96
97,97
98,98
99,99
100,100
101,101
102,102
103,103
104,104
105,105
106,106
107,107
108,108
109,109
110,110
111,111
112,112
113,113
114,114
115,115
116,116
117,117
118,118
119,119
60,60
61,61
62,62
63,63
64,64
65,65
66,66
67,67
68,68
69,69
70,70
71,71
72,72
83,73
72,74
90,75
76,76
77,77
1,78
79,79
80,80
81,81
82,82
83,83
84,84
85,85
86,86
87,87
88,88
89,89
90,90
91,91
92,92
93,93
94,94
95,95
96,96
97,97
98,98
99,99
100,100
101,101
104,102
103,103
104,104
105,105
106,106
107,107
108,108
109,109
110,110
111,111
112,112
113,113
114,114
115,115
116,116
117,117
118,118
119,119
60,60
61,61
62,62
63,63
64,64
65,65
66,66
67,67
76,68
69,69
70,70
71,71
72,72
81,73
74,74
72,75
78,76
77,77
78,78
79,79
80,80
10,81
82,82
82,83
84,84
85,85
86,86
87,87
88,88
88,89
90,90
91,91
92,92
20,93
94,94
95,95
96,96
97,97
98,98
99,99
100,100
101,101
104,102
45,103
104,104
105,105
52,106
106,107
108,108
109,109
110,110
111,111
112,112
113,113
109,114
115,115
116,116
117,117
118,118
119,119
60,60
61,61
62,62
63,63
64,64
65,65
66,66
67,67
68,68
69,69
70,70
70,71
72,72
72,73
74,74
75,75
76,76
77,77
78,78
79,79
65,80
81,81
82,82
83,83
84,84
85,85
86,86
87,87
88,88
89,89
90,90
91,91
92,92
93,93
94,94
95,95
96,96
97,97
98,98
99,99
100,100
101,101
66,102
103,103
104,104
105,105
106,106
107,107
108,108
109,109
110,110
111,111
112,112
113,113
114,114
115,115
116,116
117,117
118,118
119,119
60,60
61,61
62,62
63,63
64,64
65,65
66,66
67,67
68,68
69,69
70,70
70,71
72,72
73,73
74,74
75,75
76,76
77,77
78,78
79,79
80,80
81,81
82,82
73,83
84,84
85,85
86,86
87,87
88,88
89,89
90,90
91,91
92,92
94,93
94,94
95,95
96,96
97,97
98,98
99,99
100,100
101,101
102,102
103,103
104,104
105,105
106,106
107,107
111,108
109,109
110,110
105,111
112,112
113,113
114,114
115,115
116,116
55,117
59,118
119,119
